3,996748e+002;0,000000e+000
4,001569e+002;9,864727e-003
4,006390e+002;9,475072e-003
4,011211e+002;8,427102e-003
4,016032e+002;6,955264e-003
4,020854e+002;5,426358e-003
4,025675e+002;4,230717e-003
4,030496e+002;3,639107e-003
4,035317e+002;3,758575e-003
4,040138e+002;4,483267e-003
4,044959e+002;5,543801e-003
4,049781e+002;6,561987e-003
4,054602e+002;7,203239e-003
4,059423e+002;7,287805e-003
4,064244e+002;6,846022e-003
4,069065e+002;6,072822e-003
4,073886e+002;5,221680e-003
4,078708e+002;4,485946e-003
4,083529e+002;3,921906e-003
4,088350e+002;3,465562e-003
4,093171e+002;2,985976e-003
4,097992e+002;2,377568e-003
4,102813e+002;1,623451e-003
4,107635e+002;8,248595e-004
4,112456e+002;1,567523e-004
4,117277e+002;-1,784233e-004
4,122098e+002;-3,836752e-005
4,126919e+002;6,182903e-004
4,131740e+002;1,717515e-003
4,136562e+002;3,103929e-003
4,141383e+002;4,593926e-003
4,146204e+002;6,045775e-003
4,151025e+002;7,404640e-003
4,155846e+002;8,687750e-003
4,160667e+002;9,954524e-003
4,165489e+002;1,126139e-002
4,170310e+002;1,260064e-002
4,175131e+002;1,384270e-002
4,179952e+002;1,471240e-002
4,184773e+002;1,483749e-002
4,189594e+002;1,399215e-002
4,194416e+002;1,229547e-002
4,199237e+002;1,016806e-002
4,204058e+002;8,052303e-003
4,208879e+002;6,245228e-003
4,213700e+002;4,871449e-003
4,218521e+002;3,936015e-003
4,223343e+002;3,395930e-003
4,228164e+002;3,171980e-003
4,232985e+002;3,161066e-003
4,237806e+002;3,233731e-003
4,242627e+002;3,263075e-003
4,247448e+002;3,153956e-003
4,252270e+002;2,862352e-003
4,257091e+002;2,408520e-003
4,261912e+002;1,858916e-003
4,266733e+002;1,306051e-003
4,271554e+002;8,395661e-004
4,276375e+002;5,357433e-004
4,281197e+002;4,409396e-004
4,286018e+002;5,627816e-004
4,290839e+002;8,712715e-004
4,295660e+002;1,307713e-003
4,300481e+002;1,800354e-003
4,305302e+002;2,273268e-003
4,310124e+002;2,664280e-003
4,314945e+002;2,933300e-003
4,319766e+002;3,058813e-003
4,324587e+002;3,032887e-003
4,329408e+002;2,848811e-003
4,334229e+002;2,493090e-003
4,339051e+002;1,949769e-003
4,343872e+002;1,220582e-003
4,348693e+002;3,559391e-004
4,353514e+002;-5,313105e-004
4,358335e+002;-1,251490e-003
4,363156e+002;-1,597730e-003
4,367978e+002;-1,424810e-003
4,372799e+002;-6,975737e-004
4,377620e+002;4,849222e-004
4,382441e+002;1,925373e-003
4,387262e+002;3,371853e-003
4,392083e+002;4,600991e-003
4,396905e+002;5,441489e-003
4,401726e+002;5,815014e-003
4,406547e+002;5,746448e-003
4,411368e+002;5,349466e-003
4,416189e+002;4,790368e-003
4,421010e+002;4,230784e-003
4,425832e+002;3,802861e-003
4,430653e+002;3,572988e-003
4,435474e+002;3,548601e-003
4,440295e+002;3,695178e-003
4,445116e+002;3,962229e-003
4,449937e+002;4,296066e-003
4,454759e+002;4,637594e-003
4,459580e+002;4,926741e-003
4,464401e+002;5,100267e-003
4,469222e+002;5,109017e-003
4,474043e+002;4,942492e-003
4,478864e+002;4,637192e-003
4,483686e+002;4,271572e-003
4,488507e+002;3,929027e-003
4,493328e+002;3,676397e-003
4,498149e+002;3,536241e-003
4,502970e+002;3,486437e-003
4,507791e+002;3,473211e-003
4,512613e+002;3,440914e-003
4,517434e+002;3,357128e-003
4,522255e+002;3,232897e-003
4,527076e+002;3,118380e-003
4,531897e+002;3,080603e-003
4,536718e+002;3,167607e-003
4,541540e+002;3,386613e-003
4,546361e+002;3,702897e-003
4,551182e+002;4,054226e-003
4,556003e+002;4,373742e-003
4,560824e+002;4,597944e-003
4,565645e+002;4,683042e-003
4,570467e+002;4,609933e-003
4,575288e+002;4,388167e-003
4,580109e+002;4,054427e-003
4,584930e+002;3,668411e-003
4,589751e+002;3,305541e-003
4,594572e+002;3,040361e-003
4,599394e+002;2,951881e-003
4,604215e+002;3,112272e-003
4,609036e+002;3,569514e-003
4,613857e+002;4,330401e-003
4,618678e+002;5,329810e-003
4,623499e+002;6,428093e-003
4,628321e+002;7,416571e-003
4,633142e+002;8,090278e-003
4,637963e+002;8,303406e-003
4,642784e+002;8,005355e-003
4,647606e+002;7,251517e-003
4,652427e+002;6,185802e-003
4,657248e+002;5,018909e-003
4,662069e+002;3,968516e-003
4,666890e+002;3,239173e-003
4,671711e+002;2,957019e-003
4,676533e+002;3,137302e-003
4,681354e+002;3,680307e-003
4,686175e+002;4,407848e-003
4,690996e+002;5,119511e-003
4,695817e+002;5,619115e-003
4,700638e+002;5,768373e-003
4,705460e+002;5,493833e-003
4,710281e+002;4,805243e-003
4,715102e+002;3,794204e-003
4,719923e+002;2,639477e-003
4,724744e+002;1,575229e-003
4,729565e+002;8,159960e-004
4,734387e+002;5,132844e-004
4,739208e+002;7,060304e-004
4,744029e+002;1,328518e-003
4,748850e+002;2,244991e-003
4,753671e+002;3,291886e-003
4,758492e+002;4,308080e-003
4,763314e+002;5,137348e-003
4,768135e+002;5,663827e-003
4,772956e+002;5,821025e-003
4,777777e+002;5,609079e-003
4,782598e+002;5,093093e-003
4,787419e+002;4,386895e-003
4,792241e+002;3,621299e-003
4,797062e+002;2,905814e-003
4,801883e+002;2,328630e-003
4,806704e+002;1,942513e-003
4,811525e+002;1,770210e-003
4,816346e+002;1,808039e-003
4,821168e+002;2,027193e-003
4,825989e+002;2,378034e-003
4,830810e+002;2,787881e-003
4,835631e+002;3,175417e-003
4,840452e+002;3,459751e-003
4,845273e+002;3,576062e-003
4,850095e+002;3,500199e-003
4,854916e+002;3,254161e-003
4,859737e+002;2,903912e-003
4,864558e+002;2,530115e-003
4,869379e+002;2,211553e-003
4,874200e+002;1,998632e-003
4,879022e+002;1,905738e-003
4,883843e+002;1,919116e-003
4,888664e+002;2,009383e-003
4,893485e+002;2,145085e-003
4,898306e+002;2,301281e-003
4,903127e+002;2,463065e-003
4,907949e+002;2,612709e-003
4,912770e+002;2,720724e-003
4,917591e+002;2,743298e-003
4,922412e+002;2,627476e-003
4,927233e+002;2,334626e-003
4,932054e+002;1,865371e-003
4,936876e+002;1,270360e-003
4,941697e+002;6,415510e-004
4,946518e+002;8,267730e-005
4,951339e+002;-3,095273e-004
4,956160e+002;-4,792513e-004
4,960981e+002;-4,199365e-004
4,965803e+002;-1,740182e-004
4,970624e+002;1,861206e-004
4,975445e+002;5,819584e-004
4,980266e+002;9,551774e-004
4,985087e+002;1,286843e-003
4,989908e+002;1,591358e-003
4,994730e+002;1,903441e-003
4,999551e+002;2,254949e-003
5,004372e+002;2,659146e-003
5,009193e+002;3,098690e-003
5,014014e+002;3,526754e-003
5,018835e+002;3,878610e-003
5,023657e+002;4,096904e-003
5,028478e+002;4,149789e-003
5,033299e+002;4,040280e-003
5,038120e+002;3,803128e-003
5,042941e+002;3,492216e-003
5,047762e+002;3,170344e-003
5,052584e+002;2,890203e-003
5,057405e+002;2,692351e-003
5,062226e+002;2,593676e-003
5,067047e+002;2,584609e-003
5,071868e+002;2,631210e-003
5,076689e+002;2,687150e-003
5,081511e+002;2,711789e-003
5,086332e+002;2,681549e-003
5,091153e+002;2,599075e-003
5,095974e+002;2,488458e-003
5,100795e+002;2,383332e-003
5,105616e+002;2,307943e-003
5,110438e+002;2,270970e-003
5,115259e+002;2,259479e-003
5,120080e+002;2,247822e-003
5,124901e+002;2,211853e-003
5,129722e+002;2,144819e-003
5,134543e+002;2,064345e-003
5,139365e+002;2,012579e-003
5,144186e+002;2,040309e-003
5,149007e+002;2,189407e-003
5,153828e+002;2,477094e-003
5,158649e+002;2,882431e-003
5,163470e+002;3,346142e-003
5,168292e+002;3,782773e-003
5,173113e+002;4,113695e-003
5,177934e+002;4,284053e-003
5,182755e+002;4,282614e-003
5,187576e+002;4,139753e-003
5,192397e+002;3,916255e-003
5,197219e+002;3,680574e-003
5,202040e+002;3,487306e-003
5,206861e+002;3,370885e-003
5,211682e+002;3,337294e-003
5,216503e+002;3,374124e-003
5,221324e+002;3,458582e-003
5,226146e+002;3,568812e-003
5,230967e+002;3,688661e-003
5,235788e+002;3,807140e-003
5,240609e+002;3,915486e-003
5,245430e+002;4,001387e-003
5,250251e+002;4,043758e-003
5,255073e+002;4,017338e-003
5,259894e+002;3,898335e-003
5,264715e+002;3,680742e-003
5,269536e+002;3,383407e-003
5,274357e+002;3,052240e-003
5,279178e+002;2,744598e-003
5,284000e+002;2,514385e-003
5,288821e+002;2,398891e-003
5,293642e+002;2,406554e-003
5,298463e+002;2,517951e-003
5,303284e+002;2,691251e-003
5,308105e+002;2,880230e-003
5,312927e+002;3,045032e-003
5,317748e+002;3,167741e-003
5,322569e+002;3,254161e-003
5,327390e+002;3,325641e-003
5,332211e+002;3,403611e-003
5,337032e+002;3,498896e-003
5,341854e+002;3,607366e-003
5,346675e+002;3,713424e-003
5,351496e+002;3,802560e-003
5,356317e+002;3,868881e-003
5,361138e+002;3,918696e-003
5,365959e+002;3,964303e-003
5,370781e+002;4,011285e-003
5,375602e+002;4,048574e-003
5,380423e+002;4,046701e-003
5,385244e+002;3,968482e-003
5,390065e+002;3,788923e-003
5,394886e+002;3,511155e-003
5,399708e+002;3,174717e-003
5,404529e+002;2,846877e-003
5,409350e+002;2,606309e-003
5,414171e+002;2,510052e-003
5,418992e+002;2,576643e-003
5,423813e+002;2,777543e-003
5,428635e+002;3,052340e-003
5,433456e+002;3,326576e-003
5,438277e+002;3,542755e-003
5,443098e+002;3,680574e-003
5,447919e+002;3,756369e-003
5,452740e+002;3,812321e-003
5,457562e+002;3,892551e-003
5,462383e+002;4,024829e-003
5,467204e+002;4,205858e-003
5,472025e+002;4,406476e-003
5,476846e+002;4,583913e-003
5,481667e+002;4,703005e-003
5,486489e+002;4,746282e-003
5,491310e+002;4,718211e-003
5,496131e+002;4,638532e-003
5,500952e+002;4,534157e-003
5,505773e+002;4,428267e-003
5,510594e+002;4,333480e-003
5,515416e+002;4,254272e-003
5,520237e+002;4,189799e-003
5,525058e+002;4,139184e-003
5,529879e+002;4,101152e-003
5,534700e+002;4,073993e-003
5,539521e+002;4,049979e-003
5,544343e+002;4,013258e-003
5,549164e+002;3,942903e-003
5,553985e+002;3,818471e-003
5,558806e+002;3,626978e-003
5,563627e+002;3,372187e-003
5,568448e+002;3,075831e-003
5,573270e+002;2,775076e-003
5,578091e+002;2,510986e-003
5,582912e+002;2,322967e-003
5,587733e+002;2,234533e-003
5,592554e+002;2,251386e-003
5,597375e+002;2,361943e-003
5,602197e+002;2,544146e-003
5,607018e+002;2,772508e-003
5,611839e+002;3,022477e-003
5,616660e+002;3,276295e-003
5,621481e+002;3,521410e-003
5,626302e+002;3,749684e-003
5,631124e+002;3,954739e-003
5,635945e+002;4,129952e-003
5,640766e+002;4,266988e-003
5,645587e+002;4,357811e-003
5,650408e+002;4,396067e-003
5,655229e+002;4,379900e-003
5,660051e+002;4,313835e-003
5,664872e+002;4,208300e-003
5,669693e+002;4,076167e-003
5,674514e+002;3,929963e-003
5,679335e+002;3,778461e-003
5,684156e+002;3,623537e-003
5,688978e+002;3,462656e-003
5,693799e+002;3,291185e-003
5,698620e+002;3,107400e-003
5,703441e+002;2,916521e-003
5,708262e+002;2,730927e-003
5,713083e+002;2,566644e-003
5,717905e+002;2,439040e-003
5,722726e+002;2,355780e-003
5,727547e+002;2,313073e-003
5,732368e+002;2,294719e-003
5,737189e+002;2,278698e-003
5,742010e+002;2,244092e-003
5,746832e+002;2,179950e-003
5,751653e+002;2,091745e-003
5,756474e+002;2,003158e-003
5,761295e+002;1,950867e-003
5,766116e+002;1,970638e-003
5,770938e+002;2,089448e-003
5,775759e+002;2,314306e-003
5,780580e+002;2,631276e-003
5,785401e+002;3,006061e-003
5,790222e+002;3,391388e-003
5,795043e+002;3,731102e-003
5,799865e+002;3,964369e-003
5,804686e+002;4,041685e-003
5,809507e+002;3,933307e-003
5,814328e+002;3,641847e-003
5,819149e+002;3,202721e-003
5,823970e+002;2,682683e-003
5,828792e+002;2,166796e-003
5,833613e+002;1,736310e-003
5,838434e+002;1,461780e-003
5,843255e+002;1,379504e-003
5,848076e+002;1,484388e-003
5,852897e+002;1,729524e-003
5,857719e+002;2,044137e-003
5,862540e+002;2,354547e-003
5,867361e+002;2,601642e-003
5,872182e+002;2,758336e-003
5,877003e+002;2,827333e-003
5,881824e+002;2,831768e-003
5,886646e+002;2,798819e-003
5,891467e+002;2,750233e-003
5,896288e+002;2,693918e-003
5,901109e+002;2,627010e-003
5,905930e+002;2,546213e-003
5,910751e+002;2,457400e-003
5,915573e+002;2,381566e-003
5,920394e+002;2,352915e-003
5,925215e+002;2,403888e-003
5,930036e+002;2,550912e-003
5,934857e+002;2,782979e-003
5,939678e+002;3,062717e-003
5,944500e+002;3,332118e-003
5,949321e+002;3,528324e-003
5,954142e+002;3,604560e-003
5,958963e+002;3,538713e-003
5,963784e+002;3,344806e-003
5,968605e+002;3,066154e-003
5,973427e+002;2,769374e-003
5,978248e+002;2,521683e-003
5,983069e+002;2,375736e-003
5,987890e+002;2,360811e-003
5,992711e+002;2,472862e-003
5,997532e+002;2,677682e-003
6,002354e+002;2,916388e-003
6,007175e+002;3,127490e-003
6,011996e+002;3,257133e-003
6,016817e+002;3,276328e-003
6,021638e+002;3,186766e-003
6,026459e+002;3,017005e-003
6,031281e+002;2,812892e-003
6,036102e+002;2,620942e-003
6,040923e+002;2,480493e-003
6,045744e+002;2,409986e-003
6,050565e+002;2,406421e-003
6,055386e+002;2,450536e-003
6,060208e+002;2,518084e-003
6,065029e+002;2,587609e-003
6,069850e+002;2,644844e-003
6,074671e+002;2,684250e-003
6,079492e+002;2,702220e-003
6,084313e+002;2,692551e-003
6,089135e+002;2,645644e-003
6,093956e+002;2,548646e-003
6,098777e+002;2,394060e-003
6,103598e+002;2,186943e-003
6,108419e+002;1,950202e-003
6,113240e+002;1,722139e-003
6,118062e+002;1,548194e-003
6,122883e+002;1,472552e-003
6,127704e+002;1,521327e-003
6,132525e+002;1,699020e-003
6,137346e+002;1,984651e-003
6,142167e+002;2,339623e-003
6,146989e+002;2,710022e-003
6,151810e+002;3,038159e-003
6,156631e+002;3,274893e-003
6,161452e+002;3,383641e-003
6,166273e+002;3,351050e-003
6,171094e+002;3,189136e-003
6,175916e+002;2,934968e-003
6,180737e+002;2,638910e-003
6,185558e+002;2,353148e-003
6,190379e+002;2,119646e-003
6,195200e+002;1,955893e-003
6,200021e+002;1,854224e-003
6,204843e+002;1,787045e-003
6,209664e+002;1,721340e-003
6,214485e+002;1,630867e-003
6,219306e+002;1,508160e-003
6,224127e+002;1,365910e-003
6,228948e+002;1,230717e-003
6,233770e+002;1,128287e-003
6,238591e+002;1,069258e-003
6,243412e+002;1,044447e-003
6,248233e+002;1,026944e-003
6,253054e+002;9,851976e-004
6,257875e+002;8,977663e-004
6,262697e+002;7,646111e-004
6,267518e+002;6,088006e-004
6,272339e+002;4,650864e-004
6,277160e+002;3,618750e-004
6,281981e+002;3,106764e-004
6,286802e+002;2,987398e-004
6,291624e+002;2,964188e-004
6,296445e+002;2,683029e-004
6,301266e+002;1,922531e-004
6,306087e+002;6,769812e-005
6,310908e+002;-8,123706e-005
6,315729e+002;-2,170400e-004
6,320551e+002;-3,017794e-004
6,325372e+002;-3,097921e-004
6,330193e+002;-2,369100e-004
6,335014e+002;-9,746940e-005
6,339835e+002;8,155053e-005
6,344656e+002;2,748012e-004
6,349478e+002;4,639586e-004
6,354299e+002;6,434424e-004
6,359120e+002;8,185853e-004
6,363941e+002;9,997103e-004
6,368762e+002;1,194766e-003
6,373583e+002;1,406030e-003
6,378405e+002;1,628938e-003
6,383226e+002;1,853458e-003
6,388047e+002;2,067041e-003
6,392868e+002;2,256582e-003
6,397689e+002;2,412285e-003
6,402510e+002;2,528315e-003
6,407332e+002;2,605309e-003
6,412153e+002;2,649745e-003
6,416974e+002;2,676148e-003
6,421795e+002;2,702020e-003
6,426616e+002;2,744865e-003
6,431437e+002;2,818195e-003
6,436259e+002;2,926528e-003
6,441080e+002;3,065954e-003
6,445901e+002;3,224051e-003
6,450722e+002;3,386279e-003
6,455543e+002;3,538346e-003
6,460364e+002;3,670784e-003
6,465186e+002;3,779765e-003
6,470007e+002;3,865939e-003
6,474828e+002;3,932237e-003
6,479649e+002;3,981925e-003
6,484470e+002;4,018408e-003
6,489291e+002;4,044862e-003
6,494113e+002;4,064561e-003
6,498934e+002;4,080548e-003
6,503755e+002;4,093927e-003
6,508576e+002;4,103761e-003
6,513397e+002;4,106571e-003
6,518218e+002;4,099580e-003
6,523040e+002;4,082354e-003
6,527861e+002;4,060882e-003
6,532682e+002;4,044461e-003
6,537503e+002;4,045798e-003
6,542324e+002;4,073224e-003
6,547145e+002;4,126473e-003
6,551967e+002;4,193747e-003
6,556788e+002;4,254105e-003
6,561609e+002;4,283451e-003
6,566431e+002;4,259927e-003
6,571251e+002;4,172704e-003
6,576073e+002;4,024127e-003
6,580894e+002;3,829435e-003
6,585715e+002;3,612077e-003
6,590536e+002;3,400939e-003
6,595358e+002;3,225486e-003
6,600178e+002;3,110170e-003
6,605000e+002;3,073696e-003
6,609821e+002;3,125121e-003
6,614642e+002;3,261472e-003
6,619463e+002;3,466764e-003
6,624285e+002;3,713257e-003
6,629105e+002;3,967479e-003
6,633927e+002;4,195989e-003
6,638748e+002;4,378227e-003
6,643569e+002;4,509347e-003
6,648390e+002;4,600489e-003
6,653212e+002;4,671420e-003
6,658032e+002;4,742363e-003
6,662854e+002;4,822162e-003
6,667675e+002;4,897251e-003
6,672496e+002;4,918664e-003
6,677317e+002;4,814389e-003
6,682139e+002;4,534760e-003
6,686959e+002;4,103159e-003
6,691781e+002;3,608803e-003
6,696602e+002;3,143143e-003
6,701423e+002;2,761704e-003
6,706244e+002;2,482593e-003
6,711066e+002;2,308676e-003
6,715886e+002;2,236931e-003
6,720708e+002;2,260145e-003
6,725529e+002;2,362076e-003
6,730350e+002;2,513785e-003
6,735171e+002;2,676781e-003
6,739993e+002;2,806089e-003
6,744813e+002;2,864887e-003
6,749635e+002;2,835504e-003
6,754456e+002;2,723625e-003
6,759277e+002;2,557345e-003
6,764098e+002;2,378434e-003
6,768920e+002;2,231536e-003
6,773740e+002;2,145185e-003
6,778562e+002;2,129236e-003
6,783383e+002;2,174688e-003
6,788204e+002;2,264975e-003
6,793025e+002;2,385864e-003
6,797847e+002;2,533815e-003
6,802667e+002;2,715123e-003
6,807489e+002;2,937303e-003
6,812310e+002;3,198582e-003
6,817131e+002;3,479423e-003
6,821952e+002;3,741095e-003
6,826774e+002;3,937720e-003
6,831594e+002;4,029043e-003
6,836416e+002;3,994966e-003
6,841237e+002;3,844244e-003
6,846058e+002;3,612879e-003
6,850879e+002;3,350984e-003
6,855701e+002;3,103963e-003
6,860521e+002;2,904379e-003
6,865343e+002;2,765472e-003
6,870164e+002;2,685250e-003
6,874985e+002;2,654612e-003
6,879806e+002;2,662313e-003
6,884628e+002;2,698819e-003
6,889448e+002;2,751901e-003
6,894270e+002;2,807056e-003
6,899091e+002;2,846543e-003
6,903912e+002;2,853013e-003
6,908733e+002;2,818595e-003
6,913555e+002;2,750133e-003
6,918375e+002;2,671014e-003
6,923197e+002;2,611642e-003
6,928018e+002;2,602576e-003
6,932839e+002;2,660846e-003
6,937660e+002;2,785613e-003
6,942482e+002;2,961122e-003
6,947302e+002;3,167574e-003
6,952124e+002;3,391355e-003
6,956945e+002;3,631723e-003
6,961766e+002;3,898335e-003
6,966587e+002;4,201843e-003
6,971409e+002;4,541355e-003
6,976229e+002;4,896916e-003
6,981051e+002;5,229393e-003
6,985872e+002;5,492424e-003
6,990693e+002;5,652615e-003
6,995514e+002;5,699546e-003
7,000336e+002;5,654125e-003
7,005156e+002;5,558198e-003
7,009978e+002;5,463634e-003
7,014799e+002;5,410857e-003
7,019620e+002;5,421292e-003
7,024441e+002;5,497189e-003
7,029263e+002;5,628211e-003
7,034083e+002;5,802388e-003
7,038905e+002;6,012513e-003
7,043726e+002;6,258405e-003
7,048547e+002;6,540425e-003
7,053368e+002;6,852586e-003
7,058190e+002;7,179355e-003
7,063010e+002;7,497605e-003
7,067832e+002;7,787212e-003
7,072653e+002;8,041705e-003
7,077474e+002;8,275037e-003
7,082295e+002;8,518462e-003
7,087117e+002;8,810272e-003
7,091937e+002;9,185049e-003
7,096759e+002;9,658218e-003
7,101580e+002;1,022607e-002
7,106401e+002;1,086796e-002
7,111222e+002;1,155974e-002
7,116044e+002;1,228109e-002
7,120864e+002;1,302445e-002
7,125686e+002;1,379324e-002
7,130507e+002;1,459670e-002
7,135328e+002;1,544292e-002
7,140149e+002;1,633482e-002
7,144971e+002;1,727227e-002
7,149791e+002;1,825547e-002
7,154613e+002;1,928925e-002
7,159434e+002;2,038362e-002
7,164255e+002;2,154802e-002
7,169076e+002;2,278581e-002
7,173898e+002;2,408681e-002
7,178718e+002;2,542874e-002
7,183540e+002;2,677579e-002
7,188361e+002;2,808687e-002
7,193182e+002;2,932158e-002
7,198003e+002;3,043666e-002
7,202825e+002;3,138788e-002
7,207645e+002;3,212829e-002
7,212467e+002;3,260867e-002
7,217288e+002;3,279237e-002
7,222109e+002;3,266533e-002
7,226930e+002;3,224593e-002
7,231752e+002;3,158186e-002
7,236572e+002;3,074511e-002
7,241394e+002;2,981424e-002
7,246215e+002;2,885371e-002
7,251036e+002;2,791154e-002
7,255857e+002;2,701059e-002
7,260679e+002;2,615451e-002
7,265499e+002;2,533677e-002
7,270321e+002;2,455021e-002
7,275142e+002;2,379278e-002
7,279963e+002;2,306916e-002
7,284784e+002;2,238690e-002
7,289606e+002;2,175350e-002
7,294426e+002;2,117300e-002
7,299248e+002;2,064383e-002
7,304069e+002;2,016132e-002
7,308890e+002;1,972013e-002
7,313711e+002;1,931668e-002
7,318533e+002;1,895033e-002
7,323353e+002;1,862237e-002
7,328175e+002;1,833344e-002
7,332996e+002;1,808123e-002
7,337817e+002;1,785915e-002
7,342638e+002;1,765533e-002
7,347460e+002;1,745346e-002
7,352280e+002;1,723752e-002
7,357102e+002;1,699357e-002
7,361923e+002;1,671360e-002
7,366744e+002;1,639868e-002
7,371565e+002;1,605885e-002
7,376387e+002;1,571132e-002
7,381207e+002;1,537546e-002
7,386029e+002;1,506861e-002
7,390850e+002;1,480050e-002
7,395671e+002;1,457272e-002
7,400492e+002;1,438033e-002
7,405314e+002;1,421449e-002
7,410134e+002;1,406665e-002
7,414956e+002;1,392922e-002
7,419777e+002;1,379629e-002
7,424598e+002;1,366025e-002
7,429419e+002;1,350972e-002
7,434241e+002;1,333130e-002
7,439061e+002;1,311115e-002
7,443883e+002;1,284292e-002
7,448704e+002;1,253205e-002
7,453525e+002;1,220052e-002
7,458346e+002;1,188037e-002
7,463168e+002;1,160510e-002
7,467988e+002;1,140011e-002
7,472810e+002;1,127189e-002
7,477631e+002;1,120559e-002
7,482452e+002;1,116874e-002
7,487273e+002;1,112461e-002
7,492095e+002;1,104232e-002
7,496915e+002;1,090840e-002
7,501737e+002;1,073077e-002
7,506558e+002;1,053274e-002
7,511379e+002;1,034339e-002
7,516200e+002;1,018414e-002
7,521022e+002;1,006404e-002
7,525842e+002;9,976697e-003
7,530664e+002;9,906861e-003
7,535485e+002;9,839578e-003
7,540306e+002;9,769220e-003
7,545127e+002;9,703110e-003
7,549949e+002;9,658218e-003
7,554769e+002;9,651612e-003
7,559591e+002;9,691725e-003
7,564412e+002;9,770169e-003
7,569233e+002;9,863032e-003
7,574054e+002;9,935642e-003
7,578876e+002;9,956661e-003
7,583696e+002;9,909911e-003
7,588518e+002;9,800331e-003
7,593339e+002;9,653068e-003
7,598160e+002;9,505551e-003
7,602981e+002;9,396140e-003
7,607803e+002;9,348335e-003
7,612623e+002;9,364754e-003
7,617445e+002;9,426817e-003
7,622266e+002;9,504400e-003
7,627087e+002;9,565366e-003
7,631908e+002;9,587925e-003
7,636730e+002;9,568617e-003
7,641550e+002;9,520114e-003
7,646372e+002;9,465218e-003
7,651193e+002;9,426004e-003
7,656014e+002;9,416523e-003
7,660835e+002;9,437010e-003
7,665657e+002;9,475953e-003
7,670477e+002;9,515305e-003
7,675299e+002;9,539725e-003
7,680120e+002;9,541283e-003
7,684941e+002;9,521808e-003
7,689762e+002;9,491497e-003
7,694584e+002;9,462779e-003
7,699404e+002;9,446254e-003
7,704226e+002;9,444662e-003
7,709047e+002;9,453772e-003
7,713868e+002;9,463118e-003
7,718689e+002;9,459495e-003
7,723511e+002;9,430643e-003
7,728331e+002;9,368716e-003
7,733153e+002;9,271693e-003
7,737974e+002;9,143966e-003
7,742795e+002;8,995607e-003
7,747616e+002;8,839995e-003
7,752438e+002;8,691841e-003
7,757258e+002;8,562290e-003
7,762080e+002;8,456393e-003
7,766901e+002;8,370857e-003
7,771722e+002;8,294894e-003
7,776543e+002;8,211956e-003
7,781365e+002;8,105470e-003
7,786185e+002;7,963843e-003
7,791007e+002;7,783029e-003
7,795828e+002;7,567393e-003
7,800649e+002;7,327499e-003
7,805470e+002;7,077196e-003
7,810292e+002;6,827812e-003
7,815112e+002;6,588259e-003
7,819934e+002;6,364775e-003
7,824755e+002;6,162209e-003
7,829576e+002;5,986310e-003
7,834397e+002;5,844969e-003
7,839219e+002;5,745810e-003
7,844039e+002;5,696054e-003
7,848861e+002;5,699378e-003
7,853682e+002;5,753700e-003
7,858503e+002;5,849973e-003
7,863324e+002;5,973040e-003
7,868146e+002;6,101149e-003
7,872966e+002;6,207750e-003
7,877788e+002;6,268691e-003
7,882609e+002;6,263413e-003
7,887430e+002;6,182610e-003
7,892251e+002;6,031126e-003
7,897073e+002;5,829589e-003
7,901893e+002;5,609583e-003
7,906715e+002;5,405188e-003
7,911536e+002;5,245021e-003
7,916357e+002;5,140701e-003
7,921178e+002;5,085315e-003
7,926000e+002;5,055747e-003
7,930820e+002;5,025847e-003
7,935642e+002;4,975302e-003
7,940463e+002;4,900066e-003
7,945284e+002;4,812379e-003
7,950105e+002;4,735529e-003
7,954927e+002;4,691081e-003
7,959747e+002;4,685889e-003
7,964569e+002;4,709000e-003
7,969390e+002;4,734826e-003
7,974211e+002;4,736568e-003
7,979032e+002;4,698215e-003
7,983854e+002;4,625002e-003
7,988674e+002;4,544067e-003
7,993496e+002;4,494784e-003
7,998317e+002;4,511055e-003
8,003138e+002;4,608626e-003
8,007959e+002;4,777068e-003
8,012781e+002;4,985424e-003
8,017601e+002;5,190829e-003
8,022423e+002;5,355605e-003
8,027244e+002;5,460413e-003
8,032065e+002;5,507021e-003
8,036886e+002;5,513531e-003
8,041708e+002;5,505041e-003
8,046528e+002;5,502826e-003
8,051350e+002;5,517792e-003
8,056171e+002;5,549842e-003
8,060992e+002;5,593035e-003
8,065813e+002;5,640128e-003
8,070635e+002;5,687259e-003
8,075455e+002;5,733320e-003
8,080277e+002;5,777976e-003
8,085098e+002;5,818137e-003
8,089919e+002;5,847757e-003
8,094740e+002;5,858268e-003
8,099562e+002;5,842182e-003
8,104382e+002;5,797183e-003
8,109204e+002;5,727176e-003
8,114025e+002;5,642746e-003
8,118846e+002;5,556822e-003
8,123668e+002;5,482189e-003
8,128489e+002;5,429176e-003
8,133310e+002;5,403107e-003
8,138131e+002;5,404684e-003
8,142952e+002;5,428840e-003
8,147773e+002;5,466352e-003
8,152595e+002;5,501886e-003
8,157416e+002;5,517961e-003
8,162237e+002;5,498766e-003
8,167058e+002;5,433839e-003
8,171879e+002;5,324912e-003
8,176700e+002;5,188280e-003
8,181522e+002;5,052999e-003
8,186343e+002;4,951842e-003
8,191164e+002;4,913805e-003
8,195985e+002;4,953819e-003
8,200806e+002;5,066710e-003
8,205627e+002;5,228353e-003
8,210449e+002;5,401598e-003
8,215270e+002;5,549204e-003
8,220091e+002;5,640363e-003
8,224912e+002;5,660302e-003
8,229733e+002;5,610992e-003
8,234554e+002;5,507524e-003
8,239376e+002;5,372345e-003
8,244197e+002;5,228957e-003
8,249018e+002;5,099731e-003
8,253839e+002;5,001512e-003
8,258660e+002;4,945307e-003
8,263481e+002;4,935454e-003
8,268303e+002;4,967795e-003
8,273124e+002;5,029434e-003
8,277945e+002;5,099965e-003
8,282766e+002;5,156828e-003
8,287587e+002;5,178590e-003
8,292408e+002;5,154951e-003
8,297230e+002;5,089640e-003
8,302051e+002;5,002183e-003
8,306872e+002;4,920776e-003
8,311693e+002;4,874532e-003
8,316514e+002;4,884685e-003
8,321335e+002;4,955260e-003
8,326157e+002;5,073179e-003
8,330978e+002;5,211385e-003
8,335799e+002;5,340309e-003
8,340620e+002;5,433940e-003
8,345441e+002;5,479069e-003
8,350262e+002;5,475982e-003
8,355084e+002;5,435886e-003
8,359905e+002;5,373653e-003
8,364726e+002;5,302338e-003
8,369547e+002;5,231036e-003
8,374368e+002;5,163870e-003
8,379189e+002;5,103217e-003
8,384011e+002;5,053937e-003
8,388832e+002;5,023065e-003
8,393653e+002;5,018976e-003
8,398474e+002;5,046395e-003
8,403295e+002;5,102279e-003
8,408116e+002;5,173090e-003
8,412938e+002;5,237006e-003
8,417759e+002;5,271985e-003
8,422580e+002;5,260750e-003
8,427401e+002;5,199246e-003
8,432222e+002;5,098423e-003
8,437043e+002;4,982072e-003
8,441865e+002;4,877950e-003
8,446686e+002;4,811776e-003
8,451507e+002;4,800351e-003
8,456328e+002;4,848732e-003
8,461149e+002;4,952613e-003
8,465970e+002;5,101776e-003
8,470792e+002;5,285266e-003
8,475613e+002;5,490478e-003
8,480434e+002;5,704246e-003
8,485255e+002;5,911233e-003
8,490076e+002;6,092445e-003
8,494897e+002;6,230304e-003
8,499719e+002;6,312327e-003
8,504540e+002;6,336634e-003
8,509361e+002;6,314108e-003
8,514182e+002;6,268086e-003
8,519003e+002;6,227312e-003
8,523824e+002;6,215178e-003
8,528646e+002;6,243278e-003
8,533467e+002;6,305905e-003
8,538288e+002;6,384345e-003
8,543109e+002;6,451834e-003
8,547930e+002;6,485130e-003
8,552751e+002;6,471307e-003
8,557573e+002;6,410304e-003
8,562394e+002;6,312394e-003
8,567215e+002;6,192457e-003
8,572036e+002;6,065665e-003
8,576857e+002;5,942069e-003
8,581678e+002;5,828883e-003
8,586500e+002;5,732884e-003
8,591321e+002;5,660537e-003
8,596142e+002;5,619719e-003
8,600963e+002;5,615356e-003
8,605784e+002;5,646002e-003
8,610605e+002;5,702299e-003
8,615427e+002;5,768507e-003
8,620248e+002;5,827574e-003
8,625069e+002;5,866396e-003
8,629890e+002;5,881375e-003
8,634711e+002;5,877479e-003
8,639532e+002;5,865355e-003
8,644354e+002;5,855044e-003
8,649175e+002;5,850712e-003
8,653996e+002;5,850107e-003
8,658817e+002;5,847353e-003
8,663638e+002;5,837111e-003
8,668459e+002;5,820018e-003
8,673281e+002;5,802052e-003
8,678102e+002;5,791878e-003
8,682923e+002;5,793792e-003
8,687744e+002;5,803865e-003
8,692565e+002;5,808768e-003
8,697386e+002;5,791374e-003
8,702208e+002;5,738423e-003
8,707029e+002;5,648184e-003
8,711850e+002;5,533397e-003
8,716671e+002;5,419647e-003
8,721492e+002;5,336049e-003
8,726313e+002;5,304820e-003
8,731135e+002;5,336283e-003
8,735956e+002;5,425452e-003
8,740777e+002;5,557158e-003
8,745598e+002;5,709752e-003
8,750419e+002;5,864112e-003
8,755240e+002;6,004484e-003
8,760062e+002;6,119832e-003
8,764883e+002;6,202406e-003
8,769704e+002;6,246639e-003
8,774525e+002;6,249430e-003
8,779346e+002;6,214136e-003
8,784167e+002;6,151925e-003
8,788989e+002;6,082499e-003
8,793810e+002;6,027296e-003
8,798631e+002;6,005626e-003
8,803452e+002;6,025549e-003
8,808273e+002;6,080987e-003
8,813094e+002;6,153505e-003
8,817916e+002;6,219883e-003
8,822737e+002;6,259850e-003
8,827558e+002;6,263111e-003
8,832379e+002;6,231614e-003
8,837200e+002;6,177804e-003
8,842021e+002;6,117950e-003
8,846843e+002;6,065262e-003
8,851664e+002;6,028674e-003
8,856485e+002;6,011270e-003
8,861306e+002;6,013051e-003
8,866127e+002;6,032504e-003
8,870948e+002;6,067547e-003
8,875770e+002;6,114019e-003
8,880591e+002;6,162780e-003
8,885412e+002;6,200893e-003
8,890233e+002;6,213262e-003
8,895054e+002;6,187954e-003
8,899875e+002;6,123126e-003
8,904697e+002;6,029614e-003
8,909518e+002;5,930177e-003
8,914339e+002;5,851753e-003
8,919160e+002;5,818742e-003
8,923981e+002;5,843828e-003
8,928802e+002;5,924669e-003
8,933624e+002;6,043994e-003
8,938445e+002;6,177702e-003
8,943266e+002;6,301602e-003
8,948087e+002;6,397089e-003
8,952908e+002;6,456173e-003
8,957729e+002;6,479177e-003
8,962551e+002;6,472484e-003
8,967372e+002;6,443225e-003
8,972193e+002;6,397626e-003
8,977014e+002;6,339895e-003
8,981835e+002;6,271716e-003
8,986656e+002;6,194171e-003
8,991478e+002;6,108743e-003
8,996299e+002;6,017721e-003
9,001120e+002;5,924669e-003
9,005941e+002;5,834962e-003
9,010762e+002;5,754842e-003
9,015583e+002;5,691052e-003
9,020405e+002;5,648184e-003
9,025226e+002;5,627272e-003
9,030047e+002;5,623915e-003
9,034868e+002;5,629151e-003
9,039689e+002;5,631534e-003
9,044510e+002;5,621330e-003
9,049332e+002;5,595318e-003
9,054153e+002;5,558836e-003
9,058974e+002;5,524806e-003
9,063795e+002;5,508262e-003
9,068616e+002;5,521652e-003
9,073438e+002;5,567427e-003
9,078259e+002;5,636872e-003
9,083080e+002;5,711867e-003
9,087901e+002;5,772570e-003
9,092722e+002;5,803597e-003
9,097543e+002;5,801851e-003
9,102365e+002;5,777070e-003
9,107186e+002;5,749570e-003
9,112007e+002;5,743191e-003
9,116829e+002;5,774686e-003
9,121649e+002;5,851149e-003
9,126471e+002;5,966153e-003
9,131292e+002;6,103199e-003
9,136113e+002;6,240992e-003
9,140934e+002;6,361581e-003
9,145756e+002;6,455097e-003
9,150576e+002;6,521858e-003
9,155398e+002;6,570228e-003
9,160219e+002;6,612716e-003
9,165040e+002;6,660525e-003
9,169861e+002;6,718299e-003
9,174683e+002;6,781668e-003
9,179503e+002;6,838819e-003
9,184325e+002;6,875038e-003
9,189146e+002;6,876991e-003
9,193967e+002;6,839862e-003
9,198788e+002;6,770494e-003
9,203610e+002;6,687847e-003
9,208430e+002;6,617023e-003
9,213252e+002;6,582910e-003
9,218073e+002;6,602657e-003
9,222894e+002;6,679233e-003
9,227715e+002;6,800650e-003
9,232537e+002;6,943716e-003
9,237357e+002;7,082551e-003
9,242179e+002;7,193807e-003
9,247000e+002;7,264724e-003
9,251821e+002;7,294510e-003
9,256642e+002;7,292724e-003
9,261464e+002;7,273687e-003
9,266284e+002;7,250978e-003
9,271106e+002;7,234941e-003
9,275927e+002;7,229382e-003
9,280748e+002;7,233155e-003
9,285569e+002;7,240837e-003
9,290391e+002;7,245722e-003
9,295211e+002;7,240129e-003
9,300033e+002;7,217826e-003
9,304854e+002;7,175144e-003
9,309675e+002;7,113638e-003
9,314496e+002;7,040657e-003
9,319318e+002;6,967688e-003
9,324138e+002;6,909981e-003
9,328960e+002;6,879280e-003
9,333781e+002;6,879886e-003
9,338602e+002;6,906413e-003
9,343423e+002;6,944759e-003
9,348245e+002;6,976779e-003
9,353065e+002;6,987385e-003
9,357887e+002;6,971190e-003
9,362708e+002;6,934895e-003
9,367529e+002;6,894698e-003
9,372350e+002;6,868676e-003
9,377172e+002;6,870830e-003
9,381992e+002;6,904090e-003
9,386814e+002;6,960180e-003
9,391635e+002;7,023078e-003
9,396456e+002;7,077567e-003
9,401277e+002;7,116131e-003
9,406099e+002;7,142773e-003
9,410919e+002;7,171641e-003
9,415741e+002;7,223351e-003
9,420562e+002;7,317659e-003
9,425383e+002;7,466491e-003
9,430204e+002;7,671353e-003
9,435026e+002;7,922639e-003
9,439846e+002;8,202569e-003
9,444668e+002;8,486970e-003
9,449489e+002;8,749953e-003
9,454310e+002;8,968275e-003
9,459131e+002;9,121532e-003
9,463953e+002;9,198789e-003
9,468773e+002;9,200311e-003
9,473595e+002;9,141698e-003
9,478416e+002;9,050175e-003
9,483237e+002;8,961882e-003
9,488058e+002;8,913008e-003
9,492880e+002;8,927924e-003
9,497700e+002;9,014754e-003
9,502522e+002;9,161258e-003
9,507343e+002;9,339972e-003
9,512164e+002;9,513442e-003
9,516985e+002;9,648562e-003
9,521807e+002;9,724694e-003
9,526627e+002;9,738553e-003
9,531449e+002;9,703788e-003
9,536270e+002;9,646022e-003
9,541091e+002;9,595749e-003
9,545912e+002;9,576949e-003
9,550734e+002;9,603439e-003
9,555554e+002;9,674176e-003
9,560376e+002;9,775523e-003
9,565197e+002;9,884454e-003
9,570018e+002;9,975816e-003
9,574839e+002;1,003132e-002
9,579661e+002;1,004248e-002
9,584481e+002;1,001410e-002
9,589303e+002;9,962661e-003
9,594124e+002;9,911132e-003
9,598945e+002;9,880251e-003
9,603766e+002;9,883132e-003
9,608588e+002;9,922760e-003
9,613408e+002;9,992328e-003
9,618230e+002;1,008100e-002
9,623051e+002;1,017935e-002
9,627872e+002;1,028394e-002
9,632693e+002;1,039758e-002
9,637515e+002;1,052476e-002
9,642335e+002;1,066553e-002
9,647157e+002;1,081059e-002
9,651978e+002;1,094047e-002
9,656799e+002;1,103076e-002
9,661620e+002;1,105850e-002
9,666442e+002;1,101462e-002
9,671262e+002;1,090656e-002
9,676084e+002;1,075960e-002
9,680905e+002;1,060614e-002
9,685726e+002;1,047907e-002
9,690547e+002;1,039999e-002
9,695369e+002;1,037393e-002
9,700189e+002;1,039174e-002
9,705011e+002;1,043573e-002
9,709832e+002;1,048881e-002
9,714653e+002;1,053970e-002
9,719474e+002;1,058604e-002
9,724296e+002;1,063184e-002
9,729116e+002;1,068193e-002
9,733938e+002;1,073702e-002
9,738759e+002;1,079167e-002
9,743580e+002;1,083545e-002
9,748401e+002;1,085838e-002
9,753223e+002;1,085499e-002
9,758043e+002;1,082805e-002
9,762865e+002;1,078769e-002
9,767686e+002;1,074890e-002
9,772507e+002;1,072489e-002
9,777328e+002;1,072143e-002
9,782150e+002;1,073382e-002
9,786970e+002;1,074833e-002
9,791792e+002;1,074479e-002
9,796613e+002;1,070336e-002
9,801434e+002;1,061249e-002
9,806255e+002;1,047252e-002
9,811077e+002;1,029833e-002
9,815897e+002;1,011417e-002
9,820719e+002;9,950084e-003
9,825540e+002;9,831578e-003
9,830361e+002;9,772474e-003
9,835182e+002;9,772270e-003
9,840004e+002;9,816768e-003
9,844824e+002;9,883505e-003
9,849646e+002;9,947304e-003
9,854467e+002;9,989106e-003
9,859288e+002;9,999007e-003
9,864109e+002;9,976833e-003
9,868931e+002;9,928726e-003
9,873751e+002;9,863948e-003
9,878573e+002;9,791756e-003
9,883394e+002;9,719679e-003
9,888215e+002;9,655914e-003
9,893036e+002;9,610045e-003
9,897858e+002;9,592802e-003
9,902678e+002;9,614719e-003
9,907500e+002;9,680985e-003
9,912321e+002;9,787419e-003
9,917142e+002;9,918827e-003
9,921963e+002;1,005309e-002
9,926785e+002;1,016582e-002
9,931605e+002;1,023984e-002
9,936427e+002;1,027156e-002
9,941248e+002;1,027214e-002
9,946069e+002;1,026301e-002
9,950890e+002;1,026572e-002
9,955712e+002;1,029466e-002
9,960532e+002;1,034997e-002
9,965354e+002;1,041934e-002
9,970175e+002;1,048332e-002
9,974996e+002;1,052571e-002
9,979817e+002;1,054133e-002
9,984639e+002;1,053804e-002
9,989459e+002;1,053237e-002
9,994281e+002;1,054245e-002
9,999102e+002;1,057847e-002
1,000392e+003;1,063653e-002
1,000874e+003;1,069925e-002
1,001357e+003;1,074221e-002
1,001839e+003;1,074411e-002
1,002321e+003;1,069365e-002
1,002803e+003;1,059473e-002
1,003285e+003;1,046471e-002
1,003767e+003;1,033019e-002
1,004249e+003;1,021708e-002
1,004731e+003;1,014466e-002
1,005214e+003;1,012197e-002
1,005696e+003;1,014679e-002
1,006178e+003;1,020876e-002
1,006660e+003;1,029270e-002
1,007142e+003;1,038397e-002
1,007624e+003;1,046950e-002
1,008106e+003;1,053939e-002
1,008588e+003;1,058906e-002
1,009070e+003;1,061704e-002
1,009552e+003;1,062604e-002
1,010035e+003;1,062088e-002
1,010517e+003;1,060801e-002
1,010999e+003;1,059280e-002
1,011481e+003;1,057962e-002
1,011963e+003;1,057117e-002
1,012445e+003;1,056900e-002
1,012927e+003;1,057453e-002
1,013409e+003;1,058984e-002
1,013892e+003;1,061629e-002
1,014374e+003;1,065368e-002
1,014856e+003;1,069809e-002
1,015338e+003;1,074089e-002
1,015820e+003;1,076874e-002
1,016302e+003;1,076714e-002
1,016784e+003;1,072384e-002
1,017266e+003;1,063205e-002
1,017749e+003;1,049279e-002
1,018231e+003;1,031455e-002
1,018713e+003;1,011128e-002
1,019195e+003;9,897742e-003
1,019677e+003;9,688507e-003
1,020159e+003;9,494816e-003
1,020641e+003;9,324433e-003
1,021123e+003;9,181292e-003
1,021605e+003;9,067226e-003
1,022088e+003;8,981332e-003
1,022570e+003;8,919874e-003
1,023052e+003;8,876787e-003
1,023534e+003;8,844424e-003
1,024016e+003;8,814837e-003
1,024498e+003;8,782174e-003
1,024980e+003;8,741975e-003
1,025462e+003;8,691233e-003
1,025944e+003;8,626165e-003
1,026427e+003;8,542487e-003
1,026909e+003;8,437373e-003
1,027391e+003;8,316780e-003
1,027873e+003;8,203380e-003
1,028355e+003;8,143179e-003
1,028837e+003;8,201590e-003
1,029319e+003;8,458792e-003
1,029801e+003;8,980080e-003
1,030284e+003;9,793621e-003
1,030766e+003;1,086287e-002
1,031248e+003;1,208392e-002
1,031730e+003;1,328753e-002
1,032212e+003;1,427143e-002
1,032694e+003;1,486359e-002
1,033176e+003;1,494527e-002
1,033658e+003;1,449532e-002
1,034141e+003;1,358930e-002
1,034623e+003;1,238816e-002
1,035105e+003;1,108814e-002
1,035587e+003;9,871370e-003
1,036069e+003;8,880710e-003
1,036551e+003;8,182614e-003
1,037033e+003;7,776047e-003
1,037515e+003;7,606775e-003
1,037997e+003;7,598042e-003
1,038479e+003;7,669768e-003
1,038962e+003;7,758607e-003
1,039444e+003;7,830326e-003
1,039926e+003;7,875029e-003
1,040408e+003;7,902394e-003
1,040890e+003;7,930704e-003
1,041372e+003;7,980177e-003
1,041854e+003;8,063780e-003
1,042336e+003;8,183626e-003
1,042819e+003;8,330662e-003
1,043301e+003;8,487917e-003
1,043783e+003;8,635459e-003
1,044265e+003;8,757797e-003
1,044747e+003;8,850613e-003
1,045229e+003;8,922986e-003
1,045711e+003;8,995878e-003
1,046193e+003;9,094124e-003
1,046676e+003;9,239572e-003
1,047158e+003;9,440972e-003
1,047640e+003;9,690099e-003
1,048122e+003;9,962560e-003
1,048604e+003;1,022498e-002
1,049086e+003;1,044442e-002
1,049568e+003;1,059487e-002
1,050050e+003;1,066611e-002
1,050532e+003;1,066339e-002
1,051015e+003;1,060702e-002
1,051497e+003;1,052469e-002
1,051979e+003;1,044975e-002
1,052461e+003;1,041245e-002
1,052943e+003;1,043556e-002
1,053425e+003;1,053114e-002
1,053907e+003;1,069555e-002
1,054389e+003;1,091020e-002
1,054871e+003;1,114205e-002
1,055354e+003;1,135358e-002
1,055836e+003;1,150993e-002
1,056318e+003;1,158737e-002
1,056800e+003;1,158077e-002
1,057282e+003;1,150221e-002
1,057764e+003;1,137719e-002
1,058246e+003;1,123320e-002
1,058728e+003;1,109340e-002
1,059211e+003;1,096844e-002
1,059693e+003;1,085618e-002
1,060175e+003;1,074632e-002
1,060657e+003;1,062706e-002
1,061139e+003;1,049055e-002
1,061621e+003;1,033467e-002
1,062103e+003;1,016246e-002
1,062585e+003;9,980291e-003
1,063068e+003;9,794637e-003
1,063550e+003;9,612348e-003
1,064032e+003;9,441040e-003
1,064514e+003;9,290141e-003
1,064996e+003;9,167756e-003
1,065478e+003;9,078865e-003
1,065960e+003;9,019794e-003
1,066442e+003;8,977374e-003
1,066924e+003;8,930461e-003
1,067406e+003;8,858728e-003
1,067889e+003;8,750968e-003
1,068371e+003;8,610246e-003
1,068853e+003;8,454805e-003
1,069335e+003;8,310566e-003
1,069817e+003;8,201826e-003
1,070299e+003;8,139263e-003
1,070781e+003;8,115631e-003
1,071263e+003;8,108980e-003
1,071746e+003;8,094599e-003
1,072228e+003;8,051156e-003
1,072710e+003;7,971200e-003
1,073192e+003;7,859374e-003
1,073674e+003;7,727373e-003
1,074156e+003;7,584589e-003
1,074638e+003;7,433121e-003
1,075120e+003;7,267521e-003
1,075603e+003;7,082518e-003
1,076085e+003;6,879078e-003
1,076567e+003;6,671056e-003
1,077049e+003;6,480421e-003
1,077531e+003;6,331019e-003
1,078013e+003;6,236320e-003
1,078495e+003;6,192087e-003
1,078977e+003;6,176426e-003
1,079459e+003;6,158781e-003
1,079942e+003;6,111969e-003
1,080424e+003;6,022391e-003
1,080906e+003;5,895750e-003
1,081388e+003;5,753029e-003
1,081870e+003;5,621834e-003
1,082352e+003;5,523095e-003
1,082834e+003;5,465681e-003
1,083316e+003;5,444106e-003
1,083798e+003;5,444374e-003
1,084281e+003;5,447394e-003
1,084763e+003;5,435651e-003
1,085245e+003;5,395459e-003
1,085727e+003;5,316393e-003
1,086209e+003;5,191030e-003
1,086691e+003;5,018238e-003
1,087173e+003;4,807019e-003
1,087655e+003;4,580665e-003
1,088138e+003;4,376687e-003
1,088620e+003;4,243197e-003
1,089102e+003;4,221416e-003
1,089584e+003;4,336291e-003
1,090066e+003;4,582474e-003
1,090548e+003;4,925836e-003
1,091030e+003;5,306833e-003
1,091512e+003;5,658657e-003
1,091995e+003;5,927322e-003
1,092477e+003;6,080987e-003
1,092959e+003;6,118555e-003
1,093441e+003;6,062910e-003
1,093923e+003;5,951776e-003
1,094405e+003;5,820924e-003
1,094887e+003;5,696323e-003
1,095369e+003;5,591156e-003
1,095851e+003;5,507188e-003
1,096333e+003;5,439207e-003
1,096816e+003;5,381302e-003
1,097298e+003;5,329541e-003
1,097780e+003;5,282382e-003
1,098262e+003;5,240225e-003
1,098744e+003;5,203705e-003
1,099226e+003;5,172621e-003
1,099708e+003;5,145696e-003
1,100190e+003;5,120417e-003
1,100673e+003;5,091987e-003
1,101155e+003;5,054574e-003
1,101637e+003;5,001814e-003
1,102119e+003;4,928818e-003
1,102601e+003;4,835296e-003
1,103083e+003;4,728361e-003
1,103565e+003;4,622892e-003
1,104047e+003;4,537739e-003
1,104530e+003;4,491671e-003
1,105012e+003;4,496826e-003
1,105494e+003;4,553978e-003
1,105976e+003;4,651995e-003
1,106458e+003;4,772412e-003
1,106940e+003;4,894872e-003
1,107422e+003;5,004060e-003
1,107904e+003;5,094467e-003
1,108386e+003;5,170643e-003
1,108869e+003;5,243780e-003
1,109351e+003;5,324678e-003
1,109833e+003;5,419547e-003
1,110315e+003;5,525679e-003
1,110797e+003;5,633481e-003
1,111279e+003;5,728284e-003
1,111761e+003;5,796914e-003
1,112243e+003;5,831670e-003
1,112725e+003;5,832577e-003
1,113208e+003;5,806720e-003
1,113690e+003;5,766627e-003
1,114172e+003;5,727612e-003
1,114654e+003;5,702970e-003
1,115136e+003;5,703037e-003
1,115618e+003;5,732749e-003
1,116100e+003;5,790266e-003
1,116582e+003;5,867235e-003
1,117065e+003;5,950903e-003
1,117547e+003;6,026255e-003
1,118029e+003;6,078400e-003
1,118511e+003;6,096881e-003
1,118993e+003;6,077896e-003
1,119475e+003;6,025515e-003
1,119957e+003;5,950836e-003
1,120439e+003;5,869015e-003
1,120922e+003;5,796142e-003
1,121404e+003;5,744400e-003
1,121886e+003;5,719756e-003
1,122368e+003;5,720126e-003
1,122850e+003;5,736476e-003
1,123332e+003;5,754640e-003
1,123814e+003;5,759677e-003
1,124296e+003;5,740706e-003
1,124778e+003;5,693100e-003
1,125260e+003;5,619384e-003
1,125743e+003;5,529404e-003
1,126225e+003;5,436657e-003
1,126707e+003;5,354196e-003
1,127189e+003;5,292310e-003
1,127671e+003;5,257060e-003
1,128153e+003;5,250386e-003
1,128635e+003;5,272790e-003
1,129117e+003;5,324577e-003
1,129600e+003;5,406463e-003
1,130082e+003;5,518095e-003
1,130564e+003;5,656106e-003
1,131046e+003;5,812630e-003
1,131528e+003;5,974384e-003
1,132010e+003;6,127057e-003
1,132492e+003;6,258035e-003
1,132974e+003;6,361178e-003
1,133457e+003;6,438047e-003
1,133939e+003;6,497641e-003
1,134421e+003;6,551929e-003
1,134903e+003;6,610664e-003
1,135385e+003;6,677718e-003
1,135867e+003;6,749730e-003
1,136349e+003;6,819465e-003
1,136831e+003;6,879549e-003
1,137313e+003;6,927353e-003
1,137796e+003;6,967284e-003
1,138278e+003;7,009744e-003
1,138760e+003;7,065914e-003
1,139242e+003;7,143481e-003
1,139724e+003;7,243296e-003
1,140206e+003;7,359345e-003
1,140688e+003;7,481290e-003
1,141170e+003;7,598986e-003
1,141652e+003;7,706934e-003
1,142135e+003;7,804956e-003
1,142617e+003;7,897940e-003
1,143099e+003;7,991112e-003
1,143581e+003;8,088219e-003
1,144063e+003;8,188320e-003
1,144545e+003;8,287161e-003
1,145027e+003;8,378457e-003
1,145509e+003;8,457271e-003
1,145992e+003;8,521908e-003
1,146474e+003;8,574219e-003
1,146956e+003;8,618797e-003
1,147438e+003;8,661655e-003
1,147920e+003;8,708507e-003
1,148402e+003;8,763917e-003
1,148884e+003;8,830763e-003
1,149366e+003;8,909964e-003
1,149849e+003;8,999633e-003
1,150331e+003;9,094158e-003
1,150813e+003;9,184304e-003
1,151295e+003;9,259711e-003
1,151777e+003;9,309268e-003
1,152259e+003;9,325754e-003
1,152741e+003;9,307778e-003
1,153223e+003;9,260896e-003
1,153705e+003;9,195337e-003
1,154188e+003;9,124035e-003
1,154670e+003;9,058057e-003
1,155152e+003;9,003692e-003
1,155634e+003;8,962221e-003
1,156116e+003;8,930562e-003
1,156598e+003;8,903504e-003
1,157080e+003;8,875874e-003
1,157562e+003;8,844289e-003
1,158044e+003;8,807702e-003
1,158527e+003;8,767433e-003
1,159009e+003;8,726863e-003
1,159491e+003;8,691097e-003
1,159973e+003;8,665812e-003
1,160455e+003;8,655706e-003
1,160937e+003;8,662162e-003
1,161419e+003;8,681362e-003
1,161901e+003;8,704416e-003
1,162384e+003;8,717567e-003
1,162866e+003;8,707323e-003
1,163348e+003;8,665914e-003
1,163830e+003;8,594733e-003
1,164312e+003;8,505757e-003
1,164794e+003;8,419366e-003
1,165276e+003;8,358628e-003
1,165758e+003;8,340051e-003
1,166240e+003;8,369370e-003
1,166723e+003;8,438859e-003
1,167205e+003;8,530661e-003
1,167687e+003;8,621636e-003
1,168169e+003;8,690218e-003
1,168651e+003;8,722941e-003
1,169133e+003;8,714726e-003
1,169615e+003;8,669159e-003
1,170097e+003;8,594496e-003
1,170579e+003;8,501330e-003
1,171062e+003;8,399502e-003
1,171544e+003;8,296617e-003
1,172026e+003;8,199294e-003
1,172508e+003;8,111209e-003
1,172990e+003;8,033941e-003
1,173472e+003;7,966002e-003
1,173954e+003;7,903170e-003
1,174436e+003;7,840211e-003
1,174919e+003;7,772875e-003
1,175401e+003;7,700189e-003
1,175883e+003;7,624849e-003
1,176365e+003;7,551917e-003
1,176847e+003;7,485469e-003
1,177329e+003;7,426211e-003
1,177811e+003;7,369960e-003
1,178293e+003;7,308494e-003
1,178776e+003;7,233122e-003
1,179258e+003;7,139001e-003
1,179740e+003;7,028264e-003
1,180222e+003;6,909914e-003
1,180704e+003;6,796443e-003
1,181186e+003;6,700296e-003
1,181668e+003;6,628159e-003
1,182150e+003;6,580387e-003
1,182632e+003;6,551593e-003
1,183115e+003;6,534572e-003
1,183597e+003;6,523708e-003
1,184079e+003;6,517317e-003
1,184561e+003;6,517149e-003
1,185043e+003;6,526802e-003
1,185525e+003;6,548027e-003
1,186007e+003;6,579748e-003
1,186489e+003;6,616989e-003
1,186971e+003;6,653358e-003
1,187454e+003;6,683708e-003
1,187936e+003;6,705849e-003
1,188418e+003;6,721496e-003
1,188900e+003;6,734889e-003
1,189382e+003;6,751076e-003
1,189864e+003;6,773388e-003
1,190346e+003;6,802299e-003
1,190828e+003;6,834678e-003
1,191311e+003;6,865646e-003
1,191793e+003;6,889211e-003
1,192275e+003;6,899310e-003
1,192757e+003;6,891197e-003
1,193239e+003;6,862179e-003
1,193721e+003;6,811622e-003
1,194203e+003;6,741351e-003
1,194685e+003;6,656218e-003
1,195167e+003;6,563736e-003
1,195650e+003;6,471307e-003
1,196132e+003;6,388178e-003
1,196614e+003;6,321236e-003
1,197096e+003;6,276086e-003
1,197578e+003;6,256287e-003
1,198060e+003;6,264153e-003
1,198542e+003;6,299820e-003
1,199024e+003;6,361279e-003
1,199506e+003;6,444268e-003
1,199989e+003;6,541199e-003
1,200471e+003;6,640910e-003
1,200953e+003;6,733038e-003
1,201435e+003;6,806877e-003
1,201917e+003;6,855481e-003
1,202399e+003;6,876890e-003
1,202881e+003;6,873826e-003
1,203363e+003;6,852283e-003
1,203846e+003;6,818690e-003
1,204328e+003;6,779615e-003
1,204810e+003;6,738355e-003
1,205292e+003;6,697033e-003
1,205774e+003;6,656689e-003
1,206256e+003;6,619580e-003
1,206738e+003;6,588125e-003
1,207220e+003;6,565250e-003
1,207703e+003;6,552803e-003
1,208185e+003;6,550853e-003
1,208667e+003;6,557715e-003
1,209149e+003;6,570497e-003
1,209631e+003;6,585333e-003
1,210113e+003;6,599865e-003
1,210595e+003;6,612313e-003
1,211077e+003;6,622137e-003
1,211559e+003;6,629672e-003
1,212042e+003;6,636738e-003
1,212524e+003;6,646327e-003
1,213006e+003;6,663822e-003
1,213488e+003;6,695350e-003
1,213970e+003;6,746802e-003
1,214452e+003;6,821450e-003
1,214934e+003;6,917354e-003
1,215416e+003;7,026884e-003
1,215898e+003;7,140011e-003
1,216381e+003;7,245419e-003
1,216863e+003;7,335957e-003
1,217345e+003;7,411550e-003
1,217827e+003;7,478593e-003
1,218309e+003;7,546557e-003
1,218791e+003;7,624208e-003
1,219273e+003;7,714320e-003
1,219755e+003;7,811939e-003
1,220238e+003;7,906476e-003
1,220720e+003;7,985881e-003
1,221202e+003;8,042582e-003
1,221684e+003;8,076607e-003
1,222166e+003;8,095612e-003
1,222648e+003;8,112458e-003
1,223130e+003;8,140410e-003
1,223612e+003;8,188017e-003
1,224094e+003;8,257814e-003
1,224577e+003;8,346942e-003
1,225059e+003;8,449636e-003
1,225541e+003;8,560195e-003
1,226023e+003;8,674871e-003
1,226505e+003;8,790931e-003
1,226987e+003;8,905838e-003
1,227469e+003;9,015599e-003
1,227951e+003;9,114730e-003
1,228434e+003;9,197131e-003
1,228916e+003;9,258797e-003
1,229398e+003;9,299044e-003
1,229880e+003;9,320913e-003
1,230362e+003;9,328361e-003
1,230844e+003;9,324806e-003
1,231326e+003;9,310622e-003
1,231808e+003;9,283168e-003
1,232291e+003;9,238048e-003
1,232773e+003;9,172358e-003
1,233255e+003;9,086917e-003
1,233737e+003;8,986508e-003
1,234219e+003;8,879053e-003
1,234701e+003;8,773113e-003
1,235183e+003;8,674635e-003
1,235665e+003;8,586690e-003
1,236147e+003;8,508460e-003
1,236630e+003;8,436730e-003
1,237112e+003;8,367580e-003
1,237594e+003;8,296448e-003
1,238076e+003;8,219013e-003
1,238558e+003;8,132106e-003
1,239040e+003;8,034583e-003
1,239522e+003;7,929220e-003
1,240004e+003;7,823477e-003
1,240486e+003;7,729903e-003
1,240969e+003;7,661910e-003
1,241451e+003;7,630548e-003
1,241933e+003;7,639181e-003
1,242415e+003;7,681437e-003
1,242897e+003;7,742282e-003
1,243379e+003;7,801988e-003
1,243861e+003;7,844259e-003
1,244343e+003;7,860690e-003
1,244826e+003;7,853740e-003
1,245308e+003;7,833463e-003
1,245790e+003;7,813357e-003
1,246272e+003;7,802797e-003
1,246754e+003;7,802494e-003
1,247236e+003;7,805766e-003
1,247718e+003;7,801583e-003
1,248200e+003;7,780938e-003
1,248682e+003;7,741607e-003
1,249165e+003;7,689666e-003
1,249647e+003;7,636820e-003
1,250129e+003;7,595817e-003
1,250611e+003;7,574743e-003
1,251093e+003;7,574608e-003
1,251575e+003;7,590354e-003
1,252057e+003;7,614295e-003
1,252539e+003;7,638810e-003
1,253021e+003;7,659516e-003
1,253504e+003;7,676580e-003
1,253986e+003;7,691420e-003
1,254468e+003;7,704573e-003
1,254950e+003;7,714320e-003
1,255432e+003;7,716850e-003
1,255914e+003;7,708047e-003
1,256396e+003;7,686192e-003
1,256878e+003;7,652906e-003
1,257361e+003;7,613755e-003
1,257843e+003;7,576092e-003
1,258325e+003;7,547366e-003
1,258807e+003;7,532059e-003
1,259289e+003;7,532228e-003
1,259771e+003;7,547635e-003
1,260253e+003;7,576631e-003
1,260735e+003;7,616756e-003
1,261218e+003;7,666193e-003
1,261700e+003;7,722212e-003
1,262182e+003;7,781410e-003
1,262664e+003;7,840211e-003
1,263146e+003;7,894902e-003
1,263628e+003;7,942279e-003
1,264110e+003;7,980683e-003
1,264592e+003;8,009067e-003
1,265074e+003;8,026786e-003
1,265557e+003;8,033031e-003
1,266039e+003;8,026955e-003
1,266521e+003;8,008999e-003
1,267003e+003;7,981830e-003
1,267485e+003;7,951458e-003
1,267967e+003;7,926250e-003
1,268449e+003;7,915520e-003
1,268931e+003;7,926925e-003
1,269413e+003;7,963674e-003
1,269896e+003;8,023445e-003
1,270378e+003;8,098853e-003
1,270860e+003;8,179980e-003
1,271342e+003;8,255855e-003
1,271824e+003;8,317489e-003
1,272306e+003;8,359743e-003
1,272788e+003;8,381092e-003
1,273270e+003;8,383187e-003
1,273753e+003;8,370384e-003
1,274235e+003;8,348664e-003
1,274717e+003;8,324987e-003
1,275199e+003;8,305769e-003
1,275681e+003;8,296076e-003
1,276163e+003;8,297360e-003
1,276645e+003;8,307323e-003
1,277127e+003;8,319617e-003
1,277609e+003;8,326980e-003
1,278092e+003;8,323062e-003
1,278574e+003;8,306209e-003
1,279056e+003;8,279832e-003
1,279538e+003;8,252478e-003
1,280020e+003;8,233803e-003
1,280502e+003;8,231879e-003
1,280984e+003;8,249641e-003
1,281466e+003;8,285202e-003
1,281948e+003;8,331979e-003
1,282431e+003;8,382510e-003
1,282913e+003;8,431055e-003
1,283395e+003;8,475246e-003
1,283877e+003;8,516029e-003
1,284359e+003;8,555768e-003
1,284841e+003;8,597201e-003
1,285323e+003;8,641679e-003
1,285805e+003;8,688900e-003
1,286288e+003;8,737613e-003
1,286770e+003;8,786366e-003
1,287252e+003;8,834314e-003
1,287734e+003;8,881353e-003
1,288216e+003;8,927518e-003
1,288698e+003;8,973755e-003
1,289180e+003;9,021553e-003
1,289662e+003;9,073688e-003
1,290145e+003;9,134491e-003
1,290627e+003;9,208637e-003
1,291109e+003;9,300026e-003
1,291591e+003;9,408804e-003
1,292073e+003;9,530851e-003
1,292555e+003;9,658624e-003
1,293037e+003;9,782030e-003
1,293519e+003;9,893606e-003
1,294001e+003;9,990429e-003
1,294484e+003;1,007662e-002
1,294966e+003;1,016043e-002
1,295448e+003;1,025188e-002
1,295930e+003;1,035805e-002
1,296412e+003;1,047924e-002
1,296894e+003;1,060960e-002
1,297376e+003;1,073916e-002
1,297858e+003;1,085832e-002
1,298340e+003;1,096181e-002
1,298823e+003;1,105051e-002
1,299305e+003;1,113069e-002
1,299787e+003;1,121028e-002
1,300269e+003;1,129471e-002
1,300751e+003;1,138426e-002
1,301233e+003;1,147298e-002
1,301715e+003;1,155130e-002
1,302197e+003;1,160939e-002
1,302680e+003;1,164026e-002
1,303162e+003;1,164247e-002
1,303644e+003;1,162035e-002
1,304126e+003;1,158237e-002
1,304608e+003;1,153769e-002
1,305090e+003;1,149489e-002
1,305572e+003;1,145944e-002
1,306054e+003;1,143257e-002
1,306536e+003;1,141236e-002
1,307019e+003;1,139457e-002
1,307501e+003;1,137433e-002
1,307983e+003;1,134760e-002
1,308465e+003;1,131284e-002
1,308947e+003;1,127026e-002
1,309429e+003;1,122194e-002
1,309911e+003;1,116948e-002
1,310393e+003;1,111295e-002
1,310875e+003;1,105085e-002
1,311358e+003;1,097996e-002
1,311840e+003;1,089735e-002
1,312322e+003;1,080342e-002
1,312804e+003;1,070244e-002
1,313286e+003;1,060308e-002
1,313768e+003;1,051505e-002
1,314250e+003;1,044605e-002
1,314732e+003;1,039819e-002
1,315215e+003;1,036748e-002
1,315697e+003;1,034485e-002
1,316179e+003;1,031936e-002
1,316661e+003;1,028333e-002
1,317143e+003;1,023390e-002
1,317625e+003;1,017450e-002
1,318107e+003;1,011291e-002
1,318589e+003;1,005780e-002
1,319072e+003;1,001484e-002
1,319554e+003;9,984733e-003
1,320036e+003;9,963407e-003
1,320518e+003;9,944524e-003
1,321000e+003;9,922488e-003
1,321482e+003;9,894522e-003
1,321964e+003;9,860863e-003
1,322446e+003;9,824800e-003
1,322928e+003;9,790740e-003
1,323411e+003;9,762579e-003
1,323893e+003;9,744212e-003
1,324375e+003;9,738113e-003
1,324857e+003;9,746483e-003
1,325339e+003;9,770813e-003
1,325821e+003;9,812091e-003
1,326303e+003;9,870184e-003
1,326785e+003;9,943439e-003
1,327267e+003;1,002983e-002
1,327750e+003;1,012600e-002
1,328232e+003;1,022871e-002
1,328714e+003;1,033497e-002
1,329196e+003;1,044225e-002
1,329678e+003;1,054778e-002
1,330160e+003;1,064933e-002
1,330642e+003;1,074483e-002
1,331124e+003;1,083362e-002
1,331607e+003;1,091723e-002
1,332089e+003;1,100048e-002
1,332571e+003;1,109021e-002
1,333053e+003;1,119451e-002
1,333535e+003;1,132070e-002
1,334017e+003;1,147305e-002
1,334499e+003;1,165255e-002
1,334981e+003;1,185762e-002
1,335464e+003;1,208491e-002
1,335946e+003;1,233184e-002
1,336428e+003;1,259692e-002
1,336910e+003;1,287961e-002
1,337392e+003;1,317751e-002
1,337874e+003;1,348440e-002
1,338356e+003;1,378736e-002
1,338838e+003;1,406723e-002
1,339320e+003;1,430413e-002
1,339802e+003;1,448371e-002
1,340285e+003;1,460301e-002
1,340767e+003;1,467124e-002
1,341249e+003;1,470534e-002
1,341731e+003;1,472289e-002
1,342213e+003;1,473674e-002
1,342695e+003;1,475535e-002
1,343177e+003;1,478274e-002
1,343659e+003;1,482128e-002
1,344142e+003;1,487367e-002
1,344624e+003;1,494286e-002
1,345106e+003;1,503101e-002
1,345588e+003;1,513753e-002
1,346070e+003;1,525848e-002
1,346552e+003;1,538713e-002
1,347034e+003;1,551588e-002
1,347516e+003;1,564052e-002
1,347999e+003;1,576107e-002
1,348481e+003;1,588254e-002
1,348963e+003;1,601209e-002
1,349445e+003;1,615479e-002
1,349927e+003;1,631053e-002
1,350409e+003;1,647222e-002
1,350891e+003;1,662725e-002
1,351373e+003;1,676384e-002
1,351855e+003;1,687396e-002
1,352338e+003;1,695788e-002
1,352820e+003;1,702389e-002
1,353302e+003;1,708582e-002
1,353784e+003;1,715982e-002
1,354266e+003;1,725797e-002
1,354748e+003;1,738783e-002
1,355230e+003;1,755157e-002
1,355712e+003;1,774813e-002
1,356194e+003;1,797658e-002
1,356677e+003;1,823747e-002
1,357159e+003;1,853305e-002
1,357641e+003;1,886627e-002
1,358123e+003;1,923975e-002
1,358605e+003;1,965640e-002
1,359087e+003;2,012204e-002
1,359569e+003;2,064936e-002
1,360051e+003;2,126249e-002
1,360534e+003;2,199798e-002
1,361016e+003;2,289676e-002
1,361498e+003;2,399372e-002
1,361980e+003;2,529431e-002
1,362462e+003;2,675820e-002
1,362944e+003;2,829713e-002
1,363426e+003;2,980100e-002
1,363908e+003;3,117227e-002
1,364391e+003;3,234416e-002
1,364873e+003;3,328759e-002
1,365355e+003;3,399365e-002
1,365837e+003;3,446051e-002
1,366319e+003;3,469322e-002
1,366801e+003;3,470683e-002
1,367283e+003;3,454000e-002
1,367765e+003;3,425771e-002
1,368247e+003;3,395503e-002
1,368729e+003;3,373488e-002
1,369212e+003;3,368246e-002
1,369694e+003;3,385927e-002
1,370176e+003;3,429449e-002
1,370658e+003;3,500227e-002
1,371140e+003;3,599909e-002
1,371622e+003;3,731557e-002
1,372104e+003;3,899772e-002
1,372586e+003;4,108701e-002
1,373069e+003;4,358694e-002
1,373551e+003;4,641773e-002
1,374033e+003;4,939541e-002
1,374515e+003;5,227442e-002
1,374997e+003;5,480478e-002
1,375479e+003;5,681454e-002
1,375961e+003;5,822634e-002
1,376443e+003;5,901686e-002
1,376926e+003;5,917958e-002
1,377408e+003;5,870080e-002
1,377890e+003;5,756702e-002
1,378372e+003;5,579883e-002
1,378854e+003;5,347862e-002
1,379336e+003;5,075528e-002
1,379818e+003;4,780103e-002
1,380300e+003;4,478558e-002
1,380782e+003;4,183762e-002
1,381265e+003;3,903389e-002
1,381747e+003;3,642385e-002
1,382229e+003;3,403490e-002
1,382711e+003;3,188104e-002
1,383193e+003;2,996140e-002
1,383675e+003;2,825282e-002
1,384157e+003;2,671060e-002
1,384639e+003;2,527422e-002
1,385121e+003;2,388620e-002
1,385604e+003;2,250560e-002
1,386086e+003;2,112705e-002
1,386568e+003;1,978507e-002
1,387050e+003;1,854176e-002
1,387532e+003;1,745612e-002
1,388014e+003;1,655647e-002
1,388496e+003;1,583017e-002
1,388978e+003;1,524084e-002
1,389461e+003;1,474894e-002
1,389943e+003;1,432334e-002
1,390425e+003;1,394585e-002
1,390907e+003;1,360640e-002
1,391389e+003;1,329659e-002
1,391871e+003;1,300629e-002
1,392353e+003;1,272338e-002
1,392835e+003;1,243650e-002
1,393318e+003;1,214020e-002
1,393800e+003;1,183764e-002
1,394282e+003;1,153973e-002
1,394764e+003;1,125931e-002
1,395246e+003;1,100317e-002
1,395728e+003;1,076894e-002
1,396210e+003;1,055043e-002
1,396692e+003;1,034329e-002
1,397174e+003;1,015090e-002
1,397656e+003;9,982902e-003
1,398139e+003;9,850356e-003
1,398621e+003;9,757394e-003
1,399103e+003;9,696232e-003
1,399585e+003;9,648800e-003
1,400067e+003;9,597884e-003
1,400549e+003;9,534949e-003
1,401031e+003;9,463727e-003
1,401513e+003;9,394786e-003
1,401996e+003;9,339532e-003
1,402478e+003;9,302395e-003
1,402960e+003;9,277550e-003
1,403442e+003;9,250234e-003
1,403924e+003;9,204305e-003
1,404406e+003;9,130295e-003
1,404888e+003;9,034612e-003
1,405370e+003;8,936785e-003
1,405853e+003;8,860893e-003
1,406335e+003;8,822918e-003
1,406817e+003;8,823797e-003
1,407299e+003;8,852337e-003
1,407781e+003;8,892175e-003
1,408263e+003;8,929682e-003
1,408745e+003;8,958127e-003
1,409227e+003;8,979100e-003
1,409709e+003;8,998651e-003
1,410192e+003;9,023380e-003
1,410674e+003;9,054606e-003
1,411156e+003;9,090199e-003
1,411638e+003;9,125862e-003
1,412120e+003;9,160175e-003
1,412602e+003;9,196589e-003
1,413084e+003;9,241637e-003
1,413566e+003;9,301312e-003
1,414048e+003;9,377281e-003
1,414531e+003;9,465963e-003
1,415013e+003;9,560623e-003
1,415495e+003;9,654864e-003
1,415977e+003;9,746855e-003
1,416459e+003;9,841069e-003
1,416941e+003;9,945981e-003
1,417423e+003;1,006906e-002
1,417905e+003;1,021158e-002
1,418388e+003;1,036443e-002
1,418870e+003;1,051271e-002
1,419352e+003;1,064587e-002
1,419834e+003;1,076656e-002
1,420316e+003;1,088679e-002
1,420798e+003;1,102064e-002
1,421280e+003;1,117638e-002
1,421762e+003;1,135671e-002
1,422245e+003;1,156144e-002
1,422727e+003;1,179133e-002
1,423209e+003;1,205132e-002
1,423691e+003;1,234902e-002
1,424173e+003;1,268923e-002
1,424655e+003;1,306922e-002
1,425137e+003;1,347602e-002
1,425619e+003;1,389333e-002
1,426101e+003;1,430783e-002
1,426584e+003;1,471772e-002
1,427066e+003;1,513557e-002
1,427548e+003;1,558735e-002
1,428030e+003;1,610589e-002
1,428512e+003;1,672025e-002
1,428994e+003;1,744480e-002
1,429476e+003;1,827133e-002
1,429958e+003;1,917239e-002
1,430441e+003;2,011426e-002
1,430923e+003;2,106920e-002
1,431405e+003;2,201994e-002
1,431887e+003;2,295813e-002
1,432369e+003;2,387969e-002
1,432851e+003;2,478177e-002
1,433333e+003;2,566609e-002
1,433815e+003;2,654590e-002
1,434297e+003;2,745100e-002
1,434780e+003;2,843278e-002
1,435262e+003;2,955539e-002
1,435744e+003;3,086889e-002
1,436226e+003;3,235880e-002
1,436708e+003;3,392522e-002
1,437190e+003;3,542365e-002
1,437672e+003;3,674690e-002
1,438154e+003;3,787284e-002
1,438636e+003;3,884993e-002
1,439119e+003;3,975431e-002
1,439601e+003;4,066418e-002
1,440083e+003;4,163872e-002
1,440565e+003;4,271041e-002
1,441047e+003;4,388211e-002
1,441529e+003;4,513362e-002
1,442011e+003;4,643111e-002
1,442493e+003;4,773919e-002
1,442976e+003;4,903534e-002
1,443458e+003;5,031003e-002
1,443940e+003;5,156549e-002
1,444422e+003;5,281138e-002
1,444904e+003;5,406191e-002
1,445386e+003;5,533656e-002
1,445868e+003;5,666000e-002
1,446350e+003;5,805958e-002
1,446833e+003;5,955562e-002
1,447315e+003;6,114881e-002
1,447797e+003;6,281585e-002
1,448279e+003;6,451528e-002
1,448761e+003;6,621452e-002
1,449243e+003;6,791253e-002
1,449725e+003;6,964233e-002
1,450207e+003;7,146146e-002
1,450689e+003;7,342540e-002
1,451172e+003;7,556126e-002
1,451654e+003;7,784538e-002
1,452136e+003;8,020301e-002
1,452618e+003;8,253786e-002
1,453100e+003;8,475260e-002
1,453582e+003;8,679357e-002
1,454064e+003;8,865635e-002
1,454546e+003;9,037177e-002
1,455028e+003;9,198464e-002
1,455511e+003;9,352592e-002
1,455993e+003;9,498563e-002
1,456475e+003;9,629325e-002
1,456957e+003;9,735838e-002
1,457439e+003;9,814132e-002
1,457921e+003;9,867596e-002
1,458403e+003;9,904161e-002
1,458885e+003;9,929383e-002
1,459368e+003;9,945494e-002
1,459850e+003;9,953194e-002
1,460332e+003;9,953377e-002
1,460814e+003;9,947453e-002
1,461296e+003;9,936863e-002
1,461778e+003;9,921854e-002
1,462260e+003;9,900528e-002
1,462742e+003;9,867907e-002
1,463224e+003;9,816657e-002
1,463707e+003;9,738205e-002
1,464189e+003;9,625954e-002
1,464671e+003;9,478173e-002
1,465153e+003;9,297028e-002
1,465635e+003;9,085435e-002
1,466117e+003;8,844062e-002
1,466599e+003;8,570141e-002
1,467081e+003;8,261681e-002
1,467563e+003;7,920060e-002
1,468046e+003;7,552156e-002
1,468528e+003;7,167111e-002
1,469010e+003;6,775027e-002
1,469492e+003;6,382723e-002
1,469974e+003;5,989060e-002
1,470456e+003;5,586933e-002
1,470938e+003;5,165796e-002
1,471420e+003;4,720443e-002
1,471903e+003;4,261197e-002
1,472385e+003;3,818318e-002
1,472867e+003;3,429184e-002
1,473349e+003;3,115732e-002
1,473831e+003;2,875747e-002
1,474313e+003;2,690606e-002
1,474795e+003;2,538497e-002
1,475277e+003;2,404856e-002
1,475760e+003;2,283030e-002
1,476242e+003;2,172752e-002
1,476724e+003;2,075990e-002
1,477206e+003;1,993536e-002
1,477688e+003;1,923359e-002
1,478170e+003;1,861421e-002
1,478652e+003;1,803405e-002
1,479134e+003;1,746253e-002
1,479616e+003;1,688663e-002
1,480099e+003;1,630881e-002
1,480581e+003;1,573870e-002
1,481063e+003;1,518515e-002
1,481545e+003;1,465208e-002
1,482027e+003;1,413853e-002
1,482509e+003;1,364568e-002
1,482991e+003;1,317997e-002
1,483473e+003;1,275252e-002
1,483955e+003;1,237565e-002
1,484438e+003;1,205540e-002
1,484920e+003;1,178701e-002
1,485402e+003;1,155491e-002
1,485884e+003;1,133780e-002
1,486366e+003;1,111750e-002
1,486848e+003;1,088499e-002
1,487330e+003;1,064339e-002
1,487812e+003;1,040098e-002
1,488295e+003;1,016026e-002
1,488777e+003;9,910963e-003
1,489259e+003;9,631895e-003
1,489741e+003;9,307507e-003
1,490223e+003;8,945647e-003
1,490705e+003;8,578511e-003
1,491187e+003;8,245656e-003
1,491669e+003;7,972415e-003
1,492151e+003;7,763701e-003
1,492634e+003;7,606505e-003
1,493116e+003;7,479301e-003
1,493598e+003;7,360187e-003
1,494080e+003;7,234099e-003
1,494562e+003;7,096427e-003
1,495044e+003;6,954220e-003
1,495526e+003;6,822999e-003
1,496008e+003;6,718366e-003
1,496490e+003;6,644207e-003
1,496973e+003;6,590480e-003
1,497455e+003;6,536927e-003
1,497937e+003;6,468515e-003
1,498419e+003;6,383269e-003
1,498901e+003;6,289634e-003
1,499383e+003;6,199582e-003
1,499865e+003;6,120908e-003
1,500347e+003;6,053670e-003
1,500830e+003;5,992121e-003
1,501312e+003;5,929271e-003
1,501794e+003;5,861694e-003
1,502276e+003;5,790870e-003
1,502758e+003;5,722677e-003
1,503240e+003;5,664431e-003
1,503722e+003;5,620760e-003
1,504204e+003;5,592297e-003
1,504687e+003;5,573770e-003
1,505169e+003;5,555278e-003
1,505651e+003;5,525075e-003
1,506133e+003;5,478633e-003
1,506615e+003;5,426290e-003
1,507097e+003;5,389286e-003
1,507579e+003;5,377444e-003
1,508061e+003;5,381838e-003
1,508543e+003;5,387877e-003
1,509026e+003;5,388514e-003
1,509508e+003;5,384690e-003
1,509990e+003;5,382509e-003
1,510472e+003;5,388849e-003
1,510954e+003;5,407805e-003
1,511436e+003;5,437899e-003
1,511918e+003;5,471385e-003
1,512400e+003;5,498497e-003
1,512882e+003;5,510980e-003
1,513365e+003;5,504169e-003
1,513847e+003;5,477324e-003
1,514329e+003;5,430451e-003
1,514811e+003;5,363455e-003
1,515293e+003;5,274970e-003
1,515775e+003;5,165144e-003
1,516257e+003;5,040663e-003
1,516739e+003;4,917827e-003
1,517222e+003;4,815662e-003
1,517704e+003;4,748828e-003
1,518186e+003;4,718647e-003
1,518668e+003;4,713656e-003
1,519150e+003;4,711881e-003
1,519632e+003;4,686626e-003
1,520114e+003;4,611004e-003
1,520596e+003;4,471483e-003
1,521078e+003;4,284020e-003
1,521561e+003;4,097038e-003
1,522043e+003;3,964537e-003
1,522525e+003;3,910170e-003
1,523007e+003;3,922440e-003
1,523489e+003;3,970790e-003
1,523971e+003;4,025097e-003
1,524453e+003;4,060782e-003
1,524935e+003;4,063658e-003
1,525417e+003;4,029377e-003
1,525900e+003;3,962096e-003
1,526382e+003;3,871556e-003
1,526864e+003;3,768401e-003
1,527346e+003;3,660392e-003
1,527828e+003;3,551608e-003
1,528310e+003;3,444588e-003
1,528792e+003;3,342469e-003
1,529274e+003;3,248019e-003
1,529757e+003;3,163736e-003
1,530239e+003;3,089413e-003
1,530721e+003;3,021810e-003
1,531203e+003;2,956819e-003
1,531685e+003;2,890703e-003
1,532167e+003;2,825398e-003
1,532649e+003;2,770074e-003
1,533131e+003;2,738930e-003
1,533614e+003;2,742197e-003
1,534096e+003;2,776243e-003
1,534578e+003;2,825999e-003
1,535060e+003;2,873559e-003
1,535542e+003;2,907081e-003
1,536024e+003;2,922959e-003
1,536506e+003;2,922459e-003
1,536988e+003;2,909983e-003
1,537470e+003;2,890670e-003
1,537953e+003;2,869323e-003
1,538435e+003;2,846977e-003
1,538917e+003;2,819929e-003
1,539399e+003;2,780511e-003
1,539881e+003;2,723992e-003
1,540363e+003;2,655812e-003
1,540845e+003;2,589742e-003
1,541327e+003;2,537514e-003
1,541809e+003;2,502488e-003
1,542292e+003;2,481293e-003
1,542774e+003;2,468463e-003
1,543256e+003;2,459033e-003
1,543738e+003;2,450269e-003
1,544220e+003;2,440373e-003
1,544702e+003;2,426978e-003
1,545184e+003;2,406554e-003
1,545666e+003;2,375602e-003
1,546149e+003;2,332061e-003
1,546631e+003;2,277565e-003
1,547113e+003;2,217215e-003
1,547595e+003;2,160036e-003
1,548077e+003;2,116749e-003
1,548559e+003;2,099169e-003
1,549041e+003;2,113953e-003
1,549523e+003;2,159104e-003
1,550005e+003;2,222177e-003
1,550488e+003;2,286425e-003
1,550970e+003;2,340189e-003
1,551452e+003;2,380167e-003
1,551934e+003;2,410219e-003
1,552416e+003;2,436808e-003
1,552898e+003;2,464398e-003
1,553380e+003;2,491857e-003
1,553862e+003;2,512719e-003
1,554344e+003;2,517951e-003
1,554827e+003;2,502454e-003
1,555309e+003;2,467031e-003
1,555791e+003;2,418449e-003
1,556273e+003;2,363942e-003
1,556755e+003;2,310775e-003
1,557237e+003;2,262577e-003
1,557719e+003;2,220978e-003
1,558201e+003;2,188042e-003
1,558684e+003;2,169993e-003
1,559166e+003;2,172723e-003
1,559648e+003;2,193703e-003
1,560130e+003;2,221911e-003
1,560612e+003;2,246556e-003
1,561094e+003;2,260345e-003
1,561576e+003;2,260345e-003
1,562058e+003;2,246057e-003
1,562541e+003;2,220712e-003
1,563023e+003;2,189940e-003
1,563505e+003;2,162334e-003
1,563987e+003;2,146217e-003
1,564469e+003;2,145951e-003
1,564951e+003;2,159670e-003
1,565433e+003;2,179051e-003
1,565915e+003;2,193636e-003
1,566397e+003;2,194536e-003
1,566880e+003;2,177652e-003
1,567362e+003;2,143520e-003
1,567844e+003;2,096805e-003
1,568326e+003;2,044570e-003
1,568808e+003;1,996967e-003
1,569290e+003;1,963848e-003
1,569772e+003;1,950568e-003
1,570254e+003;1,956525e-003
1,570736e+003;1,976563e-003
1,571219e+003;2,004457e-003
1,571701e+003;2,035515e-003
1,572183e+003;2,066842e-003
1,572665e+003;2,097405e-003
1,573147e+003;2,126938e-003
1,573629e+003;2,156973e-003
1,574111e+003;2,189274e-003
1,574593e+003;2,225474e-003
1,575076e+003;2,264009e-003
1,575558e+003;2,297384e-003
1,576040e+003;2,313440e-003
1,576522e+003;2,302447e-003
1,577004e+003;2,264109e-003
1,577486e+003;2,207923e-003
1,577968e+003;2,147183e-003
1,578450e+003;2,092644e-003
1,578932e+003;2,049663e-003
1,579415e+003;2,019503e-003
1,579897e+003;1,999097e-003
1,580379e+003;1,983786e-003
1,580861e+003;1,969007e-003
1,581343e+003;1,952964e-003
1,581825e+003;1,937421e-003
1,582307e+003;1,927537e-003
1,582789e+003;1,928002e-003
1,583271e+003;1,940683e-003
1,583754e+003;1,962750e-003
1,584236e+003;1,987447e-003
1,584718e+003;2,005888e-003
1,585200e+003;2,011780e-003
1,585682e+003;2,003724e-003
1,586164e+003;1,985983e-003
1,586646e+003;1,966677e-003
1,587128e+003;1,953563e-003
1,587611e+003;1,952132e-003
1,588093e+003;1,963781e-003
1,588575e+003;1,985617e-003
1,589057e+003;2,012279e-003
1,589539e+003;2,038777e-003
1,590021e+003;2,061149e-003
1,590503e+003;2,077329e-003
1,590985e+003;2,086717e-003
1,591468e+003;2,089081e-003
1,591950e+003;2,085286e-003
1,592432e+003;2,077229e-003
1,592914e+003;2,068640e-003
1,593396e+003;2,064944e-003
1,593878e+003;2,070970e-003
1,594360e+003;2,090080e-003
1,594842e+003;2,121977e-003
1,595324e+003;2,162567e-003
1,595807e+003;2,205159e-003
1,596289e+003;2,244691e-003
1,596771e+003;2,279430e-003
1,597253e+003;2,312340e-003
1,597735e+003;2,348884e-003
1,598217e+003;2,394160e-003
1,598699e+003;2,450003e-003
1,599181e+003;2,512818e-003
1,599663e+003;2,574443e-003
1,600146e+003;2,624276e-003
1,600628e+003;2,654512e-003
1,601110e+003;2,661513e-003
1,601592e+003;2,648311e-003
1,602074e+003;2,621876e-003
1,602556e+003;2,591642e-003
1,603038e+003;2,564911e-003
1,603520e+003;2,546379e-003
1,604003e+003;2,536981e-003
1,604485e+003;2,534914e-003
1,604967e+003;2,537847e-003
1,605449e+003;2,542147e-003
1,605931e+003;2,544980e-003
1,606413e+003;2,542847e-003
1,606895e+003;2,532915e-003
1,607377e+003;2,512885e-003
1,607859e+003;2,482959e-003
1,608342e+003;2,445238e-003
1,608824e+003;2,403789e-003
1,609306e+003;2,362310e-003
1,609788e+003;2,322467e-003
1,610270e+003;2,283061e-003
1,610752e+003;2,240728e-003
1,611234e+003;2,192304e-003
1,611716e+003;2,136128e-003
1,612198e+003;2,073433e-003
1,612681e+003;2,007919e-003
1,613163e+003;1,944044e-003
1,613645e+003;1,885737e-003
1,614127e+003;1,834924e-003
1,614609e+003;1,791803e-003
1,615091e+003;1,754973e-003
1,615573e+003;1,722538e-003
1,616055e+003;1,693598e-003
1,616538e+003;1,669981e-003
1,617020e+003;1,654415e-003
1,617502e+003;1,649094e-003
1,617984e+003;1,653451e-003
1,618466e+003;1,665258e-003
1,618948e+003;1,681091e-003
1,619430e+003;1,698288e-003
1,619912e+003;1,713623e-003
1,620395e+003;1,723968e-003
1,620877e+003;1,724501e-003
1,621359e+003;1,709099e-003
1,621841e+003;1,670946e-003
1,622323e+003;1,606090e-003
1,622805e+003;1,518002e-003
1,623287e+003;1,419094e-003
1,623769e+003;1,326391e-003
1,624251e+003;1,253944e-003
1,624734e+003;1,206660e-003
1,625216e+003;1,181044e-003
1,625698e+003;1,167787e-003
1,626180e+003;1,156060e-003
1,626662e+003;1,135462e-003
1,627144e+003;1,100283e-003
1,627626e+003;1,051156e-003
1,628108e+003;9,952269e-004
1,628590e+003;9,437212e-004
1,629073e+003;9,067644e-004
1,629555e+003;8,906610e-004
1,630037e+003;8,968035e-004
1,630519e+003;9,231670e-004
1,631001e+003;9,665012e-004
1,631483e+003;1,023689e-003
1,631965e+003;1,091580e-003
1,632447e+003;1,167156e-003
1,632930e+003;1,246633e-003
1,633412e+003;1,323699e-003
1,633894e+003;1,389177e-003
1,634376e+003;1,431793e-003
1,634858e+003;1,441667e-003
1,635340e+003;1,418031e-003
1,635822e+003;1,373621e-003
1,636304e+003;1,329149e-003
1,636786e+003;1,297610e-003
1,637269e+003;1,279864e-003
1,637751e+003;1,267635e-003
1,638233e+003;1,252449e-003
1,638715e+003;1,227062e-003
1,639197e+003;1,189317e-003
1,639679e+003;1,140811e-003
1,640161e+003;1,086797e-003
1,640643e+003;1,033287e-003
1,641125e+003;9,863267e-004
1,641608e+003;9,492002e-004
1,642090e+003;9,231339e-004
1,642572e+003;9,075280e-004
1,643054e+003;9,013522e-004
1,643536e+003;9,042741e-004
1,644018e+003;9,162938e-004
1,644500e+003;9,372128e-004
1,644982e+003;9,648740e-004
1,645465e+003;9,928358e-004
1,645947e+003;1,010006e-003
1,646429e+003;1,004493e-003
1,646911e+003;9,701541e-004
1,647393e+003;9,130730e-004
1,647875e+003;8,470025e-004
1,648357e+003;7,855892e-004
1,648839e+003;7,359338e-004
1,649322e+003;7,002557e-004
1,649804e+003;6,779875e-004
1,650286e+003;6,682310e-004
1,650768e+003;6,700230e-004
1,651250e+003;6,822021e-004
1,651732e+003;7,017492e-004
1,652214e+003;7,197041e-004
1,652696e+003;7,213303e-004
1,653178e+003;6,966715e-004
1,653661e+003;6,557868e-004
1,654143e+003;6,203476e-004
1,654625e+003;6,040226e-004
1,655107e+003;6,097629e-004
1,655589e+003;6,334212e-004
1,656071e+003;6,703216e-004
1,656553e+003;7,145266e-004
1,657035e+003;7,610595e-004
1,657517e+003;8,051409e-004
1,658000e+003;8,437823e-004
1,658482e+003;8,760192e-004
1,658964e+003;9,026472e-004
1,659446e+003;9,253254e-004
1,659928e+003;9,447837e-004
1,660410e+003;9,600257e-004
1,660892e+003;9,680619e-004
1,661374e+003;9,639774e-004
1,661857e+003;9,432895e-004
1,662339e+003;9,047390e-004
1,662821e+003;8,529119e-004
1,663303e+003;7,964770e-004
1,663785e+003;7,440323e-004
1,664267e+003;7,011186e-004
1,664749e+003;6,692265e-004
1,665231e+003;6,469599e-004
1,665714e+003;6,313639e-004
1,666196e+003;6,198167e-004
1,666678e+003;6,102606e-004
1,667160e+003;6,014678e-004
1,667642e+003;5,924097e-004
1,668124e+003;5,827878e-004
1,668606e+003;5,720714e-004
1,669088e+003;5,599948e-004
1,669570e+003;5,472883e-004
1,670052e+003;5,360087e-004
1,670535e+003;5,292078e-004
1,671017e+003;5,299377e-004
1,671499e+003;5,405537e-004
1,671981e+003;5,615873e-004
1,672463e+003;5,918457e-004
1,672945e+003;6,279130e-004
1,673427e+003;6,635187e-004
1,673909e+003;6,886071e-004
1,674392e+003;6,925231e-004
1,674874e+003;6,682642e-004
1,675356e+003;6,190867e-004
1,675838e+003;5,581701e-004
1,676320e+003;5,030008e-004
1,676802e+003;4,655176e-004
1,677284e+003;4,487009e-004
1,677766e+003;4,492316e-004
1,678249e+003;4,595471e-004
1,678731e+003;4,706921e-004
1,679213e+003;4,742744e-004
1,679695e+003;4,660483e-004
1,680177e+003;4,470757e-004
1,680659e+003;4,244556e-004
1,681141e+003;4,069772e-004
1,681623e+003;4,029643e-004
1,682105e+003;4,172585e-004
1,682588e+003;4,488004e-004
1,683070e+003;4,879076e-004
1,683552e+003;5,162700e-004
1,684034e+003;5,152416e-004
1,684516e+003;4,829983e-004
1,684998e+003;4,355665e-004
1,685480e+003;3,910914e-004
1,685962e+003;3,586252e-004
1,686444e+003;3,378003e-004
1,686927e+003;3,248019e-004
1,687409e+003;3,155838e-004
1,687891e+003;3,077917e-004
1,688373e+003;3,010940e-004
1,688855e+003;2,971815e-004
1,689337e+003;2,984746e-004
1,689819e+003;3,071617e-004
1,690301e+003;3,236082e-004
1,690784e+003;3,465215e-004
1,691266e+003;3,742777e-004
1,691748e+003;4,053522e-004
1,692230e+003;4,394139e-004
1,692712e+003;4,763973e-004
1,693194e+003;5,157724e-004
1,693676e+003;5,561131e-004
1,694158e+003;5,936706e-004
1,694641e+003;6,224380e-004
1,695123e+003;6,362417e-004
1,695605e+003;6,330230e-004
1,696087e+003;6,179917e-004
1,696569e+003;6,012687e-004
1,697051e+003;5,910826e-004
1,697533e+003;5,893905e-004
1,698015e+003;5,944005e-004
1,698497e+003;6,035581e-004
1,698979e+003;6,155695e-004
1,699462e+003;6,340849e-004
1,699944e+003;6,653439e-004
1,700426e+003;7,130995e-004
1,700908e+003;7,716148e-004
1,701390e+003;8,299719e-004
1,701872e+003;8,771812e-004
1,702354e+003;9,072956e-004
1,702836e+003;9,186513e-004
1,703319e+003;9,133054e-004
1,703801e+003;8,976003e-004
1,704283e+003;8,828586e-004
1,704765e+003;8,838879e-004
1,705247e+003;9,135046e-004
1,705729e+003;9,759655e-004
1,706211e+003;1,064210e-003
1,706693e+003;1,164365e-003
1,707176e+003;1,262052e-003
1,707658e+003;1,346931e-003
1,708140e+003;1,414208e-003
1,708622e+003;1,461281e-003
1,709104e+003;1,487347e-003
1,709586e+003;1,491935e-003
1,710068e+003;1,474779e-003
1,710550e+003;1,436913e-003
1,711032e+003;1,380435e-003
1,711515e+003;1,309342e-003
1,711997e+003;1,227527e-003
1,712479e+003;1,139914e-003
1,712961e+003;1,051488e-003
1,713443e+003;9,671985e-004
1,713925e+003;8,914579e-004
1,714407e+003;8,278141e-004
1,714889e+003;7,766269e-004
1,715371e+003;7,338096e-004
1,715854e+003;6,894700e-004
1,716336e+003;6,298707e-004
1,716818e+003;5,409517e-004
1,717300e+003;4,184857e-004
1,717782e+003;2,742044e-004
1,718264e+003;1,328547e-004
1,718746e+003;1,792589e-005
1,719229e+003;-5,861016e-005
1,719711e+003;-9,690625e-005
1,720193e+003;-1,048234e-004
1,720675e+003;-9,187097e-005
1,721157e+003;-6,755505e-005
1,721639e+003;-3,909641e-005
1,722121e+003;-1,345221e-005
1,722603e+003;4,141775e-006
1,723085e+003;1,066929e-005
1,723568e+003;4,406850e-006
1,724050e+003;-1,331968e-005
1,724532e+003;-3,936145e-005
1,725014e+003;-6,772070e-005
1,725496e+003;-9,110905e-005
1,725978e+003;-1,013452e-004
1,726460e+003;-9,117531e-005
1,726942e+003;-5,605918e-005
1,727424e+003;3,545357e-006
1,727907e+003;8,085458e-005
1,728389e+003;1,649394e-004
1,728871e+003;2,411171e-004
1,729353e+003;2,971815e-004
1,729835e+003;3,278525e-004
1,730317e+003;3,367061e-004
1,730799e+003;3,343849e-004
1,731281e+003;3,338543e-004
1,731764e+003;3,448966e-004
1,732246e+003;3,705635e-004
1,732728e+003;4,045230e-004
1,733210e+003;4,308899e-004
1,733692e+003;4,313543e-004
1,734174e+003;3,980559e-004
1,734656e+003;3,420117e-004
1,735138e+003;2,828580e-004
1,735620e+003;2,359785e-004
1,736103e+003;2,062421e-004
1,736585e+003;1,925846e-004
1,737067e+003;1,921537e-004
1,737549e+003;2,030597e-004
1,738031e+003;2,237455e-004
1,738513e+003;2,524222e-004
1,738995e+003;2,854773e-004
1,739477e+003;3,164791e-004
1,739959e+003;3,376345e-004
1,740442e+003;3,431391e-004
1,740924e+003;3,306710e-004
1,741406e+003;3,016908e-004
1,741888e+003;2,601470e-004
1,742370e+003;2,103527e-004
1,742852e+003;1,558574e-004
1,743334e+003;9,762385e-005
1,743816e+003;3,489155e-005
1,744299e+003;-3,389480e-005
1,744781e+003;-1,087986e-004
1,745263e+003;-1,871007e-004
1,745745e+003;-2,643623e-004
1,746227e+003;-3,343594e-004
1,746709e+003;-3,922624e-004
1,747191e+003;-4,367851e-004
1,747673e+003;-4,706458e-004
1,748156e+003;-4,995727e-004
1,748638e+003;-5,289940e-004
1,749120e+003;-5,616563e-004
1,749602e+003;-5,959043e-004
1,750084e+003;-6,280983e-004
1,750566e+003;-6,560883e-004
1,751048e+003;-6,814630e-004
1,751530e+003;-7,100780e-004
1,752012e+003;-7,477875e-004
1,752495e+003;-7,966727e-004
1,752977e+003;-8,549108e-004
1,753459e+003;-9,177702e-004
1,753941e+003;-9,807858e-004
1,754423e+003;-1,041379e-003
1,754905e+003;-1,100576e-003
1,755387e+003;-1,161913e-003
1,755869e+003;-1,230543e-003
1,756351e+003;-1,308280e-003
1,756834e+003;-1,391618e-003
1,757316e+003;-1,471340e-003
1,757798e+003;-1,538568e-003
1,758280e+003;-1,587694e-003
1,758762e+003;-1,619814e-003
1,759244e+003;-1,641799e-003
1,759726e+003;-1,663188e-003
1,760208e+003;-1,693686e-003
1,760691e+003;-1,737350e-003
1,761173e+003;-1,790050e-003
1,761655e+003;-1,839346e-003
1,762137e+003;-1,869502e-003
1,762619e+003;-1,869534e-003
1,763101e+003;-1,838521e-003
1,763583e+003;-1,783979e-003
1,764065e+003;-1,717383e-003
1,764547e+003;-1,649490e-003
1,765030e+003;-1,588354e-003
1,765512e+003;-1,538931e-003
1,765994e+003;-1,502809e-003
1,766476e+003;-1,479661e-003
1,766958e+003;-1,466816e-003
1,767440e+003;-1,460046e-003
1,767922e+003;-1,453178e-003
1,768404e+003;-1,439704e-003
1,768886e+003;-1,414241e-003
1,769369e+003;-1,373254e-003
1,769851e+003;-1,317133e-003
1,770333e+003;-1,250664e-003
1,770815e+003;-1,184780e-003
1,771297e+003;-1,134187e-003
1,771779e+003;-1,114093e-003
1,772261e+003;-1,130320e-003
1,772743e+003;-1,175594e-003
1,773226e+003;-1,232493e-003
1,773708e+003;-1,284428e-003
1,774190e+003;-1,322815e-003
1,774672e+003;-1,346169e-003
1,775154e+003;-1,358027e-003
1,775636e+003;-1,363873e-003
1,776118e+003;-1,368663e-003
1,776600e+003;-1,375632e-003
1,777083e+003;-1,386102e-003
1,777565e+003;-1,400766e-003
1,778047e+003;-1,419955e-003
1,778529e+003;-1,444195e-003
1,779011e+003;-1,473685e-003
1,779493e+003;-1,507200e-003
1,779975e+003;-1,541473e-003
1,780457e+003;-1,572210e-003
1,780939e+003;-1,596145e-003
1,781422e+003;-1,613377e-003
1,781904e+003;-1,628133e-003
1,782386e+003;-1,647212e-003
1,782868e+003;-1,678041e-003
1,783350e+003;-1,725634e-003
1,783832e+003;-1,789951e-003
1,784314e+003;-1,865312e-003
1,784796e+003;-1,941648e-003
1,785278e+003;-2,007319e-003
1,785761e+003;-2,053391e-003
1,786243e+003;-2,076772e-003
1,786725e+003;-2,078850e-003
1,787207e+003;-2,063911e-003
1,787689e+003;-2,036572e-003
1,788171e+003;-2,001283e-003
1,788653e+003;-1,961902e-003
1,789135e+003;-1,921724e-003
1,789618e+003;-1,884711e-003
1,790100e+003;-1,855513e-003
1,790582e+003;-1,839181e-003
1,791064e+003;-1,839808e-003
1,791546e+003;-1,858515e-003
1,792028e+003;-1,891902e-003
1,792510e+003;-1,932940e-003
1,792992e+003;-1,974732e-003
1,793474e+003;-2,012299e-003
1,793957e+003;-2,043630e-003
1,794439e+003;-2,068165e-003
1,794921e+003;-2,085082e-003
1,795403e+003;-2,093787e-003
1,795885e+003;-2,092963e-003
1,796367e+003;-2,082971e-003
1,796849e+003;-2,065494e-003
1,797331e+003;-2,044454e-003
1,797813e+003;-2,024799e-003
1,798296e+003;-2,011442e-003
1,798778e+003;-2,008638e-003
1,799260e+003;-2,019621e-003
1,799742e+003;-2,045773e-003
1,800224e+003;-2,087291e-003
1,800706e+003;-2,142455e-003
1,801188e+003;-2,207535e-003
1,801670e+003;-2,276297e-003
1,802153e+003;-2,340598e-003
1,802635e+003;-2,391941e-003
1,803117e+003;-2,422948e-003
1,803599e+003;-2,430460e-003
1,804081e+003;-2,416358e-003
1,804563e+003;-2,388020e-003
1,805045e+003;-2,355494e-003
1,805527e+003;-2,329888e-003
1,806010e+003;-2,319506e-003
1,806492e+003;-2,326559e-003
1,806974e+003;-2,347289e-003
1,807456e+003;-2,373619e-003
1,807938e+003;-2,395434e-003
1,808420e+003;-2,403836e-003
1,808902e+003;-2,394940e-003
1,809384e+003;-2,369500e-003
1,809866e+003;-2,333249e-003
1,810349e+003;-2,294787e-003
1,810831e+003;-2,263936e-003
1,811313e+003;-2,249960e-003
1,811795e+003;-2,259223e-003
1,812277e+003;-2,294688e-003
1,812759e+003;-2,355231e-003
1,813241e+003;-2,436589e-003
1,813723e+003;-2,530746e-003
1,814205e+003;-2,628209e-003
1,814688e+003;-2,718702e-003
1,815170e+003;-2,792321e-003
1,815652e+003;-2,842261e-003
1,816134e+003;-2,865171e-003
1,816616e+003;-2,861320e-003
1,817098e+003;-2,832550e-003
1,817580e+003;-2,781951e-003
1,818062e+003;-2,712281e-003
1,818545e+003;-2,626595e-003
1,819027e+003;-2,531042e-003
1,819509e+003;-2,435205e-003
1,819991e+003;-2,351573e-003
1,820473e+003;-2,293733e-003
1,820955e+003;-2,271484e-003
1,821437e+003;-2,287866e-003
1,821919e+003;-2,337468e-003
1,822401e+003;-2,408680e-003
1,822884e+003;-2,485679e-003
1,823366e+003;-2,551927e-003
1,823848e+003;-2,595735e-003
1,824330e+003;-2,611083e-003
1,824812e+003;-2,599555e-003
1,825294e+003;-2,568001e-003
1,825776e+003;-2,525673e-003
1,826258e+003;-2,480276e-003
1,826740e+003;-2,437248e-003
1,827223e+003;-2,400805e-003
1,827705e+003;-2,374377e-003
1,828187e+003;-2,361459e-003
1,828669e+003;-2,364656e-003
1,829151e+003;-2,382714e-003
1,829633e+003;-2,410789e-003
1,830115e+003;-2,441169e-003
1,830597e+003;-2,468185e-003
1,831080e+003;-2,491412e-003
1,831562e+003;-2,514571e-003
1,832044e+003;-2,542407e-003
1,832526e+003;-2,577421e-003
1,833008e+003;-2,617209e-003
1,833490e+003;-2,655938e-003
1,833972e+003;-2,685543e-003
1,834454e+003;-2,701218e-003
1,834937e+003;-2,703490e-003
1,835419e+003;-2,699472e-003
1,835901e+003;-2,699275e-003
1,836383e+003;-2,711425e-003
1,836865e+003;-2,737503e-003
1,837347e+003;-2,771152e-003
1,837829e+003;-2,799531e-003
1,838311e+003;-2,810593e-003
1,838793e+003;-2,797984e-003
1,839276e+003;-2,764205e-003
1,839758e+003;-2,717681e-003
1,840240e+003;-2,667892e-003
1,840722e+003;-2,621918e-003
1,841204e+003;-2,580715e-003
1,841686e+003;-2,541320e-003
1,842168e+003;-2,500735e-003
1,842650e+003;-2,460410e-003
1,843132e+003;-2,431449e-003
1,843615e+003;-2,431646e-003
1,844097e+003;-2,476026e-003
1,844579e+003;-2,565827e-003
1,845061e+003;-2,684918e-003
1,845543e+003;-2,807597e-003
1,846025e+003;-2,909046e-003
1,846507e+003;-2,976347e-003
1,846989e+003;-3,009879e-003
1,847472e+003;-3,020475e-003
1,847954e+003;-3,023337e-003
1,848436e+003;-3,033208e-003
1,848918e+003;-3,058050e-003
1,849400e+003;-3,097464e-003
1,849882e+003;-3,145000e-003
1,850364e+003;-3,193024e-003
1,850846e+003;-3,236405e-003
1,851328e+003;-3,273173e-003
1,851811e+003;-3,303393e-003
1,852293e+003;-3,325325e-003
1,852775e+003;-3,333250e-003
1,853257e+003;-3,319012e-003
1,853739e+003;-3,275902e-003
1,854221e+003;-3,203746e-003
1,854703e+003;-3,111084e-003
1,855185e+003;-3,015999e-003
1,855667e+003;-2,941069e-003
1,856150e+003;-2,905788e-003
1,856632e+003;-2,921882e-003
1,857114e+003;-2,987766e-003
1,857596e+003;-3,090687e-003
1,858078e+003;-3,210094e-003
1,858560e+003;-3,326246e-003
1,859042e+003;-3,424418e-003
1,859524e+003;-3,496176e-003
1,860007e+003;-3,538541e-003
1,860489e+003;-3,551293e-003
1,860971e+003;-3,535485e-003
1,861453e+003;-3,493349e-003
1,861935e+003;-3,428889e-003
1,862417e+003;-3,348342e-003
1,862899e+003;-3,259459e-003
1,863381e+003;-3,170295e-003
1,863864e+003;-3,086871e-003
1,864346e+003;-3,011163e-003
1,864828e+003;-2,940872e-003
1,865310e+003;-2,871590e-003
1,865792e+003;-2,801111e-003
1,866274e+003;-2,731873e-003
1,866756e+003;-2,673227e-003
1,867238e+003;-2,640625e-003
1,867720e+003;-2,649714e-003
1,868203e+003;-2,707704e-003
1,868685e+003;-2,806412e-003
1,869167e+003;-2,923264e-003
1,869649e+003;-3,032846e-003
1,870131e+003;-3,116183e-003
1,870613e+003;-3,168026e-003
1,871095e+003;-3,193583e-003
1,871577e+003;-3,204371e-003
1,872059e+003;-3,211870e-003
1,872542e+003;-3,224204e-003
1,873024e+003;-3,244035e-003
1,873506e+003;-3,269687e-003
1,873988e+003;-3,296192e-003
1,874470e+003;-3,317993e-003
1,874952e+003;-3,331705e-003
1,875434e+003;-3,335913e-003
1,875916e+003;-3,331540e-003
1,876399e+003;-3,320656e-003
1,876881e+003;-3,305234e-003
1,877363e+003;-3,286853e-003
1,877845e+003;-3,265543e-003
1,878327e+003;-3,240911e-003
1,878809e+003;-3,212594e-003
1,879291e+003;-3,181150e-003
1,879773e+003;-3,149276e-003
1,880255e+003;-3,120460e-003
1,880738e+003;-3,100589e-003
1,881220e+003;-3,095095e-003
1,881702e+003;-3,107761e-003
1,882184e+003;-3,138125e-003
1,882666e+003;-3,182696e-003
1,883148e+003;-3,232492e-003
1,883630e+003;-3,277415e-003
1,884112e+003;-3,307931e-003
1,884594e+003;-3,319177e-003
1,885077e+003;-3,311778e-003
1,885559e+003;-3,291325e-003
1,886041e+003;-3,263899e-003
1,886523e+003;-3,234498e-003
1,887005e+003;-3,203615e-003
1,887487e+003;-3,167927e-003
1,887969e+003;-3,123025e-003
1,888451e+003;-3,067558e-003
1,888934e+003;-3,007181e-003
1,889416e+003;-2,955155e-003
1,889898e+003;-2,927707e-003
1,890380e+003;-2,938239e-003
1,890862e+003;-2,990498e-003
1,891344e+003;-3,077264e-003
1,891826e+003;-3,181545e-003
1,892308e+003;-3,283564e-003
1,892791e+003;-3,363762e-003
1,893273e+003;-3,407127e-003
1,893755e+003;-3,406601e-003
1,894237e+003;-3,364288e-003
1,894719e+003;-3,291259e-003
1,895201e+003;-3,204009e-003
1,895683e+003;-3,121775e-003
1,896165e+003;-3,060090e-003
1,896647e+003;-3,028701e-003
1,897130e+003;-3,030938e-003
1,897612e+003;-3,064828e-003
1,898094e+003;-3,123618e-003
1,898576e+003;-3,196839e-003
1,899058e+003;-3,272054e-003
1,899540e+003;-3,336702e-003
1,900022e+003;-3,379379e-003
1,900504e+003;-3,393450e-003
1,900986e+003;-3,375795e-003
1,901469e+003;-3,327792e-003
1,901951e+003;-3,254592e-003
1,902433e+003;-3,164638e-003
1,902915e+003;-3,068874e-003
1,903397e+003;-2,978552e-003
1,903879e+003;-2,905492e-003
1,904361e+003;-2,858390e-003
1,904843e+003;-2,842162e-003
1,905326e+003;-2,856053e-003
1,905808e+003;-2,894136e-003
1,906290e+003;-2,945479e-003
1,906772e+003;-2,998296e-003
1,907254e+003;-3,043803e-003
1,907736e+003;-3,079830e-003
1,908218e+003;-3,112268e-003
1,908700e+003;-3,151381e-003
1,909182e+003;-3,208746e-003
1,909665e+003;-3,289516e-003
1,910147e+003;-3,388256e-003
1,910629e+003;-3,488879e-003
1,911111e+003;-3,571372e-003
1,911593e+003;-3,617838e-003
1,912075e+003;-3,619776e-003
1,912557e+003;-3,581067e-003
1,913039e+003;-3,518000e-003
1,913521e+003;-3,454990e-003
1,914004e+003;-3,415641e-003
1,914486e+003;-3,416299e-003
1,914968e+003;-3,459723e-003
1,915450e+003;-3,534499e-003
1,915932e+003;-3,615505e-003
1,916414e+003;-3,672446e-003
1,916896e+003;-3,678721e-003
1,917378e+003;-3,619481e-003
1,917861e+003;-3,501369e-003
1,918343e+003;-3,350512e-003
1,918825e+003;-3,203911e-003
1,919307e+003;-3,090062e-003
1,919789e+003;-3,026233e-003
1,920271e+003;-3,014585e-003
1,920753e+003;-3,048541e-003
1,921235e+003;-3,116578e-003
1,921718e+003;-3,208351e-003
1,922200e+003;-3,316185e-003
1,922682e+003;-3,435365e-003
1,923164e+003;-3,562795e-003
1,923646e+003;-3,692224e-003
1,924128e+003;-3,812485e-003
1,924610e+003;-3,908544e-003
1,925092e+003;-3,964823e-003
1,925574e+003;-3,969945e-003
1,926057e+003;-3,922959e-003
1,926539e+003;-3,835508e-003
1,927021e+003;-3,730037e-003
1,927503e+003;-3,631113e-003
1,927985e+003;-3,559542e-003
1,928467e+003;-3,523850e-003
1,928949e+003;-3,519709e-003
1,929431e+003;-3,532527e-003
1,929913e+003;-3,546922e-003
1,930396e+003;-3,553068e-003
1,930878e+003;-3,551950e-003
1,931360e+003;-3,551917e-003
1,931842e+003;-3,564373e-003
1,932324e+003;-3,593554e-003
1,932806e+003;-3,631737e-003
1,933288e+003;-3,659633e-003
1,933770e+003;-3,653094e-003
1,934253e+003;-3,594869e-003
1,934735e+003;-3,482733e-003
1,935217e+003;-3,333513e-003
1,935699e+003;-3,178157e-003
1,936181e+003;-3,054760e-003
1,936663e+003;-2,993788e-003
1,937145e+003;-3,005601e-003
1,937627e+003;-3,076441e-003
1,938109e+003;-3,171216e-003
1,938592e+003;-3,242522e-003
1,939074e+003;-3,245680e-003
1,939556e+003;-3,153816e-003
1,940038e+003;-2,964270e-003
1,940520e+003;-2,704708e-003
1,941002e+003;-2,427890e-003
1,941484e+003;-2,207271e-003
1,941966e+003;-2,110835e-003
1,942448e+003;-2,178985e-003
1,942931e+003;-2,410591e-003
1,943413e+003;-2,763744e-003
1,943895e+003;-3,171545e-003
1,944377e+003;-3,559147e-003
1,944859e+003;-3,869039e-003
1,945341e+003;-4,066233e-003
1,945823e+003;-4,143857e-003
1,946305e+003;-4,119111e-003
1,946788e+003;-4,026413e-003
1,947270e+003;-3,907198e-003
1,947752e+003;-3,795734e-003
1,948234e+003;-3,718408e-003
1,948716e+003;-3,685490e-003
1,949198e+003;-3,692783e-003
1,949680e+003;-3,722054e-003
1,950162e+003;-3,748203e-003
1,950645e+003;-3,742586e-003
1,951127e+003;-3,679181e-003
1,951609e+003;-3,544490e-003
1,952091e+003;-3,341733e-003
1,952573e+003;-3,094174e-003
1,953055e+003;-2,839825e-003
1,953537e+003;-2,623730e-003
1,954019e+003;-2,484362e-003
1,954501e+003;-2,440905e-003
1,954984e+003;-2,490028e-003
1,955466e+003;-2,606900e-003
1,955948e+003;-2,757094e-003
1,956430e+003;-2,906051e-003
1,956912e+003;-3,033998e-003
1,957394e+003;-3,138487e-003
1,957876e+003;-3,230847e-003
1,958358e+003;-3,324964e-003
1,958840e+003;-3,429514e-003
1,959323e+003;-3,543931e-003
1,959805e+003;-3,660750e-003
1,960287e+003;-3,774810e-003
1,960769e+003;-3,892421e-003
1,961251e+003;-4,029959e-003
1,961733e+003;-4,207555e-003
1,962215e+003;-4,435163e-003
1,962697e+003;-4,699003e-003
1,963180e+003;-4,959342e-003
1,963662e+003;-5,162131e-003
1,964144e+003;-5,255503e-003
1,964626e+003;-5,211995e-003
1,965108e+003;-5,043489e-003
1,965590e+003;-4,798078e-003
1,966072e+003;-4,547610e-003
1,966554e+003;-4,356999e-003
1,967036e+003;-4,267044e-003
1,967519e+003;-4,277379e-003
1,968001e+003;-4,352374e-003
1,968483e+003;-4,436540e-003
1,968965e+003;-4,483635e-003
1,969447e+003;-4,467139e-003
1,969929e+003;-4,384685e-003
1,970411e+003;-4,248866e-003
1,970893e+003;-4,081102e-003
1,971375e+003;-3,901057e-003
1,971858e+003;-3,725077e-003
1,972340e+003;-3,563452e-003
1,972822e+003;-3,422643e-003
1,973304e+003;-3,303295e-003
1,973786e+003;-3,199438e-003
1,974268e+003;-3,095622e-003
1,974750e+003;-2,969305e-003
1,975232e+003;-2,797062e-003
1,975715e+003;-2,566848e-003
1,976197e+003;-2,288558e-003
1,976679e+003;-1,996534e-003
1,977161e+003;-1,741310e-003
1,977643e+003;-1,572574e-003
1,978125e+003;-1,523776e-003
1,978607e+003;-1,598159e-003
1,979089e+003;-1,774640e-003
1,979572e+003;-2,018664e-003
1,980054e+003;-2,304247e-003
1,980536e+003;-2,622017e-003
1,981018e+003;-2,981481e-003
1,981500e+003;-3,396475e-003
1,981982e+003;-3,866510e-003
1,982464e+003;-4,362379e-003
1,982946e+003;-4,823867e-003
1,983428e+003;-5,172936e-003
1,983911e+003;-5,345876e-003
1,984393e+003;-5,310168e-003
1,984875e+003;-5,079383e-003
1,985357e+003;-4,705886e-003
1,985839e+003;-4,270521e-003
1,986321e+003;-3,856034e-003
1,986803e+003;-3,523719e-003
1,987285e+003;-3,302736e-003
1,987767e+003;-3,185722e-003
1,988250e+003;-3,141053e-003
1,988732e+003;-3,132171e-003
1,989214e+003;-3,135263e-003
1,989696e+003;-3,143947e-003
1,990178e+003;-3,169835e-003
1,990660e+003;-3,232064e-003
1,991142e+003;-3,347224e-003
1,991624e+003;-3,519183e-003
1,992107e+003;-3,737494e-003
1,992589e+003;-3,976347e-003
1,993071e+003;-4,203880e-003
1,993553e+003;-4,389375e-003
1,994035e+003;-4,504163e-003
1,994517e+003;-4,529314e-003
1,994999e+003;-4,457956e-003
1,995481e+003;-4,297622e-003
1,995964e+003;-4,071255e-003
1,996446e+003;-3,818035e-003
1,996928e+003;-3,588165e-003
1,997410e+003;-3,430500e-003
1,997892e+003;-3,384409e-003
1,998374e+003;-3,465377e-003
1,998856e+003;-3,660290e-003
1,999338e+003;-3,930741e-003
1,999820e+003;-4,226226e-003
2,000302e+003;-4,499014e-003
2,000785e+003;-4,714245e-003
2,001267e+003;-4,859878e-003
2,001749e+003;-4,945158e-003
2,002231e+003;-4,995571e-003
2,002713e+003;-5,039493e-003
2,003195e+003;-5,099654e-003
2,003677e+003;-5,183250e-003
2,004159e+003;-5,281821e-003
2,004642e+003;-5,372975e-003
2,005124e+003;-5,430995e-003
2,005606e+003;-5,434006e-003
2,006088e+003;-5,370880e-003
2,006570e+003;-5,245551e-003
2,007052e+003;-5,070148e-003
2,007534e+003;-4,862794e-003
2,008016e+003;-4,636754e-003
2,008499e+003;-4,401478e-003
2,008981e+003;-4,162072e-003
2,009463e+003;-3,922138e-003
2,009945e+003;-3,688578e-003
2,010427e+003;-3,471688e-003
2,010909e+003;-3,282380e-003
2,011391e+003;-3,132730e-003
2,011873e+003;-3,027648e-003
2,012355e+003;-2,962724e-003
2,012838e+003;-2,921849e-003
2,013320e+003;-2,881365e-003
2,013802e+003;-2,812173e-003
2,014284e+003;-2,690153e-003
2,014766e+003;-2,504523e-003
2,015248e+003;-2,264760e-003
2,015730e+003;-2,004846e-003
2,016212e+003;-1,775828e-003
2,016694e+003;-1,638630e-003
2,017177e+003;-1,643912e-003
2,017659e+003;-1,811036e-003
2,018141e+003;-2,120661e-003
2,018623e+003;-2,516614e-003
2,019105e+003;-2,928332e-003
2,019587e+003;-3,279848e-003
2,020069e+003;-3,521615e-003
2,020551e+003;-3,636731e-003
2,021034e+003;-3,646424e-003
2,021516e+003;-3,599600e-003
2,021998e+003;-3,555664e-003
2,022480e+003;-3,563880e-003
2,022962e+003;-3,641594e-003
2,023444e+003;-3,772971e-003
2,023926e+003;-3,914389e-003
2,024408e+003;-4,015055e-003
2,024891e+003;-4,030944e-003
2,025373e+003;-3,943580e-003
2,025855e+003;-3,762591e-003
2,026337e+003;-3,518362e-003
2,026819e+003;-3,248574e-003
2,027301e+003;-2,985496e-003
2,027783e+003;-2,753867e-003
2,028265e+003;-2,570208e-003
2,028747e+003;-2,446868e-003
2,029229e+003;-2,396060e-003
2,029712e+003;-2,426605e-003
2,030194e+003;-2,539014e-003
2,030676e+003;-2,718011e-003
2,031158e+003;-2,934092e-003
2,031640e+003;-3,142039e-003
2,032122e+003;-3,297639e-003
2,032604e+003;-3,374349e-003
2,033086e+003;-3,372540e-003
2,033569e+003;-3,321643e-003
2,034051e+003;-3,270476e-003
2,034533e+003;-3,267056e-003
2,035015e+003;-3,336702e-003
2,035497e+003;-3,474975e-003
2,035979e+003;-3,649973e-003
2,036461e+003;-3,817346e-003
2,036943e+003;-3,935732e-003
2,037426e+003;-3,982421e-003
2,037908e+003;-3,956615e-003
2,038390e+003;-3,870812e-003
2,038872e+003;-3,740122e-003
2,039354e+003;-3,569861e-003
2,039836e+003;-3,354918e-003
2,040318e+003;-3,084403e-003
2,040800e+003;-2,752616e-003
2,041282e+003;-2,371345e-003
2,041765e+003;-1,972786e-003
2,042247e+003;-1,606082e-003
2,042729e+003;-1,328761e-003
2,043211e+003;-1,184846e-003
2,043693e+003;-1,198790e-003
2,044175e+003;-1,363279e-003
2,044657e+003;-1,645100e-003
2,045139e+003;-1,992213e-003
2,045622e+003;-2,351836e-003
2,046104e+003;-2,683567e-003
2,046586e+003;-2,961835e-003
2,047068e+003;-3,181545e-003
2,047550e+003;-3,350315e-003
2,048032e+003;-3,483390e-003
2,048514e+003;-3,594014e-003
2,048996e+003;-3,690385e-003
2,049479e+003;-3,771066e-003
2,049960e+003;-3,828282e-003
2,050443e+003;-3,851568e-003
2,050925e+003;-3,831632e-003
2,051407e+003;-3,766599e-003
2,051889e+003;-3,663214e-003
2,052371e+003;-3,535123e-003
2,052853e+003;-3,401176e-003
2,053335e+003;-3,280638e-003
2,053817e+003;-3,186840e-003
2,054300e+003;-3,126249e-003
2,054782e+003;-3,097267e-003
2,055264e+003;-3,094635e-003
2,055746e+003;-3,110985e-003
2,056228e+003;-3,140855e-003
2,056710e+003;-3,182170e-003
2,057192e+003;-3,231012e-003
2,057674e+003;-3,279552e-003
2,058156e+003;-3,313324e-003
2,058639e+003;-3,309805e-003
2,059121e+003;-3,245910e-003
2,059603e+003;-3,104405e-003
2,060085e+003;-2,882485e-003
2,060567e+003;-2,596360e-003
2,061049e+003;-2,281010e-003
2,061531e+003;-1,984693e-003
2,062013e+003;-1,753553e-003
2,062496e+003;-1,627440e-003
2,062978e+003;-1,625789e-003
2,063460e+003;-1,744775e-003
2,063942e+003;-1,959329e-003
2,064424e+003;-2,232556e-003
2,064906e+003;-2,526661e-003
2,065388e+003;-2,811317e-003
2,065870e+003;-3,070486e-003
2,066353e+003;-3,301289e-003
2,066835e+003;-3,507187e-003
2,067317e+003;-3,691962e-003
2,067799e+003;-3,851830e-003
2,068281e+003;-3,974936e-003
2,068763e+003;-4,044994e-003
2,069245e+003;-4,046373e-003
2,069727e+003;-3,974016e-003
2,070209e+003;-3,837774e-003
2,070692e+003;-3,663674e-003
2,071174e+003;-3,484015e-003
2,071656e+003;-3,328252e-003
2,072138e+003;-3,212429e-003
2,072620e+003;-3,133486e-003
2,073102e+003;-3,072428e-003
2,073584e+003;-3,002048e-003
2,074066e+003;-2,903023e-003
2,074549e+003;-2,772074e-003
2,075031e+003;-2,627089e-003
2,075513e+003;-2,499747e-003
2,075995e+003;-2,425715e-003
2,076477e+003;-2,428813e-003
2,076959e+003;-2,510190e-003
2,077441e+003;-2,646585e-003
2,077923e+003;-2,798247e-003
2,078406e+003;-2,921125e-003
2,078887e+003;-2,980395e-003
2,079370e+003;-2,963481e-003
2,079852e+003;-2,879358e-003
2,080334e+003;-2,754624e-003
2,080816e+003;-2,619778e-003
2,081298e+003;-2,502283e-003
2,081780e+003;-2,418664e-003
2,082262e+003;-2,372894e-003
2,082744e+003;-2,360800e-003
2,083227e+003;-2,374542e-003
2,083709e+003;-2,408417e-003
2,084191e+003;-2,459125e-003
2,084673e+003;-2,525080e-003
2,085155e+003;-2,603969e-003
2,085637e+003;-2,690812e-003
2,086119e+003;-2,778692e-003
2,086601e+003;-2,859806e-003
2,087083e+003;-2,929254e-003
2,087566e+003;-2,986746e-003
2,088048e+003;-3,035577e-003
2,088530e+003;-3,082100e-003
2,089012e+003;-3,130625e-003
2,089494e+003;-3,182893e-003
2,089976e+003;-3,235978e-003
2,090458e+003;-3,283499e-003
2,090940e+003;-3,317335e-003
2,091423e+003;-3,330258e-003
2,091905e+003;-3,318190e-003
2,092387e+003;-3,280276e-003
2,092869e+003;-3,220158e-003
2,093351e+003;-3,145592e-003
2,093833e+003;-3,068183e-003
2,094315e+003;-3,001192e-003
2,094797e+003;-2,956965e-003
2,095280e+003;-2,945709e-003
2,095762e+003;-2,971708e-003
2,096244e+003;-3,032748e-003
2,096726e+003;-3,120821e-003
2,097208e+003;-3,225190e-003
2,097690e+003;-3,334269e-003
2,098172e+003;-3,439935e-003
2,098654e+003;-3,538443e-003
2,099136e+003;-3,629075e-003
2,099619e+003;-3,712199e-003
2,100101e+003;-3,786603e-003
2,100583e+003;-3,848743e-003
2,101065e+003;-3,891600e-003
2,101547e+003;-3,907822e-003
2,102029e+003;-3,892158e-003
2,102511e+003;-3,842996e-003
2,102993e+003;-3,763314e-003
2,103476e+003;-3,659206e-003
2,103958e+003;-3,538278e-003
2,104440e+003;-3,408343e-003
2,104922e+003;-3,275540e-003
2,105404e+003;-3,144441e-003
2,105886e+003;-3,018237e-003
2,106368e+003;-2,899403e-003
2,106850e+003;-2,789292e-003
2,107333e+003;-2,688375e-003
2,107814e+003;-2,596294e-003
2,108297e+003;-2,511475e-003
2,108779e+003;-2,432832e-003
2,109261e+003;-2,360174e-003
2,109743e+003;-2,295381e-003
2,110225e+003;-2,242873e-003
2,110707e+003;-2,208755e-003
2,111189e+003;-2,200315e-003
2,111671e+003;-2,223226e-003
2,112154e+003;-2,281010e-003
2,112636e+003;-2,372697e-003
2,113118e+003;-2,493059e-003
2,113600e+003;-2,633182e-003
2,114082e+003;-2,780601e-003
2,114564e+003;-2,922672e-003
2,115046e+003;-3,047094e-003
2,115528e+003;-3,146151e-003
2,116010e+003;-3,217692e-003
2,116493e+003;-3,267056e-003
2,116975e+003;-3,305465e-003
2,117457e+003;-3,345974e-003
2,117939e+003;-3,399729e-003
2,118421e+003;-3,469979e-003
2,118903e+003;-3,548960e-003
2,119385e+003;-3,618495e-003
2,119867e+003;-3,655887e-003
2,120350e+003;-3,638046e-003
2,120832e+003;-3,551589e-003
2,121314e+003;-3,396179e-003
2,121796e+003;-3,186018e-003
2,122278e+003;-2,945479e-003
2,122760e+003;-2,703424e-003
2,123242e+003;-2,488776e-003
2,123724e+003;-2,322736e-003
2,124207e+003;-2,218546e-003
2,124689e+003;-2,181161e-003
2,125171e+003;-2,208623e-003
2,125653e+003;-2,294161e-003
2,126135e+003;-2,427264e-003
2,126617e+003;-2,596097e-003
2,127099e+003;-2,786297e-003
2,127581e+003;-2,984048e-003
2,128063e+003;-3,177894e-003
2,128546e+003;-3,360014e-003
2,129028e+003;-3,527301e-003
2,129510e+003;-3,678919e-003
2,129992e+003;-3,812058e-003
2,130474e+003;-3,918888e-003
2,130956e+003;-3,984063e-003
2,131438e+003;-3,986821e-003
2,131920e+003;-3,908840e-003
2,132403e+003;-3,741699e-003
2,132885e+003;-3,493415e-003
2,133367e+003;-3,191544e-003
2,133849e+003;-2,880970e-003
2,134331e+003;-2,613652e-003
2,134813e+003;-2,435798e-003
2,135295e+003;-2,380836e-003
2,135777e+003;-2,459487e-003
2,136260e+003;-2,661767e-003
2,136741e+003;-2,959334e-003
2,137224e+003;-3,315691e-003
2,137706e+003;-3,690582e-003
2,138188e+003;-4,043254e-003
2,138670e+003;-4,339253e-003
2,139152e+003;-4,550693e-003
2,139634e+003;-4,662062e-003
2,140116e+003;-4,675173e-003
2,140598e+003;-4,611413e-003
2,141081e+003;-4,507606e-003
2,141563e+003;-4,405776e-003
2,142045e+003;-4,344141e-003
2,142527e+003;-4,342730e-003
2,143009e+003;-4,395706e-003
2,143491e+003;-4,471370e-003
2,143973e+003;-4,525444e-003
2,144455e+003;-4,513181e-003
2,144938e+003;-4,408399e-003
2,145420e+003;-4,213363e-003
2,145902e+003;-3,961802e-003
2,146384e+003;-3,707862e-003
2,146866e+003;-3,507647e-003
2,147348e+003;-3,404398e-003
2,147830e+003;-3,412617e-003
2,148312e+003;-3,518329e-003
2,148794e+003;-3,685391e-003
2,149277e+003;-3,876067e-003
2,149759e+003;-4,064952e-003
2,150241e+003;-4,248571e-003
2,150723e+003;-4,446018e-003
2,151205e+003;-4,689465e-003
2,151687e+003;-5,008836e-003
2,152169e+003;-5,412114e-003
2,152651e+003;-5,877327e-003
2,153134e+003;-6,347331e-003
2,153616e+003;-6,745780e-003
2,154098e+003;-6,983180e-003
2,154580e+003;-6,988299e-003
2,155062e+003;-6,722486e-003
2,155544e+003;-6,194095e-003
2,156026e+003;-5,455340e-003
2,156508e+003;-4,594332e-003
2,156990e+003;-3,723434e-003
2,157473e+003;-2,948934e-003
2,157955e+003;-2,360998e-003
2,158437e+003;-2,007979e-003
2,158919e+003;-1,895564e-003
2,159401e+003;-1,987002e-003
2,159883e+003;-2,230709e-003
2,160365e+003;-2,580452e-003
2,160847e+003;-3,004252e-003
2,161330e+003;-3,482897e-003
2,161812e+003;-4,000380e-003
2,162294e+003;-4,526002e-003
2,162776e+003;-5,013291e-003
2,163258e+003;-5,399253e-003
2,163740e+003;-5,618486e-003
2,164222e+003;-5,626205e-003
2,164704e+003;-5,413194e-003
2,165187e+003;-5,018597e-003
2,165668e+003;-4,519477e-003
2,166151e+003;-4,019815e-003
2,166633e+003;-3,612120e-003
2,167115e+003;-3,348112e-003
2,167597e+003;-3,226736e-003
2,168079e+003;-3,197300e-003
2,168561e+003;-3,180689e-003
2,169043e+003;-3,095655e-003
2,169525e+003;-2,894893e-003
2,170008e+003;-2,576334e-003
2,170490e+003;-2,186931e-003
2,170972e+003;-1,798234e-003
2,171454e+003;-1,485803e-003
2,171936e+003;-1,302069e-003
2,172418e+003;-1,259585e-003
2,172900e+003;-1,334541e-003
2,173382e+003;-1,475798e-003
2,173865e+003;-1,626582e-003
2,174347e+003;-1,735997e-003
2,174829e+003;-1,776290e-003
2,175311e+003;-1,743422e-003
2,175793e+003;-1,655101e-003
2,176275e+003;-1,541407e-003
2,176757e+003;-1,442445e-003
2,177239e+003;-1,403012e-003
2,177721e+003;-1,462226e-003
2,178204e+003;-1,650876e-003
2,178686e+003;-1,979746e-003
2,179168e+003;-2,432865e-003
2,179650e+003;-2,963118e-003
2,180132e+003;-3,500482e-003
2,180614e+003;-3,966301e-003
2,181096e+003;-4,288501e-003
2,181578e+003;-4,428898e-003
2,182061e+003;-4,387178e-003
2,182543e+003;-4,202370e-003
2,183025e+003;-3,931267e-003
2,183507e+003;-3,633478e-003
2,183989e+003;-3,353537e-003
2,184471e+003;-3,113420e-003
2,184953e+003;-2,917768e-003
2,185435e+003;-2,762921e-003
2,185917e+003;-2,646421e-003
2,186400e+003;-2,572843e-003
2,186882e+003;-2,550279e-003
2,187364e+003;-2,584042e-003
2,187846e+003;-2,669473e-003
2,188328e+003;-2,788470e-003
2,188810e+003;-2,912173e-003
2,189292e+003;-3,008596e-003
2,189774e+003;-3,055122e-003
2,190257e+003;-3,043803e-003
2,190739e+003;-2,984311e-003
2,191221e+003;-2,897625e-003
2,191703e+003;-2,810889e-003
2,192185e+003;-2,747776e-003
2,192667e+003;-2,721501e-003
2,193149e+003;-2,736680e-003
2,193631e+003;-2,788437e-003
2,194114e+003;-2,866915e-003
2,194595e+003;-2,961341e-003
2,195078e+003;-3,064367e-003
2,195560e+003;-3,170295e-003
2,196042e+003;-3,277744e-003
2,196524e+003;-3,386415e-003
2,197006e+003;-3,496275e-003
2,197488e+003;-3,604628e-003
2,197970e+003;-3,706187e-003
2,198452e+003;-3,789066e-003
2,198935e+003;-3,838300e-003
2,199417e+003;-3,838497e-003
2,199899e+003;-3,778456e-003
2,200381e+003;-3,656347e-003
2,200863e+003;-3,483291e-003
2,201345e+003;-3,283564e-003
2,201827e+003;-3,088022e-003
2,202309e+003;-2,930274e-003
2,202792e+003;-2,838738e-003
2,203274e+003;-2,830081e-003
2,203756e+003;-2,907598e-003
2,204238e+003;-3,060715e-003
2,204720e+003;-3,266102e-003
2,205202e+003;-3,491673e-003
2,205684e+003;-3,701818e-003
2,206166e+003;-3,864015e-003
2,206648e+003;-3,952970e-003
2,207131e+003;-3,957830e-003
2,207613e+003;-3,884408e-003
2,208095e+003;-3,755857e-003
2,208577e+003;-3,604234e-003
2,209059e+003;-3,463011e-003
2,209541e+003;-3,355082e-003
2,210023e+003;-3,285866e-003
2,210505e+003;-3,242457e-003
2,210988e+003;-3,201872e-003
2,211470e+003;-3,143257e-003
2,211952e+003;-3,056536e-003
2,212434e+003;-2,950415e-003
2,212916e+003;-2,847198e-003
2,213398e+003;-2,775399e-003
2,213880e+003;-2,753439e-003
2,214362e+003;-2,782774e-003
2,214844e+003;-2,844993e-003
2,215327e+003;-2,910626e-003
2,215809e+003;-2,950843e-003
2,216291e+003;-2,949724e-003
2,216773e+003;-2,911383e-003
2,217255e+003;-2,857765e-003
2,217737e+003;-2,817802e-003
2,218219e+003;-2,814148e-003
2,218701e+003;-2,856382e-003
2,219184e+003;-2,935836e-003
2,219666e+003;-3,033373e-003
2,220148e+003;-3,125493e-003
2,220630e+003;-3,197037e-003
2,221112e+003;-3,243739e-003
2,221594e+003;-3,271298e-003
2,222076e+003;-3,289418e-003
2,222558e+003;-3,305958e-003
2,223041e+003;-3,324043e-003
2,223522e+003;-3,341306e-003
2,224005e+003;-3,353997e-003
2,224487e+003;-3,362940e-003
2,224969e+003;-3,374743e-003
2,225451e+003;-3,402228e-003
2,225933e+003;-3,458803e-003
2,226415e+003;-3,553330e-003
2,226897e+003;-3,686311e-003
2,227379e+003;-3,847922e-003
2,227862e+003;-4,019848e-003
2,228344e+003;-4,178907e-003
2,228826e+003;-4,303527e-003
2,229308e+003;-4,376714e-003
2,229790e+003;-4,388785e-003
2,230272e+003;-4,337875e-003
2,230754e+003;-4,231050e-003
2,231236e+003;-4,081036e-003
2,231719e+003;-3,904111e-003
2,232201e+003;-3,717784e-003
2,232683e+003;-3,536504e-003
2,233165e+003;-3,369812e-003
2,233647e+003;-3,224730e-003
2,234129e+003;-3,104208e-003
2,234611e+003;-3,011656e-003
2,235093e+003;-2,951370e-003
2,235575e+003;-2,927279e-003
2,236058e+003;-2,940773e-003
2,236540e+003;-2,986582e-003
2,237022e+003;-3,052128e-003
2,237504e+003;-3,115755e-003
2,237986e+003;-3,153750e-003
2,238468e+003;-3,148257e-003
2,238950e+003;-3,093220e-003
2,239432e+003;-2,999316e-003
2,239915e+003;-2,891536e-003
2,240397e+003;-2,804009e-003
2,240879e+003;-2,764601e-003
2,241361e+003;-2,790083e-003
2,241843e+003;-2,877152e-003
2,242325e+003;-3,006326e-003
2,242807e+003;-3,145691e-003
2,243289e+003;-3,263175e-003
2,243771e+003;-3,336176e-003
2,244254e+003;-3,355641e-003
2,244736e+003;-3,326871e-003
2,245218e+003;-3,265576e-003
2,245700e+003;-3,192958e-003
2,246182e+003;-3,129144e-003
2,246664e+003;-3,089404e-003
2,247146e+003;-3,084041e-003
2,247628e+003;-3,116479e-003
2,248111e+003;-3,184176e-003
2,248593e+003;-3,278467e-003
2,249075e+003;-3,386152e-003
2,249557e+003;-3,488846e-003
2,250039e+003;-3,567002e-003
2,250521e+003;-3,604267e-003
2,251003e+003;-3,589381e-003
2,251485e+003;-3,520432e-003
2,251968e+003;-3,403149e-003
2,252449e+003;-3,250481e-003
2,252932e+003;-3,076902e-003
2,253414e+003;-2,897098e-003
2,253896e+003;-2,722620e-003
2,254378e+003;-2,562368e-003
2,254860e+003;-2,424266e-003
2,255342e+003;-2,316145e-003
2,255824e+003;-2,246631e-003
2,256306e+003;-2,224578e-003
2,256789e+003;-2,255795e-003
2,257271e+003;-2,340302e-003
2,257753e+003;-2,470195e-003
2,258235e+003;-2,630382e-003
2,258717e+003;-2,801638e-003
2,259199e+003;-2,964172e-003
2,259681e+003;-3,103386e-003
2,260163e+003;-3,211410e-003
2,260646e+003;-3,286688e-003
2,261128e+003;-3,332822e-003
2,261610e+003;-3,354359e-003
2,262092e+003;-3,353997e-003
2,262574e+003;-3,331146e-003
2,263056e+003;-3,283301e-003
2,263538e+003;-3,208680e-003
2,264020e+003;-3,109867e-003
2,264502e+003;-2,995072e-003
2,264985e+003;-2,877350e-003
2,265467e+003;-2,771745e-003
2,265949e+003;-2,691174e-003
2,266431e+003;-2,641580e-003
2,266913e+003;-2,621655e-003
2,267395e+003;-2,624355e-003
2,267877e+003;-2,641184e-003
2,268359e+003;-2,665917e-003
2,268842e+003;-2,697102e-003
2,269324e+003;-2,737503e-003
2,269806e+003;-2,790840e-003
2,270288e+003;-2,857205e-003
2,270770e+003;-2,930570e-003
2,271252e+003;-2,998856e-003
2,271734e+003;-3,048015e-003
2,272216e+003;-3,067098e-003
2,272698e+003;-3,052753e-003
2,273181e+003;-3,011360e-003
2,273663e+003;-2,956142e-003
2,274145e+003;-2,901311e-003
2,274627e+003;-2,856283e-003
2,275109e+003;-2,821193e-003
2,275591e+003;-2,789128e-003
2,276073e+003;-2,749784e-003
2,276555e+003;-2,695916e-003
2,277038e+003;-2,628571e-003
2,277520e+003;-2,557922e-003
2,278002e+003;-2,499747e-003
2,278484e+003;-2,467460e-003
2,278966e+003;-2,467625e-003
2,279448e+003;-2,494904e-003
2,279930e+003;-2,535819e-003
2,280412e+003;-2,571789e-003
2,280895e+003;-2,587698e-003
2,281376e+003;-2,577092e-003
2,281859e+003;-2,543922e-003
2,282341e+003;-2,499285e-003
2,282823e+003;-2,456259e-003
2,283305e+003;-2,424793e-003
2,283787e+003;-2,408219e-003
2,284269e+003;-2,402848e-003
2,284751e+003;-2,400640e-003
2,285233e+003;-2,393556e-003
2,285716e+003;-2,376189e-003
2,286198e+003;-2,347552e-003
2,286680e+003;-2,310542e-003
2,287162e+003;-2,270100e-003
2,287644e+003;-2,231270e-003
2,288126e+003;-2,197744e-003
2,288608e+003;-2,171304e-003
2,289090e+003;-2,152346e-003
2,289573e+003;-2,140213e-003
2,290055e+003;-2,133487e-003
2,290537e+003;-2,132102e-003
2,291019e+003;-2,135300e-003
2,291501e+003;-2,144104e-003
2,291983e+003;-2,159732e-003
2,292465e+003;-2,183205e-003
2,292947e+003;-2,215051e-003
2,293429e+003;-2,253322e-003
2,293912e+003;-2,293634e-003
2,294394e+003;-2,329327e-003
2,294876e+003;-2,353484e-003
2,295358e+003;-2,360471e-003
2,295840e+003;-2,349167e-003
2,296322e+003;-2,322571e-003
2,296804e+003;-2,288196e-003
2,297286e+003;-2,253817e-003
2,297769e+003;-2,225567e-003
2,298251e+003;-2,205359e-003
2,298733e+003;-2,190689e-003
2,299215e+003;-2,176579e-003
2,299697e+003;-2,158743e-003
2,300179e+003;-2,136916e-003
2,300661e+003;-2,114759e-003
2,301143e+003;-2,098997e-003
2,301625e+003;-2,095700e-003
2,302108e+003;-2,106614e-003
2,302590e+003;-2,127321e-003
2,303072e+003;-2,148324e-003
2,303554e+003;-2,156435e-003
2,304036e+003;-2,140411e-003
2,304518e+003;-2,093886e-003
2,305000e+003;-2,017114e-003
2,305482e+003;-1,916050e-003
2,305965e+003;-1,801335e-003
2,306447e+003;-1,684841e-003
2,306929e+003;-1,577361e-003
2,307411e+003;-1,488313e-003
2,307893e+003;-1,424149e-003
2,308375e+003;-1,388645e-003
2,308857e+003;-1,382039e-003
2,309339e+003;-1,400502e-003
2,309822e+003;-1,436302e-003
2,310303e+003;-1,478275e-003
2,310786e+003;-1,516281e-003
2,311268e+003;-1,542596e-003
2,311750e+003;-1,555769e-003
2,312232e+003;-1,560226e-003
2,312714e+003;-1,564881e-003
2,313196e+003;-1,577922e-003
2,313678e+003;-1,602583e-003
2,314160e+003;-1,635098e-003
2,314643e+003;-1,664575e-003
2,315125e+003;-1,679296e-003
2,315607e+003;-1,669526e-003
2,316089e+003;-1,632920e-003
2,316571e+003;-1,575908e-003
2,317053e+003;-1,511196e-003
2,317535e+003;-1,451956e-003
2,318017e+003;-1,407570e-003
2,318500e+003;-1,379562e-003
2,318982e+003;-1,361429e-003
2,319464e+003;-1,341709e-003
2,319946e+003;-1,309403e-003
2,320428e+003;-1,259122e-003
2,320910e+003;-1,193239e-003
2,321392e+003;-1,121695e-003
2,321874e+003;-1,056782e-003
2,322356e+003;-1,010406e-003
2,322839e+003;-9,886869e-004
2,323321e+003;-9,914968e-004
2,323803e+003;-1,012191e-003
2,324285e+003;-1,042073e-003
2,324767e+003;-1,071954e-003
2,325249e+003;-1,095652e-003
2,325731e+003;-1,110590e-003
2,326213e+003;-1,118291e-003
2,326696e+003;-1,123545e-003
2,327178e+003;-1,132535e-003
2,327660e+003;-1,150512e-003
2,328142e+003;-1,179063e-003
2,328624e+003;-1,214584e-003
2,329106e+003;-1,246997e-003
2,329588e+003;-1,262327e-003
2,330070e+003;-1,246997e-003
2,330552e+003;-1,192776e-003
2,331035e+003;-1,101436e-003
2,331517e+003;-9,863398e-004
2,331999e+003;-8,700892e-004
2,332481e+003;-7,762990e-004
2,332963e+003;-7,256584e-004
2,333445e+003;-7,284370e-004
2,333927e+003;-7,827486e-004
2,334409e+003;-8,752477e-004
2,334892e+003;-9,861083e-004
2,335374e+003;-1,094627e-003
2,335856e+003;-1,182467e-003
2,336338e+003;-1,238473e-003
2,336820e+003;-1,257999e-003
2,337302e+003;-1,242008e-003
2,337784e+003;-1,194792e-003
2,338266e+003;-1,124339e-003
2,338749e+003;-1,040520e-003
2,339230e+003;-9,547013e-004
2,339713e+003;-8,806377e-004
2,340195e+003;-8,299431e-004
2,340677e+003;-8,103978e-004
2,341159e+003;-8,224360e-004
2,341641e+003;-8,587138e-004
2,342123e+003;-9,047097e-004
2,342605e+003;-9,443199e-004
2,343087e+003;-9,658758e-004
2,343570e+003;-9,658758e-004
2,344052e+003;-9,516265e-004
2,344534e+003;-9,379719e-004
2,345016e+003;-9,416419e-004
2,345498e+003;-9,747029e-004
2,345980e+003;-1,037875e-003
2,346462e+003;-1,122686e-003
2,346944e+003;-1,214683e-003
2,347427e+003;-1,299691e-003
2,347909e+003;-1,366912e-003
2,348391e+003;-1,411038e-003
2,348873e+003;-1,432141e-003
2,349355e+003;-1,433627e-003
2,349837e+003;-1,420516e-003
2,350319e+003;-1,397265e-003
2,350801e+003;-1,365921e-003
2,351283e+003;-1,324235e-003
2,351766e+003;-1,265333e-003
2,352248e+003;-1,179724e-003
2,352730e+003;-1,058171e-003
2,353212e+003;-8,947900e-004
2,353694e+003;-6,903951e-004
2,354176e+003;-4,535338e-004
2,354658e+003;-2,001497e-004
2,355140e+003;5,010156e-005
2,355623e+003;2,770558e-004
2,356105e+003;4,629635e-004
2,356587e+003;5,970881e-004
2,357069e+003;6,754654e-004
2,357551e+003;7,008531e-004
2,358033e+003;6,799455e-004
2,358515e+003;6,219403e-004
2,358997e+003;5,357433e-004
2,359479e+003;4,286346e-004
2,359962e+003;3,060012e-004
2,360444e+003;1,714031e-004
2,360926e+003;2,882757e-005
2,361408e+003;-1,156887e-004
2,361890e+003;-2,535008e-004
2,362372e+003;-3,737899e-004
2,362854e+003;-4,658135e-004
2,363336e+003;-5,241954e-004
2,363819e+003;-5,506036e-004
2,364301e+003;-5,559976e-004
2,364783e+003;-5,563616e-004
2,365265e+003;-5,695981e-004
2,365747e+003;-6,072205e-004
2,366229e+003;-6,711744e-004
2,366711e+003;-7,528813e-004
2,367193e+003;-8,364580e-004
2,367676e+003;-9,066606e-004
2,368157e+003;-9,541392e-004
2,368640e+003;-9,810503e-004
2,369122e+003;-9,992325e-004
2,369604e+003;-1,027133e-003
2,370086e+003;-1,080481e-003
2,370568e+003;-1,167960e-003
2,371050e+003;-1,287270e-003
2,371532e+003;-1,427121e-003
2,372014e+003;-1,570725e-003
2,372497e+003;-1,702234e-003
2,372979e+003;-1,812158e-003
2,373461e+003;-1,897280e-003
2,373943e+003;-1,960945e-003
2,374425e+003;-2,009595e-003
2,374907e+003;-2,050028e-003
2,375389e+003;-2,087291e-003
2,375872e+003;-2,123595e-003
2,376354e+003;-2,159732e-003
2,376836e+003;-2,195667e-003
2,377318e+003;-2,230611e-003
2,377800e+003;-2,263409e-003
2,378282e+003;-2,292250e-003
2,378764e+003;-2,314563e-003
2,379246e+003;-2,328141e-003
2,379729e+003;-2,331964e-003
2,380210e+003;-2,327515e-003
2,380693e+003;-2,318880e-003
2,381175e+003;-2,311465e-003
2,381657e+003;-2,310937e-003
2,382139e+003;-2,320627e-003
2,382621e+003;-2,340961e-003
2,383103e+003;-2,368973e-003
2,383585e+003;-2,400706e-003
2,384067e+003;-2,432470e-003
2,384550e+003;-2,463046e-003
2,385032e+003;-2,493619e-003
2,385514e+003;-2,527386e-003
2,385996e+003;-2,567177e-003
2,386478e+003;-2,613652e-003
2,386960e+003;-2,664270e-003
2,387442e+003;-2,714356e-003
2,387924e+003;-2,758279e-003
2,388406e+003;-2,792025e-003
2,388889e+003;-2,815531e-003
2,389371e+003;-2,831924e-003
2,389853e+003;-2,846803e-003
2,390335e+003;-2,865204e-003
2,390817e+003;-2,890154e-003
2,391299e+003;-2,920796e-003
2,391781e+003;-2,953213e-003
2,392263e+003;-2,981448e-003
2,392746e+003;-3,000732e-003
2,393228e+003;-3,008333e-003
2,393710e+003;-3,005042e-003
2,394192e+003;-2,994183e-003
2,394674e+003;-2,980395e-003
2,395156e+003;-2,968516e-003
2,395638e+003;-2,961473e-003
2,396120e+003;-2,960189e-003
2,396603e+003;-2,963810e-003
2,397085e+003;-2,969601e-003
2,397567e+003;-2,974603e-003
2,398049e+003;-2,975689e-003
2,398531e+003;-2,970687e-003
2,399013e+003;-2,959367e-003
2,399495e+003;-2,943011e-003
2,399977e+003;-2,924778e-003
2,400459e+003;-2,908947e-003
2,400942e+003;-2,899205e-003
2,401424e+003;-2,897625e-003
2,401906e+003;-2,903385e-003
2,402388e+003;-2,912897e-003
2,402870e+003;-2,920697e-003
2,403352e+003;-2,921882e-003
2,403834e+003;-2,913654e-003
2,404316e+003;-2,897296e-003
2,404799e+003;-2,877811e-003
2,405281e+003;-2,862340e-003
2,405763e+003;-2,858160e-003
2,406245e+003;-2,869582e-003
2,406727e+003;-2,896835e-003
2,407209e+003;-2,935770e-003
2,407691e+003;-2,979737e-003
2,408173e+003;-3,022153e-003
2,408656e+003;-3,058181e-003
2,409137e+003;-3,086739e-003
2,409620e+003;-3,109307e-003
2,410102e+003;-3,129045e-003
2,410584e+003;-3,148191e-003
2,411066e+003;-3,166874e-003
2,411548e+003;-3,183255e-003
2,412030e+003;-3,193320e-003
2,412512e+003;-3,193747e-003
2,412994e+003;-3,183058e-003
2,413477e+003;-3,162763e-003
2,413959e+003;-3,137138e-003
2,414441e+003;-3,111775e-003
2,414923e+003;-3,091805e-003
2,415405e+003;-3,080521e-003
2,415887e+003;-3,077889e-003
2,416369e+003;-3,081278e-003
2,416851e+003;-3,085851e-003
2,417333e+003;-3,086739e-003
2,417816e+003;-3,079468e-003
2,418298e+003;-3,061537e-003
2,418780e+003;-3,032814e-003
2,419262e+003;-2,995368e-003
2,419744e+003;-2,953476e-003
2,420226e+003;-2,913259e-003
2,420708e+003;-2,881727e-003
2,421190e+003;-2,865270e-003
2,421673e+003;-2,868364e-003
2,422155e+003;-2,891799e-003
2,422637e+003;-2,932315e-003
2,423119e+003;-2,982732e-003
2,423601e+003;-3,033472e-003
2,424083e+003;-3,075717e-003
2,424565e+003;-3,104011e-003
2,425047e+003;-3,117992e-003
2,425530e+003;-3,121117e-003
2,426012e+003;-3,120821e-003
2,426494e+003;-3,122927e-003
2,426976e+003;-3,130197e-003
2,427458e+003;-3,140756e-003
2,427940e+003;-3,148816e-003
2,428422e+003;-3,146875e-003
2,428904e+003;-3,129868e-003
2,429386e+003;-3,097365e-003
2,429869e+003;-3,054200e-003
2,430351e+003;-3,008727e-003
2,430833e+003;-2,969470e-003
2,431315e+003;-2,942813e-003
2,431797e+003;-2,930570e-003
2,432279e+003;-2,930932e-003
2,432761e+003;-2,939588e-003
2,433243e+003;-2,953476e-003
2,433726e+003;-2,970852e-003
2,434208e+003;-2,991979e-003
2,434690e+003;-3,017053e-003
2,435172e+003;-3,044066e-003
2,435654e+003;-3,068052e-003
2,436136e+003;-3,081903e-003
2,436618e+003;-3,078514e-003
2,437100e+003;-3,054661e-003
2,437583e+003;-3,013301e-003
2,438064e+003;-2,964830e-003
2,438547e+003;-2,922902e-003
2,439029e+003;-2,902003e-003
2,439511e+003;-2,912272e-003
2,439993e+003;-2,956076e-003
2,440475e+003;-3,027911e-003
2,440957e+003;-3,115459e-003
2,441439e+003;-3,204569e-003
2,441921e+003;-3,281262e-003
2,442404e+003;-3,335716e-003
2,442886e+003;-3,363696e-003
2,443368e+003;-3,365833e-003
2,443850e+003;-3,346698e-003
2,444332e+003;-3,313455e-003
2,444814e+003;-3,274718e-003
2,445296e+003;-3,239003e-003
2,445778e+003;-3,213580e-003
2,446260e+003;-3,203911e-003
2,446743e+003;-3,211673e-003
2,447225e+003;-3,234794e-003
2,447707e+003;-3,267779e-003
2,448189e+003;-3,302999e-003
2,448671e+003;-3,332132e-003
2,449153e+003;-3,348440e-003
2,449635e+003;-3,348671e-003
2,450117e+003;-3,332954e-003
2,450600e+003;-3,304741e-003
2,451082e+003;-3,269983e-003
2,451564e+003;-3,235978e-003
2,452046e+003;-3,209765e-003
2,452528e+003;-3,197497e-003
2,453010e+003;-3,203812e-003
2,453492e+003;-3,229762e-003
2,453974e+003;-3,273337e-003
2,454457e+003;-3,328416e-003
2,454939e+003;-3,386250e-003
2,455421e+003;-3,436253e-003
2,455903e+003;-3,468303e-003
2,456385e+003;-3,476783e-003
2,456867e+003;-3,460381e-003
2,457349e+003;-3,423235e-003
2,457831e+003;-3,373889e-003
2,458313e+003;-3,322925e-003
2,458796e+003;-3,279158e-003
2,459278e+003;-3,248607e-003
2,459760e+003;-3,233018e-003
2,460242e+003;-3,229861e-003
2,460724e+003;-3,234333e-003
2,461206e+003;-3,240648e-003
2,461688e+003;-3,245088e-003
2,462170e+003;-3,246107e-003
2,462653e+003;-3,244923e-003
2,463135e+003;-3,245318e-003
2,463617e+003;-3,251764e-003
2,464099e+003;-3,268667e-003
2,464581e+003;-3,297902e-003
2,465063e+003;-3,338807e-003
2,465545e+003;-3,388058e-003
2,466027e+003;-3,439836e-003
2,466510e+003;-3,487564e-003
2,466992e+003;-3,525559e-003
2,467474e+003;-3,549781e-003
2,467956e+003;-3,558523e-003
2,468438e+003;-3,551786e-003
2,468920e+003;-3,531311e-003
2,469402e+003;-3,499266e-003
2,469884e+003;-3,458836e-003
2,470366e+003;-3,413899e-003
2,470849e+003;-3,369779e-003
2,471331e+003;-3,332461e-003
2,471813e+003;-3,308424e-003
2,472295e+003;-3,301289e-003
2,472777e+003;-3,311219e-003
2,473259e+003;-3,333875e-003
2,473741e+003;-3,361493e-003
2,474223e+003;-3,385034e-003
2,474706e+003;-3,398217e-003
2,475188e+003;-3,400091e-003
2,475670e+003;-3,394930e-003
2,476152e+003;-3,391313e-003
2,476634e+003;-3,396804e-003
2,477116e+003;-3,416167e-003
2,477598e+003;-3,447331e-003
2,478080e+003;-3,483193e-003
2,478563e+003;-3,513399e-003
2,479044e+003;-3,530391e-003
2,479527e+003;-3,531311e-003
2,480009e+003;-3,519742e-003
2,480491e+003;-3,502815e-003
2,480973e+003;-3,488386e-003
2,481455e+003;-3,480925e-003
2,481937e+003;-3,479840e-003
2,482419e+003;-3,479840e-003
2,482901e+003;-3,474877e-003
2,483384e+003;-3,461038e-003
2,483866e+003;-3,439014e-003
2,484348e+003;-3,413274e-003
2,484830e+003;-3,390261e-003
2,485312e+003;-3,375269e-003
2,485794e+003;-3,369154e-003
2,486276e+003;-3,369483e-003
2,486758e+003;-3,370699e-003
2,487240e+003;-3,368529e-003
2,487723e+003;-3,360671e-003
2,488205e+003;-3,348112e-003
2,488687e+003;-3,333611e-003
2,489169e+003;-3,319571e-003
2,489651e+003;-3,306155e-003
2,490133e+003;-3,291325e-003
2,490615e+003;-3,271759e-003
2,491097e+003;-3,245680e-003
2,491580e+003;-3,214403e-003
2,492062e+003;-3,182137e-003
2,492544e+003;-3,154638e-003
2,493026e+003;-3,136842e-003
2,493508e+003;-3,130460e-003
2,493990e+003;-3,133158e-003
2,494472e+003;-3,139769e-003
2,494954e+003;-3,144704e-003
2,495437e+003;-3,144243e-003
2,495919e+003;-3,138388e-003
2,496401e+003;-3,129736e-003
2,496883e+003;-3,122960e-003
2,497365e+003;-3,122137e-003
2,497847e+003;-3,129440e-003
2,498329e+003;-3,144868e-003
2,498811e+003;-3,166874e-003
2,499293e+003;-3,192958e-003
2,499776e+003;-3,221342e-003
2,500258e+003;-3,249856e-003
2,500740e+003;-3,277053e-003
2,501222e+003;-3,300434e-003
2,501704e+003;-3,317664e-003
2,502186e+003;-3,327298e-003
2,502668e+003;-3,328942e-003
2,503150e+003;-3,324668e-003
2,503633e+003;-3,318289e-003
2,504115e+003;-3,314376e-003
2,504597e+003;-3,315987e-003
2,505079e+003;-3,323846e-003
2,505561e+003;-3,334795e-003
2,506043e+003;-3,343476e-003
2,506525e+003;-3,342950e-003
2,507007e+003;-3,327693e-003
2,507490e+003;-3,295271e-003
2,507971e+003;-3,247587e-003
2,508454e+003;-3,190195e-003
2,508936e+003;-3,131743e-003
2,509418e+003;-3,082166e-003
2,509900e+003;-3,049002e-003
2,510382e+003;-3,037025e-003
2,510864e+003;-3,045843e-003
2,511346e+003;-3,070651e-003
2,511828e+003;-3,103024e-003
2,512311e+003;-3,133914e-003
2,512793e+003;-3,157138e-003
2,513275e+003;-3,171381e-003
2,513757e+003;-3,181150e-003
2,514239e+003;-3,194932e-003
2,514721e+003;-3,222263e-003
2,515203e+003;-3,268602e-003
2,515685e+003;-3,332428e-003
2,516167e+003;-3,403675e-003
2,516650e+003;-3,467678e-003
2,517132e+003;-3,508041e-003
2,517614e+003;-3,512807e-003
2,518096e+003;-3,479248e-003
2,518578e+003;-3,414326e-003
2,519060e+003;-3,332724e-003
2,519542e+003;-3,251665e-003
2,520024e+003;-3,187202e-003
2,520507e+003;-3,148717e-003
2,520989e+003;-3,138289e-003
2,521471e+003;-3,151250e-003
2,521953e+003;-3,178946e-003
2,522435e+003;-3,211640e-003
2,522917e+003;-3,240253e-003
2,523399e+003;-3,258637e-003
2,523881e+003;-3,263570e-003
2,524364e+003;-3,255316e-003
2,524846e+003;-3,236603e-003
2,525328e+003;-3,212857e-003
2,525810e+003;-3,190458e-003
2,526292e+003;-3,174571e-003
2,526774e+003;-3,167631e-003
2,527256e+003;-3,168355e-003
2,527738e+003;-3,171381e-003
2,528220e+003;-3,169637e-003
2,528703e+003;-3,158289e-003
2,529185e+003;-3,135987e-003
2,529667e+003;-3,107399e-003
2,530149e+003;-3,080718e-003
2,530631e+003;-3,065025e-003
2,531113e+003;-3,066538e-003
2,531595e+003;-3,085653e-003
2,532077e+003;-3,116939e-003
2,532560e+003;-3,151941e-003
2,533042e+003;-3,182038e-003
2,533524e+003;-3,202069e-003
2,534006e+003;-3,211212e-003
2,534488e+003;-3,211574e-003
2,534970e+003;-3,205358e-003
2,535452e+003;-3,192201e-003
2,535934e+003;-3,169374e-003
2,536417e+003;-3,132697e-003
2,536898e+003;-3,080258e-003
2,537381e+003;-3,015638e-003
2,537863e+003;-2,948276e-003
2,538345e+003;-2,891404e-003
2,538827e+003;-2,858127e-003
2,539309e+003;-2,856481e-003
2,539791e+003;-2,886599e-003
2,540273e+003;-2,940411e-003
2,540755e+003;-3,004713e-003
2,541238e+003;-3,065847e-003
2,541720e+003;-3,112729e-003
2,542202e+003;-3,139375e-003
2,542684e+003;-3,144704e-003
2,543166e+003;-3,130460e-003
2,543648e+003;-3,099537e-003
2,544130e+003;-3,055122e-003
2,544612e+003;-3,001686e-003
2,545094e+003;-2,945249e-003
2,545577e+003;-2,894070e-003
2,546059e+003;-2,857699e-003
2,546541e+003;-2,843051e-003
2,547023e+003;-2,853189e-003
2,547505e+003;-2,884657e-003
2,547987e+003;-2,928201e-003
2,548469e+003;-2,971247e-003
2,548951e+003;-3,002574e-003
2,549434e+003;-3,015736e-003
2,549916e+003;-3,009978e-003
2,550398e+003;-2,990169e-003
2,550880e+003;-2,963842e-003
2,551362e+003;-2,937383e-003
2,551844e+003;-2,913654e-003
2,552326e+003;-2,891700e-003
2,552808e+003;-2,868265e-003
2,553291e+003;-2,839331e-003
2,553773e+003;-2,803251e-003
2,554255e+003;-2,761374e-003
2,554737e+003;-2,717681e-003
2,555219e+003;-2,678233e-003
2,555701e+003;-2,648792e-003
2,556183e+003;-2,633610e-003
2,556665e+003;-2,635158e-003
2,557147e+003;-2,652744e-003
2,557630e+003;-2,682909e-003
2,558112e+003;-2,719690e-003
2,558594e+003;-2,755974e-003
2,559076e+003;-2,783696e-003
2,559558e+003;-2,796667e-003
2,560040e+003;-2,791861e-003
2,560522e+003;-2,770527e-003
2,561004e+003;-2,737701e-003
2,561487e+003;-2,700757e-003
2,561969e+003;-2,666839e-003
2,562451e+003;-2,640361e-003
2,562933e+003;-2,622379e-003
2,563415e+003;-2,610622e-003
2,563897e+003;-2,601894e-003
2,564379e+003;-2,594153e-003
2,564861e+003;-2,587665e-003
2,565344e+003;-2,585293e-003
2,565825e+003;-2,590531e-003
2,566308e+003;-2,604858e-003
2,566790e+003;-2,625640e-003
2,567272e+003;-2,645960e-003
2,567754e+003;-2,657289e-003
2,568236e+003;-2,651295e-003
2,568718e+003;-2,624026e-003
2,569200e+003;-2,577257e-003
2,569682e+003;-2,518129e-003
2,570165e+003;-2,456852e-003
2,570647e+003;-2,402189e-003
2,571129e+003;-2,359251e-003
2,571611e+003;-2,327976e-003
2,572093e+003;-2,303686e-003
2,572575e+003;-2,280087e-003
2,573057e+003;-2,252136e-003
2,573539e+003;-2,219172e-003
2,574021e+003;-2,185184e-003
2,574504e+003;-2,157622e-003
2,574986e+003;-2,144697e-003
2,575468e+003;-2,152511e-003
2,575950e+003;-2,182117e-003
2,576432e+003;-2,228962e-003
2,576914e+003;-2,283746e-003
2,577396e+003;-2,335622e-003
2,577878e+003;-2,374114e-003
2,578361e+003;-2,392699e-003
2,578843e+003;-2,390491e-003
2,579325e+003;-2,371906e-003
2,579807e+003;-2,344586e-003
2,580289e+003;-2,316969e-003
2,580771e+003;-2,295974e-003
2,581253e+003;-2,283845e-003
2,581735e+003;-2,279066e-003
2,582218e+003;-2,276330e-003
2,582700e+003;-2,269540e-003
2,583182e+003;-2,253883e-003
2,583664e+003;-2,227908e-003
2,584146e+003;-2,193722e-003
2,584628e+003;-2,156435e-003
2,585110e+003;-2,121617e-003
2,585592e+003;-2,093161e-003
2,586074e+003;-2,071727e-003
2,586557e+003;-2,054414e-003
2,587039e+003;-2,035748e-003
2,587521e+003;-2,009364e-003
2,588003e+003;-1,970840e-003
2,588485e+003;-1,918557e-003
2,588967e+003;-1,855150e-003
2,589449e+003;-1,785959e-003
2,589931e+003;-1,718373e-003
2,590414e+003;-1,659789e-003
2,590896e+003;-1,615391e-003
2,591378e+003;-1,588189e-003
2,591860e+003;-1,578351e-003
2,592342e+003;-1,583699e-003
2,592824e+003;-1,600437e-003
2,593306e+003;-1,624469e-003
2,593788e+003;-1,651141e-003
2,594271e+003;-1,675830e-003
2,594752e+003;-1,693983e-003
2,595235e+003;-1,701046e-003
2,595717e+003;-1,693059e-003
2,596199e+003;-1,667644e-003
2,596681e+003;-1,625327e-003
2,597163e+003;-1,570032e-003
2,597645e+003;-1,508818e-003
2,598127e+003;-1,451229e-003
2,598609e+003;-1,406579e-003
2,599092e+003;-1,381346e-003
2,599574e+003;-1,377118e-003
2,600056e+003;-1,389669e-003
2,600538e+003;-1,410344e-003
2,601020e+003;-1,428145e-003
2,601502e+003;-1,432967e-003
2,601984e+003;-1,419327e-003
2,602466e+003;-1,386862e-003
2,602948e+003;-1,340223e-003
2,603431e+003;-1,287567e-003
2,603913e+003;-1,237085e-003
2,604395e+003;-1,194957e-003
2,604877e+003;-1,163731e-003
2,605359e+003;-1,142911e-003
2,605841e+003;-1,129692e-003
2,606323e+003;-1,120604e-003
2,606805e+003;-1,113135e-003
2,607288e+003;-1,105203e-003
2,607770e+003;-1,096445e-003
2,608252e+003;-1,086728e-003
2,608734e+003;-1,076813e-003
2,609216e+003;-1,067921e-003
2,609698e+003;-1,062236e-003
2,610180e+003;-1,062369e-003
2,610662e+003;-1,070466e-003
2,611145e+003;-1,087653e-003
2,611627e+003;-1,112243e-003
2,612109e+003;-1,139442e-003
2,612591e+003;-1,162904e-003
2,613073e+003;-1,175428e-003
2,613555e+003;-1,172620e-003
2,614037e+003;-1,153916e-003
2,614519e+003;-1,123645e-003
2,615001e+003;-1,088678e-003
2,615484e+003;-1,057609e-003
2,615966e+003;-1,036487e-003
2,616448e+003;-1,027694e-003
2,616930e+003;-1,028984e-003
2,617412e+003;-1,035496e-003
2,617894e+003;-1,042371e-003
2,618376e+003;-1,046139e-003
2,618858e+003;-1,046965e-003
2,619341e+003;-1,047693e-003
2,619823e+003;-1,052221e-003
2,620305e+003;-1,062964e-003
2,620787e+003;-1,079291e-003
2,621269e+003;-1,096808e-003
2,621751e+003;-1,109334e-003
2,622233e+003;-1,110590e-003
2,622715e+003;-1,097007e-003
2,623198e+003;-1,068913e-003
2,623679e+003;-1,031165e-003
2,624162e+003;-9,910672e-004
2,624644e+003;-9,558914e-004
2,625126e+003;-9,309626e-004
2,625608e+003;-9,167452e-004
2,626090e+003;-9,104960e-004
2,626572e+003;-9,061976e-004
2,627054e+003;-8,982620e-004
2,627536e+003;-8,827870e-004
2,628019e+003;-8,600034e-004
2,628501e+003;-8,333494e-004
2,628983e+003;-8,086450e-004
2,629465e+003;-7,919100e-004
2,629947e+003;-7,858244e-004
2,630429e+003;-7,895287e-004
2,630911e+003;-7,984586e-004
2,631393e+003;-8,061315e-004
2,631875e+003;-8,051724e-004
2,632358e+003;-7,920093e-004
2,632840e+003;-7,661118e-004
2,633322e+003;-7,313810e-004
2,633804e+003;-6,940671e-004
2,634286e+003;-6,605877e-004
2,634768e+003;-6,357742e-004
2,635250e+003;-6,211171e-004
2,635732e+003;-6,151284e-004
2,636215e+003;-6,144004e-004
2,636697e+003;-6,149298e-004
2,637179e+003;-6,141358e-004
2,637661e+003;-6,109924e-004
2,638143e+003;-6,063933e-004
2,638625e+003;-6,024558e-004
2,639107e+003;-6,013639e-004
2,639589e+003;-6,045734e-004
2,640072e+003;-6,128122e-004
2,640554e+003;-6,253853e-004
2,641036e+003;-6,407701e-004
2,641518e+003;-6,568162e-004
2,642000e+003;-6,706119e-004
2,642482e+003;-6,796104e-004
2,642964e+003;-6,813637e-004
2,643446e+003;-6,750450e-004
2,643928e+003;-6,613486e-004
2,644411e+003;-6,430530e-004
2,644893e+003;-6,245912e-004
2,645375e+003;-6,107278e-004
2,645857e+003;-6,056323e-004
2,646339e+003;-6,106285e-004
2,646821e+003;-6,243926e-004
2,647303e+003;-6,430530e-004
2,647785e+003;-6,602569e-004
2,648268e+003;-6,699834e-004
2,648750e+003;-6,676014e-004
2,649232e+003;-6,507618e-004
2,649714e+003;-6,196282e-004
2,650196e+003;-5,771426e-004
2,650678e+003;-5,278026e-004
2,651160e+003;-4,766697e-004
2,651642e+003;-4,288078e-004
2,652125e+003;-3,888526e-004
2,652606e+003;-3,599184e-004
2,653089e+003;-3,438945e-004
2,653571e+003;-3,405837e-004
2,654053e+003;-3,485296e-004
2,654535e+003;-3,643216e-004
2,655017e+003;-3,843835e-004
2,655499e+003;-4,049411e-004
2,655981e+003;-4,233460e-004
2,656463e+003;-4,376789e-004
2,656946e+003;-4,473772e-004
2,657428e+003;-4,522429e-004
2,657910e+003;-4,522429e-004
2,658392e+003;-4,467152e-004
2,658874e+003;-4,352294e-004
2,659356e+003;-4,171891e-004
2,659838e+003;-3,930900e-004
2,660320e+003;-3,641229e-004
2,660802e+003;-3,323398e-004
2,661285e+003;-3,000576e-004
2,661767e+003;-2,694949e-004
2,662249e+003;-2,421092e-004
2,662731e+003;-2,189939e-004
2,663213e+003;-2,012427e-004
2,663695e+003;-1,899159e-004
2,664177e+003;-1,863390e-004
2,664659e+003;-1,914725e-004
2,665142e+003;-2,051175e-004
2,665624e+003;-2,251537e-004
2,666106e+003;-2,478050e-004
2,666588e+003;-2,676737e-004
2,667070e+003;-2,798262e-004
2,667552e+003;-2,811838e-004
2,668034e+003;-2,715479e-004
2,668516e+003;-2,536995e-004
2,668999e+003;-2,322407e-004
2,669481e+003;-2,123042e-004
2,669963e+003;-1,971690e-004
2,670445e+003;-1,880612e-004
2,670927e+003;-1,837888e-004
2,671409e+003;-1,823977e-004
2,671891e+003;-1,818015e-004
2,672373e+003;-1,814703e-004
2,672855e+003;-1,822983e-004
2,673338e+003;-1,858091e-004
2,673820e+003;-1,932610e-004
2,674302e+003;-2,040909e-004
2,674784e+003;-2,162121e-004
2,675266e+003;-2,262465e-004
2,675748e+003;-2,308829e-004
2,676230e+003;-2,280349e-004
2,676712e+003;-2,175367e-004
2,677195e+003;-2,011433e-004
2,677677e+003;-1,818015e-004
2,678159e+003;-1,619621e-004
2,678641e+003;-1,436454e-004
2,679123e+003;-1,272823e-004
2,679605e+003;-1,126411e-004
2,680087e+003;-9,892698e-005
2,680569e+003;-8,584181e-005
2,681052e+003;-7,298816e-005
2,681533e+003;-6,076358e-005
2,682016e+003;-4,940004e-005
2,682498e+003;-3,846691e-005
2,682980e+003;-2,763291e-005
2,683462e+003;-1,650044e-005
2,683944e+003;-5,235147e-006
2,684426e+003;5,301479e-006
2,684908e+003;1,295560e-005
2,685390e+003;1,544074e-005
2,685873e+003;1,056989e-005
2,686355e+003;-2,683849e-006
2,686837e+003;-2,431970e-005
2,687319e+003;-5,274619e-005
2,687801e+003;-8,577556e-005
2,688283e+003;-1,201937e-004
2,688765e+003;-1,536485e-004
2,689247e+003;-1,835569e-004
2,689729e+003;-2,086281e-004
2,690212e+003;-2,283660e-004
2,690694e+003;-2,427384e-004
2,691176e+003;-2,526729e-004
2,691658e+003;-2,595608e-004
2,692140e+003;-2,653557e-004
2,692622e+003;-2,723427e-004
2,693104e+003;-2,826408e-004
2,693586e+003;-2,983689e-004
2,694069e+003;-3,205198e-004
2,694551e+003;-3,490593e-004
2,695033e+003;-3,826290e-004
2,695515e+003;-4,183145e-004
2,695997e+003;-4,522098e-004
2,696479e+003;-4,792844e-004
2,696961e+003;-4,954357e-004
2,697443e+003;-4,976531e-004
2,697926e+003;-4,854405e-004
2,698408e+003;-4,607825e-004
2,698890e+003;-4,284106e-004
2,699372e+003;-3,943810e-004
2,699854e+003;-3,643216e-004
2,700336e+003;-3,426033e-004
2,700818e+003;-3,305850e-004
2,701300e+003;-3,274397e-004
2,701782e+003;-3,299228e-004
2,702265e+003;-3,346905e-004
2,702747e+003;-3,393256e-004
2,703229e+003;-3,429675e-004
2,703711e+003;-3,461790e-004
2,704193e+003;-3,503505e-004
2,704675e+003;-3,561112e-004
2,705157e+003;-3,624014e-004
2,705639e+003;-3,662417e-004
2,706122e+003;-3,637919e-004
2,706604e+003;-3,518403e-004
2,707086e+003;-3,285322e-004
2,707568e+003;-2,948922e-004
2,708050e+003;-2,544280e-004
2,708532e+003;-2,120061e-004
2,709014e+003;-1,721635e-004
2,709496e+003;-1,376832e-004
2,709979e+003;-1,092292e-004
2,710461e+003;-8,514614e-005
2,710943e+003;-6,304950e-005
2,711425e+003;-4,068669e-005
2,711907e+003;-1,650044e-005
2,712389e+003;9,343899e-006
2,712871e+003;3,625015e-005
2,713353e+003;6,385399e-005
2,713835e+003;9,248695e-005
2,714318e+003;1,237401e-004
2,714800e+003;1,600338e-004
2,715282e+003;2,025956e-004
2,715764e+003;2,515934e-004
2,716246e+003;3,044097e-004
2,716728e+003;3,560054e-004
2,717210e+003;4,006759e-004
2,717692e+003;4,328800e-004
2,718175e+003;4,496960e-004
2,718656e+003;4,513212e-004
2,719139e+003;4,418020e-004
2,719621e+003;4,277391e-004
2,720103e+003;4,160977e-004
2,720585e+003;4,129802e-004
2,721067e+003;4,214375e-004
2,721549e+003;4,412381e-004
2,722031e+003;4,692658e-004
2,722513e+003;5,008778e-004
2,722996e+003;5,313310e-004
2,723478e+003;5,575398e-004
2,723960e+003;5,780433e-004
2,724442e+003;5,934051e-004
2,724924e+003;6,049185e-004
2,725406e+003;6,140763e-004
2,725888e+003;6,214094e-004
2,726370e+003;6,267516e-004
2,726853e+003;6,289748e-004
2,727335e+003;6,270503e-004
2,727817e+003;6,198831e-004
2,728299e+003;6,071084e-004
2,728781e+003;5,886605e-004
2,729263e+003;5,644073e-004
2,729745e+003;5,344494e-004
2,730227e+003;4,990202e-004
2,730709e+003;4,585189e-004
2,731192e+003;4,140746e-004
2,731674e+003;3,677115e-004
2,732156e+003;3,213534e-004
2,732638e+003;2,775863e-004
2,733120e+003;2,377687e-004
2,733602e+003;2,025956e-004
2,734084e+003;1,718008e-004
2,734566e+003;1,440907e-004
2,735049e+003;1,188018e-004
2,735531e+003;9,497254e-005
2,736013e+003;7,243705e-005
2,736495e+003;5,129452e-005
2,736977e+003;3,118025e-005
2,737459e+003;1,116631e-005
2,737941e+003;-1,000636e-005
2,738423e+003;-3,369601e-005
2,738906e+003;-6,129365e-005
2,739388e+003;-9,276540e-005
2,739870e+003;-1,271498e-004
2,740352e+003;-1,626246e-004
2,740834e+003;-1,969372e-004
2,741316e+003;-2,278361e-004
2,741798e+003;-2,531365e-004
2,742280e+003;-2,710844e-004
2,742762e+003;-2,801573e-004
2,743245e+003;-2,794951e-004
2,743727e+003;-2,694287e-004
2,744209e+003;-2,516795e-004
2,744691e+003;-2,307835e-004
2,745173e+003;-2,124697e-004
2,745655e+003;-2,029979e-004
2,746137e+003;-2,074027e-004
2,746619e+003;-2,269751e-004
2,747102e+003;-2,590971e-004
2,747583e+003;-2,965478e-004
2,748066e+003;-3,310485e-004
2,748548e+003;-3,547869e-004
2,749030e+003;-3,632953e-004
2,749512e+003;-3,573361e-004
2,749994e+003;-3,420736e-004
2,750476e+003;-3,250558e-004
2,750958e+003;-3,127059e-004
2,751440e+003;-3,085008e-004
2,751923e+003;-3,116463e-004
2,752405e+003;-3,178710e-004
2,752887e+003;-3,212151e-004
2,753369e+003;-3,169439e-004
2,753851e+003;-3,032694e-004
2,754333e+003;-2,820116e-004
2,754815e+003;-2,563487e-004
2,755297e+003;-2,309491e-004
2,755780e+003;-2,085287e-004
2,756262e+003;-1,903134e-004
2,756744e+003;-1,758730e-004
2,757226e+003;-1,638169e-004
2,757708e+003;-1,533835e-004
2,758190e+003;-1,448379e-004
2,758672e+003;-1,391407e-004
2,759154e+003;-1,373189e-004
2,759636e+003;-1,392069e-004
2,760119e+003;-1,433805e-004
2,760601e+003;-1,471565e-004
2,761083e+003;-1,471565e-004
2,761565e+003;-1,404987e-004
2,762047e+003;-1,255930e-004
2,762529e+003;-1,019746e-004
2,763011e+003;-7,050351e-005
2,763493e+003;-3,296712e-005
2,763976e+003;8,482397e-006
2,764458e+003;5,122825e-005
2,764940e+003;9,261951e-005
2,765422e+003;1,296397e-004
2,765904e+003;1,602326e-004
2,766386e+003;1,827395e-004
2,766868e+003;1,979547e-004
2,767350e+003;2,084963e-004
2,767833e+003;2,187397e-004
2,768315e+003;2,336247e-004
2,768797e+003;2,570968e-004
2,769279e+003;2,909149e-004
2,769761e+003;3,338875e-004
2,770243e+003;3,824357e-004
2,770725e+003;4,313874e-004
2,771207e+003;4,763310e-004
2,771689e+003;5,143791e-004
2,772172e+003;5,450987e-004
2,772654e+003;5,705783e-004
2,773136e+003;5,948318e-004
2,773618e+003;6,215753e-004
2,774100e+003;6,544594e-004
2,774582e+003;6,954104e-004
2,775064e+003;7,447293e-004
2,775546e+003;8,015890e-004
2,776029e+003;8,633698e-004
2,776510e+003;9,279817e-004
2,776993e+003;9,928358e-004
2,777475e+003;1,056072e-003
2,777957e+003;1,116959e-003
2,778439e+003;1,175661e-003
2,778921e+003;1,233275e-003
2,779403e+003;1,291229e-003
2,779885e+003;1,350820e-003
2,780367e+003;1,412413e-003
2,780850e+003;1,475012e-003
2,781332e+003;1,536988e-003
2,781814e+003;1,596280e-003
2,782296e+003;1,651555e-003
2,782778e+003;1,702779e-003
2,783260e+003;1,752046e-003
2,783742e+003;1,803381e-003
2,784224e+003;1,861079e-003
2,784707e+003;1,929300e-003
2,785189e+003;2,010116e-003
2,785671e+003;2,103398e-003
2,786153e+003;2,205992e-003
2,786635e+003;2,312740e-003
2,787117e+003;2,418116e-003
2,787599e+003;2,517284e-003
2,788081e+003;2,607476e-003
2,788563e+003;2,688684e-003
2,789046e+003;2,763605e-003
2,789528e+003;2,836604e-003
2,790010e+003;2,912452e-003
2,790492e+003;2,994818e-003
2,790974e+003;3,085175e-003
2,791456e+003;3,182460e-003
2,791938e+003;3,283206e-003
2,792420e+003;3,383073e-003
2,792903e+003;3,478221e-003
2,793385e+003;3,566474e-003
2,793867e+003;3,648162e-003
2,794349e+003;3,726591e-003
2,794831e+003;3,806270e-003
2,795313e+003;3,892350e-003
2,795795e+003;3,988914e-003
2,796277e+003;4,098108e-003
2,796760e+003;4,219642e-003
2,797242e+003;4,351351e-003
2,797724e+003;4,489862e-003
2,798206e+003;4,631734e-003
2,798688e+003;4,774120e-003
2,799170e+003;4,915112e-003
2,799652e+003;5,054038e-003
2,800134e+003;5,191466e-003
2,800616e+003;5,328333e-003
2,801099e+003;5,466050e-003
2,801581e+003;5,606059e-003
2,802063e+003;5,749436e-003
2,802545e+003;5,896623e-003
2,803027e+003;6,047152e-003
2,803509e+003;6,200221e-003
2,803991e+003;6,354554e-003
2,804473e+003;6,509110e-003
2,804956e+003;6,664058e-003
2,805438e+003;6,820575e-003
2,805920e+003;6,980921e-003
2,806402e+003;7,147657e-003
2,806884e+003;7,323456e-003
2,807366e+003;7,509404e-003
2,807848e+003;7,704910e-003
2,808330e+003;7,907691e-003
2,808813e+003;8,114315e-003
2,809294e+003;8,321002e-003
2,809777e+003;8,524510e-003
2,810259e+003;8,723888e-003
2,810741e+003;8,919535e-003
2,811223e+003;9,114020e-003
2,811705e+003;9,310994e-003
2,812187e+003;9,514933e-003
2,812669e+003;9,730014e-003
2,813151e+003;9,959474e-003
2,813634e+003;1,020588e-002
2,814116e+003;1,046981e-002
2,814598e+003;1,075050e-002
2,815080e+003;1,104548e-002
2,815562e+003;1,135147e-002
2,816044e+003;1,166409e-002
2,816526e+003;1,197907e-002
2,817008e+003;1,229353e-002
2,817490e+003;1,260589e-002
2,817973e+003;1,291702e-002
2,818455e+003;1,322943e-002
2,818937e+003;1,354760e-002
2,819419e+003;1,387616e-002
2,819901e+003;1,421904e-002
2,820383e+003;1,457916e-002
2,820865e+003;1,495720e-002
2,821347e+003;1,535315e-002
2,821830e+003;1,576598e-002
2,822312e+003;1,619571e-002
2,822794e+003;1,664374e-002
2,823276e+003;1,711319e-002
2,823758e+003;1,760857e-002
2,824240e+003;1,813492e-002
2,824722e+003;1,869605e-002
2,825204e+003;1,929430e-002
2,825687e+003;1,993002e-002
2,826169e+003;2,060221e-002
2,826651e+003;2,130996e-002
2,827133e+003;2,205393e-002
2,827615e+003;2,283700e-002
2,828097e+003;2,366536e-002
2,828579e+003;2,454736e-002
2,829061e+003;2,549265e-002
2,829543e+003;2,651078e-002
2,830026e+003;2,761043e-002
2,830508e+003;2,879819e-002
2,830990e+003;3,007928e-002
2,831472e+003;3,145791e-002
2,831954e+003;3,293744e-002
2,832436e+003;3,452224e-002
2,832918e+003;3,621776e-002
2,833400e+003;3,803132e-002
2,833883e+003;3,997386e-002
2,834365e+003;4,205805e-002
2,834847e+003;4,430057e-002
2,835329e+003;4,671904e-002
2,835811e+003;4,932971e-002
2,836293e+003;5,214629e-002
2,836775e+003;5,517630e-002
2,837257e+003;5,842017e-002
2,837740e+003;6,187052e-002
2,838221e+003;6,551562e-002
2,838704e+003;6,934059e-002
2,839186e+003;7,333022e-002
2,839668e+003;7,747230e-002
2,840150e+003;8,175625e-002
2,840632e+003;8,617249e-002
2,841114e+003;9,071220e-002
2,841596e+003;9,536458e-002
2,842078e+003;1,001174e-001
2,842561e+003;1,049587e-001
2,843043e+003;1,098763e-001
2,843525e+003;1,148608e-001
2,844007e+003;1,199040e-001
2,844489e+003;1,249971e-001
2,844971e+003;1,301295e-001
2,845453e+003;1,352847e-001
2,845935e+003;1,404375e-001
2,846417e+003;1,455558e-001
2,846900e+003;1,505954e-001
2,847382e+003;1,555015e-001
2,847864e+003;1,602129e-001
2,848346e+003;1,646556e-001
2,848828e+003;1,687509e-001
2,849310e+003;1,724197e-001
2,849792e+003;1,755799e-001
2,850274e+003;1,781594e-001
2,850757e+003;1,800970e-001
2,851239e+003;1,813459e-001
2,851721e+003;1,818793e-001
2,852203e+003;1,816912e-001
2,852685e+003;1,807983e-001
2,853167e+003;1,792375e-001
2,853649e+003;1,770679e-001
2,854131e+003;1,743651e-001
2,854614e+003;1,712115e-001
2,855096e+003;1,676981e-001
2,855578e+003;1,639118e-001
2,856060e+003;1,599304e-001
2,856542e+003;1,558261e-001
2,857024e+003;1,516574e-001
2,857506e+003;1,474736e-001
2,857988e+003;1,433185e-001
2,858470e+003;1,392265e-001
2,858953e+003;1,352311e-001
2,859435e+003;1,313642e-001
2,859917e+003;1,276553e-001
2,860399e+003;1,241371e-001
2,860881e+003;1,208402e-001
2,861363e+003;1,177924e-001
2,861845e+003;1,150174e-001
2,862327e+003;1,125309e-001
2,862810e+003;1,103385e-001
2,863292e+003;1,084360e-001
2,863774e+003;1,068117e-001
2,864256e+003;1,054469e-001
2,864738e+003;1,043203e-001
2,865220e+003;1,034111e-001
2,865702e+003;1,026984e-001
2,866184e+003;1,021611e-001
2,866667e+003;1,017777e-001
2,867148e+003;1,015216e-001
2,867631e+003;1,013600e-001
2,868113e+003;1,012552e-001
2,868595e+003;1,011615e-001
2,869077e+003;1,010310e-001
2,869559e+003;1,008174e-001
2,870041e+003;1,004756e-001
2,870523e+003;9,997109e-002
2,871005e+003;9,927946e-002
2,871488e+003;9,838907e-002
2,871970e+003;9,730308e-002
2,872452e+003;9,603822e-002
2,872934e+003;9,462333e-002
2,873416e+003;9,309446e-002
2,873898e+003;9,149461e-002
2,874380e+003;8,986742e-002
2,874862e+003;8,825341e-002
2,875344e+003;8,669262e-002
2,875827e+003;8,521866e-002
2,876309e+003;8,386116e-002
2,876791e+003;8,264590e-002
2,877273e+003;8,159201e-002
2,877755e+003;8,071373e-002
2,878237e+003;8,002004e-002
2,878719e+003;7,951364e-002
2,879201e+003;7,919284e-002
2,879684e+003;7,905326e-002
2,880166e+003;7,908928e-002
2,880648e+003;7,929552e-002
2,881130e+003;7,966826e-002
2,881612e+003;8,020501e-002
2,882094e+003;8,090395e-002
2,882576e+003;8,176269e-002
2,883058e+003;8,277678e-002
2,883541e+003;8,393906e-002
2,884023e+003;8,523991e-002
2,884505e+003;8,666670e-002
2,884987e+003;8,820465e-002
2,885469e+003;8,983979e-002
2,885951e+003;9,155712e-002
2,886433e+003;9,334349e-002
2,886915e+003;9,518889e-002
2,887397e+003;9,708557e-002
2,887880e+003;9,902946e-002
2,888362e+003;1,010192e-001
2,888844e+003;1,030548e-001
2,889326e+003;1,051359e-001
2,889808e+003;1,072595e-001
2,890290e+003;1,094183e-001
2,890772e+003;1,116016e-001
2,891254e+003;1,137950e-001
2,891737e+003;1,159826e-001
2,892219e+003;1,181511e-001
2,892701e+003;1,202900e-001
2,893183e+003;1,223939e-001
2,893665e+003;1,244617e-001
2,894147e+003;1,264965e-001
2,894629e+003;1,285039e-001
2,895111e+003;1,304902e-001
2,895594e+003;1,324626e-001
2,896075e+003;1,344272e-001
2,896558e+003;1,363890e-001
2,897040e+003;1,383516e-001
2,897522e+003;1,403168e-001
2,898004e+003;1,422859e-001
2,898486e+003;1,442604e-001
2,898968e+003;1,462433e-001
2,899450e+003;1,482392e-001
2,899932e+003;1,502541e-001
2,900415e+003;1,522943e-001
2,900897e+003;1,543651e-001
2,901379e+003;1,564688e-001
2,901861e+003;1,586051e-001
2,902343e+003;1,607721e-001
2,902825e+003;1,629685e-001
2,903307e+003;1,651954e-001
2,903789e+003;1,674567e-001
2,904271e+003;1,697588e-001
2,904754e+003;1,721087e-001
2,905236e+003;1,745124e-001
2,905718e+003;1,769736e-001
2,906200e+003;1,794944e-001
2,906682e+003;1,820776e-001
2,907164e+003;1,847278e-001
2,907646e+003;1,874529e-001
2,908128e+003;1,902625e-001
2,908611e+003;1,931664e-001
2,909093e+003;1,961719e-001
2,909575e+003;1,992818e-001
2,910057e+003;2,024956e-001
2,910539e+003;2,058097e-001
2,911021e+003;2,092203e-001
2,911503e+003;2,127236e-001
2,911985e+003;2,163150e-001
2,912468e+003;2,199873e-001
2,912950e+003;2,237267e-001
2,913432e+003;2,275126e-001
2,913914e+003;2,313194e-001
2,914396e+003;2,351164e-001
2,914878e+003;2,388748e-001
2,915360e+003;2,425663e-001
2,915842e+003;2,461625e-001
2,916324e+003;2,496333e-001
2,916807e+003;2,529405e-001
2,917289e+003;2,560351e-001
2,917771e+003;2,588622e-001
2,918253e+003;2,613590e-001
2,918735e+003;2,634637e-001
2,919217e+003;2,651216e-001
2,919699e+003;2,662832e-001
2,920181e+003;2,669084e-001
2,920664e+003;2,669650e-001
2,921146e+003;2,664274e-001
2,921628e+003;2,652807e-001
2,922110e+003;2,635232e-001
2,922592e+003;2,611700e-001
2,923074e+003;2,582519e-001
2,923556e+003;2,548158e-001
2,924038e+003;2,509199e-001
2,924521e+003;2,466246e-001
2,925002e+003;2,419954e-001
2,925485e+003;2,370967e-001
2,925967e+003;2,319889e-001
2,926449e+003;2,267319e-001
2,926931e+003;2,213781e-001
2,927413e+003;2,159710e-001
2,927895e+003;2,105459e-001
2,928377e+003;2,051263e-001
2,928859e+003;1,997290e-001
2,929342e+003;1,943677e-001
2,929824e+003;1,890551e-001
2,930306e+003;1,838066e-001
2,930788e+003;1,786389e-001
2,931270e+003;1,735660e-001
2,931752e+003;1,685996e-001
2,932234e+003;1,637459e-001
2,932716e+003;1,590071e-001
2,933198e+003;1,543847e-001
2,933681e+003;1,498813e-001
2,934163e+003;1,455025e-001
2,934645e+003;1,412576e-001
2,935127e+003;1,371552e-001
2,935609e+003;1,332028e-001
2,936091e+003;1,294049e-001
2,936573e+003;1,257620e-001
2,937055e+003;1,222753e-001
2,937538e+003;1,189480e-001
2,938020e+003;1,157867e-001
2,938502e+003;1,128035e-001
2,938984e+003;1,100129e-001
2,939466e+003;1,074285e-001
2,939948e+003;1,050624e-001
2,940430e+003;1,029209e-001
2,940912e+003;1,010067e-001
2,941395e+003;9,931919e-002
2,941877e+003;9,785673e-002
2,942359e+003;9,661812e-002
2,942841e+003;9,560315e-002
2,943323e+003;9,481178e-002
2,943805e+003;9,424388e-002
2,944287e+003;9,389779e-002
2,944769e+003;9,376948e-002
2,945251e+003;9,385255e-002
2,945734e+003;9,413782e-002
2,946216e+003;9,461402e-002
2,946698e+003;9,526562e-002
2,947180e+003;9,607398e-002
2,947662e+003;9,701618e-002
2,948144e+003;9,806374e-002
2,948626e+003;9,918727e-002
2,949108e+003;1,003534e-001
2,949591e+003;1,015278e-001
2,950073e+003;1,026783e-001
2,950555e+003;1,037709e-001
2,951037e+003;1,047726e-001
2,951519e+003;1,056530e-001
2,952001e+003;1,063827e-001
2,952483e+003;1,069381e-001
2,952965e+003;1,073027e-001
2,953448e+003;1,074672e-001
2,953929e+003;1,074303e-001
2,954412e+003;1,071952e-001
2,954894e+003;1,067681e-001
2,955376e+003;1,061546e-001
2,955858e+003;1,053607e-001
2,956340e+003;1,043925e-001
2,956822e+003;1,032577e-001
2,957304e+003;1,019680e-001
2,957786e+003;1,005373e-001
2,958269e+003;9,897994e-002
2,958751e+003;9,730950e-002
2,959233e+003;9,553601e-002
2,959715e+003;9,366595e-002
2,960197e+003;9,170356e-002
2,960679e+003;8,965186e-002
2,961161e+003;8,751621e-002
2,961643e+003;8,530281e-002
2,962125e+003;8,301904e-002
2,962608e+003;8,067232e-002
2,963090e+003;7,826880e-002
2,963572e+003;7,581405e-002
2,964054e+003;7,331421e-002
2,964536e+003;7,077747e-002
2,965018e+003;6,821478e-002
2,965500e+003;6,564043e-002
2,965982e+003;6,306959e-002
2,966465e+003;6,051701e-002
2,966947e+003;5,799653e-002
2,967429e+003;5,551940e-002
2,967911e+003;5,309619e-002
2,968393e+003;5,073864e-002
2,968875e+003;4,845838e-002
2,969357e+003;4,626865e-002
2,969839e+003;4,418093e-002
2,970322e+003;4,220189e-002
2,970804e+003;4,033265e-002
2,971286e+003;3,856699e-002
2,971768e+003;3,689390e-002
2,972250e+003;3,529935e-002
2,972732e+003;3,377130e-002
2,973214e+003;3,230161e-002
2,973696e+003;3,088789e-002
2,974178e+003;2,953255e-002
2,974661e+003;2,824020e-002
2,975143e+003;2,701553e-002
2,975625e+003;2,586175e-002
2,976107e+003;2,477946e-002
2,976589e+003;2,376828e-002
2,977071e+003;2,282684e-002
2,977553e+003;2,195435e-002
2,978035e+003;2,114942e-002
2,978518e+003;2,040928e-002
2,979000e+003;1,972699e-002
2,979482e+003;1,909161e-002
2,979964e+003;1,848813e-002
2,980446e+003;1,789916e-002
2,980928e+003;1,731072e-002
2,981410e+003;1,671312e-002
2,981892e+003;1,610503e-002
2,982375e+003;1,549257e-002
2,982856e+003;1,488851e-002
2,983339e+003;1,430762e-002
2,983821e+003;1,376233e-002
2,984303e+003;1,326085e-002
2,984785e+003;1,280405e-002
2,985267e+003;1,238659e-002
2,985749e+003;1,199780e-002
2,986231e+003;1,162634e-002
2,986713e+003;1,126200e-002
2,987196e+003;1,089854e-002
2,987678e+003;1,053498e-002
2,988160e+003;1,017498e-002
2,988642e+003;9,825376e-003
2,989124e+003;9,492953e-003
2,989606e+003;9,182510e-003
2,990088e+003;8,895185e-003
2,990570e+003;8,627855e-003
2,991052e+003;8,374606e-003
2,991535e+003;8,128966e-003
2,992017e+003;7,886569e-003
2,992499e+003;7,646364e-003
2,992981e+003;7,410471e-003
2,993463e+003;7,183027e-003
2,993945e+003;6,966947e-003
2,994427e+003;6,761845e-003
2,994909e+003;6,562660e-003
2,995392e+003;6,360640e-003
2,995874e+003;6,147388e-003
2,996356e+003;5,916574e-003
2,996838e+003;5,668124e-003
2,997320e+003;5,408375e-003
2,997802e+003;5,148915e-003
2,998284e+003;4,902579e-003
2,998766e+003;4,679392e-003
2,999249e+003;4,484372e-003
2,999731e+003;4,316145e-003
3,000213e+003;4,168556e-003
3,000695e+003;4,033892e-003
3,001177e+003;3,906258e-003
3,001659e+003;3,782940e-003
3,002141e+003;3,664435e-003
3,002623e+003;3,552376e-003
3,003105e+003;3,447159e-003
3,003588e+003;3,346008e-003
3,004070e+003;3,243546e-003
3,004552e+003;3,132396e-003
3,005034e+003;3,007429e-003
3,005516e+003;2,867589e-003
3,005998e+003;2,717624e-003
3,006480e+003;2,565877e-003
3,006962e+003;2,423047e-003
3,007445e+003;2,298317e-003
3,007927e+003;2,195701e-003
3,008409e+003;2,113719e-003
3,008891e+003;2,045569e-003
3,009373e+003;1,981622e-003
3,009855e+003;1,911961e-003
3,010337e+003;1,829135e-003
3,010819e+003;1,730056e-003
3,011302e+003;1,616067e-003
3,011783e+003;1,491835e-003
3,012266e+003;1,363949e-003
3,012748e+003;1,239522e-003
3,013230e+003;1,123935e-003
3,013712e+003;1,020733e-003
3,014194e+003;9,305718e-004
3,014676e+003;8,522148e-004
3,015158e+003;7,822035e-004
3,015640e+003;7,158873e-004
3,016123e+003;6,495150e-004
3,016605e+003;5,800340e-004
3,017087e+003;5,065171e-004
3,017569e+003;4,299612e-004
3,018051e+003;3,528883e-004
3,018533e+003;2,779841e-004
3,019015e+003;2,069714e-004
3,019497e+003;1,399807e-004
3,019979e+003;7,611556e-005
3,020462e+003;1,305501e-005
3,020944e+003;-5,062586e-005
3,021426e+003;-1,150593e-004
3,021908e+003;-1,785889e-004
3,022390e+003;-2,379697e-004
3,022872e+003;-2,902235e-004
3,023354e+003;-3,334323e-004
3,023836e+003;-3,678308e-004
3,024319e+003;-3,958376e-004
3,024801e+003;-4,213268e-004
3,025283e+003;-4,480061e-004
3,025765e+003;-4,785894e-004
3,026247e+003;-5,129763e-004
3,026729e+003;-5,499418e-004
3,027211e+003;-5,863416e-004
3,027693e+003;-6,195620e-004
3,028176e+003;-6,483797e-004
3,028658e+003;-6,728616e-004
3,029140e+003;-6,951588e-004
3,029622e+003;-7,178849e-004
3,030104e+003;-7,442483e-004
3,030586e+003;-7,770597e-004
3,031068e+003;-8,180375e-004
3,031550e+003;-8,681713e-004
3,032032e+003;-9,270281e-004
3,032515e+003;-9,932490e-004
3,032997e+003;-1,063757e-003
3,033479e+003;-1,134848e-003
3,033961e+003;-1,202028e-003
3,034443e+003;-1,261468e-003
3,034925e+003;-1,311055e-003
3,035407e+003;-1,351123e-003
3,035889e+003;-1,384913e-003
3,036372e+003;-1,417115e-003
3,036854e+003;-1,453145e-003
3,037336e+003;-1,496568e-003
3,037818e+003;-1,547845e-003
3,038300e+003;-1,604134e-003
3,038782e+003;-1,659987e-003
3,039264e+003;-1,708901e-003
3,039746e+003;-1,745765e-003
3,040229e+003;-1,768073e-003
3,040711e+003;-1,777016e-003
3,041193e+003;-1,776785e-003
3,041675e+003;-1,772528e-003
3,042157e+003;-1,770251e-003
3,042639e+003;-1,774112e-003
3,043121e+003;-1,786849e-003
3,043603e+003;-1,808958e-003
3,044085e+003;-1,839907e-003
3,044568e+003;-1,878013e-003
3,045050e+003;-1,921295e-003
3,045532e+003;-1,967740e-003
3,046014e+003;-2,015004e-003
3,046496e+003;-2,060943e-003
3,046978e+003;-2,104174e-003
3,047460e+003;-2,144433e-003
3,047942e+003;-2,182018e-003
3,048425e+003;-2,218612e-003
3,048906e+003;-2,255465e-003
3,049389e+003;-2,293963e-003
3,049871e+003;-2,333381e-003
3,050353e+003;-2,372136e-003
3,050835e+003;-2,407527e-003
3,051317e+003;-2,436523e-003
3,051799e+003;-2,457313e-003
3,052281e+003;-2,469174e-003
3,052763e+003;-2,473424e-003
3,053246e+003;-2,473028e-003
3,053728e+003;-2,471315e-003
3,054210e+003;-2,472106e-003
3,054692e+003;-2,478596e-003
3,055174e+003;-2,492433e-003
3,055656e+003;-2,514571e-003
3,056138e+003;-2,544581e-003
3,056620e+003;-2,580847e-003
3,057103e+003;-2,620963e-003
3,057585e+003;-2,661866e-003
3,058067e+003;-2,700361e-003
3,058549e+003;-2,732861e-003
3,059031e+003;-2,757390e-003
3,059513e+003;-2,772074e-003
3,059995e+003;-2,776387e-003
3,060477e+003;-2,771152e-003
3,060959e+003;-2,757851e-003
3,061442e+003;-2,739545e-003
3,061924e+003;-2,719525e-003
3,062406e+003;-2,702140e-003
3,062888e+003;-2,691800e-003
3,063370e+003;-2,692623e-003
3,063852e+003;-2,707243e-003
3,064334e+003;-2,736417e-003
3,064816e+003;-2,777737e-003
3,065299e+003;-2,826032e-003
3,065781e+003;-2,875046e-003
3,066263e+003;-2,917636e-003
3,066745e+003;-2,948737e-003
3,067227e+003;-2,966376e-003
3,067709e+003;-2,972234e-003
3,068191e+003;-2,970885e-003
3,068673e+003;-2,968318e-003
3,069156e+003;-2,970292e-003
3,069638e+003;-2,980297e-003
3,070120e+003;-2,999547e-003
3,070602e+003;-3,026003e-003
3,071084e+003;-3,056800e-003
3,071566e+003;-3,088515e-003
3,072048e+003;-3,118584e-003
3,072530e+003;-3,146974e-003
3,073012e+003;-3,174506e-003
3,073495e+003;-3,203450e-003
3,073977e+003;-3,235452e-003
3,074459e+003;-3,271397e-003
3,074941e+003;-3,310233e-003
3,075423e+003;-3,349131e-003
3,075905e+003;-3,384409e-003
3,076387e+003;-3,411992e-003
3,076869e+003;-3,428791e-003
3,077352e+003;-3,433623e-003
3,077833e+003;-3,427311e-003
3,078316e+003;-3,412781e-003
3,078798e+003;-3,394831e-003
3,079280e+003;-3,378261e-003
3,079762e+003;-3,368036e-003
3,080244e+003;-3,367839e-003
3,080726e+003;-3,379116e-003
3,081208e+003;-3,402096e-003
3,081690e+003;-3,434741e-003
3,082173e+003;-3,473825e-003
3,082655e+003;-3,515042e-003
3,083137e+003;-3,554218e-003
3,083619e+003;-3,587442e-003
3,084101e+003;-3,611759e-003
3,084583e+003;-3,626085e-003
3,085065e+003;-3,631375e-003
3,085547e+003;-3,630357e-003
3,086030e+003;-3,627334e-003
3,086512e+003;-3,627137e-003
3,086994e+003;-3,633938e-003
3,087476e+003;-3,650269e-003
3,087958e+003;-3,676093e-003
3,088440e+003;-3,708750e-003
3,088922e+003;-3,743637e-003
3,089404e+003;-3,774745e-003
3,089886e+003;-3,796555e-003
3,090369e+003;-3,804569e-003
3,090851e+003;-3,796259e-003
3,091333e+003;-3,771460e-003
3,091815e+003;-3,732468e-003
3,092297e+003;-3,684110e-003
3,092779e+003;-3,632986e-003
3,093261e+003;-3,587376e-003
3,093743e+003;-3,555138e-003
3,094226e+003;-3,542518e-003
3,094708e+003;-3,552377e-003
3,095190e+003;-3,582973e-003
3,095672e+003;-3,628451e-003
3,096154e+003;-3,679116e-003
3,096636e+003;-3,725372e-003
3,097118e+003;-3,758945e-003
3,097600e+003;-3,775993e-003
3,098083e+003;-3,777570e-003
3,098565e+003;-3,769062e-003
3,099047e+003;-3,757401e-003
3,099529e+003;-3,749057e-003
3,100011e+003;-3,747710e-003
3,100493e+003;-3,753558e-003
3,100975e+003;-3,764069e-003
3,101457e+003;-3,775894e-003
3,101939e+003;-3,786570e-003
3,102422e+003;-3,795997e-003
3,102904e+003;-3,806047e-003
3,103386e+003;-3,819251e-003
3,103868e+003;-3,837052e-003
3,104350e+003;-3,859023e-003
3,104832e+003;-3,881814e-003
3,105314e+003;-3,900696e-003
3,105796e+003;-3,911040e-003
3,106279e+003;-3,910580e-003
3,106760e+003;-3,899645e-003
3,107243e+003;-3,881190e-003
3,107725e+003;-3,859647e-003
3,108207e+003;-3,839252e-003
3,108689e+003;-3,822732e-003
3,109171e+003;-3,811039e-003
3,109653e+003;-3,803485e-003
3,110135e+003;-3,798887e-003
3,110617e+003;-3,796161e-003
3,111100e+003;-3,795175e-003
3,111582e+003;-3,796259e-003
3,112064e+003;-3,799445e-003
3,112546e+003;-3,803551e-003
3,113028e+003;-3,807492e-003
3,113510e+003;-3,809036e-003
3,113992e+003;-3,806737e-003
3,114474e+003;-3,800463e-003
3,114957e+003;-3,791497e-003
3,115439e+003;-3,782464e-003
3,115921e+003;-3,776289e-003
3,116403e+003;-3,775106e-003
3,116885e+003;-3,779836e-003
3,117367e+003;-3,789789e-003
3,117849e+003;-3,802927e-003
3,118331e+003;-3,817444e-003
3,118813e+003;-3,831304e-003
3,119296e+003;-3,843686e-003
3,119778e+003;-3,854392e-003
3,120260e+003;-3,863686e-003
3,120742e+003;-3,871896e-003
3,121224e+003;-3,879810e-003
3,121706e+003;-3,887790e-003
3,122188e+003;-3,897248e-003
3,122670e+003;-3,909299e-003
3,123153e+003;-3,925061e-003
3,123635e+003;-3,945222e-003
3,124117e+003;-3,969026e-003
3,124599e+003;-3,994634e-003
3,125081e+003;-4,019454e-003
3,125563e+003;-4,040333e-003
3,126045e+003;-4,054743e-003
3,126527e+003;-4,061801e-003
3,127010e+003;-4,061506e-003
3,127492e+003;-4,055105e-003
3,127974e+003;-4,043615e-003
3,128456e+003;-4,027760e-003
3,128938e+003;-4,006782e-003
3,129420e+003;-3,979696e-003
3,129902e+003;-3,946305e-003
3,130384e+003;-3,907165e-003
3,130866e+003;-3,865230e-003
3,131349e+003;-3,826016e-003
3,131831e+003;-3,795143e-003
3,132313e+003;-3,778851e-003
3,132795e+003;-3,781183e-003
3,133277e+003;-3,803452e-003
3,133759e+003;-3,843686e-003
3,134241e+003;-3,897642e-003
3,134723e+003;-3,959439e-003
3,135206e+003;-4,022277e-003
3,135688e+003;-4,080905e-003
3,136170e+003;-4,130499e-003
3,136652e+003;-4,168635e-003
3,137134e+003;-4,194330e-003
3,137616e+003;-4,209031e-003
3,138098e+003;-4,215496e-003
3,138580e+003;-4,217662e-003
3,139063e+003;-4,219335e-003
3,139544e+003;-4,223864e-003
3,140027e+003;-4,232461e-003
3,140509e+003;-4,244667e-003
3,140991e+003;-4,257955e-003
3,141473e+003;-4,269045e-003
3,141955e+003;-4,274327e-003
3,142437e+003;-4,271276e-003
3,142919e+003;-4,259235e-003
3,143401e+003;-4,238826e-003
3,143884e+003;-4,211985e-003
3,144366e+003;-4,181204e-003
3,144848e+003;-4,149272e-003
3,145330e+003;-4,118487e-003
3,145812e+003;-4,091409e-003
3,146294e+003;-4,070598e-003
3,146776e+003;-4,058518e-003
3,147258e+003;-4,057468e-003
3,147740e+003;-4,068234e-003
3,148223e+003;-4,089768e-003
3,148705e+003;-4,118093e-003
3,149187e+003;-4,147270e-003
3,149669e+003;-4,169259e-003
3,150151e+003;-4,176741e-003
3,150633e+003;-4,164172e-003
3,151115e+003;-4,130139e-003
3,151597e+003;-4,078181e-003
3,152080e+003;-4,015810e-003
3,152562e+003;-3,954054e-003
3,153044e+003;-3,903980e-003
3,153526e+003;-3,873965e-003
3,154008e+003;-3,868218e-003
3,154490e+003;-3,885032e-003
3,154972e+003;-3,917705e-003
3,155454e+003;-3,956090e-003
3,155937e+003;-3,990301e-003
3,156419e+003;-4,012691e-003
3,156901e+003;-4,020373e-003
3,157383e+003;-4,014891e-003
3,157865e+003;-4,002613e-003
3,158347e+003;-3,990925e-003
3,158829e+003;-3,985507e-003
3,159311e+003;-3,989283e-003
3,159793e+003;-4,000675e-003
3,160276e+003;-4,015088e-003
3,160758e+003;-4,026381e-003
3,161240e+003;-4,030123e-003
3,161722e+003;-4,024641e-003
3,162204e+003;-4,012724e-003
3,162686e+003;-3,999789e-003
3,163168e+003;-3,992862e-003
3,163650e+003;-3,997753e-003
3,164133e+003;-4,016926e-003
3,164615e+003;-4,049294e-003
3,165097e+003;-4,089768e-003
3,165579e+003;-4,131320e-003
3,166061e+003;-4,166075e-003
3,166543e+003;-4,188292e-003
3,167025e+003;-4,194527e-003
3,167507e+003;-4,185044e-003
3,167990e+003;-4,162957e-003
3,168471e+003;-4,133322e-003
3,168954e+003;-4,102043e-003
3,169436e+003;-4,073913e-003
3,169918e+003;-4,052281e-003
3,170400e+003;-4,038330e-003
3,170882e+003;-4,031338e-003
3,171364e+003;-4,029860e-003
3,171846e+003;-4,031666e-003
3,172328e+003;-4,036065e-003
3,172811e+003;-4,042466e-003
3,173293e+003;-4,051297e-003
3,173775e+003;-4,062753e-003
3,174257e+003;-4,076474e-003
3,174739e+003;-4,091507e-003
3,175221e+003;-4,105916e-003
3,175703e+003;-4,117732e-003
3,176185e+003;-4,125970e-003
3,176667e+003;-4,130598e-003
3,177150e+003;-4,132436e-003
3,177632e+003;-4,132961e-003
3,178114e+003;-4,133256e-003
3,178596e+003;-4,133453e-003
3,179078e+003;-4,133453e-003
3,179560e+003;-4,132633e-003
3,180042e+003;-4,131812e-003
3,180524e+003;-4,132370e-003
3,181007e+003;-4,137293e-003
3,181489e+003;-4,149043e-003
3,181971e+003;-4,169324e-003
3,182453e+003;-4,197218e-003
3,182935e+003;-4,229606e-003
3,183417e+003;-4,261663e-003
3,183899e+003;-4,288468e-003
3,184381e+003;-4,306414e-003
3,184864e+003;-4,314091e-003
3,185346e+003;-4,312614e-003
3,185828e+003;-4,304249e-003
3,186310e+003;-4,291880e-003
3,186792e+003;-4,277608e-003
3,187274e+003;-4,262680e-003
3,187756e+003;-4,248178e-003
3,188238e+003;-4,235184e-003
3,188720e+003;-4,225602e-003
3,189203e+003;-4,221304e-003
3,189685e+003;-4,223043e-003
3,190167e+003;-4,230262e-003
3,190649e+003;-4,239975e-003
3,191131e+003;-4,247357e-003
3,191613e+003;-4,247849e-003
3,192095e+003;-4,238334e-003
3,192577e+003;-4,218745e-003
3,193060e+003;-4,192854e-003
3,193542e+003;-4,166272e-003
3,194024e+003;-4,145367e-003
3,194506e+003;-4,135324e-003
3,194988e+003;-4,138639e-003
3,195470e+003;-4,154589e-003
3,195952e+003;-4,180679e-003
3,196434e+003;-4,213101e-003
3,196917e+003;-4,248178e-003
3,197398e+003;-4,282989e-003
3,197881e+003;-4,315567e-003
3,198363e+003;-4,344961e-003
3,198845e+003;-4,370875e-003
3,199327e+003;-4,394263e-003
3,199809e+003;-4,416435e-003
3,200291e+003;-4,439820e-003
3,200773e+003;-4,466155e-003
3,201255e+003;-4,496785e-003
3,201738e+003;-4,530495e-003
3,202220e+003;-4,564070e-003
3,202702e+003;-4,592332e-003
3,203184e+003;-4,609774e-003
3,203666e+003;-4,612167e-003
3,204148e+003;-4,598168e-003
3,204630e+003;-4,569447e-003
3,205112e+003;-4,530658e-003
3,205594e+003;-4,486652e-003
3,206077e+003;-4,442313e-003
3,206559e+003;-4,400265e-003
3,207041e+003;-4,361592e-003
3,207523e+003;-4,327016e-003
3,208005e+003;-4,297523e-003
3,208487e+003;-4,276099e-003
3,208969e+003;-4,266781e-003
3,209451e+003;-4,274196e-003
3,209934e+003;-4,300509e-003
3,210416e+003;-4,345420e-003
3,210898e+003;-4,405054e-003
3,211380e+003;-4,472419e-003
3,211862e+003;-4,539151e-003
3,212344e+003;-4,598233e-003
3,212826e+003;-4,644491e-003
3,213308e+003;-4,675731e-003
3,213791e+003;-4,692579e-003
3,214273e+003;-4,697496e-003
3,214755e+003;-4,693660e-003
3,215237e+003;-4,683893e-003
3,215719e+003;-4,670814e-003
3,216201e+003;-4,656325e-003
3,216683e+003;-4,641737e-003
3,217165e+003;-4,629182e-003
3,217647e+003;-4,620002e-003
3,218130e+003;-4,615904e-003
3,218612e+003;-4,617970e-003
3,219094e+003;-4,625641e-003
3,219576e+003;-4,637640e-003
3,220058e+003;-4,651309e-003
3,220540e+003;-4,663405e-003
3,221022e+003;-4,670715e-003
3,221504e+003;-4,671240e-003
3,221987e+003;-4,664815e-003
3,222469e+003;-4,652883e-003
3,222951e+003;-4,638557e-003
3,223433e+003;-4,625936e-003
3,223915e+003;-4,618626e-003
3,224397e+003;-4,619445e-003
3,224879e+003;-4,628920e-003
3,225361e+003;-4,646589e-003
3,225844e+003;-4,670617e-003
3,226325e+003;-4,698840e-003
3,226808e+003;-4,728731e-003
3,227290e+003;-4,758392e-003
3,227772e+003;-4,785691e-003
3,228254e+003;-4,808433e-003
3,228736e+003;-4,824687e-003
3,229218e+003;-4,833141e-003
3,229700e+003;-4,833862e-003
3,230182e+003;-4,828586e-003
3,230665e+003;-4,820918e-003
3,231147e+003;-4,815479e-003
3,231629e+003;-4,815839e-003
3,232111e+003;-4,823638e-003
3,232593e+003;-4,837302e-003
3,233075e+003;-4,853030e-003
3,233557e+003;-4,865514e-003
3,234039e+003;-4,870887e-003
3,234521e+003;-4,867512e-003
3,235004e+003;-4,857158e-003
3,235486e+003;-4,843790e-003
3,235968e+003;-4,831961e-003
3,236450e+003;-4,825408e-003
3,236932e+003;-4,825375e-003
3,237414e+003;-4,831044e-003
3,237896e+003;-4,840939e-003
3,238378e+003;-4,853063e-003
3,238861e+003;-4,865907e-003
3,239343e+003;-4,879176e-003
3,239825e+003;-4,890906e-003
3,240307e+003;-4,898572e-003
3,240789e+003;-4,898179e-003
3,241271e+003;-4,885369e-003
3,241753e+003;-4,857355e-003
3,242235e+003;-4,815577e-003
3,242718e+003;-4,765569e-003
3,243200e+003;-4,716047e-003
3,243682e+003;-4,677074e-003
3,244164e+003;-4,656161e-003
3,244646e+003;-4,656030e-003
3,245128e+003;-4,673895e-003
3,245610e+003;-4,702740e-003
3,246092e+003;-4,735385e-003
3,246574e+003;-4,765602e-003
3,247057e+003;-4,791098e-003
3,247539e+003;-4,812759e-003
3,248021e+003;-4,832682e-003
3,248503e+003;-4,852801e-003
3,248985e+003;-4,872329e-003
3,249467e+003;-4,888940e-003
3,249949e+003;-4,899391e-003
3,250431e+003;-4,901652e-003
3,250914e+003;-4,896017e-003
3,251396e+003;-4,885565e-003
3,251878e+003;-4,874819e-003
3,252360e+003;-4,867709e-003
3,252842e+003;-4,866136e-003
3,253324e+003;-4,869871e-003
3,253806e+003;-4,876522e-003
3,254288e+003;-4,883632e-003
3,254771e+003;-4,889562e-003
3,255252e+003;-4,894018e-003
3,255735e+003;-4,898114e-003
3,256217e+003;-4,902274e-003
3,256699e+003;-4,906140e-003
3,257181e+003;-4,907188e-003
3,257663e+003;-4,902733e-003
3,258145e+003;-4,890709e-003
3,258627e+003;-4,870920e-003
3,259109e+003;-4,846608e-003
3,259592e+003;-4,822131e-003
3,260074e+003;-4,803190e-003
3,260556e+003;-4,793687e-003
3,261038e+003;-4,795096e-003
3,261520e+003;-4,806467e-003
3,262002e+003;-4,824687e-003
3,262484e+003;-4,846477e-003
3,262966e+003;-4,869609e-003
3,263448e+003;-4,893133e-003
3,263931e+003;-4,917312e-003
3,264413e+003;-4,942079e-003
3,264895e+003;-4,966516e-003
3,265377e+003;-4,988266e-003
3,265859e+003;-5,003825e-003
3,266341e+003;-5,010114e-003
3,266823e+003;-5,005135e-003
3,267305e+003;-4,989478e-003
3,267788e+003;-4,965468e-003
3,268270e+003;-4,937885e-003
3,268752e+003;-4,911644e-003
3,269234e+003;-4,890742e-003
3,269716e+003;-4,878259e-003
3,270198e+003;-4,874917e-003
3,270680e+003;-4,880028e-003
3,271162e+003;-4,892020e-003
3,271645e+003;-4,908859e-003
3,272127e+003;-4,928876e-003
3,272609e+003;-4,950236e-003
3,273091e+003;-4,971659e-003
3,273573e+003;-4,991116e-003
3,274055e+003;-5,007133e-003
3,274537e+003;-5,017680e-003
3,275019e+003;-5,021839e-003
3,275501e+003;-5,019678e-003
3,275984e+003;-5,012669e-003
3,276466e+003;-5,003301e-003
3,276948e+003;-4,994686e-003
3,277430e+003;-4,989675e-003
3,277912e+003;-4,989282e-003
3,278394e+003;-4,992754e-003
3,278876e+003;-4,997863e-003
3,279358e+003;-5,001598e-003
3,279841e+003;-5,001368e-003
3,280323e+003;-4,996586e-003
3,280805e+003;-4,988627e-003
3,281287e+003;-4,980569e-003
3,281769e+003;-4,976343e-003
3,282251e+003;-4,978178e-003
3,282733e+003;-4,986923e-003
3,283215e+003;-5,000648e-003
3,283698e+003;-5,016402e-003
3,284179e+003;-5,030847e-003
3,284662e+003;-5,041720e-003
3,285144e+003;-5,049319e-003
3,285626e+003;-5,055181e-003
3,286108e+003;-5,062059e-003
3,286590e+003;-5,071556e-003
3,287072e+003;-5,084197e-003
3,287554e+003;-5,098377e-003
3,288036e+003;-5,111312e-003
3,288519e+003;-5,120317e-003
3,289001e+003;-5,123854e-003
3,289483e+003;-5,122020e-003
3,289965e+003;-5,116715e-003
3,290447e+003;-5,110297e-003
3,290929e+003;-5,105385e-003
3,291411e+003;-5,103747e-003
3,291893e+003;-5,105352e-003
3,292375e+003;-5,109314e-003
3,292858e+003;-5,113899e-003
3,293340e+003;-5,117305e-003
3,293822e+003;-5,117927e-003
3,294304e+003;-5,114030e-003
3,294786e+003;-5,104992e-003
3,295268e+003;-5,090190e-003
3,295750e+003;-5,070606e-003
3,296232e+003;-5,047812e-003
3,296715e+003;-5,025704e-003
3,297197e+003;-5,007919e-003
3,297679e+003;-4,998748e-003
3,298161e+003;-5,001237e-003
3,298643e+003;-5,016141e-003
3,299125e+003;-5,042244e-003
3,299607e+003;-5,075552e-003
3,300089e+003;-5,111475e-003
3,300572e+003;-5,144679e-003
3,301054e+003;-5,171136e-003
3,301536e+003;-5,188226e-003
3,302018e+003;-5,195298e-003
3,302500e+003;-5,193039e-003
3,302982e+003;-5,184068e-003
3,303464e+003;-5,171201e-003
3,303946e+003;-5,157482e-003
3,304428e+003;-5,145858e-003
3,304911e+003;-5,138130e-003
3,305393e+003;-5,134922e-003
3,305875e+003;-5,135380e-003
3,306357e+003;-5,137573e-003
3,306839e+003;-5,138785e-003
3,307321e+003;-5,136690e-003
3,307803e+003;-5,129486e-003
3,308285e+003;-5,117272e-003
3,308768e+003;-5,101717e-003
3,309250e+003;-5,085834e-003
3,309732e+003;-5,072538e-003
3,310214e+003;-5,064711e-003
3,310696e+003;-5,063368e-003
3,311178e+003;-5,068445e-003
3,311660e+003;-5,077975e-003
3,312142e+003;-5,089895e-003
3,312625e+003;-5,101553e-003
3,313106e+003;-5,111017e-003
3,313589e+003;-5,117501e-003
3,314071e+003;-5,121201e-003
3,314553e+003;-5,122642e-003
3,315035e+003;-5,123035e-003
3,315517e+003;-5,123722e-003
3,315999e+003;-5,124771e-003
3,316481e+003;-5,126539e-003
3,316963e+003;-5,128765e-003
3,317446e+003;-5,131909e-003
3,317928e+003;-5,136133e-003
3,318410e+003;-5,143042e-003
3,318892e+003;-5,154044e-003
3,319374e+003;-5,170579e-003
3,319856e+003;-5,192974e-003
3,320338e+003;-5,220049e-003
3,320820e+003;-5,248825e-003
3,321302e+003;-5,275700e-003
3,321785e+003;-5,296911e-003
3,322267e+003;-5,309873e-003
3,322749e+003;-5,313899e-003
3,323231e+003;-5,310069e-003
3,323713e+003;-5,300446e-003
3,324195e+003;-5,287157e-003
3,324677e+003;-5,271183e-003
3,325159e+003;-5,252524e-003
3,325642e+003;-5,229969e-003
3,326124e+003;-5,202632e-003
3,326606e+003;-5,170972e-003
3,327088e+003;-5,136951e-003
3,327570e+003;-5,103649e-003
3,328052e+003;-5,074896e-003
3,328534e+003;-5,052987e-003
3,329016e+003;-5,038445e-003
3,329499e+003;-5,029700e-003
3,329981e+003;-5,023477e-003
3,330463e+003;-5,015977e-003
3,330945e+003;-5,004840e-003
3,331427e+003;-4,988627e-003
3,331909e+003;-4,967793e-003
3,332391e+003;-4,944044e-003
3,332873e+003;-4,920064e-003
3,333355e+003;-4,898932e-003
3,333838e+003;-4,883829e-003
3,334320e+003;-4,878717e-003
3,334802e+003;-4,886908e-003
3,335284e+003;-4,910858e-003
3,335766e+003;-4,950825e-003
3,336248e+003;-5,004185e-003
3,336730e+003;-5,064875e-003
3,337212e+003;-5,124639e-003
3,337695e+003;-5,175293e-003
3,338177e+003;-5,209802e-003
3,338659e+003;-5,225811e-003
3,339141e+003;-5,224632e-003
3,339623e+003;-5,211864e-003
3,340105e+003;-5,194578e-003
3,340587e+003;-5,180205e-003
3,341069e+003;-5,173886e-003
3,341552e+003;-5,177782e-003
3,342033e+003;-5,191336e-003
3,342516e+003;-5,211701e-003
3,342998e+003;-5,235730e-003
3,343480e+003;-5,259431e-003
3,343962e+003;-5,279628e-003
3,344444e+003;-5,293507e-003
3,344926e+003;-5,298908e-003
3,345408e+003;-5,294980e-003
3,345890e+003;-5,282149e-003
3,346373e+003;-5,262705e-003
3,346855e+003;-5,240281e-003
3,347337e+003;-5,219427e-003
3,347819e+003;-5,203811e-003
3,348301e+003;-5,195495e-003
3,348783e+003;-5,193891e-003
3,349265e+003;-5,196509e-003
3,349747e+003;-5,200078e-003
3,350229e+003;-5,201486e-003
3,350712e+003;-5,199161e-003
3,351194e+003;-5,193792e-003
3,351676e+003;-5,187702e-003
3,352158e+003;-5,183413e-003
3,352640e+003;-5,183119e-003
3,353122e+003;-5,187048e-003
3,353604e+003;-5,194218e-003
3,354086e+003;-5,202763e-003
3,354569e+003;-5,210064e-003
3,355051e+003;-5,214614e-003
3,355533e+003;-5,216219e-003
3,356015e+003;-5,215269e-003
3,356497e+003;-5,213796e-003
3,356979e+003;-5,213960e-003
3,357461e+003;-5,217692e-003
3,357943e+003;-5,226793e-003
3,358426e+003;-5,241787e-003
3,358908e+003;-5,261526e-003
3,359390e+003;-5,283622e-003
3,359872e+003;-5,303556e-003
3,360354e+003;-5,316452e-003
3,360836e+003;-5,318056e-003
3,361318e+003;-5,306175e-003
3,361800e+003;-5,281985e-003
3,362282e+003;-5,250691e-003
3,362765e+003;-5,219853e-003
3,363247e+003;-5,197394e-003
3,363729e+003;-5,189961e-003
3,364211e+003;-5,200209e-003
3,364693e+003;-5,226040e-003
3,365175e+003;-5,261330e-003
3,365657e+003;-5,298253e-003
3,366139e+003;-5,329446e-003
3,366622e+003;-5,349935e-003
3,367104e+003;-5,358804e-003
3,367586e+003;-5,358902e-003
3,368068e+003;-5,355727e-003
3,368550e+003;-5,354975e-003
3,369032e+003;-5,361160e-003
3,369514e+003;-5,376476e-003
3,369996e+003;-5,400268e-003
3,370479e+003;-5,429064e-003
3,370961e+003;-5,458710e-003
3,371443e+003;-5,484427e-003
3,371925e+003;-5,502880e-003
3,372407e+003;-5,511714e-003
3,372889e+003;-5,510536e-003
3,373371e+003;-5,500459e-003
3,373853e+003;-5,483250e-003
3,374335e+003;-5,461066e-003
3,374818e+003;-5,435871e-003
3,375300e+003;-5,409202e-003
3,375782e+003;-5,382171e-003
3,376264e+003;-5,355793e-003
3,376746e+003;-5,331083e-003
3,377228e+003;-5,309153e-003
3,377710e+003;-5,291183e-003
3,378192e+003;-5,277926e-003
3,378675e+003;-5,269743e-003
3,379156e+003;-5,266338e-003
3,379639e+003;-5,267418e-003
3,380121e+003;-5,272918e-003
3,380603e+003;-5,282640e-003
3,381085e+003;-5,297108e-003
3,381567e+003;-5,316616e-003
3,382049e+003;-5,340738e-003
3,382531e+003;-5,367542e-003
3,383013e+003;-5,393985e-003
3,383496e+003;-5,416368e-003
3,383978e+003;-5,431159e-003
3,384460e+003;-5,436329e-003
3,384942e+003;-5,431977e-003
3,385424e+003;-5,420786e-003
3,385906e+003;-5,405929e-003
3,386388e+003;-5,391105e-003
3,386870e+003;-5,379095e-003
3,387353e+003;-5,370651e-003
3,387835e+003;-5,366069e-003
3,388317e+003;-5,365284e-003
3,388799e+003;-5,369244e-003
3,389281e+003;-5,380109e-003
3,389763e+003;-5,400464e-003
3,390245e+003;-5,432173e-003
3,390727e+003;-5,475070e-003
3,391209e+003;-5,526501e-003
3,391692e+003;-5,580281e-003
3,392174e+003;-5,629116e-003
3,392656e+003;-5,666433e-003
3,393138e+003;-5,687626e-003
3,393620e+003;-5,691582e-003
3,394102e+003;-5,679777e-003
3,394584e+003;-5,655641e-003
3,395066e+003;-5,622542e-003
3,395549e+003;-5,583683e-003
3,396031e+003;-5,541484e-003
3,396513e+003;-5,498365e-003
3,396995e+003;-5,457794e-003
3,397477e+003;-5,424352e-003
3,397959e+003;-5,403344e-003
3,398441e+003;-5,398926e-003
3,398923e+003;-5,413750e-003
3,399406e+003;-5,446473e-003
3,399888e+003;-5,492509e-003
3,400370e+003;-5,543512e-003
3,400852e+003;-5,591108e-003
3,401334e+003;-5,626303e-003
3,401816e+003;-5,643900e-003
3,402298e+003;-5,642166e-003
3,402780e+003;-5,623556e-003
3,403262e+003;-5,593300e-003
3,403745e+003;-5,558201e-003
3,404227e+003;-5,525487e-003
3,404709e+003;-5,500132e-003
3,405191e+003;-5,485703e-003
3,405673e+003;-5,482726e-003
3,406155e+003;-5,490186e-003
3,406637e+003;-5,505694e-003
3,407119e+003;-5,525880e-003
3,407602e+003;-5,547896e-003
3,408083e+003;-5,569225e-003
3,408566e+003;-5,587314e-003
3,409048e+003;-5,601117e-003
3,409530e+003;-5,609589e-003
3,410012e+003;-5,611911e-003
3,410494e+003;-5,608117e-003
3,410976e+003;-5,598730e-003
3,411458e+003;-5,584206e-003
3,411940e+003;-5,566313e-003
3,412423e+003;-5,546588e-003
3,412905e+003;-5,526501e-003
3,413387e+003;-5,507362e-003
3,413869e+003;-5,489597e-003
3,414351e+003;-5,473237e-003
3,414833e+003;-5,457794e-003
3,415315e+003;-5,442808e-003
3,415797e+003;-5,428344e-003
3,416280e+003;-5,414994e-003
3,416762e+003;-5,404097e-003
3,417244e+003;-5,396734e-003
3,417726e+003;-5,394639e-003
3,418208e+003;-5,399646e-003
3,418690e+003;-5,412441e-003
3,419172e+003;-5,434235e-003
3,419654e+003;-5,464698e-003
3,420136e+003;-5,502226e-003
3,420619e+003;-5,543774e-003
3,421101e+003;-5,585024e-003
3,421583e+003;-5,620220e-003
3,422065e+003;-5,644063e-003
3,422547e+003;-5,652370e-003
3,423029e+003;-5,643638e-003
3,423511e+003;-5,619107e-003
3,423993e+003;-5,582767e-003
3,424476e+003;-5,540666e-003
3,424958e+003;-5,498725e-003
3,425440e+003;-5,462702e-003
3,425922e+003;-5,436165e-003
3,426404e+003;-5,420426e-003
3,426886e+003;-5,414241e-003
3,427368e+003;-5,415190e-003
3,427850e+003;-5,419837e-003
3,428333e+003;-5,424418e-003
3,428815e+003;-5,425890e-003
3,429297e+003;-5,422193e-003
3,429779e+003;-5,412736e-003
3,430261e+003;-5,398566e-003
3,430743e+003;-5,382989e-003
3,431225e+003;-5,370651e-003
3,431707e+003;-5,366527e-003
3,432189e+003;-5,375331e-003
3,432672e+003;-5,399450e-003
3,433154e+003;-5,438914e-003
3,433636e+003;-5,491266e-003
3,434118e+003;-5,551429e-003
3,434600e+003;-5,614168e-003
3,435082e+003;-5,673792e-003
3,435564e+003;-5,726279e-003
3,436046e+003;-5,768067e-003
3,436529e+003;-5,797330e-003
3,437010e+003;-5,812664e-003
3,437493e+003;-5,813743e-003
3,437975e+003;-5,801417e-003
3,438457e+003;-5,778007e-003
3,438939e+003;-5,747893e-003
3,439421e+003;-5,716338e-003
3,439903e+003;-5,688966e-003
3,440385e+003;-5,670456e-003
3,440867e+003;-5,663065e-003
3,441350e+003;-5,665649e-003
3,441832e+003;-5,674708e-003
3,442314e+003;-5,686219e-003
3,442796e+003;-5,695605e-003
3,443278e+003;-5,700608e-003
3,443760e+003;-5,701328e-003
3,444242e+003;-5,699202e-003
3,444724e+003;-5,696488e-003
3,445207e+003;-5,695049e-003
3,445689e+003;-5,695409e-003
3,446171e+003;-5,697142e-003
3,446653e+003;-5,698941e-003
3,447135e+003;-5,699693e-003
3,447617e+003;-5,698875e-003
3,448099e+003;-5,696259e-003
3,448581e+003;-5,691942e-003
3,449063e+003;-5,686154e-003
3,449546e+003;-5,678894e-003
3,450028e+003;-5,670227e-003
3,450510e+003;-5,660874e-003
3,450992e+003;-5,652730e-003
3,451474e+003;-5,647890e-003
3,451956e+003;-5,648740e-003
3,452438e+003;-5,657341e-003
3,452920e+003;-5,674413e-003
3,453403e+003;-5,699235e-003
3,453885e+003;-5,730105e-003
3,454367e+003;-5,764176e-003
3,454849e+003;-5,798605e-003
3,455331e+003;-5,830285e-003
3,455813e+003;-5,856634e-003
3,456295e+003;-5,875038e-003
3,456777e+003;-5,883930e-003
3,457260e+003;-5,882851e-003
3,457742e+003;-5,873077e-003
3,458224e+003;-5,857713e-003
3,458706e+003;-5,840746e-003
3,459188e+003;-5,826721e-003
3,459670e+003;-5,818745e-003
3,460152e+003;-5,817666e-003
3,460634e+003;-5,822014e-003
3,461116e+003;-5,827996e-003
3,461599e+003;-5,832377e-003
3,462081e+003;-5,832475e-003
3,462563e+003;-5,828127e-003
3,463045e+003;-5,820968e-003
3,463527e+003;-5,813840e-003
3,464009e+003;-5,808315e-003
3,464491e+003;-5,804752e-003
3,464973e+003;-5,801351e-003
3,465456e+003;-5,795957e-003
3,465938e+003;-5,786443e-003
3,466420e+003;-5,772808e-003
3,466902e+003;-5,757375e-003
3,467384e+003;-5,743805e-003
3,467866e+003;-5,735958e-003
3,468348e+003;-5,735761e-003
3,468830e+003;-5,743119e-003
3,469313e+003;-5,755642e-003
3,469794e+003;-5,769833e-003
3,470277e+003;-5,782454e-003
3,470759e+003;-5,791772e-003
3,471241e+003;-5,797395e-003
3,471723e+003;-5,800763e-003
3,472205e+003;-5,802986e-003
3,472687e+003;-5,805667e-003
3,473169e+003;-5,809231e-003
3,473651e+003;-5,813579e-003
3,474134e+003;-5,818025e-003
3,474616e+003;-5,821850e-003
3,475098e+003;-5,824858e-003
3,475580e+003;-5,826296e-003
3,476062e+003;-5,826035e-003
3,476544e+003;-5,824368e-003
3,477026e+003;-5,821818e-003
3,477508e+003;-5,820216e-003
3,477990e+003;-5,821556e-003
3,478473e+003;-5,828552e-003
3,478955e+003;-5,841989e-003
3,479437e+003;-5,861505e-003
3,479919e+003;-5,883962e-003
3,480401e+003;-5,904850e-003
3,480883e+003;-5,918839e-003
3,481365e+003;-5,923088e-003
3,481847e+003;-5,917368e-003
3,482330e+003;-5,905274e-003
3,482812e+003;-5,891154e-003
3,483294e+003;-5,880040e-003
3,483776e+003;-5,874417e-003
3,484258e+003;-5,874058e-003
3,484740e+003;-5,876411e-003
3,485222e+003;-5,878046e-003
3,485704e+003;-5,877130e-003
3,486187e+003;-5,873763e-003
3,486669e+003;-5,870331e-003
3,487151e+003;-5,870887e-003
3,487633e+003;-5,879026e-003
3,488115e+003;-5,896678e-003
3,488597e+003;-5,923448e-003
3,489079e+003;-5,956884e-003
3,489561e+003;-5,994009e-003
3,490043e+003;-6,031851e-003
3,490526e+003;-6,067859e-003
3,491008e+003;-6,100402e-003
3,491490e+003;-6,127976e-003
3,491972e+003;-6,148851e-003
3,492454e+003;-6,161331e-003
3,492936e+003;-6,164173e-003
3,493418e+003;-6,157639e-003
3,493900e+003;-6,143135e-003
3,494383e+003;-6,124154e-003
3,494865e+003;-6,104650e-003
3,495347e+003;-6,088640e-003
3,495829e+003;-6,079426e-003
3,496311e+003;-6,078838e-003
3,496793e+003;-6,087660e-003
3,497275e+003;-6,105662e-003
3,497757e+003;-6,132288e-003
3,498240e+003;-6,165871e-003
3,498721e+003;-6,203796e-003
3,499204e+003;-6,242109e-003
3,499686e+003;-6,275521e-003
3,500168e+003;-6,298642e-003
3,500650e+003;-6,307231e-003
3,501132e+003;-6,299916e-003
3,501614e+003;-6,278852e-003
3,502096e+003;-6,249818e-003
3,502578e+003;-6,219964e-003
3,503061e+003;-6,195663e-003
3,503543e+003;-6,179885e-003
3,504025e+003;-6,172633e-003
3,504507e+003;-6,171360e-003
3,504989e+003;-6,172535e-003
3,505471e+003;-6,174430e-003
3,505953e+003;-6,177240e-003
3,506435e+003;-6,182204e-003
3,506917e+003;-6,190730e-003
3,507400e+003;-6,203796e-003
3,507882e+003;-6,219181e-003
3,508364e+003;-6,233879e-003
3,508846e+003;-6,243285e-003
3,509328e+003;-6,243644e-003
3,509810e+003;-6,233650e-003
3,510292e+003;-6,213791e-003
3,510774e+003;-6,187105e-003
3,511257e+003;-6,156790e-003
3,511739e+003;-6,125755e-003
3,512221e+003;-6,096677e-003
3,512703e+003;-6,072172e-003
3,513185e+003;-6,054626e-003
3,513667e+003;-6,046555e-003
3,514149e+003;-6,050183e-003
3,514631e+003;-6,066978e-003
3,515114e+003;-6,096808e-003
3,515596e+003;-6,137581e-003
3,516078e+003;-6,185831e-003
3,516560e+003;-6,237504e-003
3,517042e+003;-6,288453e-003
3,517524e+003;-6,335086e-003
3,518006e+003;-6,374661e-003
3,518488e+003;-6,405091e-003
3,518970e+003;-6,424157e-003
3,519453e+003;-6,429773e-003
3,519935e+003;-6,420730e-003
3,520417e+003;-6,396765e-003
3,520899e+003;-6,360131e-003
3,521381e+003;-6,315950e-003
3,521863e+003;-6,271406e-003
3,522345e+003;-6,235055e-003
3,522827e+003;-6,214052e-003
3,523310e+003;-6,211537e-003
3,523792e+003;-6,225484e-003
3,524274e+003;-6,250830e-003
3,524756e+003;-6,280419e-003
3,525238e+003;-6,307525e-003
3,525720e+003;-6,328588e-003
3,526202e+003;-6,343413e-003
3,526684e+003;-6,354384e-003
3,527167e+003;-6,365453e-003
3,527648e+003;-6,380375e-003
3,528131e+003;-6,400487e-003
3,528613e+003;-6,424974e-003
3,529095e+003;-6,450568e-003
3,529577e+003;-6,473485e-003
3,530059e+003;-6,490884e-003
3,530541e+003;-6,501754e-003
3,531023e+003;-6,507499e-003
3,531505e+003;-6,510926e-003
3,531988e+003;-6,515267e-003
3,532470e+003;-6,523427e-003
3,532952e+003;-6,535504e-003
3,533434e+003;-6,549571e-003
3,533916e+003;-6,561875e-003
3,534398e+003;-6,567065e-003
3,534880e+003;-6,561092e-003
3,535362e+003;-6,542488e-003
3,535844e+003;-6,513178e-003
3,536327e+003;-6,478643e-003
3,536809e+003;-6,445215e-003
3,537291e+003;-6,418640e-003
3,537773e+003;-6,401826e-003
3,538255e+003;-6,393860e-003
3,538737e+003;-6,390790e-003
3,539219e+003;-6,388146e-003
3,539701e+003;-6,381354e-003
3,540184e+003;-6,368294e-003
3,540666e+003;-6,349715e-003
3,541148e+003;-6,329012e-003
3,541630e+003;-6,311085e-003
3,542112e+003;-6,301418e-003
3,542594e+003;-6,304096e-003
3,543076e+003;-6,321926e-003
3,543558e+003;-6,355037e-003
3,544041e+003;-6,401369e-003
3,544523e+003;-6,456510e-003
3,545005e+003;-6,514484e-003
3,545487e+003;-6,568207e-003
3,545969e+003;-6,610731e-003
3,546451e+003;-6,637587e-003
3,546933e+003;-6,646985e-003
3,547415e+003;-6,640752e-003
3,547897e+003;-6,623718e-003
3,548380e+003;-6,602670e-003
3,548862e+003;-6,583350e-003
3,549344e+003;-6,570296e-003
3,549826e+003;-6,564944e-003
3,550308e+003;-6,565857e-003
3,550790e+003;-6,567881e-003
3,551272e+003;-6,565270e-003
3,551754e+003;-6,552574e-003
3,552237e+003;-6,527964e-003
3,552719e+003;-6,493920e-003
3,553201e+003;-6,456249e-003
3,553683e+003;-6,422460e-003
3,554165e+003;-6,398790e-003
3,554647e+003;-6,388864e-003
3,555129e+003;-6,392847e-003
3,555611e+003;-6,408094e-003
3,556094e+003;-6,429871e-003
3,556575e+003;-6,452919e-003
3,557058e+003;-6,472571e-003
3,557540e+003;-6,484388e-003
3,558022e+003;-6,486706e-003
3,558504e+003;-6,478447e-003
3,558986e+003;-6,459546e-003
3,559468e+003;-6,431503e-003
3,559950e+003;-6,396472e-003
3,560432e+003;-6,357780e-003
3,560915e+003;-6,319412e-003
3,561397e+003;-6,285383e-003
3,561879e+003;-6,259713e-003
3,562361e+003;-6,244820e-003
3,562843e+003;-6,241848e-003
3,563325e+003;-6,250438e-003
3,563807e+003;-6,269217e-003
3,564289e+003;-6,296356e-003
3,564771e+003;-6,330743e-003
3,565254e+003;-6,371494e-003
3,565736e+003;-6,417889e-003
3,566218e+003;-6,468033e-003
3,566700e+003;-6,517846e-003
3,567182e+003;-6,561549e-003
3,567664e+003;-6,592913e-003
3,568146e+003;-6,608512e-003
3,568628e+003;-6,608022e-003
3,569111e+003;-6,594316e-003
3,569593e+003;-6,572058e-003
3,570075e+003;-6,546666e-003
3,570557e+003;-6,522448e-003
3,571039e+003;-6,502668e-003
3,571521e+003;-6,488240e-003
3,572003e+003;-6,477566e-003
3,572485e+003;-6,467707e-003
3,572968e+003;-6,455792e-003
3,573450e+003;-6,440285e-003
3,573932e+003;-6,422264e-003
3,574414e+003;-6,405221e-003
3,574896e+003;-6,394350e-003
3,575378e+003;-6,394023e-003
3,575860e+003;-6,406724e-003
3,576342e+003;-6,431601e-003
3,576824e+003;-6,465618e-003
3,577307e+003;-6,503255e-003
3,577789e+003;-6,538964e-003
3,578271e+003;-6,567718e-003
3,578753e+003;-6,586842e-003
3,579235e+003;-6,595328e-003
3,579717e+003;-6,593989e-003
3,580199e+003;-6,585472e-003
3,580681e+003;-6,573396e-003
3,581164e+003;-6,561158e-003
3,581646e+003;-6,552574e-003
3,582128e+003;-6,549734e-003
3,582610e+003;-6,553651e-003
3,583092e+003;-6,563181e-003
3,583574e+003;-6,575779e-003
3,584056e+003;-6,587560e-003
3,584538e+003;-6,594544e-003
3,585021e+003;-6,593728e-003
3,585502e+003;-6,584166e-003
3,585985e+003;-6,567489e-003
3,586467e+003;-6,547287e-003
3,586949e+003;-6,527638e-003
3,587431e+003;-6,510861e-003
3,587913e+003;-6,495683e-003
3,588395e+003;-6,479295e-003
3,588877e+003;-6,459154e-003
3,589359e+003;-6,435029e-003
3,589842e+003;-6,409042e-003
3,590324e+003;-6,384685e-003
3,590806e+003;-6,366106e-003
3,591288e+003;-6,356409e-003
3,591770e+003;-6,356800e-003
3,592252e+003;-6,366923e-003
3,592734e+003;-6,383999e-003
3,593216e+003;-6,404830e-003
3,593698e+003;-6,425986e-003
3,594181e+003;-6,445280e-003
3,594663e+003;-6,461407e-003
3,595145e+003;-6,473551e-003
3,595627e+003;-6,480765e-003
3,596109e+003;-6,481940e-003
3,596591e+003;-6,476684e-003
3,597073e+003;-6,465585e-003
3,597555e+003;-6,452005e-003
3,598038e+003;-6,441297e-003
3,598520e+003;-6,439730e-003
3,599002e+003;-6,452462e-003
3,599484e+003;-6,481385e-003
3,599966e+003;-6,523623e-003
3,600448e+003;-6,571210e-003
3,600930e+003;-6,613113e-003
3,601412e+003;-6,639512e-003
3,601895e+003;-6,643102e-003
3,602377e+003;-6,621271e-003
3,602859e+003;-6,576040e-003
3,603341e+003;-6,513309e-003
3,603823e+003;-6,440285e-003
3,604305e+003;-6,366204e-003
3,604787e+003;-6,300700e-003
3,605269e+003;-6,253279e-003
3,605751e+003;-6,231854e-003
3,606234e+003;-6,241031e-003
3,606716e+003;-6,279211e-003
3,607198e+003;-6,336653e-003
3,607680e+003;-6,397320e-003
3,608162e+003;-6,444203e-003
3,608644e+003;-6,464867e-003
3,609126e+003;-6,456804e-003
3,609608e+003;-6,427063e-003
3,610091e+003;-6,387950e-003
3,610573e+003;-6,352066e-003
3,611055e+003;-6,329469e-003
3,611537e+003;-6,324408e-003
3,612019e+003;-6,335282e-003
3,612501e+003;-6,355135e-003
3,612983e+003;-6,375282e-003
3,613465e+003;-6,389452e-003
3,613948e+003;-6,396569e-003
3,614429e+003;-6,400128e-003
3,614912e+003;-6,405940e-003
3,615394e+003;-6,418444e-003
3,615876e+003;-6,438946e-003
3,616358e+003;-6,464540e-003
3,616840e+003;-6,488729e-003
3,617322e+003;-6,503973e-003
3,617804e+003;-6,503778e-003
3,618286e+003;-6,486543e-003
3,618769e+003;-6,456608e-003
3,619251e+003;-6,422819e-003
3,619733e+003;-6,394480e-003
3,620215e+003;-6,377012e-003
3,620697e+003;-6,371657e-003
3,621179e+003;-6,376261e-003
3,621661e+003;-6,387525e-003
3,622143e+003;-6,401761e-003
3,622625e+003;-6,415702e-003
3,623108e+003;-6,425855e-003
3,623590e+003;-6,428304e-003
3,624072e+003;-6,419522e-003
3,624554e+003;-6,396145e-003
3,625036e+003;-6,356800e-003
3,625518e+003;-6,302169e-003
3,626000e+003;-6,236459e-003
3,626482e+003;-6,167701e-003
3,626965e+003;-6,107100e-003
3,627447e+003;-6,069330e-003
3,627929e+003;-6,066422e-003
3,628411e+003;-6,099618e-003
3,628893e+003;-6,154568e-003
3,629375e+003;-6,210459e-003
3,629857e+003;-6,252528e-003
3,630339e+003;-6,277055e-003
3,630822e+003;-6,288192e-003
3,631304e+003;-6,292568e-003
3,631786e+003;-6,295932e-003
3,632268e+003;-6,301516e-003
3,632750e+003;-6,310954e-003
3,633232e+003;-6,323657e-003
3,633714e+003;-6,338286e-003
3,634196e+003;-6,353600e-003
3,634678e+003;-6,369208e-003
3,635161e+003;-6,385338e-003
3,635643e+003;-6,402512e-003
3,636125e+003;-6,420076e-003
3,636607e+003;-6,436400e-003
3,637089e+003;-6,448381e-003
3,637571e+003;-6,453017e-003
3,638053e+003;-6,447434e-003
3,638535e+003;-6,429805e-003
3,639018e+003;-6,399018e-003
3,639500e+003;-6,355135e-003
3,639982e+003;-6,298152e-003
3,640464e+003;-6,229110e-003
3,640946e+003;-6,150093e-003
3,641428e+003;-6,065344e-003
3,641910e+003;-5,980447e-003
3,642392e+003;-5,902398e-003
3,642875e+003;-5,836562e-003
3,643356e+003;-5,786770e-003
3,643839e+003;-5,754007e-003
3,644321e+003;-5,737299e-003
3,644803e+003;-5,733669e-003
3,645285e+003;-5,739457e-003
3,645767e+003;-5,749920e-003
3,646249e+003;-5,760155e-003
3,646731e+003;-5,764732e-003
3,647213e+003;-5,759076e-003
3,647696e+003;-5,740993e-003
3,648178e+003;-5,712152e-003
3,648660e+003;-5,679221e-003
3,649142e+003;-5,652828e-003
3,649624e+003;-5,643344e-003
3,650106e+003;-5,655445e-003
3,650588e+003;-5,687953e-003
3,651070e+003;-5,733375e-003
3,651552e+003;-5,782912e-003
3,652035e+003;-5,830219e-003
3,652517e+003;-5,872521e-003
3,652999e+003;-5,909654e-003
3,653481e+003;-5,943320e-003
3,653963e+003;-5,976296e-003
3,654445e+003;-6,010545e-003
3,654927e+003;-6,045281e-003
3,655409e+003;-6,077041e-003
3,655892e+003;-6,099847e-003
3,656374e+003;-6,109452e-003
3,656856e+003;-6,105793e-003
3,657338e+003;-6,093639e-003
3,657820e+003;-6,079851e-003
3,658302e+003;-6,071421e-003
3,658784e+003;-6,072891e-003
3,659266e+003;-6,084752e-003
3,659749e+003;-6,104094e-003
3,660231e+003;-6,125330e-003
3,660713e+003;-6,142285e-003
3,661195e+003;-6,149929e-003
3,661677e+003;-6,146369e-003
3,662159e+003;-6,132387e-003
3,662641e+003;-6,110171e-003
3,663123e+003;-6,081648e-003
3,663605e+003;-6,047437e-003
3,664088e+003;-6,006362e-003
3,664570e+003;-5,957243e-003
3,665052e+003;-5,899848e-003
3,665534e+003;-5,836725e-003
3,666016e+003;-5,773168e-003
3,666498e+003;-5,717580e-003
3,666980e+003;-5,678861e-003
3,667462e+003;-5,666237e-003
3,667945e+003;-5,685794e-003
3,668427e+003;-5,738279e-003
3,668909e+003;-5,815508e-003
3,669391e+003;-5,900829e-003
3,669873e+003;-5,975218e-003
3,670355e+003;-6,025381e-003
3,670837e+003;-6,047928e-003
3,671319e+003;-6,047895e-003
3,671802e+003;-6,032047e-003
3,672283e+003;-6,006493e-003
3,672766e+003;-5,974924e-003
3,673248e+003;-5,941130e-003
3,673730e+003;-5,910308e-003
3,674212e+003;-5,888833e-003
3,674694e+003;-5,883145e-003
3,675176e+003;-5,893311e-003
3,675658e+003;-5,911027e-003
3,676140e+003;-5,924886e-003
3,676623e+003;-5,927795e-003
3,677105e+003;-5,919362e-003
3,677587e+003;-5,903542e-003
3,678069e+003;-5,885891e-003
3,678551e+003;-5,873142e-003
3,679033e+003;-5,869808e-003
3,679515e+003;-5,878177e-003
3,679997e+003;-5,897920e-003
3,680479e+003;-5,926062e-003
3,680962e+003;-5,959694e-003
3,681444e+003;-5,996003e-003
3,681926e+003;-6,033191e-003
3,682408e+003;-6,069624e-003
3,682890e+003;-6,103441e-003
3,683372e+003;-6,132223e-003
3,683854e+003;-6,153523e-003
3,684336e+003;-6,165545e-003
3,684819e+003;-6,168158e-003
3,685301e+003;-6,162736e-003
3,685783e+003;-6,152478e-003
3,686265e+003;-6,141403e-003
3,686747e+003;-6,133595e-003
3,687229e+003;-6,132158e-003
3,687711e+003;-6,137875e-003
3,688193e+003;-6,148917e-003
3,688676e+003;-6,162245e-003
3,689158e+003;-6,174234e-003
3,689640e+003;-6,182499e-003
3,690122e+003;-6,186124e-003
3,690604e+003;-6,184197e-003
3,691086e+003;-6,175443e-003
3,691568e+003;-6,158913e-003
3,692050e+003;-6,134249e-003
3,692532e+003;-6,102885e-003
3,693015e+003;-6,067141e-003
3,693497e+003;-6,030740e-003
3,693979e+003;-5,997441e-003
3,694461e+003;-5,970773e-003
3,694943e+003;-5,953158e-003
3,695425e+003;-5,945150e-003
3,695907e+003;-5,945869e-003
3,696389e+003;-5,953158e-003
3,696872e+003;-5,964760e-003
3,697354e+003;-5,978225e-003
3,697836e+003;-5,991918e-003
3,698318e+003;-6,004140e-003
3,698800e+003;-6,013061e-003
3,699282e+003;-6,016688e-003
3,699764e+003;-6,013780e-003
3,700246e+003;-6,003911e-003
3,700729e+003;-5,989107e-003
3,701211e+003;-5,973322e-003
3,701693e+003;-5,960838e-003
3,702175e+003;-5,954203e-003
3,702657e+003;-5,952406e-003
3,703139e+003;-5,951948e-003
3,703621e+003;-5,948713e-003
3,704103e+003;-5,939267e-003
3,704585e+003;-5,922794e-003
3,705068e+003;-5,900666e-003
3,705550e+003;-5,877228e-003
3,706032e+003;-5,857255e-003
3,706514e+003;-5,844473e-003
3,706996e+003;-5,840256e-003
3,707478e+003;-5,842381e-003
3,707960e+003;-5,845454e-003
3,708442e+003;-5,842708e-003
3,708925e+003;-5,828192e-003
3,709406e+003;-5,800076e-003
3,709889e+003;-5,762901e-003
3,710371e+003;-5,727652e-003
3,710853e+003;-5,708653e-003
3,711335e+003;-5,717940e-003
3,711817e+003;-5,759108e-003
3,712299e+003;-5,826754e-003
3,712781e+003;-5,909720e-003
3,713263e+003;-5,996166e-003
3,713746e+003;-6,076224e-003
3,714228e+003;-6,144507e-003
3,714710e+003;-6,198831e-003
3,715192e+003;-6,238778e-003
3,715674e+003;-6,265984e-003
3,716156e+003;-6,282542e-003
3,716638e+003;-6,290805e-003
3,717120e+003;-6,293091e-003
3,717603e+003;-6,290805e-003
3,718085e+003;-6,284110e-003
3,718567e+003;-6,271863e-003
3,719049e+003;-6,252430e-003
3,719531e+003;-6,224766e-003
3,720013e+003;-6,190110e-003
3,720495e+003;-6,153360e-003
3,720977e+003;-6,121965e-003
3,721459e+003;-6,105303e-003
3,721942e+003;-6,111053e-003
3,722424e+003;-6,141926e-003
3,722906e+003;-6,194356e-003
3,723388e+003;-6,260073e-003
3,723870e+003;-6,328588e-003
3,724352e+003;-6,390170e-003
3,724834e+003;-6,438424e-003
3,725316e+003;-6,471592e-003
3,725799e+003;-6,492451e-003
3,726281e+003;-6,505769e-003
3,726763e+003;-6,515985e-003
3,727245e+003;-6,524896e-003
3,727727e+003;-6,531620e-003
3,728209e+003;-6,533317e-003
3,728691e+003;-6,526920e-003
3,729173e+003;-6,511318e-003
3,729656e+003;-6,487195e-003
3,730138e+003;-6,458240e-003
3,730620e+003;-6,429871e-003
3,731102e+003;-6,409042e-003
3,731584e+003;-6,400781e-003
3,732066e+003;-6,406919e-003
3,732548e+003;-6,424974e-003
3,733030e+003;-6,450895e-003
3,733512e+003;-6,480177e-003
3,733995e+003;-6,510861e-003
3,734477e+003;-6,542391e-003
3,734959e+003;-6,574376e-003
3,735441e+003;-6,604334e-003
3,735923e+003;-6,629266e-003
3,736405e+003;-6,645582e-003
3,736887e+003;-6,651978e-003
3,737369e+003;-6,649661e-003
3,737852e+003;-6,641144e-003
3,738333e+003;-6,629135e-003
3,738816e+003;-6,615397e-003
3,739298e+003;-6,600060e-003
3,739780e+003;-6,582012e-003
3,740262e+003;-6,558449e-003
3,740744e+003;-6,526626e-003
3,741226e+003;-6,484649e-003
3,741708e+003;-6,432972e-003
3,742190e+003;-6,376000e-003
3,742673e+003;-6,323461e-003
3,743155e+003;-6,291294e-003
3,743637e+003;-6,295736e-003
3,744119e+003;-6,341355e-003
3,744601e+003;-6,413612e-003
3,745083e+003;-6,488272e-003
3,745565e+003;-6,546503e-003
3,746047e+003;-6,579956e-003
3,746530e+003;-6,589062e-003
3,747012e+003;-6,577280e-003
3,747494e+003;-6,551040e-003
3,747976e+003;-6,517617e-003
3,748458e+003;-6,488697e-003
3,748940e+003;-6,478643e-003
3,749422e+003;-6,499991e-003
3,749904e+003;-6,560276e-003
3,750386e+003;-6,654425e-003
3,750869e+003;-6,766821e-003
3,751351e+003;-6,875177e-003
3,751833e+003;-6,960943e-003
3,752315e+003;-7,014057e-003
3,752797e+003;-7,034955e-003
3,753279e+003;-7,030782e-003
3,753761e+003;-7,011057e-003
3,754243e+003;-6,983898e-003
3,754726e+003;-6,954161e-003
3,755208e+003;-6,923834e-003
3,755690e+003;-6,892853e-003
3,756172e+003;-6,860142e-003
3,756654e+003;-6,825993e-003
3,757136e+003;-6,793472e-003
3,757618e+003;-6,768355e-003
3,758100e+003;-6,758829e-003
3,758583e+003;-6,771062e-003
3,759065e+003;-6,806879e-003
3,759547e+003;-6,861316e-003
3,760029e+003;-6,923638e-003
3,760511e+003;-6,981354e-003
3,760993e+003;-7,024555e-003
3,761475e+003;-7,048745e-003
3,761957e+003;-7,054222e-003
3,762439e+003;-7,044996e-003
3,762922e+003;-7,026609e-003
3,763404e+003;-7,005515e-003
3,763886e+003;-6,987126e-003
3,764368e+003;-6,975289e-003
3,764850e+003;-6,970203e-003
3,765332e+003;-6,969225e-003
3,765814e+003;-6,967203e-003
3,766296e+003;-6,958823e-003
3,766779e+003;-6,940595e-003
3,767260e+003;-6,911605e-003
3,767743e+003;-6,873938e-003
3,768225e+003;-6,832712e-003
3,768707e+003;-6,795984e-003
3,769189e+003;-6,772530e-003
3,769671e+003;-6,768256e-003
3,770153e+003;-6,783588e-003
3,770635e+003;-6,813305e-003
3,771117e+003;-6,849085e-003
3,771600e+003;-6,882548e-003
3,772082e+003;-6,908246e-003
3,772564e+003;-6,923312e-003
3,773046e+003;-6,928106e-003
3,773528e+003;-6,924258e-003
3,774010e+003;-6,915682e-003
3,774492e+003;-6,906420e-003
3,774974e+003;-6,899637e-003
3,775457e+003;-6,898267e-003
3,775939e+003;-6,903355e-003
3,776421e+003;-6,915225e-003
3,776903e+003;-6,932899e-003
3,777385e+003;-6,954454e-003
3,777867e+003;-6,977116e-003
3,778349e+003;-6,998211e-003
3,778831e+003;-7,015686e-003
3,779313e+003;-7,029999e-003
3,779796e+003;-7,044376e-003
3,780278e+003;-7,063382e-003
3,780760e+003;-7,091352e-003
3,781242e+003;-7,130662e-003
3,781724e+003;-7,179845e-003
3,782206e+003;-7,233519e-003
3,782688e+003;-7,283504e-003
3,783170e+003;-7,319571e-003
3,783653e+003;-7,332277e-003
3,784135e+003;-7,317714e-003
3,784617e+003;-7,279333e-003
3,785099e+003;-7,227653e-003
3,785581e+003;-7,175119e-003
3,786063e+003;-7,132749e-003
3,786545e+003;-7,105858e-003
3,787027e+003;-7,093797e-003
3,787510e+003;-7,091352e-003
3,787992e+003;-7,091026e-003
3,788474e+003;-7,087016e-003
3,788956e+003;-7,075607e-003
3,789438e+003;-7,057677e-003
3,789920e+003;-7,037041e-003
3,790402e+003;-7,018849e-003
3,790884e+003;-7,007503e-003
3,791366e+003;-7,005058e-003
3,791849e+003;-7,010405e-003
3,792331e+003;-7,020903e-003
3,792813e+003;-7,032868e-003
3,793295e+003;-7,043040e-003
3,793777e+003;-7,050179e-003
3,794259e+003;-7,054059e-003
3,794741e+003;-7,056308e-003
3,795223e+003;-7,058688e-003
3,795706e+003;-7,063285e-003
3,796188e+003;-7,070815e-003
3,796670e+003;-7,081246e-003
3,797152e+003;-7,094090e-003
3,797634e+003;-7,108563e-003
3,798116e+003;-7,124991e-003
3,798598e+003;-7,143635e-003
3,799080e+003;-7,164820e-003
3,799563e+003;-7,187438e-003
3,800044e+003;-7,208426e-003
3,800527e+003;-7,221755e-003
3,801009e+003;-7,221363e-003
3,801491e+003;-7,204385e-003
3,801973e+003;-7,173978e-003
3,802455e+003;-7,137377e-003
3,802937e+003;-7,101718e-003
3,803419e+003;-7,073195e-003
3,803901e+003;-7,056895e-003
3,804384e+003;-7,056993e-003
3,804866e+003;-7,077368e-003
3,805348e+003;-7,120004e-003
3,805830e+003;-7,182452e-003
3,806312e+003;-7,254764e-003
3,806794e+003;-7,322113e-003
3,807276e+003;-7,369710e-003
3,807758e+003;-7,389385e-003
3,808240e+003;-7,380558e-003
3,808723e+003;-7,347752e-003
3,809205e+003;-7,297318e-003
3,809687e+003;-7,236158e-003
3,810169e+003;-7,171045e-003
3,810651e+003;-7,108693e-003
3,811133e+003;-7,054776e-003
3,811615e+003;-7,013209e-003
3,812097e+003;-6,985593e-003
3,812580e+003;-6,970920e-003
3,813062e+003;-6,966845e-003
3,813544e+003;-6,969910e-003
3,814026e+003;-6,976757e-003
3,814508e+003;-6,984061e-003
3,814990e+003;-6,989473e-003
3,815472e+003;-6,991690e-003
3,815954e+003;-6,991299e-003
3,816437e+003;-6,989571e-003
3,816919e+003;-6,988527e-003
3,817401e+003;-6,990125e-003
3,817883e+003;-6,996027e-003
3,818365e+003;-7,008058e-003
3,818847e+003;-7,027815e-003
3,819329e+003;-7,056243e-003
3,819811e+003;-7,091710e-003
3,820293e+003;-7,128707e-003
3,820776e+003;-7,159899e-003
3,821258e+003;-7,178932e-003
3,821740e+003;-7,185613e-003
3,822222e+003;-7,184277e-003
3,822704e+003;-7,180823e-003
3,823186e+003;-7,179714e-003
3,823668e+003;-7,183625e-003
3,824150e+003;-7,193044e-003
3,824633e+003;-7,206731e-003
3,825115e+003;-7,221233e-003
3,825597e+003;-7,232182e-003
3,826079e+003;-7,235799e-003
3,826561e+003;-7,229282e-003
3,827043e+003;-7,212891e-003
3,827525e+003;-7,188514e-003
3,828007e+003;-7,159899e-003
3,828490e+003;-7,130760e-003
3,828971e+003;-7,104391e-003
3,829454e+003;-7,083593e-003
3,829936e+003;-7,070261e-003
3,830418e+003;-7,064849e-003
3,830900e+003;-7,065860e-003
3,831382e+003;-7,070196e-003
3,831864e+003;-7,073716e-003
3,832346e+003;-7,073977e-003
3,832828e+003;-7,070522e-003
3,833311e+003;-7,066284e-003
3,833793e+003;-7,065827e-003
3,834275e+003;-7,074238e-003
3,834757e+003;-7,094611e-003
3,835239e+003;-7,126523e-003
3,835721e+003;-7,164266e-003
3,836203e+003;-7,197867e-003
3,836685e+003;-7,216573e-003
3,837167e+003;-7,212500e-003
3,837650e+003;-7,185255e-003
3,838132e+003;-7,142331e-003
3,838614e+003;-7,096241e-003
3,839096e+003;-7,058329e-003
3,839578e+003;-7,033944e-003
3,840060e+003;-7,022305e-003
3,840542e+003;-7,018849e-003
3,841024e+003;-7,018849e-003
3,841507e+003;-7,020218e-003
3,841989e+003;-7,024913e-003
3,842471e+003;-7,037563e-003
3,842953e+003;-7,062926e-003
3,843435e+003;-7,103054e-003
3,843917e+003;-7,154782e-003
3,844399e+003;-7,211066e-003
3,844881e+003;-7,263302e-003
3,845364e+003;-7,303867e-003
3,845846e+003;-7,328173e-003
3,846328e+003;-7,336122e-003
3,846810e+003;-7,329899e-003
3,847292e+003;-7,314098e-003
3,847774e+003;-7,293050e-003
3,848256e+003;-7,270731e-003
3,848738e+003;-7,249355e-003
3,849220e+003;-7,229380e-003
3,849703e+003;-7,210186e-003
3,850185e+003;-7,189882e-003
3,850667e+003;-7,165635e-003
3,851149e+003;-7,135291e-003
3,851631e+003;-7,097383e-003
3,852113e+003;-7,054613e-003
3,852595e+003;-7,015589e-003
3,853077e+003;-6,993385e-003
3,853560e+003;-6,997918e-003
3,854042e+003;-7,029543e-003
3,854524e+003;-7,080855e-003
3,855006e+003;-7,141745e-003
3,855488e+003;-7,204026e-003
3,855970e+003;-7,260467e-003
3,856452e+003;-7,305269e-003
3,856934e+003;-7,335340e-003
3,857417e+003;-7,349251e-003
3,857898e+003;-7,347981e-003
3,858381e+003;-7,333874e-003
3,858863e+003;-7,309928e-003
3,859345e+003;-7,278486e-003
3,859827e+003;-7,241013e-003
3,860309e+003;-7,199105e-003
3,860791e+003;-7,155303e-003
3,861273e+003;-7,114007e-003
3,861755e+003;-7,081507e-003
3,862238e+003;-7,064556e-003
3,862720e+003;-7,068174e-003
3,863202e+003;-7,092656e-003
3,863684e+003;-7,132488e-003
3,864166e+003;-7,176293e-003
3,864648e+003;-7,211359e-003
3,865130e+003;-7,229184e-003
3,865612e+003;-7,228109e-003
3,866094e+003;-7,212532e-003
3,866577e+003;-7,190697e-003
3,867059e+003;-7,171338e-003
3,867541e+003;-7,162180e-003
3,868023e+003;-7,168699e-003
3,868505e+003;-7,192229e-003
3,868987e+003;-7,228011e-003
3,869469e+003;-7,265029e-003
3,869951e+003;-7,290183e-003
3,870434e+003;-7,295950e-003
3,870916e+003;-7,281744e-003
3,871398e+003;-7,252255e-003
3,871880e+003;-7,213510e-003
3,872362e+003;-7,173066e-003
3,872844e+003;-7,138713e-003
3,873326e+003;-7,117657e-003
3,873808e+003;-7,115636e-003
3,874291e+003;-7,132553e-003
3,874773e+003;-7,162995e-003
3,875255e+003;-7,198323e-003
3,875737e+003;-7,230553e-003
3,876219e+003;-7,254080e-003
3,876701e+003;-7,265941e-003
3,877183e+003;-7,266397e-003
3,877665e+003;-7,257436e-003
3,878147e+003;-7,242741e-003
3,878630e+003;-7,225632e-003
3,879112e+003;-7,209273e-003
3,879594e+003;-7,194380e-003
3,880076e+003;-7,179584e-003
3,880558e+003;-7,162734e-003
3,881040e+003;-7,142690e-003
3,881522e+003;-7,120460e-003
3,882004e+003;-7,099599e-003
3,882487e+003;-7,083789e-003
3,882969e+003;-7,078052e-003
3,883451e+003;-7,086332e-003
3,883933e+003;-7,111758e-003
3,884415e+003;-7,153869e-003
3,884897e+003;-7,207611e-003
3,885379e+003;-7,263302e-003
3,885861e+003;-7,310286e-003
3,886344e+003;-7,342019e-003
3,886825e+003;-7,357396e-003
3,887308e+003;-7,359220e-003
3,887790e+003;-7,352248e-003
3,888272e+003;-7,341921e-003
3,888754e+003;-7,333320e-003
3,889236e+003;-7,331528e-003
3,889718e+003;-7,340162e-003
3,890200e+003;-7,359839e-003
3,890682e+003;-7,386812e-003
3,891165e+003;-7,413784e-003
3,891647e+003;-7,432675e-003
3,892129e+003;-7,438571e-003
3,892611e+003;-7,430819e-003
3,893093e+003;-7,412806e-003
3,893575e+003;-7,389516e-003
3,894057e+003;-7,365768e-003
3,894539e+003;-7,345049e-003
3,895021e+003;-7,329183e-003
3,895504e+003;-7,318790e-003
3,895986e+003;-7,314424e-003
3,896468e+003;-7,316802e-003
3,896950e+003;-7,327912e-003
3,897432e+003;-7,349154e-003
3,897914e+003;-7,381372e-003
3,898396e+003;-7,422122e-003
3,898878e+003;-7,465377e-003
3,899361e+003;-7,502634e-003
3,899843e+003;-7,525626e-003
3,900325e+003;-7,529924e-003
3,900807e+003;-7,516637e-003
3,901289e+003;-7,491692e-003
3,901771e+003;-7,464204e-003
3,902253e+003;-7,443196e-003
3,902735e+003;-7,433946e-003
3,903218e+003;-7,437561e-003
3,903700e+003;-7,450134e-003
3,904182e+003;-7,465735e-003
3,904664e+003;-7,478860e-003
3,905146e+003;-7,487263e-003
3,905628e+003;-7,491333e-003
3,906110e+003;-7,493515e-003
3,906592e+003;-7,495567e-003
3,907074e+003;-7,498400e-003
3,907557e+003;-7,501299e-003
3,908039e+003;-7,503155e-003
3,908521e+003;-7,502569e-003
3,909003e+003;-7,499377e-003
3,909485e+003;-7,493939e-003
3,909967e+003;-7,487979e-003
3,910449e+003;-7,483354e-003
3,910931e+003;-7,481563e-003
3,911414e+003;-7,482898e-003
3,911896e+003;-7,487263e-003
3,912378e+003;-7,493418e-003
3,912860e+003;-7,500126e-003
3,913342e+003;-7,506868e-003
3,913824e+003;-7,512762e-003
3,914306e+003;-7,517354e-003
3,914788e+003;-7,519829e-003
3,915271e+003;-7,518820e-003
3,915752e+003;-7,513120e-003
3,916235e+003;-7,501885e-003
3,916717e+003;-7,485471e-003
3,917199e+003;-7,465800e-003
3,917681e+003;-7,445541e-003
3,918163e+003;-7,427269e-003
3,918645e+003;-7,413165e-003
3,919127e+003;-7,404174e-003
3,919609e+003;-7,399679e-003
3,920092e+003;-7,398604e-003
3,920574e+003;-7,399972e-003
3,921056e+003;-7,403099e-003
3,921538e+003;-7,409060e-003
3,922020e+003;-7,419940e-003
3,922502e+003;-7,439060e-003
3,922984e+003;-7,469317e-003
3,923466e+003;-7,511590e-003
3,923948e+003;-7,563953e-003
3,924431e+003;-7,620607e-003
3,924913e+003;-7,672924e-003
3,925395e+003;-7,712833e-003
3,925877e+003;-7,734707e-003
3,926359e+003;-7,736334e-003
3,926841e+003;-7,719408e-003
3,927323e+003;-7,688615e-003
3,927805e+003;-7,650689e-003
3,928288e+003;-7,612337e-003
3,928770e+003;-7,579875e-003
3,929252e+003;-7,557115e-003
3,929734e+003;-7,544675e-003
3,930216e+003;-7,540703e-003
3,930698e+003;-7,542103e-003
3,931180e+003;-7,546141e-003
3,931662e+003;-7,552002e-003
3,932145e+003;-7,560599e-003
3,932627e+003;-7,574079e-003
3,933109e+003;-7,593420e-003
3,933591e+003;-7,617872e-003
3,934073e+003;-7,644340e-003
3,934555e+003;-7,668497e-003
3,935037e+003;-7,686336e-003
3,935519e+003;-7,694897e-003
3,936001e+003;-7,693660e-003
3,936484e+003;-7,684057e-003
3,936966e+003;-7,669701e-003
3,937448e+003;-7,654335e-003
3,937930e+003;-7,641118e-003
3,938412e+003;-7,631806e-003
3,938894e+003;-7,626467e-003
3,939376e+003;-7,624351e-003
3,939858e+003;-7,624904e-003
3,940341e+003;-7,627639e-003
3,940823e+003;-7,632718e-003
3,941305e+003;-7,639945e-003
3,941787e+003;-7,647889e-003
3,942269e+003;-7,653651e-003
3,942751e+003;-7,653782e-003
3,943233e+003;-7,645350e-003
3,943715e+003;-7,627379e-003
3,944198e+003;-7,601853e-003
3,944679e+003;-7,573103e-003
3,945162e+003;-7,547476e-003
3,945644e+003;-7,531390e-003
3,946126e+003;-7,530673e-003
3,946608e+003;-7,548225e-003
3,947090e+003;-7,583652e-003
3,947572e+003;-7,632588e-003
3,948054e+003;-7,687410e-003
3,948536e+003;-7,740045e-003
3,949019e+003;-7,783625e-003
3,949501e+003;-7,814054e-003
3,949983e+003;-7,830195e-003
3,950465e+003;-7,833580e-003
3,950947e+003;-7,826388e-003
3,951429e+003;-7,811613e-003
3,951911e+003;-7,791273e-003
3,952393e+003;-7,767254e-003
3,952875e+003;-7,740695e-003
3,953358e+003;-7,713256e-003
3,953840e+003;-7,686140e-003
3,954322e+003;-7,661432e-003
3,954804e+003;-7,640662e-003
3,955286e+003;-7,625198e-003
3,955768e+003;-7,615788e-003
3,956250e+003;-7,612825e-003
3,956732e+003;-7,615983e-003
3,957215e+003;-7,624676e-003
3,957697e+003;-7,638383e-003
3,958179e+003;-7,656777e-003
3,958661e+003;-7,679532e-003
3,959143e+003;-7,706127e-003
3,959625e+003;-7,735618e-003
3,960107e+003;-7,766180e-003
3,960589e+003;-7,795114e-003
3,961072e+003;-7,819391e-003
3,961554e+003;-7,835564e-003
3,962036e+003;-7,842106e-003
3,962518e+003;-7,838298e-003
3,963000e+003;-7,826257e-003
3,963482e+003;-7,809401e-003
3,963964e+003;-7,792673e-003
3,964446e+003;-7,780826e-003
3,964928e+003;-7,777930e-003
3,965411e+003;-7,786164e-003
3,965893e+003;-7,805495e-003
3,966375e+003;-7,833157e-003
3,966857e+003;-7,864721e-003
3,967339e+003;-7,895144e-003
3,967821e+003;-7,919644e-003
3,968303e+003;-7,934740e-003
3,968785e+003;-7,939328e-003
3,969268e+003;-7,934219e-003
3,969750e+003;-7,921466e-003
3,970232e+003;-7,904287e-003
3,970714e+003;-7,885936e-003
3,971196e+003;-7,868690e-003
3,971678e+003;-7,854406e-003
3,972160e+003;-7,843830e-003
3,972642e+003;-7,836768e-003
3,973125e+003;-7,832083e-003
3,973606e+003;-7,827982e-003
3,974089e+003;-7,821962e-003
3,974571e+003;-7,812297e-003
3,975053e+003;-7,797652e-003
3,975535e+003;-7,778548e-003
3,976017e+003;-7,758109e-003
3,976499e+003;-7,740403e-003
3,976981e+003;-7,730540e-003
3,977463e+003;-7,732233e-003
3,977946e+003;-7,746750e-003
3,978428e+003;-7,772136e-003
3,978910e+003;-7,803152e-003
3,979392e+003;-7,832766e-003
3,979874e+003;-7,853820e-003
3,980356e+003;-7,861012e-003
3,980838e+003;-7,852681e-003
3,981320e+003;-7,830520e-003
3,981802e+003;-7,799409e-003
3,982285e+003;-7,765074e-003
3,982767e+003;-7,733274e-003
3,983249e+003;-7,707494e-003
3,983731e+003;-7,689200e-003
3,984213e+003;-7,677839e-003
3,984695e+003;-7,672143e-003
3,985177e+003;-7,670320e-003
3,985659e+003;-7,671036e-003
3,986142e+003;-7,673575e-003
3,986624e+003;-7,677904e-003
3,987106e+003;-7,683406e-003
3,987588e+003;-7,690112e-003
3,988070e+003;-7,696915e-003
3,988552e+003;-7,702774e-003
3,989034e+003;-7,706192e-003
3,989516e+003;-7,705867e-003
3,989999e+003;-7,701050e-003
3,990481e+003;-7,691870e-003
3,990963e+003;-7,679923e-003
3,991445e+003;-7,667813e-003
3,991927e+003;-7,659121e-003
3,992409e+003;-7,657688e-003
3,992891e+003;-7,666608e-003
3,993373e+003;-7,686791e-003
3,993855e+003;-7,716967e-003
3,994338e+003;-7,753161e-003
3,994820e+003;-7,789320e-003
3,995302e+003;-7,819229e-003
3,995784e+003;-7,837485e-003
3,996266e+003;-7,841096e-003
3,996748e+003;-7,829740e-003
3,997230e+003;-7,806048e-003
3,997712e+003;-7,774577e-003
3,998195e+003;-7,740761e-003
3,998677e+003;-7,710196e-003
3,999159e+003;-7,687866e-003
3,999641e+003;-7,676993e-003
4,000123e+003;-7,679109e-003
