3,996748e+002;0,000000e+000
4,001569e+002;1,442582e-002
4,006390e+002;1,147291e-002
4,011211e+002;8,620622e-003
4,016032e+002;6,207380e-003
4,020854e+002;4,466060e-003
4,025675e+002;3,450733e-003
4,030496e+002;3,052173e-003
4,035317e+002;3,063618e-003
4,040138e+002;3,262941e-003
4,044959e+002;3,485369e-003
4,049781e+002;3,648429e-003
4,054602e+002;3,759276e-003
4,059423e+002;3,878810e-003
4,064244e+002;4,077605e-003
4,069065e+002;4,389707e-003
4,073886e+002;4,819348e-003
4,078708e+002;5,357249e-003
4,083529e+002;6,006164e-003
4,088350e+002;6,788062e-003
4,093171e+002;7,729026e-003
4,097992e+002;8,826232e-003
4,102813e+002;1,001827e-002
4,107635e+002;1,118356e-002
4,112456e+002;1,216760e-002
4,117277e+002;1,281050e-002
4,122098e+002;1,301513e-002
4,126919e+002;1,277283e-002
4,131740e+002;1,219087e-002
4,136562e+002;1,145083e-002
4,141383e+002;1,075525e-002
4,146204e+002;1,025097e-002
4,151025e+002;9,981953e-003
4,155846e+002;9,892928e-003
4,160667e+002;9,850457e-003
4,165489e+002;9,685491e-003
4,170310e+002;9,214018e-003
4,175131e+002;8,319549e-003
4,179952e+002;7,057023e-003
4,184773e+002;5,755077e-003
4,189594e+002;4,907337e-003
4,194416e+002;4,887098e-003
4,199237e+002;5,702130e-003
4,204058e+002;7,070865e-003
4,208879e+002;8,642592e-003
4,213700e+002;1,013665e-002
4,218521e+002;1,138661e-002
4,223343e+002;1,228494e-002
4,228164e+002;1,277668e-002
4,232985e+002;1,285138e-002
4,237806e+002;1,253642e-002
4,242627e+002;1,189508e-002
4,247448e+002;1,101064e-002
4,252270e+002;9,968730e-003
4,257091e+002;8,840468e-003
4,261912e+002;7,691689e-003
4,266733e+002;6,602254e-003
4,271554e+002;5,667251e-003
4,276375e+002;5,003222e-003
4,281197e+002;4,715833e-003
4,286018e+002;4,857477e-003
4,290839e+002;5,408543e-003
4,295660e+002;6,261531e-003
4,300481e+002;7,251180e-003
4,305302e+002;8,171877e-003
4,310124e+002;8,841651e-003
4,314945e+002;9,135303e-003
4,319766e+002;9,002711e-003
4,324587e+002;8,469536e-003
4,329408e+002;7,609203e-003
4,334229e+002;6,513449e-003
4,339051e+002;5,263936e-003
4,343872e+002;3,944909e-003
4,348693e+002;2,654712e-003
4,353514e+002;1,504503e-003
4,358335e+002;6,305344e-004
4,363156e+002;1,528079e-004
4,367978e+002;1,403122e-004
4,372799e+002;6,001738e-004
4,377620e+002;1,483922e-003
4,382441e+002;2,709555e-003
4,387262e+002;4,173774e-003
4,392083e+002;5,764310e-003
4,396905e+002;7,337709e-003
4,401726e+002;8,713205e-003
4,406547e+002;9,703314e-003
4,411368e+002;1,012146e-002
4,416189e+002;9,859710e-003
4,421010e+002;8,945918e-003
4,425832e+002;7,584926e-003
4,430653e+002;6,121277e-003
4,435474e+002;4,930796e-003
4,440295e+002;4,319792e-003
4,445116e+002;4,401857e-003
4,449937e+002;5,091584e-003
4,454759e+002;6,135189e-003
4,459580e+002;7,220488e-003
4,464401e+002;8,044270e-003
4,469222e+002;8,415177e-003
4,474043e+002;8,320394e-003
4,478864e+002;7,918287e-003
4,483686e+002;7,468783e-003
4,488507e+002;7,211190e-003
4,493328e+002;7,304147e-003
4,498149e+002;7,764746e-003
4,502970e+002;8,488220e-003
4,507791e+002;9,272878e-003
4,512613e+002;9,895504e-003
4,517434e+002;1,016711e-002
4,522255e+002;9,996396e-003
4,527076e+002;9,422991e-003
4,531897e+002;8,595815e-003
4,536718e+002;7,706259e-003
4,541540e+002;6,901633e-003
4,546361e+002;6,262842e-003
4,551182e+002;5,789023e-003
4,556003e+002;5,425854e-003
4,560824e+002;5,098558e-003
4,565645e+002;4,754757e-003
4,570467e+002;4,395531e-003
4,575288e+002;4,086803e-003
4,580109e+002;3,924513e-003
4,584930e+002;3,982995e-003
4,589751e+002;4,266251e-003
4,594572e+002;4,706120e-003
4,599394e+002;5,191935e-003
4,604215e+002;5,612167e-003
4,609036e+002;5,887420e-003
4,613857e+002;5,977441e-003
4,618678e+002;5,895615e-003
4,623499e+002;5,698471e-003
4,628321e+002;5,470244e-003
4,633142e+002;5,287078e-003
4,637963e+002;5,190494e-003
4,642784e+002;5,180568e-003
4,647606e+002;5,225972e-003
4,652427e+002;5,281510e-003
4,657248e+002;5,307370e-003
4,662069e+002;5,283690e-003
4,666890e+002;5,208031e-003
4,671711e+002;5,092020e-003
4,676533e+002;4,949864e-003
4,681354e+002;4,789799e-003
4,686175e+002;4,615324e-003
4,690996e+002;4,432518e-003
4,695817e+002;4,258555e-003
4,700638e+002;4,129617e-003
4,705460e+002;4,097640e-003
4,710281e+002;4,220278e-003
4,715102e+002;4,534123e-003
4,719923e+002;5,032115e-003
4,724744e+002;5,640799e-003
4,729565e+002;6,240757e-003
4,734387e+002;6,692086e-003
4,739208e+002;6,889446e-003
4,744029e+002;6,797520e-003
4,748850e+002;6,447429e-003
4,753671e+002;5,923628e-003
4,758492e+002;5,340107e-003
4,763314e+002;4,831443e-003
4,768135e+002;4,513566e-003
4,772956e+002;4,462746e-003
4,777777e+002;4,685655e-003
4,782598e+002;5,112202e-003
4,787419e+002;5,606260e-003
4,792241e+002;6,002871e-003
4,797062e+002;6,164696e-003
4,801883e+002;6,002771e-003
4,806704e+002;5,510276e-003
4,811525e+002;4,762931e-003
4,816346e+002;3,913981e-003
4,821168e+002;3,145913e-003
4,825989e+002;2,622576e-003
4,830810e+002;2,461299e-003
4,835631e+002;2,696018e-003
4,840452e+002;3,284441e-003
4,845273e+002;4,116672e-003
4,850095e+002;5,056619e-003
4,854916e+002;5,959099e-003
4,859737e+002;6,707127e-003
4,864558e+002;7,231303e-003
4,869379e+002;7,502358e-003
4,874200e+002;7,527104e-003
4,879022e+002;7,334272e-003
4,883843e+002;6,970819e-003
4,888664e+002;6,492932e-003
4,893485e+002;5,960779e-003
4,898306e+002;5,432531e-003
4,903127e+002;4,949027e-003
4,907949e+002;4,527896e-003
4,912770e+002;4,162434e-003
4,917591e+002;3,830939e-003
4,922412e+002;3,504975e-003
4,927233e+002;3,168208e-003
4,932054e+002;2,825198e-003
4,936876e+002;2,502821e-003
4,941697e+002;2,242160e-003
4,946518e+002;2,085752e-003
4,951339e+002;2,067840e-003
4,956160e+002;2,203094e-003
4,960981e+002;2,484459e-003
4,965803e+002;2,881731e-003
4,970624e+002;3,355358e-003
4,975445e+002;3,868213e-003
4,980266e+002;4,398644e-003
4,985087e+002;4,944435e-003
4,989908e+002;5,512490e-003
4,994730e+002;6,098527e-003
4,999551e+002;6,669307e-003
5,004372e+002;7,145603e-003
5,009193e+002;7,415931e-003
5,014014e+002;7,374072e-003
5,018835e+002;6,965129e-003
5,023657e+002;6,233765e-003
5,028478e+002;5,328099e-003
5,033299e+002;4,468236e-003
5,038120e+002;3,857248e-003
5,042941e+002;3,641580e-003
5,047762e+002;3,865538e-003
5,052584e+002;4,469475e-003
5,057405e+002;5,308040e-003
5,062226e+002;6,193196e-003
5,067047e+002;6,955903e-003
5,071868e+002;7,475019e-003
5,076689e+002;7,717592e-003
5,081511e+002;7,727812e-003
5,086332e+002;7,596626e-003
5,091153e+002;7,410033e-003
5,095974e+002;7,223891e-003
5,100795e+002;7,056687e-003
5,105616e+002;6,899613e-003
5,110438e+002;6,738423e-003
5,115259e+002;6,571136e-003
5,120080e+002;6,409665e-003
5,124901e+002;6,273196e-003
5,129722e+002;6,171586e-003
5,134543e+002;6,094832e-003
5,139365e+002;6,012245e-003
5,144186e+002;5,885942e-003
5,149007e+002;5,685144e-003
5,153828e+002;5,402504e-003
5,158649e+002;5,059402e-003
5,163470e+002;4,700660e-003
5,168292e+002;4,378561e-003
5,173113e+002;4,129316e-003
5,177934e+002;3,964838e-003
5,182755e+002;3,871957e-003
5,187576e+002;3,826828e-003
5,192397e+002;3,807474e-003
5,197219e+002;3,806270e-003
5,202040e+002;3,833012e-003
5,206861e+002;3,907294e-003
5,211682e+002;4,050414e-003
5,216503e+002;4,279803e-003
5,221324e+002;4,604374e-003
5,226146e+002;5,021690e-003
5,230967e+002;5,516148e-003
5,235788e+002;6,052663e-003
5,240609e+002;6,579748e-003
5,245430e+002;7,025739e-003
5,250251e+002;7,313043e-003
5,255073e+002;7,382767e-003
5,259894e+002;7,215367e-003
5,264715e+002;6,848041e-003
5,269536e+002;6,366188e-003
5,274357e+002;5,879964e-003
5,279178e+002;5,478633e-003
5,284000e+002;5,208199e-003
5,288821e+002;5,063726e-003
5,293642e+002;5,000541e-003
5,298463e+002;4,954959e-003
5,303284e+002;4,871282e-003
5,308105e+002;4,726083e-003
5,312927e+002;4,538108e-003
5,317748e+002;4,361726e-003
5,322569e+002;4,263006e-003
5,327390e+002;4,302223e-003
5,332211e+002;4,508242e-003
5,337032e+002;4,871550e-003
5,341854e+002;5,345340e-003
5,346675e+002;5,861123e-003
5,351496e+002;6,343963e-003
5,356317e+002;6,728899e-003
5,361138e+002;6,980247e-003
5,365959e+002;7,090870e-003
5,370781e+002;7,083461e-003
5,375602e+002;6,995736e-003
5,380423e+002;6,873759e-003
5,385244e+002;6,753802e-003
5,390065e+002;6,650633e-003
5,394886e+002;6,552400e-003
5,399708e+002;6,425638e-003
5,404529e+002;6,228488e-003
5,409350e+002;5,928767e-003
5,414171e+002;5,524806e-003
5,418992e+002;5,053267e-003
5,423813e+002;4,586458e-003
5,428635e+002;4,205423e-003
5,433456e+002;3,979651e-003
5,438277e+002;3,940228e-003
5,443098e+002;4,070815e-003
5,447919e+002;4,311292e-003
5,452740e+002;4,582038e-003
5,457562e+002;4,814992e-003
5,462383e+002;4,973325e-003
5,467204e+002;5,066006e-003
5,472025e+002;5,137650e-003
5,476846e+002;5,247771e-003
5,481667e+002;5,439342e-003
5,486489e+002;5,724624e-003
5,491310e+002;6,076418e-003
5,496131e+002;6,441578e-003
5,500952e+002;6,752860e-003
5,505773e+002;6,952873e-003
5,510594e+002;7,010821e-003
5,515416e+002;6,925670e-003
5,520237e+002;6,721664e-003
5,525058e+002;6,439728e-003
5,529879e+002;6,132031e-003
5,534700e+002;5,849033e-003
5,539521e+002;5,635831e-003
5,544343e+002;5,524873e-003
5,549164e+002;5,525981e-003
5,553985e+002;5,624989e-003
5,558806e+002;5,785263e-003
5,563627e+002;5,960779e-003
5,568448e+002;6,108037e-003
5,573270e+002;6,202473e-003
5,578091e+002;6,248354e-003
5,582912e+002;6,277599e-003
5,587733e+002;6,335861e-003
5,592554e+002;6,462260e-003
5,597375e+002;6,673849e-003
5,602197e+002;6,952772e-003
5,607018e+002;7,249967e-003
5,611839e+002;7,494369e-003
5,616660e+002;7,621679e-003
5,621481e+002;7,586409e-003
5,626302e+002;7,378757e-003
5,631124e+002;7,023078e-003
5,635945e+002;6,572213e-003
5,640766e+002;6,092479e-003
5,645587e+002;5,645196e-003
5,650408e+002;5,282751e-003
5,655229e+002;5,036339e-003
5,660051e+002;4,911091e-003
5,664872e+002;4,886427e-003
5,669693e+002;4,920407e-003
5,674514e+002;4,955998e-003
5,679335e+002;4,931533e-003
5,684156e+002;4,802898e-003
5,688978e+002;4,553978e-003
5,693799e+002;4,210910e-003
5,698620e+002;3,835419e-003
5,703441e+002;3,515698e-003
5,708262e+002;3,338262e-003
5,713083e+002;3,359966e-003
5,717905e+002;3,593134e-003
5,722726e+002;3,997608e-003
5,727547e+002;4,491972e-003
5,732368e+002;4,969068e-003
5,737189e+002;5,335747e-003
5,742010e+002;5,531317e-003
5,746832e+002;5,546486e-003
5,751653e+002;5,423338e-003
5,756474e+002;5,244350e-003
5,761295e+002;5,102849e-003
5,766116e+002;5,065838e-003
5,770938e+002;5,157432e-003
5,775759e+002;5,350439e-003
5,780580e+002;5,584980e-003
5,785401e+002;5,788520e-003
5,790222e+002;5,906900e-003
5,795043e+002;5,918589e-003
5,799865e+002;5,841510e-003
5,804686e+002;5,723852e-003
5,809507e+002;5,627372e-003
5,814328e+002;5,602199e-003
5,819149e+002;5,663860e-003
5,823970e+002;5,789964e-003
5,828792e+002;5,926382e-003
5,833613e+002;6,010497e-003
5,838434e+002;5,987754e-003
5,843255e+002;5,835767e-003
5,848076e+002;5,572931e-003
5,852897e+002;5,258972e-003
5,857719e+002;4,974263e-003
5,862540e+002;4,798509e-003
5,867361e+002;4,791306e-003
5,872182e+002;4,971247e-003
5,877003e+002;5,314615e-003
5,881824e+002;5,759710e-003
5,886646e+002;6,227917e-003
5,891467e+002;6,635762e-003
5,896288e+002;6,919442e-003
5,901109e+002;7,049210e-003
5,905930e+002;7,032036e-003
5,910751e+002;6,907288e-003
5,915573e+002;6,731659e-003
5,920394e+002;6,563601e-003
5,925215e+002;6,438921e-003
5,930036e+002;6,361749e-003
5,934857e+002;6,305838e-003
5,939678e+002;6,231748e-003
5,944500e+002;6,099300e-003
5,949321e+002;5,887286e-003
5,954142e+002;5,600655e-003
5,958963e+002;5,270744e-003
5,963784e+002;4,944771e-003
5,968605e+002;4,668037e-003
5,973427e+002;4,473927e-003
5,978248e+002;4,373139e-003
5,983069e+002;4,355635e-003
5,987890e+002;4,395163e-003
5,992711e+002;4,462110e-003
5,997532e+002;4,528498e-003
6,002354e+002;4,572930e-003
6,007175e+002;4,584081e-003
6,011996e+002;4,558700e-003
6,016817e+002;4,500777e-003
6,021638e+002;4,418761e-003
6,026459e+002;4,326218e-003
6,031281e+002;4,239383e-003
6,036102e+002;4,173473e-003
6,040923e+002;4,140288e-003
6,045744e+002;4,142563e-003
6,050565e+002;4,174477e-003
6,055386e+002;4,222218e-003
6,060208e+002;4,271973e-003
6,065029e+002;4,314472e-003
6,069850e+002;4,349778e-003
6,074671e+002;4,386159e-003
6,079492e+002;4,435263e-003
6,084313e+002;4,504125e-003
6,089135e+002;4,589505e-003
6,093956e+002;4,675138e-003
6,098777e+002;4,734725e-003
6,103598e+002;4,741693e-003
6,108419e+002;4,675373e-003
6,113240e+002;4,529704e-003
6,118062e+002;4,315509e-003
6,122883e+002;4,059042e-003
6,127704e+002;3,792600e-003
6,132525e+002;3,549203e-003
6,137346e+002;3,356092e-003
6,142167e+002;3,228324e-003
6,146989e+002;3,169310e-003
6,151810e+002;3,170211e-003
6,156631e+002;3,213502e-003
6,161452e+002;3,274759e-003
6,166273e+002;3,331584e-003
6,171094e+002;3,368748e-003
6,175916e+002;3,383173e-003
6,180737e+002;3,385144e-003
6,185558e+002;3,393793e-003
6,190379e+002;3,430761e-003
6,195200e+002;3,508984e-003
6,200021e+002;3,627413e-003
6,204843e+002;3,769136e-003
6,209664e+002;3,907729e-003
6,214485e+002;4,012824e-003
6,219306e+002;4,062554e-003
6,224127e+002;4,050849e-003
6,228948e+002;3,988345e-003
6,233770e+002;3,898936e-003
6,238591e+002;3,809947e-003
6,243412e+002;3,743735e-003
6,248233e+002;3,707676e-003
6,253054e+002;3,692270e-003
6,257875e+002;3,672956e-003
6,262697e+002;3,620530e-003
6,267518e+002;3,508917e-003
6,272339e+002;3,325040e-003
6,277160e+002;3,074497e-003
6,281981e+002;2,783112e-003
6,286802e+002;2,491590e-003
6,291624e+002;2,244991e-003
6,296445e+002;2,086518e-003
6,301266e+002;2,040775e-003
6,306087e+002;2,107759e-003
6,310908e+002;2,260179e-003
6,315729e+002;2,453402e-003
6,320551e+002;2,637277e-003
6,325372e+002;2,772842e-003
6,330193e+002;2,845376e-003
6,335014e+002;2,868156e-003
6,339835e+002;2,875827e-003
6,344656e+002;2,907281e-003
6,349478e+002;2,992382e-003
6,354299e+002;3,136568e-003
6,359120e+002;3,321033e-003
6,363941e+002;3,508683e-003
6,368762e+002;3,663098e-003
6,373583e+002;3,762719e-003
6,378405e+002;3,808978e-003
6,383226e+002;3,825223e-003
6,388047e+002;3,848523e-003
6,392868e+002;3,916222e-003
6,397689e+002;4,050882e-003
6,402510e+002;4,256815e-003
6,407332e+002;4,518119e-003
6,412153e+002;4,806482e-003
6,416974e+002;5,085885e-003
6,421795e+002;5,322900e-003
6,426616e+002;5,491954e-003
6,431437e+002;5,576422e-003
6,436259e+002;5,572831e-003
6,441080e+002;5,491954e-003
6,445901e+002;5,359161e-003
6,450722e+002;5,209540e-003
6,455543e+002;5,081259e-003
6,460364e+002;5,006641e-003
6,465186e+002;4,999937e-003
6,470007e+002;5,054742e-003
6,474828e+002;5,144825e-003
6,479649e+002;5,235731e-003
6,484470e+002;5,293584e-003
6,489291e+002;5,298548e-003
6,494113e+002;5,248877e-003
6,498934e+002;5,156258e-003
6,503755e+002;5,037378e-003
6,508576e+002;4,904623e-003
6,513397e+002;4,762562e-003
6,518218e+002;4,611507e-003
6,523040e+002;4,455582e-003
6,527861e+002;4,309385e-003
6,532682e+002;4,198765e-003
6,537503e+002;4,156044e-003
6,542324e+002;4,206695e-003
6,547145e+002;4,358112e-003
6,551967e+002;4,593892e-003
6,556788e+002;4,876207e-003
6,561609e+002;5,159511e-003
6,566431e+002;5,400021e-003
6,571251e+002;5,571622e-003
6,576073e+002;5,668057e-003
6,580894e+002;5,700015e-003
6,585715e+002;5,684908e-003
6,590536e+002;5,641638e-003
6,595358e+002;5,585517e-003
6,600178e+002;5,528599e-003
6,605000e+002;5,483531e-003
6,609821e+002;5,464036e-003
6,614642e+002;5,481988e-003
6,619463e+002;5,544438e-003
6,624285e+002;5,647680e-003
6,629105e+002;5,778211e-003
6,633927e+002;5,916473e-003
6,638748e+002;6,047858e-003
6,643569e+002;6,168225e-003
6,648390e+002;6,287919e-003
6,653212e+002;6,425940e-003
6,658032e+002;6,603835e-003
6,662854e+002;6,831313e-003
6,667675e+002;7,092520e-003
6,672496e+002;7,325680e-003
6,677317e+002;7,431301e-003
6,682139e+002;7,325443e-003
6,686959e+002;7,009979e-003
6,691781e+002;6,575577e-003
6,696602e+002;6,122386e-003
6,701423e+002;5,704347e-003
6,706244e+002;5,326824e-003
6,711066e+002;4,974699e-003
6,715886e+002;4,636255e-003
6,720708e+002;4,315609e-003
6,725529e+002;4,039043e-003
6,730350e+002;3,847420e-003
6,735171e+002;3,776991e-003
6,739993e+002;3,844946e-003
6,744813e+002;4,037270e-003
6,749635e+002;4,313936e-003
6,754456e+002;4,617233e-003
6,759277e+002;4,895777e-003
6,764098e+002;5,115723e-003
6,768920e+002;5,266082e-003
6,773740e+002;5,354129e-003
6,778562e+002;5,393244e-003
6,783383e+002;5,389453e-003
6,788204e+002;5,338833e-003
6,793025e+002;5,231338e-003
6,797847e+002;5,064765e-003
6,802667e+002;4,852819e-003
6,807489e+002;4,629657e-003
6,812310e+002;4,438577e-003
6,817131e+002;4,316580e-003
6,821952e+002;4,282982e-003
6,826774e+002;4,333313e-003
6,831594e+002;4,444234e-003
6,836416e+002;4,584550e-003
6,841237e+002;4,729198e-003
6,846058e+002;4,863072e-003
6,850879e+002;4,979022e-003
6,855701e+002;5,069626e-003
6,860521e+002;5,117902e-003
6,865343e+002;5,097351e-003
6,870164e+002;4,981938e-003
6,874985e+002;4,762361e-003
6,879806e+002;4,460972e-003
6,884628e+002;4,134200e-003
6,889448e+002;3,864067e-003
6,894270e+002;3,725388e-003
6,899091e+002;3,763855e-003
6,903912e+002;3,980186e-003
6,908733e+002;4,331204e-003
6,913555e+002;4,744239e-003
6,918375e+002;5,144188e-003
6,923197e+002;5,480914e-003
6,928018e+002;5,736275e-003
6,932839e+002;5,924299e-003
6,937660e+002;6,073864e-003
6,942482e+002;6,211582e-003
6,947302e+002;6,347661e-003
6,952124e+002;6,475006e-003
6,956945e+002;6,577864e-003
6,961766e+002;6,646696e-003
6,966587e+002;6,685659e-003
6,971409e+002;6,715708e-003
6,976229e+002;6,763191e-003
6,981051e+002;6,850768e-003
6,985872e+002;6,985298e-003
6,990693e+002;7,156415e-003
6,995514e+002;7,340338e-003
7,000336e+002;7,512236e-003
7,005156e+002;7,656279e-003
7,009978e+002;7,769772e-003
7,014799e+002;7,861398e-003
7,019620e+002;7,945755e-003
7,024441e+002;8,036169e-003
7,029263e+002;8,140073e-003
7,034083e+002;8,260448e-003
7,038905e+002;8,397846e-003
7,043726e+002;8,553368e-003
7,048547e+002;8,730819e-003
7,053368e+002;8,934383e-003
7,058190e+002;9,166808e-003
7,063010e+002;9,428003e-003
7,067832e+002;9,716088e-003
7,072653e+002;1,003037e-002
7,077474e+002;1,037468e-002
7,082295e+002;1,075658e-002
7,087117e+002;1,118567e-002
7,091937e+002;1,166756e-002
7,096759e+002;1,219984e-002
7,101580e+002;1,277105e-002
7,106401e+002;1,336410e-002
7,111222e+002;1,396542e-002
7,116044e+002;1,457035e-002
7,120864e+002;1,518728e-002
7,125686e+002;1,583264e-002
7,130507e+002;1,652584e-002
7,135328e+002;1,727824e-002
7,140149e+002;1,809115e-002
7,144971e+002;1,895750e-002
7,149791e+002;1,986900e-002
7,154613e+002;2,082494e-002
7,159434e+002;2,183562e-002
7,164255e+002;2,291834e-002
7,169076e+002;2,408859e-002
7,173898e+002;2,534773e-002
7,178718e+002;2,667575e-002
7,183540e+002;2,802720e-002
7,188361e+002;2,933963e-002
7,193182e+002;3,054670e-002
7,198003e+002;3,158486e-002
7,202825e+002;3,240592e-002
7,207645e+002;3,297844e-002
7,212467e+002;3,328570e-002
7,217288e+002;3,332634e-002
7,222109e+002;3,311284e-002
7,226930e+002;3,267336e-002
7,231752e+002;3,204691e-002
7,236572e+002;3,128450e-002
7,241394e+002;3,044235e-002
7,246215e+002;2,957267e-002
7,251036e+002;2,872249e-002
7,255857e+002;2,792437e-002
7,260679e+002;2,719328e-002
7,265499e+002;2,652730e-002
7,270321e+002;2,591183e-002
7,275142e+002;2,532596e-002
7,279963e+002;2,474975e-002
7,284784e+002;2,417136e-002
7,289606e+002;2,358926e-002
7,294426e+002;2,301273e-002
7,299248e+002;2,245724e-002
7,304069e+002;2,194027e-002
7,308890e+002;2,147473e-002
7,313711e+002;2,106552e-002
7,318533e+002;2,070906e-002
7,323353e+002;2,039480e-002
7,328175e+002;2,010888e-002
7,332996e+002;1,983734e-002
7,337817e+002;1,956967e-002
7,342638e+002;1,930057e-002
7,347460e+002;1,903019e-002
7,352280e+002;1,876288e-002
7,357102e+002;1,850608e-002
7,361923e+002;1,826711e-002
7,366744e+002;1,805077e-002
7,371565e+002;1,785683e-002
7,376387e+002;1,767762e-002
7,381207e+002;1,749841e-002
7,386029e+002;1,729769e-002
7,390850e+002;1,705329e-002
7,395671e+002;1,674876e-002
7,400492e+002;1,638010e-002
7,405314e+002;1,596001e-002
7,410134e+002;1,551949e-002
7,414956e+002;1,510363e-002
7,419777e+002;1,475689e-002
7,424598e+002;1,451529e-002
7,429419e+002;1,439434e-002
7,434241e+002;1,438550e-002
7,439061e+002;1,445637e-002
7,443883e+002;1,456001e-002
7,448704e+002;1,464828e-002
7,453525e+002;1,467892e-002
7,458346e+002;1,462823e-002
7,463168e+002;1,449251e-002
7,467988e+002;1,428561e-002
7,472810e+002;1,403160e-002
7,477631e+002;1,375891e-002
7,482452e+002;1,349503e-002
7,487273e+002;1,326102e-002
7,492095e+002;1,307171e-002
7,496915e+002;1,293364e-002
7,501737e+002;1,284562e-002
7,506558e+002;1,279784e-002
7,511379e+002;1,277457e-002
7,516200e+002;1,275689e-002
7,521022e+002;1,272485e-002
7,525842e+002;1,266385e-002
7,530664e+002;1,256906e-002
7,535485e+002;1,244503e-002
7,540306e+002;1,230372e-002
7,545127e+002;1,216007e-002
7,549949e+002;1,202481e-002
7,554769e+002;1,189924e-002
7,559591e+002;1,177506e-002
7,564412e+002;1,163669e-002
7,569233e+002;1,146948e-002
7,574054e+002;1,126584e-002
7,578876e+002;1,103056e-002
7,583696e+002;1,078012e-002
7,588518e+002;1,054075e-002
7,593339e+002;1,033810e-002
7,598160e+002;1,019184e-002
7,602981e+002;1,011128e-002
7,607803e+002;1,009334e-002
7,612623e+002;1,012770e-002
7,617445e+002;1,020056e-002
7,622266e+002;1,030114e-002
7,627087e+002;1,042317e-002
7,631908e+002;1,056401e-002
7,636730e+002;1,072231e-002
7,641550e+002;1,089630e-002
7,646372e+002;1,108154e-002
7,651193e+002;1,127247e-002
7,656014e+002;1,146196e-002
7,660835e+002;1,164302e-002
7,665657e+002;1,180662e-002
7,670477e+002;1,194106e-002
7,675299e+002;1,203265e-002
7,680120e+002;1,206756e-002
7,684941e+002;1,203680e-002
7,689762e+002;1,194068e-002
7,694584e+002;1,179116e-002
7,699404e+002;1,161137e-002
7,704226e+002;1,142672e-002
7,709047e+002;1,126091e-002
7,713868e+002;1,112590e-002
7,718689e+002;1,101938e-002
7,723511e+002;1,092752e-002
7,728331e+002;1,083280e-002
7,733153e+002;1,072268e-002
7,737974e+002;1,059565e-002
7,742795e+002;1,046139e-002
7,747616e+002;1,033575e-002
7,752438e+002;1,023146e-002
7,757258e+002;1,015029e-002
7,762080e+002;1,008029e-002
7,766901e+002;1,000087e-002
7,771722e+002;9,892013e-003
7,776543e+002;9,741873e-003
7,781365e+002;9,553612e-003
7,786185e+002;9,342917e-003
7,791007e+002;9,132123e-003
7,795828e+002;8,939322e-003
7,800649e+002;8,773011e-003
7,805470e+002;8,630153e-003
7,810292e+002;8,502715e-003
7,815112e+002;8,383355e-003
7,819934e+002;8,271795e-003
7,824755e+002;8,175321e-003
7,829576e+002;8,103376e-003
7,834397e+002;8,058953e-003
7,839219e+002;8,033638e-003
7,844039e+002;8,004578e-003
7,848861e+002;7,942954e-003
7,853682e+002;7,823106e-003
7,858503e+002;7,631459e-003
7,863324e+002;7,372926e-003
7,868146e+002;7,069989e-003
7,872966e+002;6,757134e-003
7,877788e+002;6,468314e-003
7,882609e+002;6,233698e-003
7,887430e+002;6,073393e-003
7,892251e+002;5,996757e-003
7,897073e+002;6,004887e-003
7,901893e+002;6,090093e-003
7,906715e+002;6,236556e-003
7,911536e+002;6,418879e-003
7,916357e+002;6,606459e-003
7,921178e+002;6,768744e-003
7,926000e+002;6,883858e-003
7,930820e+002;6,945736e-003
7,935642e+002;6,966341e-003
7,940463e+002;6,971796e-003
7,945284e+002;6,988901e-003
7,950105e+002;7,035808e-003
7,954927e+002;7,110775e-003
7,959747e+002;7,194278e-003
7,964569e+002;7,255122e-003
7,969390e+002;7,266342e-003
7,974211e+002;7,217220e-003
7,979032e+002;7,118993e-003
7,983854e+002;7,000349e-003
7,988674e+002;6,896044e-003
7,993496e+002;6,834443e-003
7,998317e+002;6,825826e-003
8,003138e+002;6,862550e-003
8,007959e+002;6,924424e-003
8,012781e+002;6,990685e-003
8,017601e+002;7,043890e-003
8,022423e+002;7,075984e-003
8,027244e+002;7,085145e-003
8,032065e+002;7,070696e-003
8,036886e+002;7,030891e-003
8,041708e+002;6,963917e-003
8,046528e+002;6,872076e-003
8,051350e+002;6,766187e-003
8,056171e+002;6,667322e-003
8,060992e+002;6,601715e-003
8,065813e+002;6,590513e-003
8,070635e+002;6,643164e-003
8,075455e+002;6,751413e-003
8,080277e+002;6,895068e-003
8,085098e+002;7,048436e-003
8,089919e+002;7,191685e-003
8,094740e+002;7,317457e-003
8,099562e+002;7,428807e-003
8,104382e+002;7,532363e-003
8,109204e+002;7,630110e-003
8,114025e+002;7,711689e-003
8,118846e+002;7,757865e-003
8,123668e+002;7,747476e-003
8,128489e+002;7,669903e-003
8,133310e+002;7,534588e-003
8,138131e+002;7,373128e-003
8,142952e+002;7,231538e-003
8,147773e+002;7,151059e-003
8,152595e+002;7,158874e-003
8,157416e+002;7,253909e-003
8,162237e+002;7,410370e-003
8,167058e+002;7,584555e-003
8,171879e+002;7,732399e-003
8,176700e+002;7,822465e-003
8,181522e+002;7,843382e-003
8,186343e+002;7,804923e-003
8,191164e+002;7,729768e-003
8,195985e+002;7,644138e-003
8,200806e+002;7,566651e-003
8,205627e+002;7,505089e-003
8,210449e+002;7,456682e-003
8,215270e+002;7,412594e-003
8,220091e+002;7,364568e-003
8,224912e+002;7,310549e-003
8,229733e+002;7,257144e-003
8,234554e+002;7,218265e-003
8,239376e+002;7,209775e-003
8,244197e+002;7,243532e-003
8,249018e+002;7,320625e-003
8,253839e+002;7,428975e-003
8,258660e+002;7,543118e-003
8,263481e+002;7,630649e-003
8,268303e+002;7,663495e-003
8,273124e+002;7,624951e-003
8,277945e+002;7,517698e-003
8,282766e+002;7,362613e-003
8,287587e+002;7,195121e-003
8,292408e+002;7,051703e-003
8,297230e+002;6,959001e-003
8,302051e+002;6,926612e-003
8,306872e+002;6,946779e-003
8,311693e+002;7,000147e-003
8,316514e+002;7,065544e-003
8,321335e+002;7,130176e-003
8,326157e+002;7,192257e-003
8,330978e+002;7,258896e-003
8,335799e+002;7,339125e-003
8,340620e+002;7,436087e-003
8,345441e+002;7,541971e-003
8,350262e+002;7,640800e-003
8,355084e+002;7,713241e-003
8,359905e+002;7,745958e-003
8,364726e+002;7,737593e-003
8,369547e+002;7,698941e-003
8,374368e+002;7,646870e-003
8,379189e+002;7,597132e-003
8,384011e+002;7,556738e-003
8,388832e+002;7,521810e-003
8,393653e+002;7,480784e-003
8,398474e+002;7,421358e-003
8,403295e+002;7,338990e-003
8,408116e+002;7,239624e-003
8,412938e+002;7,138731e-003
8,417759e+002;7,054902e-003
8,422580e+002;7,004424e-003
8,427401e+002;6,995163e-003
8,432222e+002;7,025974e-003
8,437043e+002;7,089994e-003
8,441865e+002;7,178748e-003
8,446686e+002;7,286558e-003
8,451507e+002;7,411347e-003
8,456328e+002;7,552996e-003
8,461149e+002;7,709362e-003
8,465970e+002;7,872735e-003
8,470792e+002;8,029419e-003
8,475613e+002;8,160837e-003
8,480434e+002;8,248155e-003
8,485255e+002;8,278549e-003
8,490076e+002;8,247243e-003
8,494897e+002;8,159925e-003
8,499719e+002;8,029588e-003
8,504540e+002;7,875637e-003
8,509361e+002;7,718064e-003
8,514182e+002;7,575755e-003
8,519003e+002;7,464468e-003
8,523824e+002;7,394091e-003
8,528646e+002;7,368275e-003
8,533467e+002;7,383980e-003
8,538288e+002;7,432009e-003
8,543109e+002;7,497268e-003
8,547930e+002;7,561256e-003
8,552751e+002;7,606371e-003
8,557573e+002;7,615374e-003
8,562394e+002;7,578149e-003
8,567215e+002;7,492448e-003
8,572036e+002;7,364703e-003
8,576857e+002;7,208663e-003
8,581678e+002;7,043519e-003
8,586500e+002;6,890389e-003
8,591321e+002;6,766557e-003
8,596142e+002;6,685626e-003
8,600963e+002;6,653560e-003
8,605784e+002;6,670451e-003
8,610605e+002;6,732534e-003
8,615427e+002;6,834880e-003
8,620248e+002;6,973143e-003
8,625069e+002;7,140651e-003
8,629890e+002;7,328240e-003
8,634711e+002;7,520125e-003
8,639532e+002;7,692533e-003
8,644354e+002;7,818889e-003
8,649175e+002;7,873005e-003
8,653996e+002;7,837580e-003
8,658817e+002;7,711554e-003
8,663638e+002;7,513045e-003
8,668459e+002;7,276922e-003
8,673281e+002;7,045843e-003
8,678102e+002;6,864468e-003
8,682923e+002;6,765682e-003
8,687744e+002;6,766120e-003
8,692565e+002;6,866421e-003
8,697386e+002;7,053757e-003
8,702208e+002;7,306034e-003
8,707029e+002;7,595648e-003
8,711850e+002;7,894667e-003
8,716671e+002;8,173127e-003
8,721492e+002;8,403184e-003
8,726313e+002;8,561647e-003
8,731135e+002;8,632046e-003
8,735956e+002;8,610111e-003
8,740777e+002;8,504676e-003
8,745598e+002;8,338126e-003
8,750419e+002;8,139364e-003
8,755240e+002;7,936914e-003
8,760062e+002;7,752434e-003
8,764883e+002;7,595243e-003
8,769704e+002;7,464165e-003
8,774525e+002;7,352133e-003
8,779346e+002;7,253033e-003
8,784167e+002;7,165443e-003
8,788989e+002;7,094541e-003
8,793810e+002;7,047662e-003
8,798631e+002;7,030521e-003
8,803452e+002;7,042644e-003
8,808273e+002;7,075950e-003
8,813094e+002;7,116703e-003
8,817916e+002;7,150992e-003
8,822737e+002;7,169721e-003
8,827558e+002;7,171776e-003
8,832379e+002;7,163691e-003
8,837200e+002;7,158537e-003
8,842021e+002;7,169350e-003
8,846843e+002;7,205833e-003
8,851664e+002;7,271497e-003
8,856485e+002;7,362715e-003
8,861306e+002;7,470266e-003
8,866127e+002;7,581486e-003
8,870948e+002;7,682887e-003
8,875770e+002;7,763701e-003
8,880591e+002;7,816730e-003
8,885412e+002;7,839772e-003
8,890233e+002;7,835656e-003
8,895054e+002;7,811805e-003
8,899875e+002;7,777733e-003
8,904697e+002;7,745418e-003
8,909518e+002;7,725687e-003
8,914339e+002;7,727440e-003
8,919160e+002;7,757190e-003
8,923981e+002;7,817573e-003
8,928802e+002;7,906037e-003
8,933624e+002;8,015344e-003
8,938445e+002;8,132106e-003
8,943266e+002;8,240219e-003
8,948087e+002;8,322049e-003
8,952908e+002;8,364811e-003
8,957729e+002;8,364743e-003
8,962551e+002;8,328905e-003
8,967372e+002;8,274090e-003
8,972193e+002;8,222458e-003
8,977014e+002;8,193756e-003
8,981835e+002;8,197268e-003
8,986656e+002;8,228839e-003
8,991478e+002;8,272537e-003
8,996299e+002;8,306986e-003
9,001120e+002;8,312288e-003
9,005941e+002;8,280001e-003
9,010762e+002;8,215164e-003
9,015583e+002;8,135245e-003
9,020405e+002;8,061619e-003
9,025226e+002;8,013926e-003
9,030047e+002;8,003059e-003
9,034868e+002;8,029385e-003
9,039689e+002;8,083392e-003
9,044510e+002;8,151552e-003
9,049332e+002;8,220364e-003
9,054153e+002;8,278380e-003
9,058974e+002;8,318266e-003
9,063795e+002;8,337045e-003
9,068616e+002;8,334647e-003
9,073438e+002;8,315125e-003
9,078259e+002;8,285337e-003
9,083080e+002;8,255044e-003
9,087901e+002;8,232689e-003
9,092722e+002;8,222863e-003
9,097543e+002;8,222998e-003
9,102365e+002;8,223268e-003
9,107186e+002;8,209323e-003
9,112007e+002;8,168568e-003
9,116829e+002;8,096929e-003
9,121649e+002;8,002046e-003
9,126471e+002;7,901449e-003
9,131292e+002;7,816291e-003
9,136113e+002;7,763869e-003
9,140934e+002;7,749129e-003
9,145756e+002;7,765117e-003
9,150576e+002;7,795005e-003
9,155398e+002;7,822567e-003
9,160219e+002;7,838085e-003
9,165040e+002;7,843483e-003
9,169861e+002;7,849353e-003
9,174683e+002;7,870272e-003
9,179503e+002;7,915924e-003
9,184325e+002;7,986083e-003
9,189146e+002;8,070565e-003
9,193967e+002;8,153780e-003
9,198788e+002;8,221107e-003
9,203610e+002;8,263014e-003
9,208430e+002;8,278211e-003
9,213252e+002;8,271660e-003
9,218073e+002;8,251566e-003
9,222894e+002;8,225598e-003
9,227715e+002;8,202096e-003
9,232537e+002;8,190414e-003
9,237357e+002;8,201050e-003
9,242179e+002;8,246331e-003
9,247000e+002;8,336505e-003
9,251821e+002;8,474165e-003
9,256642e+002;8,651650e-003
9,261464e+002;8,851424e-003
9,266284e+002;9,050681e-003
9,271106e+002;9,226372e-003
9,275927e+002;9,364145e-003
9,280748e+002;9,459731e-003
9,285569e+002;9,517676e-003
9,290391e+002;9,546058e-003
9,295211e+002;9,551579e-003
9,300033e+002;9,536744e-003
9,304854e+002;9,501318e-003
9,309675e+002;9,447608e-003
9,314496e+002;9,383918e-003
9,319318e+002;9,325584e-003
9,324138e+002;9,290548e-003
9,328960e+002;9,291225e-003
9,333781e+002;9,327616e-003
9,338602e+002;9,385543e-003
9,343423e+002;9,441717e-003
9,348245e+002;9,473006e-003
9,353065e+002;9,466166e-003
9,357887e+002;9,425598e-003
9,362708e+002;9,371221e-003
9,367529e+002;9,330560e-003
9,372350e+002;9,325990e-003
9,377172e+002;9,368411e-003
9,381992e+002;9,452315e-003
9,386814e+002;9,562316e-003
9,391635e+002;9,679088e-003
9,396456e+002;9,789146e-003
9,401277e+002;9,887844e-003
9,406099e+002;9,976697e-003
9,410919e+002;1,005818e-002
9,415741e+002;1,013014e-002
9,420562e+002;1,018404e-002
9,425383e+002;1,020985e-002
9,430204e+002;1,020161e-002
9,435026e+002;1,016433e-002
9,439846e+002;1,011467e-002
9,444668e+002;1,007795e-002
9,449489e+002;1,007801e-002
9,454310e+002;1,012858e-002
9,459131e+002;1,023003e-002
9,463953e+002;1,037020e-002
9,468773e+002;1,053043e-002
9,473595e+002;1,069395e-002
9,478416e+002;1,085179e-002
9,483237e+002;1,100378e-002
9,488058e+002;1,115493e-002
9,492880e+002;1,130920e-002
9,497700e+002;1,146468e-002
9,502522e+002;1,161276e-002
9,507343e+002;1,174077e-002
9,512164e+002;1,183604e-002
9,516985e+002;1,189127e-002
9,521807e+002;1,190540e-002
9,526627e+002;1,188377e-002
9,531449e+002;1,183423e-002
9,536270e+002;1,176529e-002
9,541091e+002;1,168478e-002
9,545912e+002;1,160003e-002
9,550734e+002;1,151844e-002
9,555554e+002;1,144692e-002
9,560376e+002;1,139052e-002
9,565197e+002;1,135147e-002
9,570018e+002;1,132808e-002
9,574839e+002;1,131672e-002
9,579661e+002;1,131413e-002
9,584481e+002;1,132114e-002
9,589303e+002;1,134345e-002
9,594124e+002;1,139001e-002
9,598945e+002;1,146852e-002
9,603766e+002;1,157968e-002
9,608588e+002;1,171388e-002
9,613408e+002;1,185360e-002
9,618230e+002;1,197546e-002
9,623051e+002;1,205891e-002
9,627872e+002;1,209373e-002
9,632693e+002;1,208184e-002
9,637515e+002;1,203595e-002
9,642335e+002;1,197386e-002
9,647157e+002;1,191306e-002
9,651978e+002;1,186477e-002
9,656799e+002;1,183341e-002
9,661620e+002;1,181799e-002
9,666442e+002;1,181601e-002
9,671262e+002;1,182545e-002
9,676084e+002;1,184550e-002
9,680905e+002;1,187536e-002
9,685726e+002;1,191204e-002
9,690547e+002;1,194834e-002
9,695369e+002;1,197512e-002
9,700189e+002;1,198183e-002
9,705011e+002;1,196112e-002
9,709832e+002;1,191003e-002
9,714653e+002;1,183089e-002
9,719474e+002;1,173019e-002
9,724296e+002;1,161620e-002
9,729116e+002;1,149938e-002
9,733938e+002;1,138882e-002
9,738759e+002;1,129363e-002
9,743580e+002;1,122143e-002
9,748401e+002;1,117608e-002
9,753223e+002;1,115667e-002
9,758043e+002;1,115656e-002
9,762865e+002;1,116476e-002
9,767686e+002;1,116812e-002
9,772507e+002;1,115639e-002
9,777328e+002;1,112614e-002
9,782150e+002;1,108154e-002
9,786970e+002;1,103209e-002
9,791792e+002;1,098842e-002
9,796613e+002;1,095665e-002
9,801434e+002;1,093490e-002
9,806255e+002;1,091285e-002
9,811077e+002;1,087622e-002
9,815897e+002;1,081337e-002
9,820719e+002;1,071949e-002
9,825540e+002;1,060091e-002
9,830361e+002;1,047164e-002
9,835182e+002;1,035007e-002
9,840004e+002;1,025188e-002
9,844824e+002;1,018427e-002
9,849646e+002;1,014469e-002
9,854467e+002;1,012180e-002
9,859288e+002;1,009816e-002
9,864109e+002;1,005492e-002
9,868931e+002;9,978427e-003
9,873751e+002;9,861303e-003
9,878573e+002;9,705075e-003
9,883394e+002;9,519945e-003
9,888215e+002;9,324433e-003
9,893036e+002;9,141495e-003
9,897858e+002;8,993983e-003
9,902678e+002;8,901340e-003
9,907500e+002;8,873744e-003
9,912321e+002;8,909694e-003
9,917142e+002;8,996047e-003
9,921963e+002;9,112091e-003
9,926785e+002;9,233547e-003
9,931605e+002;9,338991e-003
9,936427e+002;9,415948e-003
9,941248e+002;9,461933e-003
9,946069e+002;9,483640e-003
9,950890e+002;9,491937e-003
9,955712e+002;9,498812e-003
9,960532e+002;9,510835e-003
9,965354e+002;9,528277e-003
9,970175e+002;9,544535e-003
9,974996e+002;9,548768e-003
9,979817e+002;9,528717e-003
9,984639e+002;9,474022e-003
9,989459e+002;9,379550e-003
9,994281e+002;9,247323e-003
9,999102e+002;9,087290e-003
1,000392e+003;8,916830e-003
1,000874e+003;8,758507e-003
1,001357e+003;8,634885e-003
1,001839e+003;8,561174e-003
1,002321e+003;8,541372e-003
1,002803e+003;8,564250e-003
1,003285e+003;8,605515e-003
1,003767e+003;8,631065e-003
1,004249e+003;8,609773e-003
1,004731e+003;8,522043e-003
1,005214e+003;8,368154e-003
1,005696e+003;8,169345e-003
1,006178e+003;7,964113e-003
1,006660e+003;7,797298e-003
1,007142e+003;7,703628e-003
1,007624e+003;7,701166e-003
1,008106e+003;7,782051e-003
1,008588e+003;7,918219e-003
1,009070e+003;8,066379e-003
1,009552e+003;8,185315e-003
1,010035e+003;8,246264e-003
1,010517e+003;8,238869e-003
1,010999e+003;8,171640e-003
1,011481e+003;8,065806e-003
1,011963e+003;7,946970e-003
1,012445e+003;7,835386e-003
1,012927e+003;7,742417e-003
1,013409e+003;7,670780e-003
1,013892e+003;7,618105e-003
1,014374e+003;7,581587e-003
1,014856e+003;7,560413e-003
1,015338e+003;7,555693e-003
1,015820e+003;7,566920e-003
1,016302e+003;7,589882e-003
1,016784e+003;7,615306e-003
1,017266e+003;7,632167e-003
1,017749e+003;7,632875e-003
1,018231e+003;7,618813e-003
1,018713e+003;7,602021e-003
1,019195e+003;7,600133e-003
1,019677e+003;7,630886e-003
1,020159e+003;7,702043e-003
1,020641e+003;7,805294e-003
1,021123e+003;7,917443e-003
1,021605e+003;8,007616e-003
1,022088e+003;8,049974e-003
1,022570e+003;8,031782e-003
1,023052e+003;7,960130e-003
1,023534e+003;7,858666e-003
1,024016e+003;7,759619e-003
1,024498e+003;7,688148e-003
1,024980e+003;7,656076e-003
1,025462e+003;7,658302e-003
1,025944e+003;7,678233e-003
1,026427e+003;7,695972e-003
1,026909e+003;7,697962e-003
1,027391e+003;7,682280e-003
1,027873e+003;7,655941e-003
1,028355e+003;7,629537e-003
1,028837e+003;7,609305e-003
1,029319e+003;7,593793e-003
1,029801e+003;7,574676e-003
1,030284e+003;7,541870e-003
1,030766e+003;7,489717e-003
1,031248e+003;7,421526e-003
1,031730e+003;7,348662e-003
1,032212e+003;7,286255e-003
1,032694e+003;7,245284e-003
1,033176e+003;7,229146e-003
1,033658e+003;7,232280e-003
1,034141e+003;7,244274e-003
1,034623e+003;7,254314e-003
1,035105e+003;7,256369e-003
1,035587e+003;7,249664e-003
1,036069e+003;7,235514e-003
1,036551e+003;7,213481e-003
1,037033e+003;7,178277e-003
1,037515e+003;7,120004e-003
1,037997e+003;7,029948e-003
1,038479e+003;6,905033e-003
1,038962e+003;6,753162e-003
1,039444e+003;6,591993e-003
1,039926e+003;6,445647e-003
1,040408e+003;6,335188e-003
1,040890e+003;6,272120e-003
1,041372e+003;6,255548e-003
1,041854e+003;6,274237e-003
1,042336e+003;6,312394e-003
1,042819e+003;6,355798e-003
1,043301e+003;6,398265e-003
1,043783e+003;6,439963e-003
1,044265e+003;6,485365e-003
1,044747e+003;6,535884e-003
1,045229e+003;6,586880e-003
1,045711e+003;6,626813e-003
1,046193e+003;6,641280e-003
1,046676e+003;6,619412e-003
1,047158e+003;6,559867e-003
1,047640e+003;6,472786e-003
1,048122e+003;6,378595e-003
1,048604e+003;6,300795e-003
1,049086e+003;6,257766e-003
1,049568e+003;6,258875e-003
1,050050e+003;6,300493e-003
1,050532e+003;6,368373e-003
1,051015e+003;6,442721e-003
1,051497e+003;6,506958e-003
1,051979e+003;6,550482e-003
1,052461e+003;6,572953e-003
1,052943e+003;6,581800e-003
1,053425e+003;6,589436e-003
1,053907e+003;6,607367e-003
1,054389e+003;6,640540e-003
1,054871e+003;6,685827e-003
1,055354e+003;6,732567e-003
1,055836e+003;6,765648e-003
1,056318e+003;6,770494e-003
1,056800e+003;6,739230e-003
1,057282e+003;6,674017e-003
1,057764e+003;6,587822e-003
1,058246e+003;6,500265e-003
1,058728e+003;6,432430e-003
1,059211e+003;6,400148e-003
1,059693e+003;6,407849e-003
1,060175e+003;6,446857e-003
1,060657e+003;6,499995e-003
1,061139e+003;6,545975e-003
1,061621e+003;6,566696e-003
1,062103e+003;6,554687e-003
1,062585e+003;6,514626e-003
1,063068e+003;6,461991e-003
1,063550e+003;6,416760e-003
1,064032e+003;6,398299e-003
1,064514e+003;6,418711e-003
1,064996e+003;6,480757e-003
1,065478e+003;6,578100e-003
1,065960e+003;6,698412e-003
1,066442e+003;6,829630e-003
1,066924e+003;6,961661e-003
1,067406e+003;7,088412e-003
1,067889e+003;7,207686e-003
1,068371e+003;7,318165e-003
1,068853e+003;7,418055e-003
1,069335e+003;7,504853e-003
1,069817e+003;7,575687e-003
1,070299e+003;7,630278e-003
1,070781e+003;7,671825e-003
1,071263e+003;7,707001e-003
1,071746e+003;7,744069e-003
1,072228e+003;7,790181e-003
1,072710e+003;7,848139e-003
1,073192e+003;7,915182e-003
1,073674e+003;7,984193e-003
1,074156e+003;8,046801e-003
1,074638e+003;8,097739e-003
1,075120e+003;8,136394e-003
1,075603e+003;8,166644e-003
1,076085e+003;8,192271e-003
1,076567e+003;8,213307e-003
1,077049e+003;8,221377e-003
1,077531e+003;8,200171e-003
1,078013e+003;8,130047e-003
1,078495e+003;7,997592e-003
1,078977e+003;7,803236e-003
1,079459e+003;7,566685e-003
1,079942e+003;7,323792e-003
1,080424e+003;7,121890e-003
1,080906e+003;7,001056e-003
1,081388e+003;6,982907e-003
1,081870e+003;7,062176e-003
1,082352e+003;7,209067e-003
1,082834e+003;7,375824e-003
1,083316e+003;7,512101e-003
1,083798e+003;7,581587e-003
1,084281e+003;7,567090e-003
1,084763e+003;7,474548e-003
1,085245e+003;7,325309e-003
1,085727e+003;7,148432e-003
1,086209e+003;6,970112e-003
1,086691e+003;6,807146e-003
1,087173e+003;6,668466e-003
1,087655e+003;6,555865e-003
1,088138e+003;6,468986e-003
1,088620e+003;6,406437e-003
1,089102e+003;6,367533e-003
1,089584e+003;6,350385e-003
1,090066e+003;6,351124e-003
1,090548e+003;6,363935e-003
1,091030e+003;6,382562e-003
1,091512e+003;6,401494e-003
1,091995e+003;6,417231e-003
1,092477e+003;6,427353e-003
1,092959e+003;6,429976e-003
1,093441e+003;6,423351e-003
1,093923e+003;6,405966e-003
1,094405e+003;6,379234e-003
1,094887e+003;6,349376e-003
1,095369e+003;6,328699e-003
1,095851e+003;6,332061e-003
1,096333e+003;6,372475e-003
1,096816e+003;6,453247e-003
1,097298e+003;6,565115e-003
1,097780e+003;6,685222e-003
1,098262e+003;6,784293e-003
1,098744e+003;6,837708e-003
1,099226e+003;6,832995e-003
1,099708e+003;6,776855e-003
1,100190e+003;6,692086e-003
1,100673e+003;6,610799e-003
1,101155e+003;6,559901e-003
1,101637e+003;6,552131e-003
1,102119e+003;6,581834e-003
1,102601e+003;6,629168e-003
1,103083e+003;6,668062e-003
1,103565e+003;6,678761e-003
1,104047e+003;6,655815e-003
1,104530e+003;6,611135e-003
1,105012e+003;6,568378e-003
1,105494e+003;6,552265e-003
1,105976e+003;6,581329e-003
1,106458e+003;6,658674e-003
1,106940e+003;6,771605e-003
1,107422e+003;6,894327e-003
1,107904e+003;6,998464e-003
1,108386e+003;7,059280e-003
1,108869e+003;7,062951e-003
1,109351e+003;7,010417e-003
1,109833e+003;6,915065e-003
1,110315e+003;6,799439e-003
1,110797e+003;6,687678e-003
1,111279e+003;6,602489e-003
1,111761e+003;6,558219e-003
1,112243e+003;6,559834e-003
1,112725e+003;6,603397e-003
1,113208e+003;6,678358e-003
1,113690e+003;6,771874e-003
1,114172e+003;6,870225e-003
1,114654e+003;6,963109e-003
1,115136e+003;7,042408e-003
1,115618e+003;7,102287e-003
1,116100e+003;7,139539e-003
1,116582e+003;7,152171e-003
1,117065e+003;7,141695e-003
1,117547e+003;7,113436e-003
1,118029e+003;7,078678e-003
1,118511e+003;7,052511e-003
1,118993e+003;7,050355e-003
1,119475e+003;7,084202e-003
1,119957e+003;7,157291e-003
1,120439e+003;7,261692e-003
1,120922e+003;7,380172e-003
1,121404e+003;7,491032e-003
1,121886e+003;7,573900e-003
1,122368e+003;7,615340e-003
1,122850e+003;7,612878e-003
1,123332e+003;7,574372e-003
1,123814e+003;7,514158e-003
1,124296e+003;7,447278e-003
1,124778e+003;7,387485e-003
1,125260e+003;7,343034e-003
1,125743e+003;7,316885e-003
1,126225e+003;7,308561e-003
1,126707e+003;7,314728e-003
1,127189e+003;7,330364e-003
1,127671e+003;7,349235e-003
1,128153e+003;7,363793e-003
1,128635e+003;7,368241e-003
1,129117e+003;7,359345e-003
1,129600e+003;7,339496e-003
1,130082e+003;7,316986e-003
1,130564e+003;7,304349e-003
1,131046e+003;7,312672e-003
1,131528e+003;7,348291e-003
1,132010e+003;7,408347e-003
1,132492e+003;7,480817e-003
1,132974e+003;7,547332e-003
1,133457e+003;7,591197e-003
1,133939e+003;7,602088e-003
1,134421e+003;7,581587e-003
1,134903e+003;7,541971e-003
1,135385e+003;7,502999e-003
1,135867e+003;7,484998e-003
1,136349e+003;7,501280e-003
1,136831e+003;7,556738e-003
1,137313e+003;7,645892e-003
1,137796e+003;7,758540e-003
1,138278e+003;7,881407e-003
1,138760e+003;8,004679e-003
1,139242e+003;8,122619e-003
1,139724e+003;8,232588e-003
1,140206e+003;8,334580e-003
1,140688e+003;8,428656e-003
1,141170e+003;8,514339e-003
1,141652e+003;8,591759e-003
1,142135e+003;8,662264e-003
1,142617e+003;8,728757e-003
1,143099e+003;8,795395e-003
1,143581e+003;8,866237e-003
1,144063e+003;8,943279e-003
1,144545e+003;9,026188e-003
1,145027e+003;9,112903e-003
1,145509e+003;9,200718e-003
1,145992e+003;9,289430e-003
1,146474e+003;9,381615e-003
1,146956e+003;9,482082e-003
1,147438e+003;9,596562e-003
1,147920e+003;9,729404e-003
1,148402e+003;9,880285e-003
1,148884e+003;1,004417e-002
1,149366e+003;1,021182e-002
1,149849e+003;1,037247e-002
1,150331e+003;1,051519e-002
1,150813e+003;1,063228e-002
1,151295e+003;1,071908e-002
1,151777e+003;1,077482e-002
1,152259e+003;1,080087e-002
1,152741e+003;1,079992e-002
1,153223e+003;1,077608e-002
1,153705e+003;1,073294e-002
1,154188e+003;1,067527e-002
1,154670e+003;1,060909e-002
1,155152e+003;1,054031e-002
1,155634e+003;1,047639e-002
1,156116e+003;1,042436e-002
1,156598e+003;1,038927e-002
1,157080e+003;1,037325e-002
1,157562e+003;1,037376e-002
1,158044e+003;1,038370e-002
1,158527e+003;1,039215e-002
1,159009e+003;1,038761e-002
1,159491e+003;1,036063e-002
1,159973e+003;1,030681e-002
1,160455e+003;1,022810e-002
1,160937e+003;1,013272e-002
1,161419e+003;1,003288e-002
1,161901e+003;9,940489e-003
1,162384e+003;9,864862e-003
1,162866e+003;9,810328e-003
1,163348e+003;9,776201e-003
1,163830e+003;9,757597e-003
1,164312e+003;9,748617e-003
1,164794e+003;9,744111e-003
1,165276e+003;9,740450e-003
1,165758e+003;9,736893e-003
1,166240e+003;9,734114e-003
1,166723e+003;9,733606e-003
1,167205e+003;9,736181e-003
1,167687e+003;9,741534e-003
1,168169e+003;9,746889e-003
1,168651e+003;9,747533e-003
1,169133e+003;9,736893e-003
1,169615e+003;9,707346e-003
1,170097e+003;9,652764e-003
1,170579e+003;9,569057e-003
1,171062e+003;9,455668e-003
1,171544e+003;9,317020e-003
1,172026e+003;9,161022e-003
1,172508e+003;8,997163e-003
1,172990e+003;8,835226e-003
1,173472e+003;8,683525e-003
1,173954e+003;8,547792e-003
1,174436e+003;8,433454e-003
1,174919e+003;8,345186e-003
1,175401e+003;8,287667e-003
1,175883e+003;8,264568e-003
1,176365e+003;8,276117e-003
1,176847e+003;8,316746e-003
1,177329e+003;8,374201e-003
1,177811e+003;8,432102e-003
1,178293e+003;8,472881e-003
1,178776e+003;8,482747e-003
1,179258e+003;8,455920e-003
1,179740e+003;8,395853e-003
1,180222e+003;8,313403e-003
1,180704e+003;8,220972e-003
1,181186e+003;8,128865e-003
1,181668e+003;8,041232e-003
1,182150e+003;7,956453e-003
1,182632e+003;7,870103e-003
1,183115e+003;7,779588e-003
1,183597e+003;7,686967e-003
1,184079e+003;7,600133e-003
1,184561e+003;7,529699e-003
1,185043e+003;7,485267e-003
1,185525e+003;7,471615e-003
1,186007e+003;7,486616e-003
1,186489e+003;7,521810e-003
1,186971e+003;7,565403e-003
1,187454e+003;7,606742e-003
1,187936e+003;7,637899e-003
1,188418e+003;7,656279e-003
1,188900e+003;7,663327e-003
1,189382e+003;7,663529e-003
1,189864e+003;7,662956e-003
1,190346e+003;7,667643e-003
1,190828e+003;7,683696e-003
1,191311e+003;7,716512e-003
1,191793e+003;7,768524e-003
1,192275e+003;7,838187e-003
1,192757e+003;7,918894e-003
1,193239e+003;7,998199e-003
1,193721e+003;8,060168e-003
1,194203e+003;8,090650e-003
1,194685e+003;8,079712e-003
1,195167e+003;8,026483e-003
1,195650e+003;7,938972e-003
1,196132e+003;7,832654e-003
1,196614e+003;7,724573e-003
1,197096e+003;7,628727e-003
1,197578e+003;7,553536e-003
1,198060e+003;7,500740e-003
1,198542e+003;7,467098e-003
1,199024e+003;7,447918e-003
1,199506e+003;7,439963e-003
1,199989e+003;7,442929e-003
1,200471e+003;7,458064e-003
1,200953e+003;7,486076e-003
1,201435e+003;7,525519e-003
1,201917e+003;7,570663e-003
1,202399e+003;7,613351e-003
1,202881e+003;7,644037e-003
1,203363e+003;7,656279e-003
1,203846e+003;7,648084e-003
1,204328e+003;7,623265e-003
1,204810e+003;7,590624e-003
1,205292e+003;7,561526e-003
1,205774e+003;7,547534e-003
1,206256e+003;7,555963e-003
1,206738e+003;7,589781e-003
1,207220e+003;7,646701e-003
1,207703e+003;7,719784e-003
1,208185e+003;7,800470e-003
1,208667e+003;7,880091e-003
1,209149e+003;7,953584e-003
1,209631e+003;8,017741e-003
1,210113e+003;8,073536e-003
1,210595e+003;8,123024e-003
1,211077e+003;8,168669e-003
1,211559e+003;8,210775e-003
1,212042e+003;8,248155e-003
1,212524e+003;8,278684e-003
1,213006e+003;8,300737e-003
1,213488e+003;8,315193e-003
1,213970e+003;8,326204e-003
1,214452e+003;8,340795e-003
1,214934e+003;8,366601e-003
1,215416e+003;8,409299e-003
1,215898e+003;8,470482e-003
1,216381e+003;8,546847e-003
1,216863e+003;8,631201e-003
1,217345e+003;8,714964e-003
1,217827e+003;8,790052e-003
1,218309e+003;8,851154e-003
1,218791e+003;8,896470e-003
1,219273e+003;8,926367e-003
1,219755e+003;8,943110e-003
1,220238e+003;8,948826e-003
1,220720e+003;8,946256e-003
1,221202e+003;8,938205e-003
1,221684e+003;8,929953e-003
1,222166e+003;8,927754e-003
1,222648e+003;8,939254e-003
1,223130e+003;8,971049e-003
1,223612e+003;9,026391e-003
1,224094e+003;9,104545e-003
1,224577e+003;9,199093e-003
1,225059e+003;9,301109e-003
1,225541e+003;9,400610e-003
1,226023e+003;9,489296e-003
1,226505e+003;9,563841e-003
1,226987e+003;9,625051e-003
1,227469e+003;9,677597e-003
1,227951e+003;9,727235e-003
1,228434e+003;9,778777e-003
1,228916e+003;9,834527e-003
1,229398e+003;9,892691e-003
1,229880e+003;9,948219e-003
1,230362e+003;9,994395e-003
1,230844e+003;1,002406e-002
1,231326e+003;1,003159e-002
1,231808e+003;1,001403e-002
1,232291e+003;9,972392e-003
1,232773e+003;9,910318e-003
1,233255e+003;9,833477e-003
1,233737e+003;9,748651e-003
1,234219e+003;9,661843e-003
1,234701e+003;9,576949e-003
1,235183e+003;9,496340e-003
1,235665e+003;9,420790e-003
1,236147e+003;9,350095e-003
1,236630e+003;9,282288e-003
1,237112e+003;9,214932e-003
1,237594e+003;9,143627e-003
1,238076e+003;9,062286e-003
1,238558e+003;8,965367e-003
1,239040e+003;8,848448e-003
1,239522e+003;8,711820e-003
1,240004e+003;8,561209e-003
1,240486e+003;8,408521e-003
1,240969e+003;8,268923e-003
1,241451e+003;8,156988e-003
1,241933e+003;8,082447e-003
1,242415e+003;8,047882e-003
1,242897e+003;8,047409e-003
1,243379e+003;8,069484e-003
1,243861e+003;8,101520e-003
1,244343e+003;8,132376e-003
1,244826e+003;8,155772e-003
1,245308e+003;8,171337e-003
1,245790e+003;8,182276e-003
1,246272e+003;8,193148e-003
1,246754e+003;8,207836e-003
1,247236e+003;8,228164e-003
1,247718e+003;8,253761e-003
1,248200e+003;8,282534e-003
1,248682e+003;8,311274e-003
1,249165e+003;8,335593e-003
1,249647e+003;8,350286e-003
1,250129e+003;8,349475e-003
1,250611e+003;8,327317e-003
1,251093e+003;8,281082e-003
1,251575e+003;8,211855e-003
1,252057e+003;8,125826e-003
1,252539e+003;8,034617e-003
1,253021e+003;7,951086e-003
1,253504e+003;7,886366e-003
1,253986e+003;7,847397e-003
1,254468e+003;7,834205e-003
1,254950e+003;7,842302e-003
1,255432e+003;7,864671e-003
1,255914e+003;7,895241e-003
1,256396e+003;7,931987e-003
1,256878e+003;7,975992e-003
1,257361e+003;8,030229e-003
1,257843e+003;8,096929e-003
1,258325e+003;8,174578e-003
1,258807e+003;8,257949e-003
1,259289e+003;8,338735e-003
1,259771e+003;8,408927e-003
1,260253e+003;8,464671e-003
1,260735e+003;8,506905e-003
1,261218e+003;8,540832e-003
1,261700e+003;8,573510e-003
1,262182e+003;8,610279e-003
1,262664e+003;8,652934e-003
1,263146e+003;8,698399e-003
1,263628e+003;8,740656e-003
1,264110e+003;8,773214e-003
1,264592e+003;8,790120e-003
1,265074e+003;8,788598e-003
1,265557e+003;8,768751e-003
1,266039e+003;8,734030e-003
1,266521e+003;8,690320e-003
1,267003e+003;8,645127e-003
1,267485e+003;8,607238e-003
1,267967e+003;8,584797e-003
1,268449e+003;8,583209e-003
1,268931e+003;8,604332e-003
1,269413e+003;8,644957e-003
1,269896e+003;8,697655e-003
1,270378e+003;8,752591e-003
1,270860e+003;8,801514e-003
1,271342e+003;8,839690e-003
1,271824e+003;8,867419e-003
1,272306e+003;8,889807e-003
1,272788e+003;8,913786e-003
1,273270e+003;8,944497e-003
1,273753e+003;8,981738e-003
1,274235e+003;9,019490e-003
1,274717e+003;9,047670e-003
1,275199e+003;9,055012e-003
1,275681e+003;9,032785e-003
1,276163e+003;8,978660e-003
1,276645e+003;8,897316e-003
1,277127e+003;8,799689e-003
1,277609e+003;8,699109e-003
1,278092e+003;8,609368e-003
1,278574e+003;8,541473e-003
1,279056e+003;8,501770e-003
1,279538e+003;8,492849e-003
1,280020e+003;8,513562e-003
1,280502e+003;8,560701e-003
1,280984e+003;8,629815e-003
1,281466e+003;8,715876e-003
1,281948e+003;8,812943e-003
1,282431e+003;8,913989e-003
1,282913e+003;9,012014e-003
1,283395e+003;9,100045e-003
1,283877e+003;9,172595e-003
1,284359e+003;9,227015e-003
1,284841e+003;9,263671e-003
1,285323e+003;9,287095e-003
1,285805e+003;9,303648e-003
1,286288e+003;9,321657e-003
1,286770e+003;9,349215e-003
1,287252e+003;9,391502e-003
1,287734e+003;9,451536e-003
1,288216e+003;9,527735e-003
1,288698e+003;9,615668e-003
1,289180e+003;9,708227e-003
1,289662e+003;9,798840e-003
1,290145e+003;9,881641e-003
1,290627e+003;9,953779e-003
1,291109e+003;1,001582e-002
1,291591e+003;1,007106e-002
1,292073e+003;1,012509e-002
1,292555e+003;1,018312e-002
1,293037e+003;1,024941e-002
1,293519e+003;1,032527e-002
1,294001e+003;1,040936e-002
1,294484e+003;1,049733e-002
1,294966e+003;1,058438e-002
1,295448e+003;1,066553e-002
1,295930e+003;1,073800e-002
1,296412e+003;1,080121e-002
1,296894e+003;1,085709e-002
1,297376e+003;1,090928e-002
1,297858e+003;1,096147e-002
1,298340e+003;1,101645e-002
1,298823e+003;1,107610e-002
1,299305e+003;1,114004e-002
1,299787e+003;1,120722e-002
1,300269e+003;1,127577e-002
1,300751e+003;1,134352e-002
1,301233e+003;1,140858e-002
1,301715e+003;1,146795e-002
1,302197e+003;1,151874e-002
1,302680e+003;1,155784e-002
1,303162e+003;1,158292e-002
1,303644e+003;1,159306e-002
1,304126e+003;1,159013e-002
1,304608e+003;1,157815e-002
1,305090e+003;1,156342e-002
1,305572e+003;1,155144e-002
1,306054e+003;1,154600e-002
1,306536e+003;1,154705e-002
1,307019e+003;1,155117e-002
1,307501e+003;1,155198e-002
1,307983e+003;1,154283e-002
1,308465e+003;1,151908e-002
1,308947e+003;1,147924e-002
1,309429e+003;1,142546e-002
1,309911e+003;1,136137e-002
1,310393e+003;1,129165e-002
1,310875e+003;1,121973e-002
1,311358e+003;1,114854e-002
1,311840e+003;1,108028e-002
1,312322e+003;1,101730e-002
1,312804e+003;1,096266e-002
1,313286e+003;1,091849e-002
1,313768e+003;1,088492e-002
1,314250e+003;1,085951e-002
1,314732e+003;1,083593e-002
1,315215e+003;1,080743e-002
1,315697e+003;1,076762e-002
1,316179e+003;1,071426e-002
1,316661e+003;1,064974e-002
1,317143e+003;1,058068e-002
1,317625e+003;1,051495e-002
1,318107e+003;1,045827e-002
1,318589e+003;1,041085e-002
1,319072e+003;1,036724e-002
1,319554e+003;1,031855e-002
1,320036e+003;1,025585e-002
1,320518e+003;1,017600e-002
1,321000e+003;1,008239e-002
1,321482e+003;9,984190e-003
1,321964e+003;9,893573e-003
1,322446e+003;9,822292e-003
1,322928e+003;9,778167e-003
1,323411e+003;9,763663e-003
1,323893e+003;9,776168e-003
1,324375e+003;9,810023e-003
1,324857e+003;9,858862e-003
1,325339e+003;9,916658e-003
1,325821e+003;9,979274e-003
1,326303e+003;1,004441e-002
1,326785e+003;1,011013e-002
1,327267e+003;1,017515e-002
1,327750e+003;1,023919e-002
1,328232e+003;1,030284e-002
1,328714e+003;1,036850e-002
1,329196e+003;1,044031e-002
1,329678e+003;1,052351e-002
1,330160e+003;1,062271e-002
1,330642e+003;1,074112e-002
1,331124e+003;1,087931e-002
1,331607e+003;1,103579e-002
1,332089e+003;1,120749e-002
1,332571e+003;1,139130e-002
1,333053e+003;1,158414e-002
1,333535e+003;1,178312e-002
1,334017e+003;1,198506e-002
1,334499e+003;1,218511e-002
1,334981e+003;1,237694e-002
1,335464e+003;1,255439e-002
1,335946e+003;1,271271e-002
1,336428e+003;1,285179e-002
1,336910e+003;1,297645e-002
1,337392e+003;1,309718e-002
1,337874e+003;1,322557e-002
1,338356e+003;1,337029e-002
1,338838e+003;1,353239e-002
1,339320e+003;1,370323e-002
1,339802e+003;1,386686e-002
1,340285e+003;1,400686e-002
1,340767e+003;1,411443e-002
1,341249e+003;1,419022e-002
1,341731e+003;1,424373e-002
1,342213e+003;1,428834e-002
1,342695e+003;1,433711e-002
1,343177e+003;1,439941e-002
1,343659e+003;1,447956e-002
1,344142e+003;1,457710e-002
1,344624e+003;1,468834e-002
1,345106e+003;1,480880e-002
1,345588e+003;1,493429e-002
1,346070e+003;1,506233e-002
1,346552e+003;1,519160e-002
1,347034e+003;1,532013e-002
1,347516e+003;1,544591e-002
1,347999e+003;1,556568e-002
1,348481e+003;1,567717e-002
1,348963e+003;1,578069e-002
1,349445e+003;1,587952e-002
1,349927e+003;1,597899e-002
1,350409e+003;1,608577e-002
1,350891e+003;1,620404e-002
1,351373e+003;1,633454e-002
1,351855e+003;1,647411e-002
1,352338e+003;1,661672e-002
1,352820e+003;1,675651e-002
1,353302e+003;1,688977e-002
1,353784e+003;1,701783e-002
1,354266e+003;1,714562e-002
1,354748e+003;1,728234e-002
1,355230e+003;1,743794e-002
1,355712e+003;1,762089e-002
1,356194e+003;1,783757e-002
1,356677e+003;1,809122e-002
1,357159e+003;1,838286e-002
1,357641e+003;1,871234e-002
1,358123e+003;1,907977e-002
1,358605e+003;1,948718e-002
1,359087e+003;1,994136e-002
1,359569e+003;2,045631e-002
1,360051e+003;2,105644e-002
1,360534e+003;2,177754e-002
1,361016e+003;2,265942e-002
1,361498e+003;2,373601e-002
1,361980e+003;2,501308e-002
1,362462e+003;2,645084e-002
1,362944e+003;2,796062e-002
1,363426e+003;2,943053e-002
1,363908e+003;3,076083e-002
1,364391e+003;3,188307e-002
1,364873e+003;3,276804e-002
1,365355e+003;3,340827e-002
1,365837e+003;3,380594e-002
1,366319e+003;3,397011e-002
1,366801e+003;3,392031e-002
1,367283e+003;3,369753e-002
1,367765e+003;3,336472e-002
1,368247e+003;3,301093e-002
1,368729e+003;3,272967e-002
1,369212e+003;3,259724e-002
1,369694e+003;3,266786e-002
1,370176e+003;3,296972e-002
1,370658e+003;3,351914e-002
1,371140e+003;3,433738e-002
1,371622e+003;3,546079e-002
1,372104e+003;3,693924e-002
1,372586e+003;3,881696e-002
1,373069e+003;4,110038e-002
1,373551e+003;4,371202e-002
1,374033e+003;4,647164e-002
1,374515e+003;4,913873e-002
1,374997e+003;5,147203e-002
1,375479e+003;5,331061e-002
1,375961e+003;5,458827e-002
1,376443e+003;5,529128e-002
1,376926e+003;5,541948e-002
1,377408e+003;5,496269e-002
1,377890e+003;5,390834e-002
1,378372e+003;5,227382e-002
1,378854e+003;5,013473e-002
1,379336e+003;4,762902e-002
1,379818e+003;4,491703e-002
1,380300e+003;4,215669e-002
1,380782e+003;3,946650e-002
1,381265e+003;3,691634e-002
1,381747e+003;3,454994e-002
1,382229e+003;3,239092e-002
1,382711e+003;3,045173e-002
1,383193e+003;2,873216e-002
1,383675e+003;2,721250e-002
1,384157e+003;2,585419e-002
1,384639e+003;2,460347e-002
1,385121e+003;2,340711e-002
1,385604e+003;2,222471e-002
1,386086e+003;2,104448e-002
1,386568e+003;1,988992e-002
1,387050e+003;1,881084e-002
1,387532e+003;1,785832e-002
1,388014e+003;1,706022e-002
1,388496e+003;1,641093e-002
1,388978e+003;1,588357e-002
1,389461e+003;1,544608e-002
1,389943e+003;1,507197e-002
1,390425e+003;1,474370e-002
1,390907e+003;1,444931e-002
1,391389e+003;1,417717e-002
1,391871e+003;1,391396e-002
1,392353e+003;1,364373e-002
1,392835e+003;1,335119e-002
1,393318e+003;1,302777e-002
1,393800e+003;1,267637e-002
1,394282e+003;1,231408e-002
1,394764e+003;1,196657e-002
1,395246e+003;1,165840e-002
1,395728e+003;1,140226e-002
1,396210e+003;1,119818e-002
1,396692e+003;1,103814e-002
1,397174e+003;1,091295e-002
1,397656e+003;1,081443e-002
1,398139e+003;1,073372e-002
1,398621e+003;1,066152e-002
1,399103e+003;1,058767e-002
1,399585e+003;1,050504e-002
1,400067e+003;1,041492e-002
1,400549e+003;1,032656e-002
1,401031e+003;1,025310e-002
1,401513e+003;1,020544e-002
1,401996e+003;1,018906e-002
1,402478e+003;1,019940e-002
1,402960e+003;1,022335e-002
1,403442e+003;1,024018e-002
1,403924e+003;1,023048e-002
1,404406e+003;1,018302e-002
1,404888e+003;1,010155e-002
1,405370e+003;1,000162e-002
1,405853e+003;9,903606e-003
1,406335e+003;9,822834e-003
1,406817e+003;9,765696e-003
1,407299e+003;9,732081e-003
1,407781e+003;9,720018e-003
1,408263e+003;9,729099e-003
1,408745e+003;9,760105e-003
1,409227e+003;9,812328e-003
1,409709e+003;9,879844e-003
1,410192e+003;9,949439e-003
1,410674e+003;1,000514e-002
1,411156e+003;1,003420e-002
1,411638e+003;1,003485e-002
1,412120e+003;1,001823e-002
1,412602e+003;1,000504e-002
1,413084e+003;1,001548e-002
1,413566e+003;1,005997e-002
1,414048e+003;1,013513e-002
1,414531e+003;1,022501e-002
1,415013e+003;1,030898e-002
1,415495e+003;1,036996e-002
1,415977e+003;1,040369e-002
1,416459e+003;1,042059e-002
1,416941e+003;1,044489e-002
1,417423e+003;1,050460e-002
1,417905e+003;1,062200e-002
1,418388e+003;1,079955e-002
1,418870e+003;1,101635e-002
1,419352e+003;1,123837e-002
1,419834e+003;1,144097e-002
1,420316e+003;1,161862e-002
1,420798e+003;1,178023e-002
1,421280e+003;1,193830e-002
1,421762e+003;1,210201e-002
1,422245e+003;1,227761e-002
1,422727e+003;1,247050e-002
1,423209e+003;1,268804e-002
1,423691e+003;1,293829e-002
1,424173e+003;1,322523e-002
1,424655e+003;1,354438e-002
1,425137e+003;1,388184e-002
1,425619e+003;1,422100e-002
1,426101e+003;1,455003e-002
1,426584e+003;1,486989e-002
1,427066e+003;1,519661e-002
1,427548e+003;1,556121e-002
1,428030e+003;1,600164e-002
1,428512e+003;1,655165e-002
1,428994e+003;1,722770e-002
1,429476e+003;1,802013e-002
1,429958e+003;1,889769e-002
1,430441e+003;1,982218e-002
1,430923e+003;2,076341e-002
1,431405e+003;2,170491e-002
1,431887e+003;2,264130e-002
1,432369e+003;2,357219e-002
1,432851e+003;2,449607e-002
1,433333e+003;2,541219e-002
1,433815e+003;2,632620e-002
1,434297e+003;2,725269e-002
1,434780e+003;2,821979e-002
1,435262e+003;2,926335e-002
1,435744e+003;3,040901e-002
1,436226e+003;3,164088e-002
1,436708e+003;3,289330e-002
1,437190e+003;3,408109e-002
1,437672e+003;3,514843e-002
1,438154e+003;3,609669e-002
1,438636e+003;3,696793e-002
1,439119e+003;3,781442e-002
1,439601e+003;3,868444e-002
1,440083e+003;3,960891e-002
1,440565e+003;4,060007e-002
1,441047e+003;4,165086e-002
1,441529e+003;4,274452e-002
1,442011e+003;4,386187e-002
1,442493e+003;4,498887e-002
1,442976e+003;4,612116e-002
1,443458e+003;4,725940e-002
1,443940e+003;4,840459e-002
1,444422e+003;4,955697e-002
1,444904e+003;5,071566e-002
1,445386e+003;5,188570e-002
1,445868e+003;5,308260e-002
1,446350e+003;5,433207e-002
1,446833e+003;5,566160e-002
1,447315e+003;5,708446e-002
1,447797e+003;5,859078e-002
1,448279e+003;6,014778e-002
1,448761e+003;6,172131e-002
1,449243e+003;6,330045e-002
1,449725e+003;6,490473e-002
1,450207e+003;6,657746e-002
1,450689e+003;6,836388e-002
1,451172e+003;7,028776e-002
1,451654e+003;7,233158e-002
1,452136e+003;7,443697e-002
1,452618e+003;7,653033e-002
1,453100e+003;7,854060e-002
1,453582e+003;8,043838e-002
1,454064e+003;8,223896e-002
1,454546e+003;8,398823e-002
1,455028e+003;8,573923e-002
1,455511e+003;8,751407e-002
1,455993e+003;8,925524e-002
1,456475e+003;9,079792e-002
1,456957e+003;9,193460e-002
1,457439e+003;9,256873e-002
1,457921e+003;9,278484e-002
1,458403e+003;9,276770e-002
1,458885e+003;9,265698e-002
1,459368e+003;9,251297e-002
1,459850e+003;9,235048e-002
1,460332e+003;9,217010e-002
1,460814e+003;9,197456e-002
1,461296e+003;9,176925e-002
1,461778e+003;9,155217e-002
1,462260e+003;9,130383e-002
1,462742e+003;9,097805e-002
1,463224e+003;9,050487e-002
1,463707e+003;8,979933e-002
1,464189e+003;8,879052e-002
1,464671e+003;8,745360e-002
1,465153e+003;8,580495e-002
1,465635e+003;8,387482e-002
1,466117e+003;8,167674e-002
1,466599e+003;7,919256e-002
1,467081e+003;7,640614e-002
1,467563e+003;7,332920e-002
1,468046e+003;7,002123e-002
1,468528e+003;6,656116e-002
1,469010e+003;6,303795e-002
1,469492e+003;5,951283e-002
1,469974e+003;5,597501e-002
1,470456e+003;5,235960e-002
1,470938e+003;4,856605e-002
1,471420e+003;4,453891e-002
1,471903e+003;4,036537e-002
1,472385e+003;3,632506e-002
1,472867e+003;3,277365e-002
1,473349e+003;2,992352e-002
1,473831e+003;2,775674e-002
1,474313e+003;2,609775e-002
1,474795e+003;2,474007e-002
1,475277e+003;2,354270e-002
1,475760e+003;2,243773e-002
1,476242e+003;2,141660e-002
1,476724e+003;2,049580e-002
1,477206e+003;1,968632e-002
1,477688e+003;1,897764e-002
1,478170e+003;1,834298e-002
1,478652e+003;1,775255e-002
1,479134e+003;1,718657e-002
1,479616e+003;1,664057e-002
1,480099e+003;1,612367e-002
1,480581e+003;1,564966e-002
1,481063e+003;1,522859e-002
1,481545e+003;1,485971e-002
1,482027e+003;1,453208e-002
1,482509e+003;1,423161e-002
1,482991e+003;1,394780e-002
1,483473e+003;1,367622e-002
1,483955e+003;1,341639e-002
1,484438e+003;1,316675e-002
1,484920e+003;1,292091e-002
1,485402e+003;1,266856e-002
1,485884e+003;1,239886e-002
1,486366e+003;1,210777e-002
1,486848e+003;1,180205e-002
1,487330e+003;1,149836e-002
1,487812e+003;1,121684e-002
1,488295e+003;1,097082e-002
1,488777e+003;1,075746e-002
1,489259e+003;1,055650e-002
1,489741e+003;1,034084e-002
1,490223e+003;1,009721e-002
1,490705e+003;9,831307e-003
1,491187e+003;9,564722e-003
1,491669e+003;9,318611e-003
1,492151e+003;9,106643e-003
1,492634e+003;8,932117e-003
1,493116e+003;8,793332e-003
1,493598e+003;8,687750e-003
1,494080e+003;8,614370e-003
1,494562e+003;8,574016e-003
1,495044e+003;8,564959e-003
1,495526e+003;8,579086e-003
1,496008e+003;8,595645e-003
1,496490e+003;8,585406e-003
1,496973e+003;8,524544e-003
1,497455e+003;8,404637e-003
1,497937e+003;8,238396e-003
1,498419e+003;8,050413e-003
1,498901e+003;7,865515e-003
1,499383e+003;7,698907e-003
1,499865e+003;7,554210e-003
1,500347e+003;7,426649e-003
1,500830e+003;7,309639e-003
1,501312e+003;7,200410e-003
1,501794e+003;7,102355e-003
1,502276e+003;7,022372e-003
1,502758e+003;6,969203e-003
1,503240e+003;6,947453e-003
1,503722e+003;6,955634e-003
1,504204e+003;6,983547e-003
1,504687e+003;7,012606e-003
1,505169e+003;7,018701e-003
1,505651e+003;6,978159e-003
1,506133e+003;6,885642e-003
1,506615e+003;6,772648e-003
1,507097e+003;6,694341e-003
1,507579e+003;6,677348e-003
1,508061e+003;6,702585e-003
1,508543e+003;6,736000e-003
1,509026e+003;6,759119e-003
1,509508e+003;6,769316e-003
1,509990e+003;6,775038e-003
1,510472e+003;6,787254e-003
1,510954e+003;6,815190e-003
1,511436e+003;6,861977e-003
1,511918e+003;6,924492e-003
1,512400e+003;6,995534e-003
1,512882e+003;7,069046e-003
1,513365e+003;7,141561e-003
1,513847e+003;7,212571e-003
1,514329e+003;7,280763e-003
1,514811e+003;7,340945e-003
1,515293e+003;7,381520e-003
1,515775e+003;7,386677e-003
1,516257e+003;7,345157e-003
1,516739e+003;7,262400e-003
1,517222e+003;7,161771e-003
1,517704e+003;7,075310e-003
1,518186e+003;7,025773e-003
1,518668e+003;7,019139e-003
1,519150e+003;7,044597e-003
1,519632e+003;7,078173e-003
1,520114e+003;7,085010e-003
1,520596e+003;7,027187e-003
1,521078e+003;6,884565e-003
1,521561e+003;6,672167e-003
1,522043e+003;6,435356e-003
1,522525e+003;6,216018e-003
1,523007e+003;6,031160e-003
1,523489e+003;5,874658e-003
1,523971e+003;5,733488e-003
1,524453e+003;5,597701e-003
1,524935e+003;5,465882e-003
1,525417e+003;5,343596e-003
1,525900e+003;5,238414e-003
1,526382e+003;5,152604e-003
1,526864e+003;5,080052e-003
1,527346e+003;5,009087e-003
1,527828e+003;4,931432e-003
1,528310e+003;4,846956e-003
1,528792e+003;4,763769e-003
1,529274e+003;4,694430e-003
1,529757e+003;4,650522e-003
1,530239e+003;4,637628e-003
1,530721e+003;4,654574e-003
1,531203e+003;4,693057e-003
1,531685e+003;4,741894e-003
1,532167e+003;4,787889e-003
1,532649e+003;4,818577e-003
1,533131e+003;4,826350e-003
1,533614e+003;4,810268e-003
1,534096e+003;4,774623e-003
1,534578e+003;4,725012e-003
1,535060e+003;4,665224e-003
1,535542e+003;4,597576e-003
1,536024e+003;4,525184e-003
1,536506e+003;4,454645e-003
1,536988e+003;4,396334e-003
1,537470e+003;4,364404e-003
1,537953e+003;4,376821e-003
1,538435e+003;4,447113e-003
1,538917e+003;4,573935e-003
1,539399e+003;4,727590e-003
1,539881e+003;4,855466e-003
1,540363e+003;4,913470e-003
1,540845e+003;4,897150e-003
1,541327e+003;4,832850e-003
1,541809e+003;4,749330e-003
1,542292e+003;4,659832e-003
1,542774e+003;4,564325e-003
1,543256e+003;4,459499e-003
1,543738e+003;4,346264e-003
1,544220e+003;4,233728e-003
1,544702e+003;4,136508e-003
1,545184e+003;4,066702e-003
1,545666e+003;4,028474e-003
1,546149e+003;4,017137e-003
1,546631e+003;4,024027e-003
1,547113e+003;4,041150e-003
1,547595e+003;4,064762e-003
1,548077e+003;4,095031e-003
1,548559e+003;4,134601e-003
1,549041e+003;4,184982e-003
1,549523e+003;4,242796e-003
1,550005e+003;4,299212e-003
1,550488e+003;4,343921e-003
1,550970e+003;4,370194e-003
1,551452e+003;4,377658e-003
1,551934e+003;4,370930e-003
1,552416e+003;4,358045e-003
1,552898e+003;4,348138e-003
1,553380e+003;4,349611e-003
1,553862e+003;4,368420e-003
1,554344e+003;4,407313e-003
1,554827e+003;4,466495e-003
1,555309e+003;4,545407e-003
1,555791e+003;4,645230e-003
1,556273e+003;4,767085e-003
1,556755e+003;4,908946e-003
1,557237e+003;5,055815e-003
1,557719e+003;5,165110e-003
1,558201e+003;5,156258e-003
1,558684e+003;4,962466e-003
1,559166e+003;4,634346e-003
1,559648e+003;4,318889e-003
1,560130e+003;4,105199e-003
1,560612e+003;3,990719e-003
1,561094e+003;3,936751e-003
1,561576e+003;3,909167e-003
1,562058e+003;3,883892e-003
1,562541e+003;3,847252e-003
1,563023e+003;3,793736e-003
1,563505e+003;3,724586e-003
1,563987e+003;3,647059e-003
1,564469e+003;3,573088e-003
1,564951e+003;3,514963e-003
1,565433e+003;3,479223e-003
1,565915e+003;3,466932e-003
1,566397e+003;3,473945e-003
1,566880e+003;3,495456e-003
1,567362e+003;3,526955e-003
1,567844e+003;3,564937e-003
1,568326e+003;3,606230e-003
1,568808e+003;3,645255e-003
1,569290e+003;3,675596e-003
1,569772e+003;3,692571e-003
1,570254e+003;3,696414e-003
1,570736e+003;3,691669e-003
1,571219e+003;3,684184e-003
1,571701e+003;3,678670e-003
1,572183e+003;3,676999e-003
1,572665e+003;3,679906e-003
1,573147e+003;3,687692e-003
1,573629e+003;3,700692e-003
1,574111e+003;3,719840e-003
1,574593e+003;3,744805e-003
1,575076e+003;3,772144e-003
1,575558e+003;3,791597e-003
1,576040e+003;3,788789e-003
1,576522e+003;3,752325e-003
1,577004e+003;3,683014e-003
1,577486e+003;3,592632e-003
1,577968e+003;3,497193e-003
1,578450e+003;3,410423e-003
1,578932e+003;3,341234e-003
1,579415e+003;3,294223e-003
1,579897e+003;3,270019e-003
1,580379e+003;3,265345e-003
1,580861e+003;3,272890e-003
1,581343e+003;3,283606e-003
1,581825e+003;3,289549e-003
1,582307e+003;3,285776e-003
1,582789e+003;3,271888e-003
1,583271e+003;3,251357e-003
1,583754e+003;3,230126e-003
1,584236e+003;3,214003e-003
1,584718e+003;3,207861e-003
1,585200e+003;3,213369e-003
1,585682e+003;3,228791e-003
1,586164e+003;3,248787e-003
1,586646e+003;3,265311e-003
1,587128e+003;3,269918e-003
1,587611e+003;3,255430e-003
1,588093e+003;3,218476e-003
1,588575e+003;3,162067e-003
1,589057e+003;3,096087e-003
1,589539e+003;3,033754e-003
1,590021e+003;2,988579e-003
1,590503e+003;2,970029e-003
1,590985e+003;2,979804e-003
1,591468e+003;3,012100e-003
1,591950e+003;3,055343e-003
1,592432e+003;3,097289e-003
1,592914e+003;3,128191e-003
1,593396e+003;3,144711e-003
1,593878e+003;3,150152e-003
1,594360e+003;3,152822e-003
1,594842e+003;3,161533e-003
1,595324e+003;3,182894e-003
1,595807e+003;3,218843e-003
1,596289e+003;3,267114e-003
1,596771e+003;3,322469e-003
1,597253e+003;3,379100e-003
1,597735e+003;3,432431e-003
1,598217e+003;3,478455e-003
1,598699e+003;3,514128e-003
1,599181e+003;3,536909e-003
1,599663e+003;3,544960e-003
1,600146e+003;3,538479e-003
1,600628e+003;3,520140e-003
1,601110e+003;3,494855e-003
1,601592e+003;3,468936e-003
1,602074e+003;3,447761e-003
1,602556e+003;3,435403e-003
1,603038e+003;3,433667e-003
1,603520e+003;3,442150e-003
1,604003e+003;3,459884e-003
1,604485e+003;3,485101e-003
1,604967e+003;3,515464e-003
1,605449e+003;3,546898e-003
1,605931e+003;3,573322e-003
1,606413e+003;3,585750e-003
1,606895e+003;3,575126e-003
1,607377e+003;3,535172e-003
1,607859e+003;3,465596e-003
1,608342e+003;3,374391e-003
1,608824e+003;3,274258e-003
1,609306e+003;3,179990e-003
1,609788e+003;3,100959e-003
1,610270e+003;3,040862e-003
1,610752e+003;2,996686e-003
1,611234e+003;2,962890e-003
1,611716e+003;2,934701e-003
1,612198e+003;2,910750e-003
1,612681e+003;2,894006e-003
1,613163e+003;2,890203e-003
1,613645e+003;2,904913e-003
1,614127e+003;2,941039e-003
1,614609e+003;2,996319e-003
1,615091e+003;3,060916e-003
1,615573e+003;3,117779e-003
1,616055e+003;3,145446e-003
1,616538e+003;3,129860e-003
1,617020e+003;3,072494e-003
1,617502e+003;2,989246e-003
1,617984e+003;2,898275e-003
1,618466e+003;2,811491e-003
1,618948e+003;2,733495e-003
1,619430e+003;2,664346e-003
1,619912e+003;2,604009e-003
1,620395e+003;2,554612e-003
1,620877e+003;2,520484e-003
1,621359e+003;2,507953e-003
1,621841e+003;2,522717e-003
1,622323e+003;2,564977e-003
1,622805e+003;2,625976e-003
1,623287e+003;2,690184e-003
1,623769e+003;2,740497e-003
1,624251e+003;2,766873e-003
1,624734e+003;2,767740e-003
1,625216e+003;2,747366e-003
1,625698e+003;2,712155e-003
1,626180e+003;2,667613e-003
1,626662e+003;2,619809e-003
1,627144e+003;2,574377e-003
1,627626e+003;2,536348e-003
1,628108e+003;2,509186e-003
1,628590e+003;2,493356e-003
1,629073e+003;2,485159e-003
1,629555e+003;2,478460e-003
1,630037e+003;2,467630e-003
1,630519e+003;2,448803e-003
1,631001e+003;2,421547e-003
1,631483e+003;2,388496e-003
1,631965e+003;2,355180e-003
1,632447e+003;2,328097e-003
1,632930e+003;2,313273e-003
1,633412e+003;2,315638e-003
1,633894e+003;2,337258e-003
1,634376e+003;2,376635e-003
1,634858e+003;2,426012e-003
1,635340e+003;2,472495e-003
1,635822e+003;2,502021e-003
1,636304e+003;2,507353e-003
1,636786e+003;2,490957e-003
1,637269e+003;2,459233e-003
1,637751e+003;2,419082e-003
1,638233e+003;2,375502e-003
1,638715e+003;2,333327e-003
1,639197e+003;2,296918e-003
1,639679e+003;2,270471e-003
1,640161e+003;2,256215e-003
1,640643e+003;2,253051e-003
1,641125e+003;2,256215e-003
1,641608e+003;2,258780e-003
1,642090e+003;2,254716e-003
1,642572e+003;2,241061e-003
1,643054e+003;2,219979e-003
1,643536e+003;2,197166e-003
1,644018e+003;2,181082e-003
1,644500e+003;2,179417e-003
1,644982e+003;2,195401e-003
1,645465e+003;2,223609e-003
1,645947e+003;2,247655e-003
1,646429e+003;2,246023e-003
1,646911e+003;2,204626e-003
1,647393e+003;2,129269e-003
1,647875e+003;2,040908e-003
1,648357e+003;1,959954e-003
1,648839e+003;1,896153e-003
1,649322e+003;1,850563e-003
1,649804e+003;1,819818e-003
1,650286e+003;1,800354e-003
1,650768e+003;1,790771e-003
1,651250e+003;1,793433e-003
1,651732e+003;1,815825e-003
1,652214e+003;1,867035e-003
1,652696e+003;1,946274e-003
1,653178e+003;2,029989e-003
1,653661e+003;2,085119e-003
1,654143e+003;2,103131e-003
1,654625e+003;2,098836e-003
1,655107e+003;2,088715e-003
1,655589e+003;2,081956e-003
1,656071e+003;2,080991e-003
1,656553e+003;2,083788e-003
1,657035e+003;2,086484e-003
1,657517e+003;2,084287e-003
1,658000e+003;2,074632e-003
1,658482e+003;2,058252e-003
1,658964e+003;2,039144e-003
1,659446e+003;2,023298e-003
1,659928e+003;2,017173e-003
1,660410e+003;2,024396e-003
1,660892e+003;2,044670e-003
1,661374e+003;2,072601e-003
1,661857e+003;2,097138e-003
1,662339e+003;2,106394e-003
1,662821e+003;2,090879e-003
1,663303e+003;2,047999e-003
1,663785e+003;1,981988e-003
1,664267e+003;1,900446e-003
1,664749e+003;1,810834e-003
1,665231e+003;1,718546e-003
1,665714e+003;1,629936e-003
1,666196e+003;1,551819e-003
1,666678e+003;1,493464e-003
1,667160e+003;1,466401e-003
1,667642e+003;1,481163e-003
1,668124e+003;1,541411e-003
1,668606e+003;1,637885e-003
1,669088e+003;1,747854e-003
1,669570e+003;1,841346e-003
1,670052e+003;1,897851e-003
1,670535e+003;1,916221e-003
1,671017e+003;1,911196e-003
1,671499e+003;1,902410e-003
1,671981e+003;1,904240e-003
1,672463e+003;1,924075e-003
1,672945e+003;1,962284e-003
1,673427e+003;2,012878e-003
1,673909e+003;2,066142e-003
1,674392e+003;2,110523e-003
1,674874e+003;2,136128e-003
1,675356e+003;2,140390e-003
1,675838e+003;2,129002e-003
1,676320e+003;2,112155e-003
1,676802e+003;2,097871e-003
1,677284e+003;2,088782e-003
1,677766e+003;2,083288e-003
1,678249e+003;2,077329e-003
1,678731e+003;2,066176e-003
1,679213e+003;2,046201e-003
1,679695e+003;2,016840e-003
1,680177e+003;1,980524e-003
1,680659e+003;1,942613e-003
1,681141e+003;1,908800e-003
1,681623e+003;1,883441e-003
1,682105e+003;1,868832e-003
1,682588e+003;1,864539e-003
1,683070e+003;1,866170e-003
1,683552e+003;1,864939e-003
1,684034e+003;1,853126e-003
1,684516e+003;1,831430e-003
1,684998e+003;1,810701e-003
1,685480e+003;1,802949e-003
1,685962e+003;1,815958e-003
1,686444e+003;1,852327e-003
1,686927e+003;1,911961e-003
1,687409e+003;1,991342e-003
1,687891e+003;2,083588e-003
1,688373e+003;2,177152e-003
1,688855e+003;2,258280e-003
1,689337e+003;2,315905e-003
1,689819e+003;2,344453e-003
1,690301e+003;2,346485e-003
1,690784e+003;2,330962e-003
1,691266e+003;2,309742e-003
1,691748e+003;2,292587e-003
1,692230e+003;2,285926e-003
1,692712e+003;2,291721e-003
1,693194e+003;2,309109e-003
1,693676e+003;2,334426e-003
1,694158e+003;2,362176e-003
1,694641e+003;2,386563e-003
1,695123e+003;2,403622e-003
1,695605e+003;2,415383e-003
1,696087e+003;2,429711e-003
1,696569e+003;2,457600e-003
1,697051e+003;2,505587e-003
1,697533e+003;2,575343e-003
1,698015e+003;2,664880e-003
1,698497e+003;2,769440e-003
1,698979e+003;2,880096e-003
1,699462e+003;2,982340e-003
1,699944e+003;3,060215e-003
1,700426e+003;3,108067e-003
1,700908e+003;3,137569e-003
1,701390e+003;3,165271e-003
1,701872e+003;3,201753e-003
1,702354e+003;3,247785e-003
1,702836e+003;3,298196e-003
1,703319e+003;3,344306e-003
1,703801e+003;3,376862e-003
1,704283e+003;3,389084e-003
1,704765e+003;3,379834e-003
1,705247e+003;3,357695e-003
1,705729e+003;3,338562e-003
1,706211e+003;3,340065e-003
1,706693e+003;3,371586e-003
1,707176e+003;3,432331e-003
1,707658e+003;3,512558e-003
1,708140e+003;3,597811e-003
1,708622e+003;3,670951e-003
1,709104e+003;3,715563e-003
1,709586e+003;3,719974e-003
1,710068e+003;3,678570e-003
1,710550e+003;3,594871e-003
1,711032e+003;3,479490e-003
1,711515e+003;3,348346e-003
1,711997e+003;3,217108e-003
1,712479e+003;3,098924e-003
1,712961e+003;3,002858e-003
1,713443e+003;2,931032e-003
1,713925e+003;2,880830e-003
1,714407e+003;2,843942e-003
1,714889e+003;2,810658e-003
1,715371e+003;2,770474e-003
1,715854e+003;2,715490e-003
1,716336e+003;2,642011e-003
1,716818e+003;2,551412e-003
1,717300e+003;2,451469e-003
1,717782e+003;2,355047e-003
1,718264e+003;2,275034e-003
1,718746e+003;2,217748e-003
1,719229e+003;2,183113e-003
1,719711e+003;2,165797e-003
1,720193e+003;2,159170e-003
1,720675e+003;2,157139e-003
1,721157e+003;2,154475e-003
1,721639e+003;2,148348e-003
1,722121e+003;2,138792e-003
1,722603e+003;2,129169e-003
1,723085e+003;2,125773e-003
1,723568e+003;2,134863e-003
1,724050e+003;2,159970e-003
1,724532e+003;2,198932e-003
1,725014e+003;2,244991e-003
1,725496e+003;2,289756e-003
1,725978e+003;2,326298e-003
1,726460e+003;2,352449e-003
1,726942e+003;2,370738e-003
1,727424e+003;2,388229e-003
1,727907e+003;2,412551e-003
1,728389e+003;2,447570e-003
1,728871e+003;2,490391e-003
1,729353e+003;2,530515e-003
1,729835e+003;2,553479e-003
1,730317e+003;2,546613e-003
1,730799e+003;2,505520e-003
1,731281e+003;2,435542e-003
1,731764e+003;2,351782e-003
1,732246e+003;2,274934e-003
1,732728e+003;2,231269e-003
1,733210e+003;2,245890e-003
1,733692e+003;2,327630e-003
1,734174e+003;2,455934e-003
1,734656e+003;2,590109e-003
1,735138e+003;2,698886e-003
1,735620e+003;2,772908e-003
1,736103e+003;2,817594e-003
1,736585e+003;2,840240e-003
1,737067e+003;2,844142e-003
1,737549e+003;2,827966e-003
1,738031e+003;2,787781e-003
1,738513e+003;2,721291e-003
1,738995e+003;2,631776e-003
1,739477e+003;2,529948e-003
1,739959e+003;2,429444e-003
1,740442e+003;2,338857e-003
1,740924e+003;2,258746e-003
1,741406e+003;2,181415e-003
1,741888e+003;2,097238e-003
1,742370e+003;1,998798e-003
1,742852e+003;1,885005e-003
1,743334e+003;1,762392e-003
1,743816e+003;1,642774e-003
1,744299e+003;1,538152e-003
1,744781e+003;1,455696e-003
1,745263e+003;1,396324e-003
1,745745e+003;1,353844e-003
1,746227e+003;1,317850e-003
1,746709e+003;1,276142e-003
1,747191e+003;1,217592e-003
1,747673e+003;1,134732e-003
1,748156e+003;1,025582e-003
1,748638e+003;8,946121e-004
1,749120e+003;7,529607e-004
1,749602e+003;6,159677e-004
1,750084e+003;5,001812e-004
1,750566e+003;4,201108e-004
1,751048e+003;3,822368e-004
1,751530e+003;3,827011e-004
1,752012e+003;4,090998e-004
1,752495e+003;4,464455e-004
1,752977e+003;4,815719e-004
1,753459e+003;5,073464e-004
1,753941e+003;5,221749e-004
1,754423e+003;5,292742e-004
1,754905e+003;5,346153e-004
1,755387e+003;5,438048e-004
1,755869e+003;5,613882e-004
1,756351e+003;5,858735e-004
1,756834e+003;6,109905e-004
1,757316e+003;6,280126e-004
1,757798e+003;6,318617e-004
1,758280e+003;6,243626e-004
1,758762e+003;6,137114e-004
1,759244e+003;6,123178e-004
1,759726e+003;6,344499e-004
1,760208e+003;6,910297e-004
1,760691e+003;7,843610e-004
1,761173e+003;9,031120e-004
1,761655e+003;1,022726e-003
1,762137e+003;1,115497e-003
1,762619e+003;1,161076e-003
1,763101e+003;1,156392e-003
1,763583e+003;1,112341e-003
1,764065e+003;1,047303e-003
1,764547e+003;9,787218e-004
1,765030e+003;9,199131e-004
1,765512e+003;8,784761e-004
1,765994e+003;8,559662e-004
1,766476e+003;8,486625e-004
1,766958e+003;8,503224e-004
1,767440e+003;8,559331e-004
1,767922e+003;8,649634e-004
1,768404e+003;8,833898e-004
1,768886e+003;9,223369e-004
1,769369e+003;9,942638e-004
1,769851e+003;1,108123e-003
1,770333e+003;1,264577e-003
1,770815e+003;1,450044e-003
1,771297e+003;1,635457e-003
1,771779e+003;1,778095e-003
1,772261e+003;1,842178e-003
1,772743e+003;1,820483e-003
1,773226e+003;1,737075e-003
1,773708e+003;1,629437e-003
1,774190e+003;1,527113e-003
1,774672e+003;1,446387e-003
1,775154e+003;1,389277e-003
1,775636e+003;1,349357e-003
1,776118e+003;1,317584e-003
1,776600e+003;1,287275e-003
1,777083e+003;1,256602e-003
1,777565e+003;1,229388e-003
1,778047e+003;1,212143e-003
1,778529e+003;1,211844e-003
1,779011e+003;1,231747e-003
1,779493e+003;1,269130e-003
1,779975e+003;1,314925e-003
1,780457e+003;1,357168e-003
1,780939e+003;1,386318e-003
1,781422e+003;1,398684e-003
1,781904e+003;1,396856e-003
1,782386e+003;1,386186e-003
1,782868e+003;1,371726e-003
1,783350e+003;1,355373e-003
1,783832e+003;1,335763e-003
1,784314e+003;1,309740e-003
1,784796e+003;1,274746e-003
1,785278e+003;1,231116e-003
1,785761e+003;1,182140e-003
1,786243e+003;1,132473e-003
1,786725e+003;1,086465e-003
1,787207e+003;1,046540e-003
1,787689e+003;1,012297e-003
1,788171e+003;9,822752e-004
1,788653e+003;9,544801e-004
1,789135e+003;9,276165e-004
1,789618e+003;9,016510e-004
1,790100e+003;8,781772e-004
1,790582e+003;8,591202e-004
1,791064e+003;8,464049e-004
1,791546e+003;8,407280e-004
1,792028e+003;8,415580e-004
1,792510e+003;8,480317e-004
1,792992e+003;8,601494e-004
1,793474e+003;8,782104e-004
1,793957e+003;9,030123e-004
1,794439e+003;9,331949e-004
1,794921e+003;9,657042e-004
1,795403e+003;9,959907e-004
1,795885e+003;1,019438e-003
1,796367e+003;1,033088e-003
1,796849e+003;1,037505e-003
1,797331e+003;1,037140e-003
1,797813e+003;1,038635e-003
1,798296e+003;1,047669e-003
1,798778e+003;1,066967e-003
1,799260e+003;1,093905e-003
1,799742e+003;1,121576e-003
1,800224e+003;1,141077e-003
1,800706e+003;1,145628e-003
1,801188e+003;1,134732e-003
1,801670e+003;1,113537e-003
1,802153e+003;1,089952e-003
1,802635e+003;1,070521e-003
1,803117e+003;1,058198e-003
1,803599e+003;1,051654e-003
1,804081e+003;1,046805e-003
1,804563e+003;1,039830e-003
1,805045e+003;1,028936e-003
1,805527e+003;1,014688e-003
1,806010e+003;9,990128e-004
1,806492e+003;9,833047e-004
1,806974e+003;9,659366e-004
1,807456e+003;9,421937e-004
1,807938e+003;9,054362e-004
1,808420e+003;8,503224e-004
1,808902e+003;7,765937e-004
1,809384e+003;6,914943e-004
1,809866e+003;6,098292e-004
1,810349e+003;5,495442e-004
1,810831e+003;5,262553e-004
1,811313e+003;5,466248e-004
1,811795e+003;6,050512e-004
1,812277e+003;6,856203e-004
1,812759e+003;7,686274e-004
1,813241e+003;8,377402e-004
1,813723e+003;8,819622e-004
1,814205e+003;8,984968e-004
1,814688e+003;8,906279e-004
1,815170e+003;8,660258e-004
1,815652e+003;8,337896e-004
1,816134e+003;8,024853e-004
1,816616e+003;7,782534e-004
1,817098e+003;7,634825e-004
1,817580e+003;7,568109e-004
1,818062e+003;7,538901e-004
1,818545e+003;7,495752e-004
1,819027e+003;7,388545e-004
1,819509e+003;7,189075e-004
1,819991e+003;6,899678e-004
1,820473e+003;6,560523e-004
1,820955e+003;6,225044e-004
1,821437e+003;5,958604e-004
1,821919e+003;5,809962e-004
1,822401e+003;5,797686e-004
1,822884e+003;5,893573e-004
1,823366e+003;6,034918e-004
1,823848e+003;6,134791e-004
1,824330e+003;6,107583e-004
1,824812e+003;5,908503e-004
1,825294e+003;5,547197e-004
1,825776e+003;5,084743e-004
1,826258e+003;4,605422e-004
1,826740e+003;4,176233e-004
1,827223e+003;3,858184e-004
1,827705e+003;3,698007e-004
1,828187e+003;3,751731e-004
1,828669e+003;4,080053e-004
1,829151e+003;4,720852e-004
1,829633e+003;5,650709e-004
1,830115e+003;6,749676e-004
1,830597e+003;7,843942e-004
1,831080e+003;8,753552e-004
1,831562e+003;9,365487e-004
1,832044e+003;9,636785e-004
1,832526e+003;9,581328e-004
1,833008e+003;9,254250e-004
1,833490e+003;8,737283e-004
1,833972e+003;8,140375e-004
1,834454e+003;7,572093e-004
1,834937e+003;7,138628e-004
1,835419e+003;6,927223e-004
1,835901e+003;6,986296e-004
1,836383e+003;7,331126e-004
1,836865e+003;7,934895e-004
1,837347e+003;8,727323e-004
1,837829e+003;9,608891e-004
1,838311e+003;1,046174e-003
1,838793e+003;1,118952e-003
1,839276e+003;1,173668e-003
1,839758e+003;1,210182e-003
1,840240e+003;1,232411e-003
1,840722e+003;1,246368e-003
1,841204e+003;1,256104e-003
1,841686e+003;1,260955e-003
1,842168e+003;1,252548e-003
1,842650e+003;1,216728e-003
1,843132e+003;1,136525e-003
1,843615e+003;1,002201e-003
1,844097e+003;8,214071e-004
1,844579e+003;6,207126e-004
1,845061e+003;4,356328e-004
1,845543e+003;2,953247e-004
1,846025e+003;2,165186e-004
1,846507e+003;2,002420e-004
1,846989e+003;2,379676e-004
1,847472e+003;3,163133e-004
1,847954e+003;4,203430e-004
1,848436e+003;5,353783e-004
1,848918e+003;6,484200e-004
1,849400e+003;7,500399e-004
1,849882e+003;8,343208e-004
1,850364e+003;8,988620e-004
1,850846e+003;9,431567e-004
1,851328e+003;9,676967e-004
1,851811e+003;9,731428e-004
1,852293e+003;9,601253e-004
1,852775e+003;9,301068e-004
1,853257e+003;8,852824e-004
1,853739e+003;8,292416e-004
1,854221e+003;7,672665e-004
1,854703e+003;7,053998e-004
1,855185e+003;6,505105e-004
1,855667e+003;6,092983e-004
1,856150e+003;5,862053e-004
1,856632e+003;5,809299e-004
1,857114e+003;5,877978e-004
1,857596e+003;5,965572e-004
1,858078e+003;5,950973e-004
1,858560e+003;5,744601e-004
1,859042e+003;5,332552e-004
1,859524e+003;4,787193e-004
1,860007e+003;4,252848e-004
1,860489e+003;3,897649e-004
1,860971e+003;3,854868e-004
1,861453e+003;4,161641e-004
1,861935e+003;4,760988e-004
1,862417e+003;5,516344e-004
1,862899e+003;6,280126e-004
1,863381e+003;6,918926e-004
1,863864e+003;7,361329e-004
1,864346e+003;7,590348e-004
1,864828e+003;7,626195e-004
1,865310e+003;7,504714e-004
1,865792e+003;7,243837e-004
1,866274e+003;6,850561e-004
1,866756e+003;6,328571e-004
1,867238e+003;5,705783e-004
1,867720e+003;5,047258e-004
1,868203e+003;4,441569e-004
1,868685e+003;3,963645e-004
1,869167e+003;3,617092e-004
1,869649e+003;3,349486e-004
1,870131e+003;3,079244e-004
1,870613e+003;2,774868e-004
1,871095e+003;2,477808e-004
1,871577e+003;2,314698e-004
1,872059e+003;2,439682e-004
1,872542e+003;2,991377e-004
1,873024e+003;4,025331e-004
1,873506e+003;5,478191e-004
1,873988e+003;7,160865e-004
1,874470e+003;8,798373e-004
1,874952e+003;1,012928e-003
1,875434e+003;1,095035e-003
1,875916e+003;1,119052e-003
1,876399e+003;1,091613e-003
1,876881e+003;1,030099e-003
1,877363e+003;9,560740e-004
1,877845e+003;8,875732e-004
1,878327e+003;8,379726e-004
1,878809e+003;8,124440e-004
1,879291e+003;8,101535e-004
1,879773e+003;8,253907e-004
1,880255e+003;8,507208e-004
1,880738e+003;8,775796e-004
1,881220e+003;8,980652e-004
1,881702e+003;9,064323e-004
1,882184e+003;8,992605e-004
1,882666e+003;8,779116e-004
1,883148e+003;8,472349e-004
1,883630e+003;8,160292e-004
1,884112e+003;7,948505e-004
1,884594e+003;7,916969e-004
1,885077e+003;8,112158e-004
1,885559e+003;8,532771e-004
1,886041e+003;9,150652e-004
1,886523e+003;9,923044e-004
1,887005e+003;1,082146e-003
1,887487e+003;1,182605e-003
1,887969e+003;1,291927e-003
1,888451e+003;1,406030e-003
1,888934e+003;1,516339e-003
1,889416e+003;1,609549e-003
1,889898e+003;1,671578e-003
1,890380e+003;1,690604e-003
1,890862e+003;1,661899e-003
1,891344e+003;1,588731e-003
1,891826e+003;1,481063e-003
1,892308e+003;1,352016e-003
1,892791e+003;1,216894e-003
1,893273e+003;1,092012e-003
1,893755e+003;9,915738e-004
1,894237e+003;9,282806e-004
1,894719e+003;9,079265e-004
1,895201e+003;9,285794e-004
1,895683e+003;9,790207e-004
1,896165e+003;1,042222e-003
1,896647e+003;1,100449e-003
1,897130e+003;1,137954e-003
1,897612e+003;1,145728e-003
1,898094e+003;1,122540e-003
1,898576e+003;1,075038e-003
1,899058e+003;1,015153e-003
1,899540e+003;9,579004e-004
1,900022e+003;9,177548e-004
1,900504e+003;9,037096e-004
1,900986e+003;9,203779e-004
1,901469e+003;9,660030e-004
1,901951e+003;1,034317e-003
1,902433e+003;1,114766e-003
1,902915e+003;1,194533e-003
1,903397e+003;1,261454e-003
1,903879e+003;1,303459e-003
1,904361e+003;1,312931e-003
1,904843e+003;1,286610e-003
1,905326e+003;1,227328e-003
1,905808e+003;1,142804e-003
1,906290e+003;1,044314e-003
1,906772e+003;9,448834e-004
1,907254e+003;8,547379e-004
1,907736e+003;7,806765e-004
1,908218e+003;7,248816e-004
1,908700e+003;6,861845e-004
1,909182e+003;6,624237e-004
1,909665e+003;6,505769e-004
1,910147e+003;6,474908e-004
1,910629e+003;6,489177e-004
1,911111e+003;6,488845e-004
1,911593e+003;6,404228e-004
1,912075e+003;6,178590e-004
1,912557e+003;5,802995e-004
1,913039e+003;5,328902e-004
1,913521e+003;4,889359e-004
1,914004e+003;4,655176e-004
1,914486e+003;4,803115e-004
1,914968e+003;5,453973e-004
1,915450e+003;6,632532e-004
1,915932e+003;8,252911e-004
1,916414e+003;1,011799e-003
1,916896e+003;1,197125e-003
1,917378e+003;1,351385e-003
1,917861e+003;1,452704e-003
1,918343e+003;1,493298e-003
1,918825e+003;1,480730e-003
1,919307e+003;1,432325e-003
1,919789e+003;1,367339e-003
1,920271e+003;1,302529e-003
1,920753e+003;1,248793e-003
1,921235e+003;1,215133e-003
1,921718e+003;1,207225e-003
1,922200e+003;1,228291e-003
1,922682e+003;1,277372e-003
1,923164e+003;1,348526e-003
1,923646e+003;1,434020e-003
1,924128e+003;1,523987e-003
1,924610e+003;1,611378e-003
1,925092e+003;1,690671e-003
1,925574e+003;1,757668e-003
1,926057e+003;1,809171e-003
1,926539e+003;1,842078e-003
1,927021e+003;1,855022e-003
1,927503e+003;1,848534e-003
1,927985e+003;1,825907e-003
1,928467e+003;1,795230e-003
1,928949e+003;1,763457e-003
1,929431e+003;1,737741e-003
1,929913e+003;1,719677e-003
1,930396e+003;1,705074e-003
1,930878e+003;1,684450e-003
1,931360e+003;1,647830e-003
1,931842e+003;1,588731e-003
1,932324e+003;1,507063e-003
1,932806e+003;1,408124e-003
1,933288e+003;1,300501e-003
1,933770e+003;1,189881e-003
1,934253e+003;1,076400e-003
1,934735e+003;9,553435e-004
1,935217e+003;8,245276e-004
1,935699e+003;6,907310e-004
1,936181e+003;5,762849e-004
1,936663e+003;5,160046e-004
1,937145e+003;5,471224e-004
1,937627e+003;6,942821e-004
1,938109e+003;9,555427e-004
1,938592e+003;1,297245e-003
1,939074e+003;1,660269e-003
1,939556e+003;1,981622e-003
1,940038e+003;2,201363e-003
1,940520e+003;2,283694e-003
1,941002e+003;2,224675e-003
1,941484e+003;2,055456e-003
1,941966e+003;1,831331e-003
1,942448e+003;1,609649e-003
1,942931e+003;1,434419e-003
1,943413e+003;1,320907e-003
1,943895e+003;1,261321e-003
1,944377e+003;1,236764e-003
1,944859e+003;1,228923e-003
1,945341e+003;1,225500e-003
1,945823e+003;1,219353e-003
1,946305e+003;1,206361e-003
1,946788e+003;1,182904e-003
1,947270e+003;1,146326e-003
1,947752e+003;1,097459e-003
1,948234e+003;1,046241e-003
1,948716e+003;1,009109e-003
1,949198e+003;1,004559e-003
1,949680e+003;1,047636e-003
1,950162e+003;1,140446e-003
1,950645e+003;1,271224e-003
1,951127e+003;1,417166e-003
1,951609e+003;1,553282e-003
1,952091e+003;1,660768e-003
1,952573e+003;1,732984e-003
1,953055e+003;1,773105e-003
1,953537e+003;1,790738e-003
1,954019e+003;1,789673e-003
1,954501e+003;1,765719e-003
1,954984e+003;1,705407e-003
1,955466e+003;1,595016e-003
1,955948e+003;1,429300e-003
1,956430e+003;1,219453e-003
1,956912e+003;9,915406e-004
1,957394e+003;7,781870e-004
1,957876e+003;6,096301e-004
1,958358e+003;5,007119e-004
1,958840e+003;4,494306e-004
1,959323e+003;4,392149e-004
1,959805e+003;4,488668e-004
1,960287e+003;4,587510e-004
1,960769e+003;4,601110e-004
1,961251e+003;4,547376e-004
1,961733e+003;4,514871e-004
1,962215e+003;4,614709e-004
1,962697e+003;4,926180e-004
1,963180e+003;5,471224e-004
1,963662e+003;6,237653e-004
1,964144e+003;7,173145e-004
1,964626e+003;8,180542e-004
1,965108e+003;9,131062e-004
1,965590e+003;9,857954e-004
1,966072e+003;1,018408e-003
1,966554e+003;9,987804e-004
1,967036e+003;9,262883e-004
1,967519e+003;8,143694e-004
1,968001e+003;6,859522e-004
1,968483e+003;5,647723e-004
1,968965e+003;4,596798e-004
1,969447e+003;3,640305e-004
1,969929e+003;2,542788e-004
1,970411e+003;1,064727e-004
1,970893e+003;-9,084403e-005
1,971375e+003;-3,216455e-004
1,971858e+003;-5,407421e-004
1,972340e+003;-6,771623e-004
1,972822e+003;-6,578417e-004
1,973304e+003;-4,321841e-004
1,973786e+003;1,951639e-005
1,974268e+003;6,708858e-004
1,974750e+003;1,457059e-003
1,975232e+003;2,275933e-003
1,975715e+003;3,017205e-003
1,976197e+003;3,580004e-003
1,976679e+003;3,890211e-003
1,977161e+003;3,920367e-003
1,977643e+003;3,686322e-003
1,978125e+003;3,251057e-003
1,978607e+003;2,709688e-003
1,979089e+003;2,182247e-003
1,979572e+003;1,781256e-003
1,980054e+003;1,577191e-003
1,980536e+003;1,593054e-003
1,981018e+003;1,791437e-003
1,981500e+003;2,093210e-003
1,981982e+003;2,394560e-003
1,982464e+003;2,605176e-003
1,982946e+003;2,669147e-003
1,983428e+003;2,585243e-003
1,983911e+003;2,399357e-003
1,984393e+003;2,184812e-003
1,984875e+003;2,011680e-003
1,985357e+003;1,920847e-003
1,985839e+003;1,916620e-003
1,986321e+003;1,973068e-003
1,986803e+003;2,049497e-003
1,987285e+003;2,107859e-003
1,987767e+003;2,129402e-003
1,988250e+003;2,115950e-003
1,988732e+003;2,078993e-003
1,989214e+003;2,025894e-003
1,989696e+003;1,950235e-003
1,990178e+003;1,829467e-003
1,990660e+003;1,636156e-003
1,991142e+003;1,352182e-003
1,991624e+003;9,844670e-004
1,992107e+003;5,693176e-004
1,992589e+003;1,676575e-004
1,993071e+003;-1,547747e-004
1,993553e+003;-3,459141e-004
1,994035e+003;-3,763059e-004
1,994517e+003;-2,477719e-004
1,994999e+003;1,285620e-005
1,995481e+003;3,577298e-004
1,995964e+003;7,325152e-004
1,996446e+003;1,080950e-003
1,996928e+003;1,351717e-003
1,997410e+003;1,512017e-003
1,997892e+003;1,548959e-003
1,998374e+003;1,476242e-003
1,998856e+003;1,331077e-003
1,999338e+003;1,165561e-003
1,999820e+003;1,031328e-003
2,000302e+003;9,628483e-004
2,000785e+003;9,696227e-004
2,001267e+003;1,031427e-003
2,001749e+003;1,105498e-003
2,002231e+003;1,139017e-003
2,002713e+003;1,090019e-003
2,003195e+003;9,427914e-004
2,003677e+003;7,153231e-004
2,004159e+003;4,558322e-004
2,004642e+003;2,354480e-004
2,005124e+003;1,296729e-004
2,005606e+003;1,934796e-004
2,006088e+003;4,519183e-004
2,006570e+003;8,869756e-004
2,007052e+003;1,444858e-003
2,007534e+003;2,046867e-003
2,008016e+003;2,616909e-003
2,008499e+003;3,089713e-003
2,008981e+003;3,428457e-003
2,009463e+003;3,628415e-003
2,009945e+003;3,715095e-003
2,010427e+003;3,734545e-003
2,010909e+003;3,733609e-003
2,011391e+003;3,752191e-003
2,011873e+003;3,808142e-003
2,012355e+003;3,898234e-003
2,012838e+003;4,001755e-003
2,013320e+003;4,094295e-003
2,013802e+003;4,155107e-003
2,014284e+003;4,171867e-003
2,014766e+003;4,140255e-003
2,015248e+003;4,056099e-003
2,015730e+003;3,908900e-003
2,016212e+003;3,684384e-003
2,016694e+003;3,370351e-003
2,017177e+003;2,972498e-003
2,017659e+003;2,523316e-003
2,018141e+003;2,084087e-003
2,018623e+003;1,726896e-003
2,019105e+003;1,514311e-003
2,019587e+003;1,480830e-003
2,020069e+003;1,617930e-003
2,020551e+003;1,874156e-003
2,021034e+003;2,167329e-003
2,021516e+003;2,416549e-003
2,021998e+003;2,567944e-003
2,022480e+003;2,616009e-003
2,022962e+003;2,600675e-003
2,023444e+003;2,594042e-003
2,023926e+003;2,666747e-003
2,024408e+003;2,858250e-003
2,024891e+003;3,163903e-003
2,025373e+003;3,529059e-003
2,025855e+003;3,879646e-003
2,026337e+003;4,137177e-003
2,026819e+003;4,253135e-003
2,027301e+003;4,215226e-003
2,027783e+003;4,045497e-003
2,028265e+003;3,784611e-003
2,028747e+003;3,476217e-003
2,029229e+003;3,154023e-003
2,029712e+003;2,830768e-003
2,030194e+003;2,506653e-003
2,030676e+003;2,179483e-003
2,031158e+003;1,852693e-003
2,031640e+003;1,547263e-003
2,032122e+003;1,295550e-003
2,032604e+003;1,132273e-003
2,033086e+003;1,082578e-003
2,033569e+003;1,150013e-003
2,034051e+003;1,313296e-003
2,034533e+003;1,530105e-003
2,035015e+003;1,751580e-003
2,035497e+003;1,926704e-003
2,035979e+003;2,017406e-003
2,036461e+003;2,010582e-003
2,036943e+003;1,914723e-003
2,037426e+003;1,767216e-003
2,037908e+003;1,614771e-003
2,038390e+003;1,512749e-003
2,038872e+003;1,504702e-003
2,039354e+003;1,613473e-003
2,039836e+003;1,834259e-003
2,040318e+003;2,135196e-003
2,040800e+003;2,464565e-003
2,041282e+003;2,762371e-003
2,041765e+003;2,983307e-003
2,042247e+003;3,099524e-003
2,042729e+003;3,104029e-003
2,043211e+003;3,008664e-003
2,043693e+003;2,834737e-003
2,044175e+003;2,607842e-003
2,044657e+003;2,350949e-003
2,045139e+003;2,087483e-003
2,045622e+003;1,838851e-003
2,046104e+003;1,626544e-003
2,046586e+003;1,470623e-003
2,047068e+003;1,383526e-003
2,047550e+003;1,365810e-003
2,048032e+003;1,401642e-003
2,048514e+003;1,465636e-003
2,048996e+003;1,530305e-003
2,049479e+003;1,578422e-003
2,049960e+003;1,609549e-003
2,050443e+003;1,639249e-003
2,050925e+003;1,688043e-003
2,051407e+003;1,769578e-003
2,051889e+003;1,880812e-003
2,052371e+003;1,997367e-003
2,052853e+003;2,080192e-003
2,053335e+003;2,087783e-003
2,053817e+003;1,993838e-003
2,054300e+003;1,799522e-003
2,054782e+003;1,537953e-003
2,055264e+003;1,261554e-003
2,055746e+003;1,029999e-003
2,056228e+003;8,883369e-004
2,056710e+003;8,523143e-004
2,057192e+003;9,090222e-004
2,057674e+003;1,023788e-003
2,058156e+003;1,154432e-003
2,058639e+003;1,261587e-003
2,059121e+003;1,321838e-003
2,059603e+003;1,327554e-003
2,060085e+003;1,287640e-003
2,060567e+003;1,217426e-003
2,061049e+003;1,136858e-003
2,061531e+003;1,064143e-003
2,062013e+003;1,013659e-003
2,062496e+003;9,956919e-004
2,062978e+003;1,013891e-003
2,063460e+003;1,063977e-003
2,063942e+003;1,131642e-003
2,064424e+003;1,197257e-003
2,064906e+003;1,241848e-003
2,065388e+003;1,251950e-003
2,065870e+003;1,228158e-003
2,066353e+003;1,183004e-003
2,066835e+003;1,137589e-003
2,067317e+003;1,108388e-003
2,067799e+003;1,101612e-003
2,068281e+003;1,106661e-003
2,068763e+003;1,102808e-003
2,069245e+003;1,065804e-003
2,069727e+003;9,822752e-004
2,070209e+003;8,576594e-004
2,070692e+003;7,179450e-004
2,071174e+003;6,005056e-004
2,071656e+003;5,405868e-004
2,072138e+003;5,590327e-004
2,072620e+003;6,534307e-004
2,073102e+003;8,015890e-004
2,073584e+003;9,682944e-004
2,074066e+003;1,121078e-003
2,074549e+003;1,237828e-003
2,075031e+003;1,312166e-003
2,075513e+003;1,350886e-003
2,075995e+003;1,367572e-003
2,076477e+003;1,374352e-003
2,076959e+003;1,379637e-003
2,077441e+003;1,390108e-003
2,077923e+003;1,413277e-003
2,078406e+003;1,460915e-003
2,078887e+003;1,547596e-003
2,079370e+003;1,684218e-003
2,079852e+003;1,870629e-003
2,080334e+003;2,090347e-003
2,080816e+003;2,312007e-003
2,081298e+003;2,493690e-003
2,081780e+003;2,596342e-003
2,082262e+003;2,597676e-003
2,082744e+003;2,498022e-003
2,083227e+003;2,319602e-003
2,083709e+003;2,097405e-003
2,084191e+003;1,869764e-003
2,084673e+003;1,664161e-003
2,085155e+003;1,492600e-003
2,085637e+003;1,353811e-003
2,086119e+003;1,239257e-003
2,086601e+003;1,140113e-003
2,087083e+003;1,054876e-003
2,087566e+003;9,885849e-004
2,088048e+003;9,502628e-004
2,088530e+003;9,466101e-004
2,089012e+003;9,762312e-004
2,089494e+003;1,027708e-003
2,089976e+003;1,083475e-003
2,090458e+003;1,125563e-003
2,090940e+003;1,142539e-003
2,091423e+003;1,132805e-003
2,091905e+003;1,104834e-003
2,092387e+003;1,072215e-003
2,092869e+003;1,046706e-003
2,093351e+003;1,033520e-003
2,093833e+003;1,029335e-003
2,094315e+003;1,025051e-003
2,094797e+003;1,009972e-003
2,095280e+003;9,787218e-004
2,095762e+003;9,343904e-004
2,096244e+003;8,878389e-004
2,096726e+003;8,513184e-004
2,097208e+003;8,329929e-004
2,097690e+003;8,316982e-004
2,098172e+003;8,354495e-004
2,098654e+003;8,271833e-004
2,099136e+003;7,906347e-004
2,099619e+003;7,208657e-004
2,100101e+003;6,275812e-004
2,100583e+003;5,347812e-004
2,101065e+003;4,700950e-004
2,101547e+003;4,583198e-004
2,102029e+003;5,079104e-004
2,102511e+003;6,086015e-004
2,102993e+003;7,325484e-004
2,103476e+003;8,461393e-004
2,103958e+003;9,215068e-004
2,104440e+003;9,452486e-004
2,104922e+003;9,230343e-004
2,105404e+003;8,769488e-004
2,105886e+003;8,364787e-004
2,106368e+003;8,252911e-004
2,106850e+003;8,564643e-004
2,107333e+003;9,290443e-004
2,107814e+003;1,032391e-003
2,108297e+003;1,151940e-003
2,108779e+003;1,276175e-003
2,109261e+003;1,397919e-003
2,109743e+003;1,511751e-003
2,110225e+003;1,612043e-003
2,110707e+003;1,686912e-003
2,111189e+003;1,720442e-003
2,111671e+003;1,698754e-003
2,112154e+003;1,616533e-003
2,112636e+003;1,484188e-003
2,113118e+003;1,327255e-003
2,113600e+003;1,182207e-003
2,114082e+003;1,084638e-003
2,114564e+003;1,055009e-003
2,115046e+003;1,093639e-003
2,115528e+003;1,179682e-003
2,116010e+003;1,279532e-003
2,116493e+003;1,356204e-003
2,116975e+003;1,386318e-003
2,117457e+003;1,365012e-003
2,117939e+003;1,306085e-003
2,118421e+003;1,234970e-003
2,118903e+003;1,178751e-003
2,119385e+003;1,156890e-003
2,119867e+003;1,174831e-003
2,120350e+003;1,224935e-003
2,120832e+003;1,291296e-003
2,121314e+003;1,357367e-003
2,121796e+003;1,410086e-003
2,122278e+003;1,443794e-003
2,122760e+003;1,459818e-003
2,123242e+003;1,463841e-003
2,123724e+003;1,462943e-003
2,124207e+003;1,463775e-003
2,124689e+003;1,470756e-003
2,125171e+003;1,485352e-003
2,125653e+003;1,505301e-003
2,126135e+003;1,523821e-003
2,126617e+003;1,531003e-003
2,127099e+003;1,515143e-003
2,127581e+003;1,466002e-003
2,128063e+003;1,380269e-003
2,128546e+003;1,264910e-003
2,129028e+003;1,136924e-003
2,129510e+003;1,018973e-003
2,129992e+003;9,362167e-004
2,130474e+003;9,041413e-004
2,130956e+003;9,261555e-004
2,131438e+003;9,905443e-004
2,131920e+003;1,075104e-003
2,132403e+003;1,153668e-003
2,132885e+003;1,206328e-003
2,133367e+003;1,226696e-003
2,133849e+003;1,223540e-003
2,134331e+003;1,218190e-003
2,134813e+003;1,233574e-003
2,135295e+003;1,290664e-003
2,135777e+003;1,397687e-003
2,136260e+003;1,551154e-003
2,136741e+003;1,737175e-003
2,137224e+003;1,938919e-003
2,137706e+003;2,139957e-003
2,138188e+003;2,327730e-003
2,138670e+003;2,494956e-003
2,139152e+003;2,635810e-003
2,139634e+003;2,746132e-003
2,140116e+003;2,821630e-003
2,140598e+003;2,858016e-003
2,141081e+003;2,852380e-003
2,141563e+003;2,804188e-003
2,142045e+003;2,715923e-003
2,142527e+003;2,592642e-003
2,143009e+003;2,439507e-003
2,143491e+003;2,261711e-003
2,143973e+003;2,063646e-003
2,144455e+003;1,847635e-003
2,144938e+003;1,617032e-003
2,145420e+003;1,379571e-003
2,145902e+003;1,150844e-003
2,146384e+003;9,549782e-004
2,146866e+003;8,203115e-004
2,147348e+003;7,748013e-004
2,147830e+003;8,357483e-004
2,148312e+003;1,002201e-003
2,148794e+003;1,249358e-003
2,149277e+003;1,533796e-003
2,149759e+003;1,798823e-003
2,150241e+003;1,985084e-003
2,150723e+003;2,051860e-003
2,151205e+003;1,986149e-003
2,151687e+003;1,811766e-003
2,152169e+003;1,580051e-003
2,152651e+003;1,363051e-003
2,153134e+003;1,228391e-003
2,153616e+003;1,218522e-003
2,154098e+003;1,343109e-003
2,154580e+003;1,571538e-003
2,155062e+003;1,845672e-003
2,155544e+003;2,097072e-003
2,156026e+003;2,271203e-003
2,156508e+003;2,345086e-003
2,156990e+003;2,333160e-003
2,157473e+003;2,277698e-003
2,157955e+003;2,233933e-003
2,158437e+003;2,242993e-003
2,158919e+003;2,315472e-003
2,159401e+003;2,429378e-003
2,159883e+003;2,545446e-003
2,160365e+003;2,630443e-003
2,160847e+003;2,670747e-003
2,161330e+003;2,680082e-003
2,161812e+003;2,687150e-003
2,162294e+003;2,727493e-003
2,162776e+003;2,819195e-003
2,163258e+003;2,957052e-003
2,163740e+003;3,108602e-003
2,164222e+003;3,230059e-003
2,164704e+003;3,273858e-003
2,165187e+003;3,211600e-003
2,165668e+003;3,043431e-003
2,166151e+003;2,798352e-003
2,166633e+003;2,525116e-003
2,167115e+003;2,271770e-003
2,167597e+003;2,073933e-003
2,168079e+003;1,942513e-003
2,168561e+003;1,863242e-003
2,169043e+003;1,806775e-003
2,169525e+003;1,743097e-003
2,170008e+003;1,654615e-003
2,170490e+003;1,546698e-003
2,170972e+003;1,444393e-003
2,171454e+003;1,389676e-003
2,171936e+003;1,422618e-003
2,172418e+003;1,565885e-003
2,172900e+003;1,815792e-003
2,173382e+003;2,134896e-003
2,173865e+003;2,464398e-003
2,174347e+003;2,731527e-003
2,174829e+003;2,875994e-003
2,175311e+003;2,866154e-003
2,175793e+003;2,704254e-003
2,176275e+003;2,424279e-003
2,176757e+003;2,083122e-003
2,177239e+003;1,744427e-003
2,177721e+003;1,457923e-003
2,178204e+003;1,258596e-003
2,178686e+003;1,155728e-003
2,179168e+003;1,143269e-003
2,179650e+003;1,203537e-003
2,180132e+003;1,315124e-003
2,180614e+003;1,456926e-003
2,181096e+003;1,604195e-003
2,181578e+003;1,731719e-003
2,182061e+003;1,812099e-003
2,182543e+003;1,820783e-003
2,183025e+003;1,745359e-003
2,183507e+003;1,589994e-003
2,183989e+003;1,381565e-003
2,184471e+003;1,159249e-003
2,184953e+003;9,716152e-004
2,185435e+003;8,568626e-004
2,185917e+003;8,321629e-004
2,186400e+003;8,902626e-004
2,186882e+003;1,006319e-003
2,187364e+003;1,149449e-003
2,187846e+003;1,297444e-003
2,188328e+003;1,445855e-003
2,188810e+003;1,606423e-003
2,189292e+003;1,798623e-003
2,189774e+003;2,033751e-003
2,190257e+003;2,301848e-003
2,190739e+003;2,569477e-003
2,191221e+003;2,787347e-003
2,191703e+003;2,901144e-003
2,192185e+003;2,871257e-003
2,192667e+003;2,687484e-003
2,193149e+003;2,373170e-003
2,193631e+003;1,978793e-003
2,194114e+003;1,568678e-003
2,194595e+003;1,211246e-003
2,195078e+003;9,605570e-004
2,195560e+003;8,562318e-004
2,196042e+003;9,177215e-004
2,196524e+003;1,145296e-003
2,197006e+003;1,517636e-003
2,197488e+003;1,992973e-003
2,197970e+003;2,516184e-003
2,198452e+003;3,018073e-003
2,198935e+003;3,431496e-003
2,199417e+003;3,705437e-003
2,199899e+003;3,811485e-003
2,200381e+003;3,753260e-003
2,200863e+003;3,564369e-003
2,201345e+003;3,297228e-003
2,201827e+003;3,003325e-003
2,202309e+003;2,722892e-003
2,202792e+003;2,478194e-003
2,203274e+003;2,273568e-003
2,203756e+003;2,106061e-003
2,204238e+003;1,974000e-003
2,204720e+003;1,882176e-003
2,205202e+003;1,840082e-003
2,205684e+003;1,854656e-003
2,206166e+003;1,921612e-003
2,206648e+003;2,020635e-003
2,207131e+003;2,117682e-003
2,207613e+003;2,177219e-003
2,208095e+003;2,171425e-003
2,208577e+003;2,094908e-003
2,209059e+003;1,965479e-003
2,209541e+003;1,821182e-003
2,210023e+003;1,702147e-003
2,210505e+003;1,641976e-003
2,210988e+003;1,653883e-003
2,211470e+003;1,727894e-003
2,211952e+003;1,834126e-003
2,212434e+003;1,934659e-003
2,212916e+003;1,993872e-003
2,213398e+003;1,986915e-003
2,213880e+003;1,906004e-003
2,214362e+003;1,758300e-003
2,214844e+003;1,563790e-003
2,215327e+003;1,348360e-003
2,215809e+003;1,140745e-003
2,216291e+003;9,665344e-004
2,216773e+003;8,440146e-004
2,217255e+003;7,837304e-004
2,217737e+003;7,863858e-004
2,218219e+003;8,469361e-004
2,218701e+003;9,542144e-004
2,219184e+003;1,098257e-003
2,219666e+003;1,270526e-003
2,220148e+003;1,466202e-003
2,220630e+003;1,681690e-003
2,221112e+003;1,911795e-003
2,221594e+003;2,142954e-003
2,222076e+003;2,355880e-003
2,222558e+003;2,520717e-003
2,223041e+003;2,606275e-003
2,223522e+003;2,588909e-003
2,224005e+003;2,458633e-003
2,224487e+003;2,227040e-003
2,224969e+003;1,923609e-003
2,225451e+003;1,595482e-003
2,225933e+003;1,293755e-003
2,226415e+003;1,062549e-003
2,226897e+003;9,320992e-004
2,227379e+003;9,094870e-004
2,227862e+003;9,786222e-004
2,228344e+003;1,104336e-003
2,228826e+003;1,245371e-003
2,229308e+003;1,361024e-003
2,229790e+003;1,423183e-003
2,230272e+003;1,423349e-003
2,230754e+003;1,371593e-003
2,231236e+003;1,292592e-003
2,231719e+003;1,215133e-003
2,232201e+003;1,165063e-003
2,232683e+003;1,154399e-003
2,233165e+003;1,181509e-003
2,233647e+003;1,231282e-003
2,234129e+003;1,284849e-003
2,234611e+003;1,325161e-003
2,235093e+003;1,345369e-003
2,235575e+003;1,348992e-003
2,236058e+003;1,349490e-003
2,236540e+003;1,362686e-003
2,237022e+003;1,400113e-003
2,237504e+003;1,464672e-003
2,237986e+003;1,550223e-003
2,238468e+003;1,644337e-003
2,238950e+003;1,732651e-003
2,239432e+003;1,804745e-003
2,239915e+003;1,855887e-003
2,240397e+003;1,886702e-003
2,240879e+003;1,899814e-003
2,241361e+003;1,895854e-003
2,241843e+003;1,873225e-003
2,242325e+003;1,826839e-003
2,242807e+003;1,752012e-003
2,243289e+003;1,647464e-003
2,243771e+003;1,519232e-003
2,244254e+003;1,379571e-003
2,244736e+003;1,246035e-003
2,245218e+003;1,135163e-003
2,245700e+003;1,058829e-003
2,246182e+003;1,019903e-003
2,246664e+003;1,011168e-003
2,247146e+003;1,017943e-003
2,247628e+003;1,025449e-003
2,248111e+003;1,023523e-003
2,248593e+003;1,012663e-003
2,249075e+003;1,004592e-003
2,249557e+003;1,019670e-003
2,250039e+003;1,078492e-003
2,250521e+003;1,193702e-003
2,251003e+003;1,363184e-003
2,251485e+003;1,568479e-003
2,251968e+003;1,778694e-003
2,252449e+003;1,955827e-003
2,252932e+003;2,069572e-003
2,253414e+003;2,102632e-003
2,253896e+003;2,055656e-003
2,254378e+003;1,943945e-003
2,254860e+003;1,792668e-003
2,255342e+003;1,626677e-003
2,255824e+003;1,463076e-003
2,256306e+003;1,312299e-003
2,256789e+003;1,178818e-003
2,257271e+003;1,066668e-003
2,257753e+003;9,840353e-004
2,258235e+003;9,413635e-004
2,258717e+003;9,486025e-004
2,259199e+003;1,008744e-003
2,259681e+003;1,112142e-003
2,260163e+003;1,236266e-003
2,260646e+003;1,348194e-003
2,261128e+003;1,417166e-003
2,261610e+003;1,420491e-003
2,262092e+003;1,352614e-003
2,262574e+003;1,226098e-003
2,263056e+003;1,067797e-003
2,263538e+003;9,094870e-004
2,264020e+003;7,775231e-004
2,264502e+003;6,906315e-004
2,264985e+003;6,540612e-004
2,265467e+003;6,629214e-004
2,265949e+003;7,054662e-004
2,266431e+003;7,677976e-004
2,266913e+003;8,342876e-004
2,267395e+003;8,892001e-004
2,267877e+003;9,187177e-004
2,268359e+003;9,095534e-004
2,268842e+003;8,543395e-004
2,269324e+003;7,540892e-004
2,269806e+003;6,205135e-004
2,270288e+003;4,751369e-004
2,270770e+003;3,434044e-004
2,271252e+003;2,505988e-004
2,271734e+003;2,117781e-004
2,272216e+003;2,283867e-004
2,272698e+003;2,883950e-004
2,273181e+003;3,705635e-004
2,273663e+003;4,506247e-004
2,274145e+003;5,097017e-004
2,274627e+003;5,394921e-004
2,275109e+003;5,427101e-004
2,275591e+003;5,308997e-004
2,276073e+003;5,184595e-004
2,276555e+003;5,186917e-004
2,277038e+003;5,384304e-004
2,277520e+003;5,778775e-004
2,278002e+003;6,311317e-004
2,278484e+003;6,893704e-004
2,278966e+003;7,438331e-004
2,279448e+003;7,879460e-004
2,279930e+003;8,181206e-004
2,280412e+003;8,339556e-004
2,280895e+003;8,365783e-004
2,281376e+003;8,274821e-004
2,281859e+003;8,079626e-004
2,282341e+003;7,786849e-004
2,282823e+003;7,401822e-004
2,283305e+003;6,933528e-004
2,283787e+003;6,399914e-004
2,284269e+003;5,828210e-004
2,284751e+003;5,252601e-004
2,285233e+003;4,703604e-004
2,285716e+003;4,198455e-004
2,286198e+003;3,745098e-004
2,286680e+003;3,334233e-004
2,287162e+003;2,957557e-004
2,287644e+003;2,623683e-004
2,288126e+003;2,356469e-004
2,288608e+003;2,202315e-004
2,289090e+003;2,213918e-004
2,289573e+003;2,429073e-004
2,290055e+003;2,865051e-004
2,290537e+003;3,496717e-004
2,291019e+003;4,267109e-004
2,291501e+003;5,096354e-004
2,291983e+003;5,912816e-004
2,292465e+003;6,652444e-004
2,292947e+003;7,292626e-004
2,293429e+003;7,830997e-004
2,293912e+003;8,289096e-004
2,294394e+003;8,689142e-004
2,294876e+003;9,049050e-004
2,295358e+003;9,376777e-004
2,295840e+003;9,670325e-004
2,296322e+003;9,928690e-004
2,296804e+003;1,015485e-003
2,297286e+003;1,034583e-003
2,297769e+003;1,050160e-003
2,298251e+003;1,061220e-003
2,298733e+003;1,066933e-003
2,299215e+003;1,065671e-003
2,299697e+003;1,057268e-003
2,300179e+003;1,042986e-003
2,300661e+003;1,025615e-003
2,301143e+003;1,009275e-003
2,301625e+003;9,977177e-004
2,302108e+003;9,940313e-004
2,302590e+003;9,995443e-004
2,303072e+003;1,014423e-003
2,303554e+003;1,037207e-003
2,304036e+003;1,066568e-003
2,304518e+003;1,100582e-003
2,305000e+003;1,136957e-003
2,305482e+003;1,173170e-003
2,305965e+003;1,205664e-003
2,306447e+003;1,230185e-003
2,306929e+003;1,243909e-003
2,307411e+003;1,244872e-003
2,307893e+003;1,234040e-003
2,308375e+003;1,214170e-003
2,308857e+003;1,190446e-003
2,309339e+003;1,167389e-003
2,309822e+003;1,148618e-003
2,310303e+003;1,136060e-003
2,310786e+003;1,129549e-003
2,311268e+003;1,127722e-003
2,311750e+003;1,128818e-003
2,312232e+003;1,130679e-003
2,312714e+003;1,131210e-003
2,313196e+003;1,127988e-003
2,313678e+003;1,119018e-003
2,314160e+003;1,102708e-003
2,314643e+003;1,080253e-003
2,315125e+003;1,055242e-003
2,315607e+003;1,034616e-003
2,316089e+003;1,027077e-003
2,316571e+003;1,040926e-003
2,317053e+003;1,081117e-003
2,317535e+003;1,147422e-003
2,318017e+003;1,232910e-003
2,318500e+003;1,325062e-003
2,318982e+003;1,409454e-003
2,319464e+003;1,472053e-003
2,319946e+003;1,503838e-003
2,320428e+003;1,502508e-003
2,320910e+003;1,472518e-003
2,321392e+003;1,424480e-003
2,321874e+003;1,371693e-003
2,322356e+003;1,328319e-003
2,322839e+003;1,305121e-003
2,323321e+003;1,308345e-003
2,323803e+003;1,337891e-003
2,324285e+003;1,388512e-003
2,324767e+003;1,451175e-003
2,325249e+003;1,514577e-003
2,325731e+003;1,570840e-003
2,326213e+003;1,613606e-003
2,326696e+003;1,641976e-003
2,327178e+003;1,658307e-003
2,327660e+003;1,666589e-003
2,328142e+003;1,669915e-003
2,328624e+003;1,668352e-003
2,329106e+003;1,658506e-003
2,329588e+003;1,636887e-003
2,330070e+003;1,601834e-003
2,330552e+003;1,557305e-003
2,331035e+003;1,512416e-003
2,331517e+003;1,479201e-003
2,331999e+003;1,467565e-003
2,332481e+003;1,479899e-003
2,332963e+003;1,509091e-003
2,333445e+003;1,540679e-003
2,333927e+003;1,557970e-003
2,334409e+003;1,547961e-003
2,334892e+003;1,506797e-003
2,335374e+003;1,441234e-003
2,335856e+003;1,367140e-003
2,336338e+003;1,302296e-003
2,336820e+003;1,261321e-003
2,337302e+003;1,251352e-003
2,337784e+003;1,270493e-003
2,338266e+003;1,311236e-003
2,338749e+003;1,363882e-003
2,339230e+003;1,422419e-003
2,339713e+003;1,483290e-003
2,340195e+003;1,545999e-003
2,340677e+003;1,609483e-003
2,341159e+003;1,669283e-003
2,341641e+003;1,717349e-003
2,342123e+003;1,744494e-003
2,342605e+003;1,742997e-003
2,343087e+003;1,711494e-003
2,343570e+003;1,655047e-003
2,344052e+003;1,586137e-003
2,344534e+003;1,519199e-003
2,345016e+003;1,467764e-003
2,345498e+003;1,439040e-003
2,345980e+003;1,433422e-003
2,346462e+003;1,444426e-003
2,346944e+003;1,463442e-003
2,347427e+003;1,482426e-003
2,347909e+003;1,495559e-003
2,348391e+003;1,500812e-003
2,348873e+003;1,499116e-003
2,349355e+003;1,494295e-003
2,349837e+003;1,492600e-003
2,350319e+003;1,500579e-003
2,350801e+003;1,524652e-003
2,351283e+003;1,567148e-003
2,351766e+003;1,625014e-003
2,352248e+003;1,688608e-003
2,352730e+003;1,744028e-003
2,353212e+003;1,776598e-003
2,353694e+003;1,775301e-003
2,354176e+003;1,736277e-003
2,354658e+003;1,663761e-003
2,355140e+003;1,566616e-003
2,355623e+003;1,456826e-003
2,356105e+003;1,345568e-003
2,356587e+003;1,241549e-003
2,357069e+003;1,152870e-003
2,357551e+003;1,088491e-003
2,358033e+003;1,058629e-003
2,358515e+003;1,074806e-003
2,358997e+003;1,145827e-003
2,359479e+003;1,273450e-003
2,359962e+003;1,450410e-003
2,360444e+003;1,660369e-003
2,360926e+003;1,884239e-003
2,361408e+003;2,102632e-003
2,361890e+003;2,302147e-003
2,362372e+003;2,475428e-003
2,362854e+003;2,618142e-003
2,363336e+003;2,727026e-003
2,363819e+003;2,796351e-003
2,364301e+003;2,818161e-003
2,364783e+003;2,785947e-003
2,365265e+003;2,698386e-003
2,365747e+003;2,562844e-003
2,366229e+003;2,394426e-003
2,366711e+003;2,214218e-003
2,367193e+003;2,041207e-003
2,367676e+003;1,888433e-003
2,368157e+003;1,760330e-003
2,368640e+003;1,654182e-003
2,369122e+003;1,563291e-003
2,369604e+003;1,482559e-003
2,370086e+003;1,411150e-003
2,370568e+003;1,352016e-003
2,371050e+003;1,310172e-003
2,371532e+003;1,288405e-003
2,372014e+003;1,285048e-003
2,372497e+003;1,293988e-003
2,372979e+003;1,306051e-003
2,373461e+003;1,311901e-003
2,373943e+003;1,304921e-003
2,374425e+003;1,282655e-003
2,374907e+003;1,246833e-003
2,375389e+003;1,201776e-003
2,375872e+003;1,153900e-003
2,376354e+003;1,109584e-003
2,376836e+003;1,074407e-003
2,377318e+003;1,052119e-003
2,377800e+003;1,044414e-003
2,378282e+003;1,050293e-003
2,378764e+003;1,066003e-003
2,379246e+003;1,085468e-003
2,379729e+003;1,102442e-003
2,380210e+003;1,111278e-003
2,380693e+003;1,109318e-003
2,381175e+003;1,097293e-003
2,381657e+003;1,079323e-003
2,382139e+003;1,059858e-003
2,382621e+003;1,043351e-003
2,383103e+003;1,030796e-003
2,383585e+003;1,020434e-003
2,384067e+003;1,007847e-003
2,384550e+003;9,882528e-004
2,385032e+003;9,590627e-004
2,385514e+003;9,206435e-004
2,385996e+003;8,767496e-004
2,386478e+003;8,333580e-004
2,386960e+003;7,968422e-004
2,387442e+003;7,715152e-004
2,387924e+003;7,590680e-004
2,388406e+003;7,583046e-004
2,388889e+003;7,660715e-004
2,389371e+003;7,783530e-004
2,389853e+003;7,912322e-004
2,390335e+003;8,016554e-004
2,390817e+003;8,066680e-004
2,391299e+003;8,044107e-004
2,391781e+003;7,932903e-004
2,392263e+003;7,732412e-004
2,392746e+003;7,463224e-004
2,393228e+003;7,168166e-004
2,393710e+003;6,910961e-004
2,394192e+003;6,760627e-004
2,394674e+003;6,772242e-004
2,395156e+003;6,971362e-004
2,395638e+003;7,344070e-004
2,396120e+003;7,831993e-004
2,396603e+003;8,350844e-004
2,397085e+003;8,811321e-004
2,397567e+003;9,134383e-004
2,398049e+003;9,269524e-004
2,398531e+003;9,205107e-004
2,399013e+003;8,965379e-004
2,399495e+003;8,599502e-004
2,399977e+003;8,173239e-004
2,400459e+003;7,758303e-004
2,400942e+003;7,417753e-004
2,401424e+003;7,199032e-004
2,401906e+003;7,130331e-004
2,402388e+003;7,215627e-004
2,402870e+003;7,434348e-004
2,403352e+003;7,745358e-004
2,403834e+003;8,101203e-004
2,404316e+003;8,449774e-004
2,404799e+003;8,746247e-004
2,405281e+003;8,972683e-004
2,405763e+003;9,125418e-004
2,406245e+003;9,222705e-004
2,406727e+003;9,296752e-004
2,407209e+003;9,378105e-004
2,407691e+003;9,484697e-004
2,408173e+003;9,610551e-004
2,408656e+003;9,724122e-004
2,409137e+003;9,778916e-004
2,409620e+003;9,720137e-004
2,410102e+003;9,506613e-004
2,410584e+003;9,131726e-004
2,411066e+003;8,629714e-004
2,411548e+003;8,070663e-004
2,412030e+003;7,542220e-004
2,412512e+003;7,131327e-004
2,412994e+003;6,890385e-004
2,413477e+003;6,826004e-004
2,413959e+003;6,892708e-004
2,414441e+003;7,009527e-004
2,414923e+003;7,083868e-004
2,415405e+003;7,038732e-004
2,415887e+003;6,844256e-004
2,416369e+003;6,518711e-004
2,416851e+003;6,131805e-004
2,417333e+003;5,775788e-004
2,417816e+003;5,553833e-004
2,418298e+003;5,545539e-004
2,418780e+003;5,789060e-004
2,419262e+003;6,280458e-004
2,419744e+003;6,967711e-004
2,420226e+003;7,768925e-004
2,420708e+003;8,578586e-004
2,421190e+003;9,294760e-004
2,421673e+003;9,825409e-004
2,422155e+003;1,010736e-003
2,422637e+003;1,010736e-003
2,423119e+003;9,833379e-004
2,423601e+003;9,330621e-004
2,424083e+003;8,669222e-004
2,424565e+003;7,952156e-004
2,425047e+003;7,282005e-004
2,425530e+003;6,760295e-004
2,426012e+003;6,462298e-004
2,426494e+003;6,427124e-004
2,426976e+003;6,647466e-004
2,427458e+003;7,065946e-004
2,427940e+003;7,600638e-004
2,428422e+003;8,144026e-004
2,428904e+003;8,599170e-004
2,429386e+003;8,899970e-004
2,429869e+003;9,012858e-004
2,430351e+003;8,949109e-004
2,430833e+003;8,743923e-004
2,431315e+003;8,447450e-004
2,431797e+003;8,107178e-004
2,432279e+003;7,762618e-004
2,432761e+003;7,446961e-004
2,433243e+003;7,192394e-004
2,433726e+003;7,029108e-004
2,434208e+003;6,986296e-004
2,434690e+003;7,080549e-004
2,435172e+003;7,302583e-004
2,435654e+003;7,605948e-004
2,436136e+003;7,922613e-004
2,436618e+003;8,167264e-004
2,437100e+003;8,272829e-004
2,437583e+003;8,211747e-004
2,438064e+003;8,010579e-004
2,438547e+003;7,737059e-004
2,439029e+003;7,478824e-004
2,439511e+003;7,321833e-004
2,439993e+003;7,306234e-004
2,440475e+003;7,433353e-004
2,440957e+003;7,659720e-004
2,441439e+003;7,924936e-004
2,441921e+003;8,164939e-004
2,442404e+003;8,334909e-004
2,442886e+003;8,411928e-004
2,443368e+003;8,389685e-004
2,443850e+003;8,274157e-004
2,444332e+003;8,077634e-004
2,444814e+003;7,822035e-004
2,445296e+003;7,540560e-004
2,445778e+003;7,271385e-004
2,446260e+003;7,065946e-004
2,446743e+003;6,961405e-004
2,447225e+003;6,974680e-004
2,447707e+003;7,090173e-004
2,448189e+003;7,269394e-004
2,448671e+003;7,452272e-004
2,449153e+003;7,587693e-004
2,449635e+003;7,652086e-004
2,450117e+003;7,640800e-004
2,450600e+003;7,574748e-004
2,451082e+003;7,477165e-004
2,451564e+003;7,360997e-004
2,452046e+003;7,222596e-004
2,452528e+003;7,045370e-004
2,453010e+003;6,818371e-004
2,453492e+003;6,552558e-004
2,453974e+003;6,278135e-004
2,454457e+003;6,050181e-004
2,454939e+003;5,921443e-004
2,455421e+003;5,929406e-004
2,455903e+003;6,080375e-004
2,456385e+003;6,351136e-004
2,456867e+003;6,692929e-004
2,457349e+003;7,051344e-004
2,457831e+003;7,380912e-004
2,458313e+003;7,641796e-004
2,458796e+003;7,808425e-004
2,459278e+003;7,861535e-004
2,459760e+003;7,782202e-004
2,460242e+003;7,562799e-004
2,460724e+003;7,207993e-004
2,461206e+003;6,746358e-004
2,461688e+003;6,218739e-004
2,462170e+003;5,686872e-004
2,462653e+003;5,206489e-004
2,463135e+003;4,819700e-004
2,463617e+003;4,555668e-004
2,464099e+003;4,428634e-004
2,464581e+003;4,447539e-004
2,465063e+003;4,618689e-004
2,465545e+003;4,950063e-004
2,466027e+003;5,436058e-004
2,466510e+003;6,048853e-004
2,466992e+003;6,730097e-004
2,467474e+003;7,388545e-004
2,467956e+003;7,926264e-004
2,468438e+003;8,261874e-004
2,468920e+003;8,354827e-004
2,469402e+003;8,219382e-004
2,469884e+003;7,916306e-004
2,470366e+003;7,534918e-004
2,470849e+003;7,157546e-004
2,471331e+003;6,835296e-004
2,471813e+003;6,581097e-004
2,472295e+003;6,376687e-004
2,472777e+003;6,186885e-004
2,473259e+003;5,993443e-004
2,473741e+003;5,803990e-004
2,474223e+003;5,656681e-004
2,474706e+003;5,610897e-004
2,475188e+003;5,723036e-004
2,475670e+003;6,029941e-004
2,476152e+003;6,528334e-004
2,476634e+003;7,172813e-004
2,477116e+003;7,873485e-004
2,477598e+003;8,527460e-004
2,478080e+003;9,031784e-004
2,478563e+003;9,310698e-004
2,479044e+003;9,338923e-004
2,479527e+003;9,146004e-004
2,480009e+003;8,813977e-004
2,480491e+003;8,449442e-004
2,480973e+003;8,156972e-004
2,481455e+003;8,009915e-004
2,481937e+003;8,027177e-004
2,482419e+003;8,173570e-004
2,482901e+003;8,378398e-004
2,483384e+003;8,566966e-004
2,483866e+003;8,678518e-004
2,484348e+003;8,694122e-004
2,484830e+003;8,630046e-004
2,485312e+003;8,524139e-004
2,485794e+003;8,410268e-004
2,486276e+003;8,311006e-004
2,486758e+003;8,226685e-004
2,487240e+003;8,149337e-004
2,487723e+003;8,079626e-004
2,488205e+003;8,032156e-004
2,488687e+003;8,040123e-004
2,489169e+003;8,145022e-004
2,489651e+003;8,374082e-004
2,490133e+003;8,736619e-004
2,490615e+003;9,209423e-004
2,491097e+003;9,750357e-004
2,491580e+003;1,031793e-003
2,492062e+003;1,086763e-003
2,492544e+003;1,136858e-003
2,493026e+003;1,178751e-003
2,493508e+003;1,209152e-003
2,493990e+003;1,223241e-003
2,494472e+003;1,216329e-003
2,494954e+003;1,185363e-003
2,495437e+003;1,131044e-003
2,495919e+003;1,058796e-003
2,496401e+003;9,781241e-004
2,496883e+003;9,004558e-004
2,497365e+003;8,366778e-004
2,497847e+003;7,932239e-004
2,498329e+003;7,718471e-004
2,498811e+003;7,697227e-004
2,499293e+003;7,819047e-004
2,499776e+003;8,028173e-004
2,500258e+003;8,285112e-004
2,500740e+003;8,565970e-004
2,501222e+003;8,851827e-004
2,501704e+003;9,118113e-004
2,502186e+003;9,329293e-004
2,502668e+003;9,436216e-004
2,503150e+003;9,397364e-004
2,503633e+003;9,185516e-004
2,504115e+003;8,805345e-004
2,504597e+003;8,289760e-004
2,505079e+003;7,697560e-004
2,505561e+003;7,100130e-004
2,506043e+003;6,566164e-004
2,506525e+003;6,160672e-004
2,507007e+003;5,927415e-004
2,507490e+003;5,891914e-004
2,507971e+003;6,044208e-004
2,508454e+003;6,337199e-004
2,508936e+003;6,688615e-004
2,509418e+003;6,990942e-004
2,509900e+003;7,145266e-004
2,510382e+003;7,088846e-004
2,510864e+003;6,818371e-004
2,511346e+003;6,407215e-004
2,511828e+003;5,978512e-004
2,512311e+003;5,680900e-004
2,512793e+003;5,619854e-004
2,513275e+003;5,849445e-004
2,513757e+003;6,337863e-004
2,514239e+003;7,004217e-004
2,514721e+003;7,734072e-004
2,515203e+003;8,436494e-004
2,515685e+003;9,060338e-004
2,516167e+003;9,601917e-004
2,516650e+003;1,008279e-003
2,517132e+003;1,052950e-003
2,517614e+003;1,095466e-003
2,518096e+003;1,134333e-003
2,518578e+003;1,166359e-003
2,519060e+003;1,188918e-003
2,519542e+003;1,200381e-003
2,520024e+003;1,201278e-003
2,520507e+003;1,193204e-003
2,520989e+003;1,177887e-003
2,521471e+003;1,156093e-003
2,521953e+003;1,127622e-003
2,522435e+003;1,092842e-003
2,522917e+003;1,053647e-003
2,523399e+003;1,014290e-003
2,523881e+003;9,810796e-004
2,524364e+003;9,611547e-004
2,524846e+003;9,595608e-004
2,525328e+003;9,784561e-004
2,525810e+003;1,016050e-003
2,526292e+003;1,067099e-003
2,526774e+003;1,124566e-003
2,527256e+003;1,180911e-003
2,527738e+003;1,230019e-003
2,528220e+003;1,266173e-003
2,528703e+003;1,285314e-003
2,529185e+003;1,283985e-003
2,529667e+003;1,259560e-003
2,530149e+003;1,212276e-003
2,530631e+003;1,144465e-003
2,531113e+003;1,062715e-003
2,531595e+003;9,762312e-004
2,532077e+003;8,960730e-004
2,532560e+003;8,331921e-004
2,533042e+003;7,951824e-004
2,533524e+003;7,856556e-004
2,534006e+003;8,034148e-004
2,534488e+003;8,431847e-004
2,534970e+003;8,969030e-004
2,535452e+003;9,563065e-004
2,535934e+003;1,014190e-003
2,536417e+003;1,065206e-003
2,536898e+003;1,107425e-003
2,537381e+003;1,141343e-003
2,537863e+003;1,169382e-003
2,538345e+003;1,194500e-003
2,538827e+003;1,218954e-003
2,539309e+003;1,243178e-003
2,539791e+003;1,265109e-003
2,540273e+003;1,280229e-003
2,540755e+003;1,283686e-003
2,541238e+003;1,271058e-003
2,541720e+003;1,240685e-003
2,542202e+003;1,193802e-003
2,542684e+003;1,135562e-003
2,543166e+003;1,073577e-003
2,543648e+003;1,015419e-003
2,544130e+003;9,681947e-004
2,544612e+003;9,368144e-004
2,545094e+003;9,233663e-004
2,545577e+003;9,283138e-004
2,546059e+003;9,500304e-004
2,546541e+003;9,860942e-004
2,547023e+003;1,032590e-003
2,547505e+003;1,085236e-003
2,547987e+003;1,138286e-003
2,548469e+003;1,185296e-003
2,548951e+003;1,220317e-003
2,549434e+003;1,239024e-003
2,549916e+003;1,239489e-003
2,550398e+003;1,223706e-003
2,550880e+003;1,196261e-003
2,551362e+003;1,164465e-003
2,551844e+003;1,135695e-003
2,552326e+003;1,117058e-003
2,552808e+003;1,112740e-003
2,553291e+003;1,123470e-003
2,553773e+003;1,146492e-003
2,554255e+003;1,176326e-003
2,554737e+003;1,205697e-003
2,555219e+003;1,227527e-003
2,555701e+003;1,237595e-003
2,556183e+003;1,234804e-003
2,556665e+003;1,223141e-003
2,557147e+003;1,208953e-003
2,557630e+003;1,200381e-003
2,558112e+003;1,203537e-003
2,558594e+003;1,220184e-003
2,559076e+003;1,246500e-003
2,559558e+003;1,273716e-003
2,560040e+003;1,291828e-003
2,560522e+003;1,292060e-003
2,561004e+003;1,271224e-003
2,561487e+003;1,233109e-003
2,561969e+003;1,188121e-003
2,562451e+003;1,149050e-003
2,562933e+003;1,128087e-003
2,563415e+003;1,132473e-003
2,563897e+003;1,161542e-003
2,564379e+003;1,208288e-003
2,564861e+003;1,261587e-003
2,565344e+003;1,310837e-003
2,565825e+003;1,348460e-003
2,566308e+003;1,373056e-003
2,566790e+003;1,388512e-003
2,567272e+003;1,401775e-003
2,567754e+003;1,419693e-003
2,568236e+003;1,445988e-003
2,568718e+003;1,480099e-003
2,569200e+003;1,517437e-003
2,569682e+003;1,551586e-003
2,570165e+003;1,576792e-003
2,570647e+003;1,590327e-003
2,571129e+003;1,593819e-003
2,571611e+003;1,591757e-003
2,572093e+003;1,589928e-003
2,572575e+003;1,592721e-003
2,573057e+003;1,601468e-003
2,573539e+003;1,613141e-003
2,574021e+003;1,622054e-003
2,574504e+003;1,622553e-003
2,574986e+003;1,610913e-003
2,575468e+003;1,587700e-003
2,575950e+003;1,557937e-003
2,576432e+003;1,529972e-003
2,576914e+003;1,512948e-003
2,577396e+003;1,513147e-003
2,577878e+003;1,532466e-003
2,578361e+003;1,568013e-003
2,578843e+003;1,612709e-003
2,579325e+003;1,657675e-003
2,579807e+003;1,695228e-003
2,580289e+003;1,720276e-003
2,580771e+003;1,731320e-003
2,581253e+003;1,729823e-003
2,581735e+003;1,719444e-003
2,582218e+003;1,704708e-003
2,582700e+003;1,689972e-003
2,583182e+003;1,679328e-003
2,583664e+003;1,676235e-003
2,584146e+003;1,683386e-003
2,584628e+003;1,702313e-003
2,585110e+003;1,732451e-003
2,585592e+003;1,771408e-003
2,586074e+003;1,814494e-003
2,586557e+003;1,856686e-003
2,587039e+003;1,893291e-003
2,587521e+003;1,922145e-003
2,588003e+003;1,944078e-003
2,588485e+003;1,963016e-003
2,588967e+003;1,983886e-003
2,589449e+003;2,011081e-003
2,589931e+003;2,046334e-003
2,590414e+003;2,087949e-003
2,590896e+003;2,130934e-003
2,591378e+003;2,168394e-003
2,591860e+003;2,193403e-003
2,592342e+003;2,201462e-003
2,592824e+003;2,190739e-003
2,593306e+003;2,162800e-003
2,593788e+003;2,122410e-003
2,594271e+003;2,076763e-003
2,594752e+003;2,033284e-003
2,595235e+003;2,000063e-003
2,595717e+003;1,983553e-003
2,596199e+003;1,987680e-003
2,596681e+003;2,012912e-003
2,597163e+003;2,055389e-003
2,597645e+003;2,107793e-003
2,598127e+003;2,160070e-003
2,598609e+003;2,202495e-003
2,599092e+003;2,227972e-003
2,599574e+003;2,234000e-003
2,600056e+003;2,223343e-003
2,600538e+003;2,203128e-003
2,601020e+003;2,182447e-003
2,601502e+003;2,168761e-003
2,601984e+003;2,166230e-003
2,602466e+003;2,174155e-003
2,602948e+003;2,188042e-003
2,603431e+003;2,200563e-003
2,603913e+003;2,205858e-003
2,604395e+003;2,200030e-003
2,604877e+003;2,182314e-003
2,605359e+003;2,155075e-003
2,605841e+003;2,122343e-003
2,606323e+003;2,088815e-003
2,606805e+003;2,058718e-003
2,607288e+003;2,035049e-003
2,607770e+003;2,021300e-003
2,608252e+003;2,019736e-003
2,608734e+003;2,032585e-003
2,609216e+003;2,059784e-003
2,609698e+003;2,099769e-003
2,610180e+003;2,146983e-003
2,610662e+003;2,193969e-003
2,611145e+003;2,232901e-003
2,611627e+003;2,257181e-003
2,612109e+003;2,264509e-003
2,612591e+003;2,256881e-003
2,613073e+003;2,240828e-003
2,613555e+003;2,224109e-003
2,614037e+003;2,213951e-003
2,614519e+003;2,214051e-003
2,615001e+003;2,224009e-003
2,615484e+003;2,240461e-003
2,615966e+003;2,258613e-003
2,616448e+003;2,274967e-003
2,616930e+003;2,288524e-003
2,617412e+003;2,300948e-003
2,617894e+003;2,314739e-003
2,618376e+003;2,331794e-003
2,618858e+003;2,351716e-003
2,619341e+003;2,371638e-003
2,619823e+003;2,387296e-003
2,620305e+003;2,395059e-003
2,620787e+003;2,393227e-003
2,621269e+003;2,382999e-003
2,621751e+003;2,367640e-003
2,622233e+003;2,351416e-003
2,622715e+003;2,337524e-003
2,623198e+003;2,327264e-003
2,623679e+003;2,320602e-003
2,624162e+003;2,316371e-003
2,624644e+003;2,314672e-003
2,625126e+003;2,315838e-003
2,625608e+003;2,321168e-003
2,626090e+003;2,331228e-003
2,626572e+003;2,345020e-003
2,627054e+003;2,359744e-003
2,627536e+003;2,371005e-003
2,628019e+003;2,375969e-003
2,628501e+003;2,373603e-003
2,628983e+003;2,366974e-003
2,629465e+003;2,361777e-003
2,629947e+003;2,364175e-003
2,630429e+003;2,378701e-003
2,630911e+003;2,404788e-003
2,631393e+003;2,437641e-003
2,631875e+003;2,468763e-003
2,632358e+003;2,489757e-003
2,632840e+003;2,495323e-003
2,633322e+003;2,485492e-003
2,633804e+003;2,465431e-003
2,634286e+003;2,444438e-003
2,634768e+003;2,432143e-003
2,635250e+003;2,434509e-003
2,635732e+003;2,453335e-003
2,636215e+003;2,484792e-003
2,636697e+003;2,522250e-003
2,637179e+003;2,557311e-003
2,637661e+003;2,583776e-003
2,638143e+003;2,598242e-003
2,638625e+003;2,601176e-003
2,639107e+003;2,596042e-003
2,639589e+003;2,587176e-003
2,640072e+003;2,578843e-003
2,640554e+003;2,574010e-003
2,641036e+003;2,573477e-003
2,641518e+003;2,576443e-003
2,642000e+003;2,580910e-003
2,642482e+003;2,585043e-003
2,642964e+003;2,587376e-003
2,643446e+003;2,588176e-003
2,643928e+003;2,588909e-003
2,644411e+003;2,592542e-003
2,644893e+003;2,602009e-003
2,645375e+003;2,619609e-003
2,645857e+003;2,646378e-003
2,646339e+003;2,681149e-003
2,646821e+003;2,721224e-003
2,647303e+003;2,762938e-003
2,647785e+003;2,802254e-003
2,648268e+003;2,836237e-003
2,648750e+003;2,863153e-003
2,649232e+003;2,882798e-003
2,649714e+003;2,896474e-003
2,650196e+003;2,905580e-003
2,650678e+003;2,912218e-003
2,651160e+003;2,917955e-003
2,651642e+003;2,924260e-003
2,652125e+003;2,931599e-003
2,652606e+003;2,939738e-003
2,653089e+003;2,947978e-003
2,653571e+003;2,955050e-003
2,654053e+003;2,960054e-003
2,654535e+003;2,962490e-003
2,655017e+003;2,963691e-003
2,655499e+003;2,965826e-003
2,655981e+003;2,972098e-003
2,656463e+003;2,985643e-003
2,656946e+003;3,008497e-003
2,657428e+003;3,040328e-003
2,657910e+003;3,078801e-003
2,658392e+003;3,119815e-003
2,658874e+003;3,158763e-003
2,659356e+003;3,191839e-003
2,659838e+003;3,216841e-003
2,660320e+003;3,233598e-003
2,660802e+003;3,243212e-003
2,661285e+003;3,247518e-003
2,661767e+003;3,247952e-003
2,662249e+003;3,245382e-003
2,662731e+003;3,240041e-003
2,663213e+003;3,231929e-003
2,663695e+003;3,221414e-003
2,664177e+003;3,209063e-003
2,664659e+003;3,196078e-003
2,665142e+003;3,183862e-003
2,665624e+003;3,173582e-003
2,666106e+003;3,166239e-003
2,666588e+003;3,163035e-003
2,667070e+003;3,164637e-003
2,667552e+003;3,171279e-003
2,668034e+003;3,182493e-003
2,668516e+003;3,196946e-003
2,668999e+003;3,212201e-003
2,669481e+003;3,225686e-003
2,669963e+003;3,235267e-003
2,670445e+003;3,240508e-003
2,670927e+003;3,243312e-003
2,671409e+003;3,246750e-003
2,671891e+003;3,254863e-003
2,672373e+003;3,270319e-003
2,672855e+003;3,293422e-003
2,673338e+003;3,321400e-003
2,673820e+003;3,349748e-003
2,674302e+003;3,373623e-003
2,674784e+003;3,389485e-003
2,675266e+003;3,396865e-003
2,675748e+003;3,397265e-003
2,676230e+003;3,394060e-003
2,676712e+003;3,390186e-003
2,677195e+003;3,387147e-003
2,677677e+003;3,384710e-003
2,678159e+003;3,381504e-003
2,678641e+003;3,376294e-003
2,679123e+003;3,368982e-003
2,679605e+003;3,360767e-003
2,680087e+003;3,353521e-003
2,680569e+003;3,348479e-003
2,681052e+003;3,345441e-003
2,681533e+003;3,342202e-003
2,682016e+003;3,336125e-003
2,682498e+003;3,324873e-003
2,682980e+003;3,308379e-003
2,683462e+003;3,288481e-003
2,683944e+003;3,269051e-003
2,684426e+003;3,253694e-003
2,684908e+003;3,244781e-003
2,685390e+003;3,242244e-003
2,685873e+003;3,243913e-003
2,686355e+003;3,247018e-003
2,686837e+003;3,249454e-003
2,687319e+003;3,250623e-003
2,687801e+003;3,251925e-003
2,688283e+003;3,255864e-003
2,688765e+003;3,264176e-003
2,689247e+003;3,277297e-003
2,689729e+003;3,293823e-003
2,690212e+003;3,310783e-003
2,690694e+003;3,325107e-003
2,691176e+003;3,334021e-003
2,691658e+003;3,335925e-003
2,692140e+003;3,330349e-003
2,692622e+003;3,317594e-003
2,693104e+003;3,298029e-003
2,693586e+003;3,272656e-003
2,694069e+003;3,242811e-003
2,694551e+003;3,210832e-003
2,695033e+003;3,180291e-003
2,695515e+003;3,154891e-003
2,695997e+003;3,138037e-003
2,696479e+003;3,131729e-003
2,696961e+003;3,135433e-003
2,697443e+003;3,146247e-003
2,697926e+003;3,159730e-003
2,698408e+003;3,171279e-003
2,698890e+003;3,177253e-003
2,699372e+003;3,176018e-003
2,699854e+003;3,168074e-003
2,700336e+003;3,155926e-003
2,700818e+003;3,142943e-003
2,701300e+003;3,132296e-003
2,701782e+003;3,126389e-003
2,702265e+003;3,125989e-003
2,702747e+003;3,130327e-003
2,703229e+003;3,137670e-003
2,703711e+003;3,145446e-003
2,704193e+003;3,151854e-003
2,704675e+003;3,155992e-003
2,705157e+003;3,158963e-003
2,705639e+003;3,163135e-003
2,706122e+003;3,171779e-003
2,706604e+003;3,187400e-003
2,707086e+003;3,210532e-003
2,707568e+003;3,239540e-003
2,708050e+003;3,270620e-003
2,708532e+003;3,299832e-003
2,709014e+003;3,324406e-003
2,709496e+003;3,344539e-003
2,709979e+003;3,363438e-003
2,710461e+003;3,386312e-003
2,710943e+003;3,417803e-003
2,711425e+003;3,459684e-003
2,711907e+003;3,509952e-003
2,712389e+003;3,562097e-003
2,712871e+003;3,607700e-003
2,713353e+003;3,639943e-003
2,713835e+003;3,655246e-003
2,714318e+003;3,655112e-003
2,714800e+003;3,645890e-003
2,715282e+003;3,636701e-003
2,715764e+003;3,635766e-003
2,716246e+003;3,648597e-003
2,716728e+003;3,676231e-003
2,717210e+003;3,715496e-003
2,717692e+003;3,760413e-003
2,718175e+003;3,803730e-003
2,718656e+003;3,839530e-003
2,719139e+003;3,863599e-003
2,719621e+003;3,874431e-003
2,720103e+003;3,872926e-003
2,720585e+003;3,862329e-003
2,721067e+003;3,847420e-003
2,721549e+003;3,833948e-003
2,722031e+003;3,827764e-003
2,722513e+003;3,833279e-003
2,722996e+003;3,853036e-003
2,723478e+003;3,886065e-003
2,723960e+003;3,928760e-003
2,724442e+003;3,975070e-003
2,724924e+003;4,017974e-003
2,725406e+003;4,051785e-003
2,725888e+003;4,072454e-003
2,726370e+003;4,078742e-003
2,726853e+003;4,072086e-003
2,727335e+003;4,055865e-003
2,727817e+003;4,033993e-003
2,728299e+003;4,010516e-003
2,728781e+003;3,988746e-003
2,729263e+003;3,970221e-003
2,729745e+003;3,955308e-003
2,730227e+003;3,942368e-003
2,730709e+003;3,928860e-003
2,731192e+003;3,911307e-003
2,731674e+003;3,886633e-003
2,732156e+003;3,853370e-003
2,732638e+003;3,811986e-003
2,733120e+003;3,764925e-003
2,733602e+003;3,716365e-003
2,734084e+003;3,670851e-003
2,734566e+003;3,631656e-003
2,735049e+003;3,600517e-003
2,735531e+003;3,576897e-003
2,736013e+003;3,559391e-003
2,736495e+003;3,545595e-003
2,736977e+003;3,533736e-003
2,737459e+003;3,522512e-003
2,737941e+003;3,510921e-003
2,738423e+003;3,497426e-003
2,738906e+003;3,480225e-003
2,739388e+003;3,456711e-003
2,739870e+003;3,424917e-003
2,740352e+003;3,384743e-003
2,740834e+003;3,338696e-003
2,741316e+003;3,291819e-003
2,741798e+003;3,250923e-003
2,742280e+003;3,222782e-003
2,742762e+003;3,211600e-003
2,743245e+003;3,218376e-003
2,743727e+003;3,239707e-003
2,744209e+003;3,270152e-003
2,744691e+003;3,302904e-003
2,745173e+003;3,331851e-003
2,745655e+003;3,353454e-003
2,746137e+003;3,366477e-003
2,746619e+003;3,371419e-003
2,747102e+003;3,370250e-003
2,747583e+003;3,364340e-003
2,748066e+003;3,354189e-003
2,748548e+003;3,339230e-003
2,749030e+003;3,318329e-003
2,749512e+003;3,290684e-003
2,749994e+003;3,256298e-003
2,750476e+003;3,217241e-003
2,750958e+003;3,177353e-003
2,751440e+003;3,142008e-003
2,751923e+003;3,116978e-003
2,752405e+003;3,106733e-003
2,752887e+003;3,113741e-003
2,753369e+003;3,136768e-003
2,753851e+003;3,171746e-003
2,754333e+003;3,211633e-003
2,754815e+003;3,249721e-003
2,755297e+003;3,279901e-003
2,755780e+003;3,299465e-003
2,756262e+003;3,308513e-003
2,756744e+003;3,310282e-003
2,757226e+003;3,308713e-003
2,757708e+003;3,306977e-003
2,758190e+003;3,306743e-003
2,758672e+003;3,307878e-003
2,759154e+003;3,309014e-003
2,759636e+003;3,309481e-003
2,760119e+003;3,309715e-003
2,760601e+003;3,312219e-003
2,761083e+003;3,320365e-003
2,761565e+003;3,336659e-003
2,762047e+003;3,361936e-003
2,762529e+003;3,394494e-003
2,763011e+003;3,430494e-003
2,763493e+003;3,465061e-003
2,763976e+003;3,494220e-003
2,764458e+003;3,516065e-003
2,764940e+003;3,531732e-003
2,765422e+003;3,544158e-003
2,765904e+003;3,556986e-003
2,766386e+003;3,573823e-003
2,766868e+003;3,596408e-003
2,767350e+003;3,624807e-003
2,767833e+003;3,657919e-003
2,768315e+003;3,693707e-003
2,768797e+003;3,730601e-003
2,769279e+003;3,767398e-003
2,769761e+003;3,803229e-003
2,770243e+003;3,837592e-003
2,770725e+003;3,870018e-003
2,771207e+003;3,900073e-003
2,771689e+003;3,927355e-003
2,772172e+003;3,952232e-003
2,772654e+003;3,975505e-003
2,773136e+003;3,998344e-003
2,773618e+003;4,021686e-003
2,774100e+003;4,046333e-003
2,774582e+003;4,072487e-003
2,775064e+003;4,099781e-003
2,775546e+003;4,128012e-003
2,776029e+003;4,157784e-003
2,776510e+003;4,190970e-003
2,776993e+003;4,230315e-003
2,777475e+003;4,278900e-003
2,777957e+003;4,338567e-003
2,778439e+003;4,409321e-003
2,778921e+003;4,488122e-003
2,779403e+003;4,569381e-003
2,779885e+003;4,645532e-003
2,780367e+003;4,709837e-003
2,780850e+003;4,757571e-003
2,781332e+003;4,787487e-003
2,781814e+003;4,802496e-003
2,782296e+003;4,809330e-003
2,782778e+003;4,816299e-003
2,783260e+003;4,831510e-003
2,783742e+003;4,861397e-003
2,784224e+003;4,909784e-003
2,784707e+003;4,977380e-003
2,785189e+003;5,062787e-003
2,785671e+003;5,163132e-003
2,786153e+003;5,274634e-003
2,786635e+003;5,392842e-003
2,787117e+003;5,513262e-003
2,787599e+003;5,630628e-003
2,788081e+003;5,739934e-003
2,788563e+003;5,837682e-003
2,789046e+003;5,922486e-003
2,789528e+003;5,995817e-003
2,790010e+003;6,062406e-003
2,790492e+003;6,128536e-003
2,790974e+003;6,200658e-003
2,791456e+003;6,282911e-003
2,791938e+003;6,375871e-003
2,792420e+003;6,475982e-003
2,792903e+003;6,577023e-003
2,793385e+003;6,671797e-003
2,793867e+003;6,754879e-003
2,794349e+003;6,823975e-003
2,794831e+003;6,880727e-003
2,795313e+003;6,929845e-003
2,795795e+003;6,977890e-003
2,796277e+003;7,030622e-003
2,796760e+003;7,092116e-003
2,797242e+003;7,163826e-003
2,797724e+003;7,244408e-003
2,798206e+003;7,330970e-003
2,798688e+003;7,419976e-003
2,799170e+003;7,508629e-003
2,799652e+003;7,595648e-003
2,800134e+003;7,682044e-003
2,800616e+003;7,770649e-003
2,801099e+003;7,865548e-003
2,801581e+003;7,971335e-003
2,802063e+003;8,091088e-003
2,802545e+003;8,225733e-003
2,803027e+003;8,373187e-003
2,803509e+003;8,528633e-003
2,803991e+003;8,685384e-003
2,804473e+003;8,837019e-003
2,804956e+003;8,979032e-003
2,805438e+003;9,109925e-003
2,805920e+003;9,231686e-003
2,806402e+003;9,349282e-003
2,806884e+003;9,468807e-003
2,807366e+003;9,595682e-003
2,807848e+003;9,733640e-003
2,808330e+003;9,883743e-003
2,808813e+003;1,004543e-002
2,809294e+003;1,021626e-002
2,809777e+003;1,039415e-002
2,810259e+003;1,057725e-002
2,810741e+003;1,076487e-002
2,811223e+003;1,095668e-002
2,811705e+003;1,115283e-002
2,812187e+003;1,135318e-002
2,812669e+003;1,155695e-002
2,813151e+003;1,176314e-002
2,813634e+003;1,197024e-002
2,814116e+003;1,217697e-002
2,814598e+003;1,238270e-002
2,815080e+003;1,258748e-002
2,815562e+003;1,279221e-002
2,816044e+003;1,299861e-002
2,816526e+003;1,320890e-002
2,817008e+003;1,342496e-002
2,817490e+003;1,364849e-002
2,817973e+003;1,388057e-002
2,818455e+003;1,412210e-002
2,818937e+003;1,437399e-002
2,819419e+003;1,463789e-002
2,819901e+003;1,491619e-002
2,820383e+003;1,521202e-002
2,820865e+003;1,552801e-002
2,821347e+003;1,586604e-002
2,821830e+003;1,622595e-002
2,822312e+003;1,660556e-002
2,822794e+003;1,700184e-002
2,823276e+003;1,741228e-002
2,823758e+003;1,783650e-002
2,824240e+003;1,827696e-002
2,824722e+003;1,873863e-002
2,825204e+003;1,922815e-002
2,825687e+003;1,975199e-002
2,826169e+003;2,031445e-002
2,826651e+003;2,091783e-002
2,827133e+003;2,156296e-002
2,827615e+003;2,225086e-002
2,828097e+003;2,298412e-002
2,828579e+003;2,376758e-002
2,829061e+003;2,460799e-002
2,829543e+003;2,551285e-002
2,830026e+003;2,648779e-002
2,830508e+003;2,753590e-002
2,830990e+003;2,865804e-002
2,831472e+003;2,985363e-002
2,831954e+003;3,112358e-002
2,832436e+003;3,247236e-002
2,832918e+003;3,390892e-002
2,833400e+003;3,544731e-002
2,833883e+003;3,710551e-002
2,834365e+003;3,890164e-002
2,834847e+003;4,085350e-002
2,835329e+003;4,297550e-002
2,835811e+003;4,527731e-002
2,836293e+003;4,776341e-002
2,836775e+003;5,043278e-002
2,837257e+003;5,328004e-002
2,837740e+003;5,629460e-002
2,838221e+003;5,946445e-002
2,838704e+003;6,277644e-002
2,839186e+003;6,621776e-002
2,839668e+003;6,977873e-002
2,840150e+003;7,345121e-002
2,840632e+003;7,722868e-002
2,841114e+003;8,110614e-002
2,841596e+003;8,507806e-002
2,842078e+003;8,913883e-002
2,842561e+003;9,328360e-002
2,843043e+003;9,750779e-002
2,843525e+003;1,018073e-001
2,844007e+003;1,061778e-001
2,844489e+003;1,106109e-001
2,844971e+003;1,150935e-001
2,845453e+003;1,196037e-001
2,845935e+003;1,241089e-001
2,846417e+003;1,285703e-001
2,846900e+003;1,329385e-001
2,847382e+003;1,371582e-001
2,847864e+003;1,411716e-001
2,848346e+003;1,449149e-001
2,848828e+003;1,483214e-001
2,849310e+003;1,513248e-001
2,849792e+003;1,538558e-001
2,850274e+003;1,558522e-001
2,850757e+003;1,572604e-001
2,851239e+003;1,580412e-001
2,851721e+003;1,581761e-001
2,852203e+003;1,576695e-001
2,852685e+003;1,565510e-001
2,853167e+003;1,548683e-001
2,853649e+003;1,526882e-001
2,854131e+003;1,500862e-001
2,854614e+003;1,471357e-001
2,855096e+003;1,439105e-001
2,855578e+003;1,404749e-001
2,856060e+003;1,368843e-001
2,856542e+003;1,331915e-001
2,857024e+003;1,294431e-001
2,857506e+003;1,256839e-001
2,857988e+003;1,219588e-001
2,858470e+003;1,183069e-001
2,858953e+003;1,147647e-001
2,859435e+003;1,113639e-001
2,859917e+003;1,081289e-001
2,860399e+003;1,050816e-001
2,860881e+003;1,022404e-001
2,861363e+003;9,962062e-002
2,861845e+003;9,723667e-002
2,862327e+003;9,509925e-002
2,862810e+003;9,321419e-002
2,863292e+003;9,158154e-002
2,863774e+003;9,019400e-002
2,864256e+003;8,903750e-002
2,864738e+003;8,809246e-002
2,865220e+003;8,733718e-002
2,865702e+003;8,674846e-002
2,866184e+003;8,630338e-002
2,866667e+003;8,598129e-002
2,867148e+003;8,576022e-002
2,867631e+003;8,561645e-002
2,868113e+003;8,552405e-002
2,868595e+003;8,545067e-002
2,869077e+003;8,536137e-002
2,869559e+003;8,521987e-002
2,870041e+003;8,498900e-002
2,870523e+003;8,463912e-002
2,871005e+003;8,414738e-002
2,871488e+003;8,350099e-002
2,871970e+003;8,269857e-002
2,872452e+003;8,174945e-002
2,872934e+003;8,067212e-002
2,873416e+003;7,949148e-002
2,873898e+003;7,823945e-002
2,874380e+003;7,695102e-002
2,874862e+003;7,566210e-002
2,875344e+003;7,441086e-002
2,875827e+003;7,323156e-002
2,876309e+003;7,215440e-002
2,876791e+003;7,120440e-002
2,877273e+003;7,039744e-002
2,877755e+003;6,974262e-002
2,878237e+003;6,924196e-002
2,878719e+003;6,889331e-002
2,879201e+003;6,869191e-002
2,879684e+003;6,863292e-002
2,880166e+003;6,871318e-002
2,880648e+003;6,893059e-002
2,881130e+003;6,928400e-002
2,881612e+003;6,977242e-002
2,882094e+003;7,039346e-002
2,882576e+003;7,114366e-002
2,883058e+003;7,201803e-002
2,883541e+003;7,301003e-002
2,884023e+003;7,411361e-002
2,884505e+003;7,532175e-002
2,884987e+003;7,662776e-002
2,885469e+003;7,802501e-002
2,885951e+003;7,950576e-002
2,886433e+003;8,106133e-002
2,886915e+003;8,268294e-002
2,887397e+003;8,436091e-002
2,887880e+003;8,608639e-002
2,888362e+003;8,785153e-002
2,888844e+003;8,964892e-002
2,889326e+003;9,147285e-002
2,889808e+003;9,331740e-002
2,890290e+003;9,517614e-002
2,890772e+003;9,704278e-002
2,891254e+003;9,891069e-002
2,891737e+003;1,007733e-001
2,892219e+003;1,026252e-001
2,892701e+003;1,044620e-001
2,893183e+003;1,062794e-001
2,893665e+003;1,080737e-001
2,894147e+003;1,098408e-001
2,894629e+003;1,115770e-001
2,895111e+003;1,132802e-001
2,895594e+003;1,149503e-001
2,896075e+003;1,165905e-001
2,896558e+003;1,182071e-001
2,897040e+003;1,198092e-001
2,897522e+003;1,214052e-001
2,898004e+003;1,230034e-001
2,898486e+003;1,246104e-001
2,898968e+003;1,262300e-001
2,899450e+003;1,278653e-001
2,899932e+003;1,295189e-001
2,900415e+003;1,311939e-001
2,900897e+003;1,328927e-001
2,901379e+003;1,346178e-001
2,901861e+003;1,363700e-001
2,902343e+003;1,381494e-001
2,902825e+003;1,399554e-001
2,903307e+003;1,417882e-001
2,903789e+003;1,436502e-001
2,904271e+003;1,455456e-001
2,904754e+003;1,474806e-001
2,905236e+003;1,494624e-001
2,905718e+003;1,514968e-001
2,906200e+003;1,535887e-001
2,906682e+003;1,557407e-001
2,907164e+003;1,579543e-001
2,907646e+003;1,602302e-001
2,908128e+003;1,625689e-001
2,908611e+003;1,649708e-001
2,909093e+003;1,674357e-001
2,909575e+003;1,699640e-001
2,910057e+003;1,725558e-001
2,910539e+003;1,752125e-001
2,911021e+003;1,779364e-001
2,911503e+003;1,807294e-001
2,911985e+003;1,835914e-001
2,912468e+003;1,865178e-001
2,912950e+003;1,894961e-001
2,913432e+003;1,925054e-001
2,913914e+003;1,955189e-001
2,914396e+003;1,985033e-001
2,914878e+003;2,014257e-001
2,915360e+003;2,042548e-001
2,915842e+003;2,069598e-001
2,916324e+003;2,095122e-001
2,916807e+003;2,118800e-001
2,917289e+003;2,140253e-001
2,917771e+003;2,159067e-001
2,918253e+003;2,174762e-001
2,918735e+003;2,186854e-001
2,919217e+003;2,194903e-001
2,919699e+003;2,198515e-001
2,920181e+003;2,197399e-001
2,920664e+003;2,191367e-001
2,921146e+003;2,180348e-001
2,921628e+003;2,164390e-001
2,922110e+003;2,143664e-001
2,922592e+003;2,118458e-001
2,923074e+003;2,089119e-001
2,923556e+003;2,056065e-001
2,924038e+003;2,019732e-001
2,924521e+003;1,980547e-001
2,925002e+003;1,938964e-001
2,925485e+003;1,895440e-001
2,925967e+003;1,850436e-001
2,926449e+003;1,804435e-001
2,926931e+003;1,757872e-001
2,927413e+003;1,711116e-001
2,927895e+003;1,664467e-001
2,928377e+003;1,618135e-001
2,928859e+003;1,572278e-001
2,929342e+003;1,527034e-001
2,929824e+003;1,482537e-001
2,930306e+003;1,438932e-001
2,930788e+003;1,396348e-001
2,931270e+003;1,354869e-001
2,931752e+003;1,314522e-001
2,932234e+003;1,275269e-001
2,932716e+003;1,237042e-001
2,933198e+003;1,199773e-001
2,933681e+003;1,163436e-001
2,934163e+003;1,128060e-001
2,934645e+003;1,093739e-001
2,935127e+003;1,060583e-001
2,935609e+003;1,028708e-001
2,936091e+003;9,982050e-002
2,936573e+003;9,691246e-002
2,937055e+003;9,414963e-002
2,937538e+003;9,153327e-002
2,938020e+003;8,906423e-002
2,938502e+003;8,674465e-002
2,938984e+003;8,457640e-002
2,939466e+003;8,256214e-002
2,939948e+003;8,070539e-002
2,940430e+003;7,900990e-002
2,940912e+003;7,748133e-002
2,941395e+003;7,612775e-002
2,941877e+003;7,495784e-002
2,942359e+003;7,397962e-002
2,942841e+003;7,319894e-002
2,943323e+003;7,261609e-002
2,943805e+003;7,222646e-002
2,944287e+003;7,202058e-002
2,944769e+003;7,198734e-002
2,945251e+003;7,211520e-002
2,945734e+003;7,239542e-002
2,946216e+003;7,282144e-002
2,946698e+003;7,338730e-002
2,947180e+003;7,408532e-002
2,947662e+003;7,490355e-002
2,948144e+003;7,582258e-002
2,948626e+003;7,681848e-002
2,949108e+003;7,786199e-002
2,949591e+003;7,892159e-002
2,950073e+003;7,996809e-002
2,950555e+003;8,097245e-002
2,951037e+003;8,190799e-002
2,951519e+003;8,275060e-002
2,952001e+003;8,347585e-002
2,952483e+003;8,406164e-002
2,952965e+003;8,448973e-002
2,953448e+003;8,474591e-002
2,953929e+003;8,482304e-002
2,954412e+003;8,472098e-002
2,954894e+003;8,444513e-002
2,955376e+003;8,400515e-002
2,955858e+003;8,341321e-002
2,956340e+003;8,268225e-002
2,956822e+003;8,182485e-002
2,957304e+003;8,085337e-002
2,957786e+003;7,977921e-002
2,958269e+003;7,861131e-002
2,958751e+003;7,735627e-002
2,959233e+003;7,601807e-002
2,959715e+003;7,459762e-002
2,960197e+003;7,309428e-002
2,960679e+003;7,150693e-002
2,961161e+003;6,983620e-002
2,961643e+003;6,808528e-002
2,962125e+003;6,626037e-002
2,962608e+003;6,437176e-002
2,963090e+003;6,243246e-002
2,963572e+003;6,045668e-002
2,964054e+003;5,845986e-002
2,964536e+003;5,645619e-002
2,965018e+003;5,445679e-002
2,965500e+003;5,247041e-002
2,965982e+003;5,050163e-002
2,966465e+003;4,855371e-002
2,966947e+003;4,662865e-002
2,967429e+003;4,473026e-002
2,967911e+003;4,286457e-002
2,968393e+003;4,104029e-002
2,968875e+003;3,926744e-002
2,969357e+003;3,755701e-002
2,969839e+003;3,591828e-002
2,970322e+003;3,435725e-002
2,970804e+003;3,287764e-002
2,971286e+003;3,147964e-002
2,971768e+003;3,016192e-002
2,972250e+003;2,892113e-002
2,972732e+003;2,775271e-002
2,973214e+003;2,665123e-002
2,973696e+003;2,561023e-002
2,974178e+003;2,462352e-002
2,974661e+003;2,368548e-002
2,975143e+003;2,279261e-002
2,975625e+003;2,194403e-002
2,976107e+003;2,114086e-002
2,976589e+003;2,038584e-002
2,977071e+003;1,967973e-002
2,977553e+003;1,902116e-002
2,978035e+003;1,840468e-002
2,978518e+003;1,782176e-002
2,979000e+003;1,726214e-002
2,979482e+003;1,671787e-002
2,979964e+003;1,618436e-002
2,980446e+003;1,566267e-002
2,980928e+003;1,515815e-002
2,981410e+003;1,467785e-002
2,981892e+003;1,422856e-002
2,982375e+003;1,381301e-002
2,982856e+003;1,342961e-002
2,983339e+003;1,307314e-002
2,983821e+003;1,273659e-002
2,984303e+003;1,241397e-002
2,984785e+003;1,210187e-002
2,985267e+003;1,180022e-002
2,985749e+003;1,151129e-002
2,986231e+003;1,123752e-002
2,986713e+003;1,098084e-002
2,987196e+003;1,074048e-002
2,987678e+003;1,051410e-002
2,988160e+003;1,029765e-002
2,988642e+003;1,008798e-002
2,989124e+003;9,882116e-003
2,989606e+003;9,678952e-003
2,990088e+003;9,477917e-003
2,990570e+003;9,278395e-003
2,991052e+003;9,079812e-003
2,991535e+003;8,881082e-003
2,992017e+003;8,681430e-003
2,992499e+003;8,480989e-003
2,992981e+003;8,280575e-003
2,993463e+003;8,082211e-003
2,993945e+003;7,887817e-003
2,994427e+003;7,698873e-003
2,994909e+003;7,516214e-003
2,995392e+003;7,339462e-003
2,995874e+003;7,167868e-003
2,996356e+003;7,000719e-003
2,996838e+003;6,837439e-003
2,997320e+003;6,677786e-003
2,997802e+003;6,521353e-003
2,998284e+003;6,367533e-003
2,998766e+003;6,215178e-003
2,999249e+003;6,063515e-003
2,999731e+003;5,912073e-003
3,000213e+003;5,761255e-003
3,000695e+003;5,612234e-003
3,001177e+003;5,466151e-003
3,001659e+003;5,323973e-003
3,002141e+003;5,185162e-003
3,002623e+003;5,048675e-003
3,003105e+003;4,912766e-003
3,003588e+003;4,776599e-003
3,004070e+003;4,641077e-003
3,004552e+003;4,508310e-003
3,005034e+003;4,381607e-003
3,005516e+003;4,263976e-003
3,005998e+003;4,156446e-003
3,006480e+003;4,058340e-003
3,006962e+003;3,966977e-003
3,007445e+003;3,879345e-003
3,007927e+003;3,793536e-003
3,008409e+003;3,709781e-003
3,008891e+003;3,630286e-003
3,009373e+003;3,558256e-003
3,009855e+003;3,496491e-003
3,010337e+003;3,445423e-003
3,010819e+003;3,403043e-003
3,011302e+003;3,364607e-003
3,011783e+003;3,325374e-003
3,012266e+003;3,281236e-003
3,012748e+003;3,231261e-003
3,013230e+003;3,176719e-003
3,013712e+003;3,121450e-003
3,014194e+003;3,070225e-003
3,014676e+003;3,026414e-003
3,015158e+003;2,991848e-003
3,015640e+003;2,965859e-003
3,016123e+003;2,945943e-003
3,016605e+003;2,928363e-003
3,017087e+003;2,909549e-003
3,017569e+003;2,886667e-003
3,018051e+003;2,858283e-003
3,018533e+003;2,824098e-003
3,019015e+003;2,785447e-003
3,019497e+003;2,743965e-003
3,019979e+003;2,702120e-003
3,020462e+003;2,662079e-003
3,020944e+003;2,625376e-003
3,021426e+003;2,592976e-003
3,021908e+003;2,564511e-003
3,022390e+003;2,538880e-003
3,022872e+003;2,514385e-003
3,023354e+003;2,489257e-003
3,023836e+003;2,462066e-003
3,024319e+003;2,432043e-003
3,024801e+003;2,399457e-003
3,025283e+003;2,365641e-003
3,025765e+003;2,332860e-003
3,026247e+003;2,303813e-003
3,026729e+003;2,280863e-003
3,027211e+003;2,265441e-003
3,027693e+003;2,257248e-003
3,028176e+003;2,253584e-003
3,028658e+003;2,249853e-003
3,029140e+003;2,240262e-003
3,029622e+003;2,219746e-003
3,030104e+003;2,185311e-003
3,030586e+003;2,137427e-003
3,031068e+003;2,079693e-003
3,031550e+003;2,019436e-003
3,032032e+003;1,963149e-003
3,032515e+003;1,916753e-003
3,032997e+003;1,883308e-003
3,033479e+003;1,862510e-003
3,033961e+003;1,851861e-003
3,034443e+003;1,848134e-003
3,034925e+003;1,848367e-003
3,035407e+003;1,850397e-003
3,035889e+003;1,852760e-003
3,036372e+003;1,853791e-003
3,036854e+003;1,851096e-003
3,037336e+003;1,841712e-003
3,037818e+003;1,822380e-003
3,038300e+003;1,791570e-003
3,038782e+003;1,750316e-003
3,039264e+003;1,702147e-003
3,039746e+003;1,653284e-003
3,040229e+003;1,609682e-003
3,040711e+003;1,576559e-003
3,041193e+003;1,555643e-003
3,041675e+003;1,545501e-003
3,042157e+003;1,542541e-003
3,042639e+003;1,541910e-003
3,043121e+003;1,539848e-003
3,043603e+003;1,534494e-003
3,044085e+003;1,525284e-003
3,044568e+003;1,513613e-003
3,045050e+003;1,501078e-003
3,045532e+003;1,488776e-003
3,046014e+003;1,477439e-003
3,046496e+003;1,467365e-003
3,046978e+003;1,458688e-003
3,047460e+003;1,451640e-003
3,047942e+003;1,446886e-003
3,048425e+003;1,444659e-003
3,048906e+003;1,444359e-003
3,049389e+003;1,444725e-003
3,049871e+003;1,443861e-003
3,050353e+003;1,439140e-003
3,050835e+003;1,428535e-003
3,051317e+003;1,410518e-003
3,051799e+003;1,384756e-003
3,052281e+003;1,351750e-003
3,052763e+003;1,313197e-003
3,053246e+003;1,271456e-003
3,053728e+003;1,229122e-003
3,054210e+003;1,189416e-003
3,054692e+003;1,155130e-003
3,055174e+003;1,128220e-003
3,055656e+003;1,109717e-003
3,056138e+003;1,099851e-003
3,056620e+003;1,097227e-003
3,057103e+003;1,100183e-003
3,057585e+003;1,106860e-003
3,058067e+003;1,115298e-003
3,058549e+003;1,124001e-003
3,059031e+003;1,131110e-003
3,059513e+003;1,135230e-003
3,059995e+003;1,134632e-003
3,060477e+003;1,128785e-003
3,060959e+003;1,117756e-003
3,061442e+003;1,103107e-003
3,061924e+003;1,087693e-003
3,062406e+003;1,074673e-003
3,062888e+003;1,066967e-003
3,063370e+003;1,065671e-003
3,063852e+003;1,069956e-003
3,064334e+003;1,077430e-003
3,064816e+003;1,084339e-003
3,065299e+003;1,087096e-003
3,065781e+003;1,083309e-003
3,066263e+003;1,071916e-003
3,066745e+003;1,052883e-003
3,067227e+003;1,026744e-003
3,067709e+003;9,943303e-004
3,068191e+003;9,566717e-004
3,068673e+003;9,149324e-004
3,069156e+003;8,718691e-004
3,069638e+003;8,314326e-004
3,070120e+003;7,982031e-004
3,070602e+003;7,768925e-004
3,071084e+003;7,705194e-004
3,071566e+003;7,803114e-004
3,072048e+003;8,043111e-004
3,072530e+003;8,390349e-004
3,073012e+003;8,797709e-004
3,073495e+003;9,217393e-004
3,073977e+003;9,613208e-004
3,074459e+003;9,956919e-004
3,074941e+003;1,022493e-003
3,075423e+003;1,040362e-003
3,075905e+003;1,047901e-003
3,076387e+003;1,044812e-003
3,076869e+003;1,031527e-003
3,077352e+003;1,009906e-003
3,077833e+003;9,821423e-004
3,078316e+003;9,506613e-004
3,078798e+003;9,173231e-004
3,079280e+003;8,824270e-004
3,079762e+003;8,464713e-004
3,080244e+003;8,099543e-004
3,080726e+003;7,752660e-004
3,081208e+003;7,467208e-004
3,081690e+003;7,298600e-004
3,082173e+003;7,299596e-004
3,082655e+003;7,494756e-004
3,083137e+003;7,868838e-004
3,083619e+003;8,358811e-004
3,084101e+003;8,866768e-004
3,084583e+003;9,290111e-004
3,085065e+003;9,541812e-004
3,085547e+003;9,574355e-004
3,086030e+003;9,392384e-004
3,086512e+003;9,047390e-004
3,086994e+003;8,614110e-004
3,087476e+003;8,179878e-004
3,087958e+003;7,819047e-004
3,088440e+003;7,580722e-004
3,088922e+003;7,485794e-004
3,089404e+003;7,523965e-004
3,089886e+003;7,660052e-004
3,090369e+003;7,843610e-004
3,090851e+003;8,020206e-004
3,091333e+003;8,144026e-004
3,091815e+003;8,190833e-004
3,092297e+003;8,160292e-004
3,092779e+003;8,080953e-004
3,093261e+003;7,994313e-004
3,093743e+003;7,939210e-004
3,094226e+003;7,933567e-004
3,094708e+003;7,969417e-004
3,095190e+003;8,011907e-004
3,095672e+003;8,018214e-004
3,096154e+003;7,948505e-004
3,096636e+003;7,793488e-004
3,097118e+003;7,569105e-004
3,097600e+003;7,315527e-004
3,098083e+003;7,074243e-004
3,098565e+003;6,876779e-004
3,099047e+003;6,730760e-004
3,099529e+003;6,623904e-004
3,100011e+003;6,529993e-004
3,100493e+003;6,431438e-004
3,100975e+003;6,325585e-004
3,101457e+003;6,225044e-004
3,101939e+003;6,153704e-004
3,102422e+003;6,128487e-004
3,102904e+003;6,153704e-004
3,103386e+003;6,214094e-004
3,103868e+003;6,285103e-004
3,104350e+003;6,334876e-004
3,104832e+003;6,341181e-004
3,105314e+003;6,300699e-004
3,105796e+003;6,220398e-004
3,106279e+003;6,114882e-004
3,106760e+003;6,000742e-004
3,107243e+003;5,887600e-004
3,107725e+003;5,779770e-004
3,108207e+003;5,671611e-004
3,108689e+003;5,560136e-004
3,109171e+003;5,434399e-004
3,109653e+003;5,291415e-004
3,110135e+003;5,131185e-004
3,110617e+003;4,965322e-004
3,111100e+003;4,815056e-004
3,111582e+003;4,710238e-004
3,112064e+003;4,695975e-004
3,112546e+003;4,807759e-004
3,113028e+003;5,064176e-004
3,113510e+003;5,456295e-004
3,113992e+003;5,933719e-004
3,114474e+003;6,421483e-004
3,114957e+003;6,824012e-004
3,115439e+003;7,062627e-004
3,115921e+003;7,089842e-004
3,116403e+003;6,907642e-004
3,116885e+003;6,565500e-004
3,117367e+003;6,142755e-004
3,117849e+003;5,724694e-004
3,118331e+003;5,385963e-004
3,118813e+003;5,168008e-004
3,119296e+003;5,082421e-004
3,119778e+003;5,115594e-004
3,120260e+003;5,233692e-004
3,120742e+003;5,401224e-004
3,121224e+003;5,585019e-004
3,121706e+003;5,750905e-004
3,122188e+003;5,872670e-004
3,122670e+003;5,927415e-004
3,123153e+003;5,901204e-004
3,123635e+003;5,789060e-004
3,124117e+003;5,595635e-004
3,124599e+003;5,340513e-004
3,125081e+003;5,044272e-004
3,125563e+003;4,738432e-004
3,126045e+003;4,453178e-004
3,126527e+003;4,220676e-004
3,127010e+003;4,066124e-004
3,127492e+003;4,011734e-004
3,127974e+003;4,064798e-004
3,128456e+003;4,219018e-004
3,128938e+003;4,445217e-004
3,129420e+003;4,700618e-004
3,129902e+003;4,930824e-004
3,130384e+003;5,086734e-004
3,130866e+003;5,139479e-004
3,131349e+003;5,086070e-004
3,131831e+003;4,955702e-004
3,132313e+003;4,799798e-004
3,132795e+003;4,678395e-004
3,133277e+003;4,638591e-004
3,133759e+003;4,707916e-004
3,134241e+003;4,888364e-004
3,134723e+003;5,157392e-004
3,135206e+003;5,476201e-004
3,135688e+003;5,810294e-004
3,136170e+003;6,118532e-004
3,136652e+003;6,367063e-004
3,137134e+003;6,531320e-004
3,137616e+003;6,592379e-004
3,138098e+003;6,544594e-004
3,138580e+003;6,397923e-004
3,139063e+003;6,179585e-004
3,139544e+003;5,927084e-004
3,140027e+003;5,687536e-004
3,140509e+003;5,498097e-004
3,140991e+003;5,377669e-004
3,141473e+003;5,322599e-004
3,141955e+003;5,308997e-004
3,142437e+003;5,301699e-004
3,142919e+003;5,268856e-004
3,143401e+003;5,194215e-004
3,143884e+003;5,078440e-004
3,144366e+003;4,945088e-004
3,144848e+003;4,825339e-004
3,145330e+003;4,751037e-004
3,145812e+003;4,743740e-004
3,146294e+003;4,807759e-004
3,146776e+003;4,934472e-004
3,147258e+003;5,105642e-004
3,147740e+003;5,296060e-004
3,148223e+003;5,491130e-004
3,148705e+003;5,684550e-004
3,149187e+003;5,877647e-004
3,149669e+003;6,082034e-004
3,150151e+003;6,306671e-004
3,150633e+003;6,552890e-004
3,151115e+003;6,804432e-004
3,151597e+003;7,032094e-004
3,152080e+003;7,198700e-004
3,152562e+003;7,269725e-004
3,153044e+003;7,229898e-004
3,153526e+003;7,095152e-004
3,154008e+003;6,904987e-004
3,154490e+003;6,711844e-004
3,154972e+003;6,571805e-004
3,155454e+003;6,515061e-004
3,155937e+003;6,543599e-004
3,156419e+003;6,628550e-004
3,156901e+003;6,732420e-004
3,157383e+003;6,825672e-004
3,157865e+003;6,906315e-004
3,158347e+003;6,996252e-004
3,158829e+003;7,128672e-004
3,159311e+003;7,329467e-004
3,159793e+003;7,586033e-004
3,160276e+003;7,846266e-004
3,160758e+003;8,022197e-004
3,161240e+003;8,028836e-004
3,161722e+003;7,809421e-004
3,162204e+003;7,368631e-004
3,162686e+003;6,767928e-004
3,163168e+003;6,119528e-004
3,163650e+003;5,540230e-004
3,164133e+003;5,110618e-004
3,164615e+003;4,860500e-004
3,165097e+003;4,758335e-004
3,165579e+003;4,731798e-004
3,166061e+003;4,700950e-004
3,166543e+003;4,613382e-004
3,167025e+003;4,451851e-004
3,167507e+003;4,243229e-004
3,167990e+003;4,037271e-004
3,168471e+003;3,889358e-004
3,168954e+003;3,835633e-004
3,169436e+003;3,890021e-004
3,169918e+003;4,043904e-004
3,170400e+003;4,275069e-004
3,170882e+003;4,558653e-004
3,171364e+003;4,866803e-004
3,171846e+003;5,175638e-004
3,172328e+003;5,455963e-004
3,172811e+003;5,673933e-004
3,173293e+003;5,803326e-004
3,173775e+003;5,824229e-004
3,174257e+003;5,737634e-004
3,174739e+003;5,567766e-004
3,175221e+003;5,360418e-004
3,175703e+003;5,170993e-004
3,176185e+003;5,047258e-004
3,176667e+003;5,023705e-004
3,177150e+003;5,106305e-004
3,177632e+003;5,277481e-004
3,178114e+003;5,493783e-004
3,178596e+003;5,712419e-004
3,179078e+003;5,882292e-004
3,179560e+003;5,965240e-004
3,180042e+003;5,937701e-004
3,180524e+003;5,790387e-004
3,181007e+003;5,533595e-004
3,181489e+003;5,191561e-004
3,181971e+003;4,805437e-004
3,182453e+003;4,426312e-004
3,182935e+003;4,107581e-004
3,183417e+003;3,898644e-004
3,183899e+003;3,836628e-004
3,184381e+003;3,933134e-004
3,184864e+003;4,171259e-004
3,185346e+003;4,512217e-004
3,185828e+003;4,893008e-004
3,186310e+003;5,234687e-004
3,186792e+003;5,473878e-004
3,187274e+003;5,550515e-004
3,187756e+003;5,439707e-004
3,188238e+003;5,152085e-004
3,188720e+003;4,737105e-004
3,189203e+003;4,271089e-004
3,189685e+003;3,841934e-004
3,190167e+003;3,534189e-004
3,190649e+003;3,403205e-004
3,191131e+003;3,465546e-004
3,191613e+003;3,695686e-004
3,192095e+003;4,038929e-004
3,192577e+003;4,419015e-004
3,193060e+003;4,766295e-004
3,193542e+003;5,026691e-004
3,194024e+003;5,178291e-004
3,194506e+003;5,223408e-004
3,194988e+003;5,186917e-004
3,195470e+003;5,106637e-004
3,195952e+003;5,021052e-004
3,196434e+003;4,963995e-004
3,196917e+003;4,954376e-004
3,197398e+003;4,995177e-004
3,197881e+003;5,070479e-004
3,198363e+003;5,150094e-004
3,198845e+003;5,197532e-004
3,199327e+003;5,175970e-004
3,199809e+003;5,060859e-004
3,200291e+003;4,849222e-004
3,200773e+003;4,559317e-004
3,201255e+003;4,228968e-004
3,201738e+003;3,900302e-004
3,202220e+003;3,606481e-004
3,202702e+003;3,366397e-004
3,203184e+003;3,168438e-004
3,203666e+003;2,986403e-004
3,204148e+003;2,789456e-004
3,204630e+003;2,557707e-004
3,205112e+003;2,289503e-004
3,205594e+003;2,008387e-004
3,206077e+003;1,749830e-004
3,206559e+003;1,552276e-004
3,207041e+003;1,438255e-004
3,207523e+003;1,413728e-004
3,208005e+003;1,466760e-004
3,208487e+003;1,575478e-004
3,208969e+003;1,719003e-004
3,209451e+003;1,881095e-004
3,209934e+003;2,056785e-004
3,210416e+003;2,241102e-004
3,210898e+003;2,428741e-004
3,211380e+003;2,604453e-004
3,211862e+003;2,745028e-004
3,212344e+003;2,827917e-004
3,212826e+003;2,840516e-004
3,213308e+003;2,783157e-004
3,213791e+003;2,669436e-004
3,214273e+003;2,526543e-004
3,214755e+003;2,372714e-004
3,215237e+003;2,218228e-004
3,215719e+003;2,058111e-004
3,216201e+003;1,881758e-004
3,216683e+003;1,681878e-004
3,217165e+003;1,463446e-004
3,217647e+003;1,257950e-004
3,218130e+003;1,098864e-004
3,218612e+003;1,027608e-004
3,219094e+003;1,066053e-004
3,219576e+003;1,210224e-004
3,220058e+003;1,424335e-004
3,220540e+003;1,659670e-004
3,221022e+003;1,859880e-004
3,221504e+003;1,988829e-004
3,221987e+003;2,030266e-004
3,222469e+003;1,992144e-004
3,222951e+003;1,889051e-004
3,223433e+003;1,734582e-004
3,223915e+003;1,535371e-004
3,224397e+003;1,287780e-004
3,224879e+003;9,865124e-005
3,225361e+003;6,378771e-005
3,225844e+003;2,667372e-005
3,226325e+003;-8,217164e-006
3,226808e+003;-3,568389e-005
3,227290e+003;-5,118908e-005
3,227772e+003;-5,218298e-005
3,228254e+003;-3,922893e-005
3,228736e+003;-1,530766e-005
3,229218e+003;1,461236e-005
3,229700e+003;4,562797e-005
3,230182e+003;7,389519e-005
3,230665e+003;9,709359e-005
3,231147e+003;1,138966e-004
3,231629e+003;1,240053e-004
3,232111e+003;1,274191e-004
3,232593e+003;1,239721e-004
3,233075e+003;1,142943e-004
3,233557e+003;1,000432e-004
3,234039e+003;8,343953e-005
3,234521e+003;6,812893e-005
3,235004e+003;5,769019e-005
3,235486e+003;5,411126e-005
3,235968e+003;5,772333e-005
3,236450e+003;6,677022e-005
3,236932e+003;7,793825e-005
3,237414e+003;8,705185e-005
3,237896e+003;9,112817e-005
3,238378e+003;8,827805e-005
3,238861e+003;7,873362e-005
3,239343e+003;6,368829e-005
3,239825e+003;4,556169e-005
3,240307e+003;2,697195e-005
3,240789e+003;1,047048e-005
3,241271e+003;-1,126556e-006
3,241753e+003;-5,964086e-006
3,242235e+003;-2,418778e-006
3,242718e+003;9,907190e-006
3,243200e+003;2,915893e-005
3,243682e+003;5,225552e-005
3,244164e+003;7,409403e-005
3,244646e+003;9,046535e-005
3,245128e+003;9,795526e-005
3,245610e+003;9,609935e-005
3,246092e+003;8,771466e-005
3,246574e+003;7,681150e-005
3,247057e+003;6,846032e-005
3,247539e+003;6,551094e-005
3,248021e+003;6,912310e-005
3,248503e+003;7,687778e-005
3,248985e+003;8,582564e-005
3,249467e+003;9,189041e-005
3,249949e+003;9,232124e-005
3,250431e+003;8,585878e-005
3,250914e+003;7,319926e-005
3,251396e+003;5,566876e-005
3,251878e+003;3,485841e-005
3,252360e+003;1,206096e-005
3,252842e+003;-1,176242e-005
3,253324e+003;-3,571702e-005
3,253806e+003;-5,791444e-005
3,254288e+003;-7,580407e-005
3,254771e+003;-8,630560e-005
3,255252e+003;-8,696815e-005
3,255735e+003;-7,636724e-005
3,256217e+003;-5,513154e-005
3,256699e+003;-2,531367e-005
3,257181e+003;9,410169e-006
3,257663e+003;4,466698e-005
3,258145e+003;7,677836e-005
3,258627e+003;1,022637e-004
3,259109e+003;1,185698e-004
3,259592e+003;1,238727e-004
3,260074e+003;1,172441e-004
3,260556e+003;9,918150e-005
3,261038e+003;7,097891e-005
3,261520e+003;3,651525e-005
3,262002e+003;3,976087e-007
3,262484e+003;-3,157559e-005
3,262966e+003;-5,393887e-005
3,263448e+003;-6,321515e-005
3,263931e+003;-5,808009e-005
3,264413e+003;-4,075296e-005
3,264895e+003;-1,520826e-005
3,265377e+003;1,255798e-005
3,265859e+003;3,681348e-005
3,266341e+003;5,318339e-005
3,266823e+003;5,994361e-005
3,267305e+003;5,785589e-005
3,267788e+003;4,907429e-005
3,268270e+003;3,731053e-005
3,268752e+003;2,558023e-005
3,269234e+003;1,547387e-005
3,269716e+003;7,455223e-006
3,270198e+003;3,644746e-007
3,270680e+003;-7,090627e-006
3,271162e+003;-1,573838e-005
3,271645e+003;-2,501548e-005
3,272127e+003;-3,296712e-005
3,272609e+003;-3,674410e-005
3,273091e+003;-3,369601e-005
3,273573e+003;-2,279562e-005
3,274055e+003;-4,804409e-006
3,274537e+003;1,835665e-005
3,275019e+003;4,344090e-005
3,275501e+003;6,802951e-005
3,275984e+003;9,063105e-005
3,276466e+003;1,112121e-004
3,276948e+003;1,304352e-004
3,277430e+003;1,486316e-004
3,277912e+003;1,650057e-004
3,278394e+003;1,782977e-004
3,278876e+003;1,869162e-004
3,279358e+003;1,903968e-004
3,279841e+003;1,902642e-004
3,280323e+003;1,897338e-004
3,280805e+003;1,925183e-004
3,281287e+003;2,012365e-004
3,281769e+003;2,149937e-004
3,282251e+003;2,303426e-004
3,282733e+003;2,410508e-004
3,283215e+003;2,408187e-004
3,283698e+003;2,263976e-004
3,284179e+003;1,989824e-004
3,284662e+003;1,639782e-004
3,285144e+003;1,288111e-004
3,285626e+003;1,008386e-004
3,286108e+003;8,340638e-005
3,286590e+003;7,581730e-005
3,287072e+003;7,296728e-005
3,287554e+003;6,915625e-005
3,288036e+003;5,997675e-005
3,288519e+003;4,479953e-005
3,289001e+003;2,717076e-005
3,289483e+003;1,278993e-005
3,289965e+003;7,322684e-006
3,290447e+003;1,318755e-005
3,290929e+003;2,852934e-005
3,291411e+003;4,811329e-005
3,291893e+003;6,474874e-005
3,292375e+003;7,200624e-005
3,292858e+003;6,677022e-005
3,293340e+003;4,917370e-005
3,293822e+003;2,326072e-005
3,294304e+003;-5,732151e-006
3,294786e+003;-3,273520e-005
3,295268e+003;-5,294497e-005
3,295750e+003;-6,420902e-005
3,296232e+003;-6,533541e-005
3,296715e+003;-5,705307e-005
3,297197e+003;-4,078609e-005
3,297679e+003;-1,958178e-005
3,298161e+003;3,711028e-006
3,298643e+003;2,538142e-005
3,299125e+003;4,277815e-005
3,299607e+003;5,381302e-005
3,300089e+003;5,805472e-005
3,300572e+003;5,580131e-005
3,301054e+003;4,884232e-005
3,301536e+003;3,827150e-005
3,302018e+003;2,528201e-005
3,302500e+003;1,060302e-005
3,302982e+003;-5,268280e-006
3,303464e+003;-2,170225e-005
3,303946e+003;-3,734046e-005
3,304428e+003;-5,082464e-005
3,304911e+003;-6,046541e-005
3,305393e+003;-6,533541e-005
3,305875e+003;-6,467283e-005
3,306357e+003;-5,834513e-005
3,306839e+003;-4,592135e-005
3,307321e+003;-2,650642e-005
3,307803e+003;7,620836e-007
3,308285e+003;3,625015e-005
3,308768e+003;7,826965e-005
3,309250e+003;1,235413e-004
3,309732e+003;1,664642e-004
3,310214e+003;2,006730e-004
3,310696e+003;2,211929e-004
3,311178e+003;2,258341e-004
3,311660e+003;2,165849e-004
3,312142e+003;1,976232e-004
3,312625e+003;1,751487e-004
3,313106e+003;1,540012e-004
3,313589e+003;1,363017e-004
3,314071e+003;1,214864e-004
3,314553e+003;1,069699e-004
3,315035e+003;9,020022e-005
3,315517e+003;7,064752e-005
3,315999e+003;5,023411e-005
3,316481e+003;3,300276e-005
3,316963e+003;2,336013e-005
3,317446e+003;2,382403e-005
3,317928e+003;3,373176e-005
3,318410e+003;4,986959e-005
3,318892e+003;6,710162e-005
3,319374e+003;8,078830e-005
3,319856e+003;8,764838e-005
3,320338e+003;8,761524e-005
3,320820e+003;8,231276e-005
3,321302e+003;7,442543e-005
3,321785e+003;6,663767e-005
3,322267e+003;6,024186e-005
3,322749e+003;5,520482e-005
3,323231e+003;5,076432e-005
3,323713e+003;4,516404e-005
3,324195e+003;3,734367e-005
3,324677e+003;2,584532e-005
3,325159e+003;9,178226e-006
3,325642e+003;-1,305462e-005
3,326124e+003;-4,068669e-005
3,326606e+003;-7,149737e-005
3,327088e+003;-1,012127e-004
3,327570e+003;-1,235061e-004
3,328052e+003;-1,316878e-004
3,328534e+003;-1,205580e-004
3,329016e+003;-8,726629e-005
3,329499e+003;-3,406046e-005
3,329981e+003;3,326785e-005
3,330463e+003;1,055447e-004
3,330945e+003;1,740880e-004
3,331427e+003;2,305084e-004
3,331909e+003;2,699606e-004
3,332391e+003;2,909480e-004
3,332873e+003;2,946947e-004
3,333355e+003;2,835874e-004
3,333838e+003;2,611747e-004
3,334320e+003;2,310057e-004
3,334802e+003;1,963636e-004
3,335284e+003;1,612270e-004
3,335766e+003;1,293414e-004
3,336248e+003;1,039539e-004
3,336730e+003;8,764838e-005
3,337212e+003;8,058946e-005
3,337695e+003;8,092087e-005
3,338177e+003;8,440060e-005
3,338659e+003;8,642217e-005
3,339141e+003;8,277672e-005
3,339623e+003;7,184054e-005
3,340105e+003;5,477402e-005
3,340587e+003;3,611761e-005
3,341069e+003;2,183588e-005
3,341552e+003;1,769394e-005
3,342033e+003;2,760153e-005
3,342516e+003;5,142707e-005
3,342998e+003;8,539481e-005
3,343480e+003;1,223150e-004
3,343962e+003;1,541006e-004
3,344444e+003;1,739554e-004
3,344926e+003;1,787949e-004
3,345408e+003;1,696794e-004
3,345890e+003;1,522113e-004
3,346373e+003;1,346445e-004
3,346855e+003;1,249333e-004
3,347337e+003;1,286785e-004
3,347819e+003;1,469412e-004
3,348301e+003;1,765409e-004
3,348783e+003;2,107173e-004
3,349265e+003;2,418133e-004
3,349747e+003;2,640260e-004
3,350229e+003;2,743371e-004
3,350712e+003;2,735082e-004
3,351194e+003;2,651532e-004
3,351676e+003;2,542125e-004
3,352158e+003;2,450291e-004
3,352640e+003;2,401225e-004
3,353122e+003;2,396915e-004
3,353604e+003;2,422774e-004
3,354086e+003;2,452943e-004
3,354569e+003;2,456590e-004
3,355051e+003;2,414817e-004
3,355533e+003;2,310720e-004
3,356015e+003;2,138998e-004
3,356497e+003;1,908277e-004
3,356979e+003;1,632490e-004
3,357461e+003;1,338159e-004
3,357943e+003;1,057767e-004
3,358426e+003;8,294242e-005
3,358908e+003;6,809579e-005
3,359390e+003;6,365516e-005
3,359872e+003;6,965334e-005
3,360354e+003;8,450002e-005
3,360836e+003;1,051139e-004
3,361318e+003;1,274191e-004
3,361800e+003;1,476704e-004
3,362282e+003;1,627849e-004
3,362765e+003;1,712705e-004
3,363247e+003;1,731930e-004
3,363729e+003;1,697457e-004
3,364211e+003;1,635141e-004
3,364693e+003;1,574815e-004
3,365175e+003;1,541006e-004
3,365657e+003;1,549293e-004
3,366139e+003;1,597354e-004
3,366622e+003;1,661990e-004
3,367104e+003;1,705412e-004
3,367586e+003;1,690828e-004
3,368068e+003;1,584096e-004
3,368550e+003;1,383235e-004
3,369032e+003;1,111789e-004
3,369514e+003;8,211391e-005
3,369996e+003;5,702742e-005
3,370479e+003;4,082306e-005
3,370961e+003;3,588565e-005
3,371443e+003;4,059109e-005
3,371925e+003;5,023411e-005
3,372407e+003;5,911515e-005
3,372889e+003;6,143485e-005
3,373371e+003;5,480716e-005
3,373853e+003;3,982894e-005
3,374335e+003;2,077554e-005
3,374818e+003;2,915805e-006
3,375300e+003;-8,482231e-006
3,375782e+003;-1,047023e-005
3,376264e+003;-3,479060e-006
3,376746e+003;8,979418e-006
3,377228e+003;2,084181e-005
3,377710e+003;2,630922e-005
3,378192e+003;2,041105e-005
3,378675e+003;1,656705e-006
3,379156e+003;-2,806362e-005
3,379639e+003;-6,371208e-005
3,380121e+003;-9,763504e-005
3,380603e+003;-1,225124e-004
3,381085e+003;-1,324166e-004
3,381567e+003;-1,260567e-004
3,382049e+003;-1,056516e-004
3,382531e+003;-7,775863e-005
3,383013e+003;-5,089090e-005
3,383496e+003;-3,194004e-005
3,383978e+003;-2,521427e-005
3,384460e+003;-2,945516e-005
3,384942e+003;-3,949398e-005
3,385424e+003;-4,714718e-005
3,385906e+003;-4,509309e-005
3,386388e+003;-2,919011e-005
3,386870e+003;6,958154e-007
3,387353e+003;3,992835e-005
3,387835e+003;8,208077e-005
3,388317e+003;1,205252e-004
3,388799e+003;1,505209e-004
3,389281e+003;1,708727e-004
3,389763e+003;1,823086e-004
3,390245e+003;1,873803e-004
3,390727e+003;1,887725e-004
3,391209e+003;1,883416e-004
3,391692e+003;1,868499e-004
3,392174e+003;1,851925e-004
3,392656e+003;1,834356e-004
3,393138e+003;1,818777e-004
3,393620e+003;1,798557e-004
3,394102e+003;1,766403e-004
3,394584e+003;1,701103e-004
3,395066e+003;1,577135e-004
3,395549e+003;1,387875e-004
3,396031e+003;1,137972e-004
3,396513e+003;8,589192e-005
3,396995e+003;6,030814e-005
3,397477e+003;4,191658e-005
3,397959e+003;3,379803e-005
3,398441e+003;3,575310e-005
3,398923e+003;4,410365e-005
3,399406e+003;5,414440e-005
3,399888e+003;6,107033e-005
3,400370e+003;6,305866e-005
3,400852e+003;6,169996e-005
3,401334e+003;6,126916e-005
3,401816e+003;6,643883e-005
3,402298e+003;8,052318e-005
3,402780e+003;1,026282e-004
3,403262e+003;1,281482e-004
3,403745e+003;1,501231e-004
3,404227e+003;1,611276e-004
3,404709e+003;1,561557e-004
3,405191e+003;1,343462e-004
3,405673e+003;9,885009e-005
3,406155e+003;5,570189e-005
3,406637e+003;1,288933e-005
3,407119e+003;-2,206671e-005
3,407602e+003;-4,360221e-005
3,408083e+003;-4,814109e-005
3,408566e+003;-3,442490e-005
3,409048e+003;-3,942933e-006
3,409530e+003;3,969640e-005
3,410012e+003;9,142644e-005
3,410494e+003;1,452839e-004
3,410976e+003;1,950045e-004
3,411458e+003;2,360779e-004
3,411940e+003;2,660816e-004
3,412423e+003;2,852452e-004
3,412905e+003;2,957557e-004
3,413387e+003;3,010940e-004
3,413869e+003;3,032823e-004
3,414351e+003;3,034150e-004
3,414833e+003;2,998008e-004
3,415315e+003;2,895223e-004
3,415797e+003;2,703916e-004
3,416280e+003;2,418464e-004
3,416762e+003;2,053802e-004
3,417244e+003;1,660996e-004
3,417726e+003;1,300706e-004
3,418208e+003;1,030259e-004
3,418690e+003;8,874202e-005
3,419172e+003;8,821177e-005
3,419654e+003;9,885009e-005
3,420136e+003;1,156201e-004
3,420619e+003;1,330867e-004
3,421101e+003;1,472063e-004
3,421583e+003;1,556916e-004
3,422065e+003;1,590062e-004
3,422547e+003;1,594371e-004
3,423029e+003;1,599343e-004
3,423511e+003;1,620225e-004
3,423993e+003;1,665636e-004
3,424476e+003;1,723975e-004
3,424958e+003;1,766403e-004
3,425440e+003;1,769055e-004
3,425922e+003;1,714031e-004
3,426404e+003;1,598017e-004
3,426886e+003;1,440576e-004
3,427368e+003;1,274522e-004
3,427850e+003;1,134326e-004
3,428333e+003;1,051470e-004
3,428815e+003;1,036888e-004
3,429297e+003;1,083618e-004
3,429779e+003;1,165149e-004
3,430261e+003;1,255299e-004
3,430743e+003;1,331198e-004
3,431225e+003;1,386218e-004
3,431707e+003;1,423340e-004
3,432189e+003;1,458805e-004
3,432672e+003;1,506866e-004
3,433154e+003;1,571169e-004
3,433636e+003;1,641771e-004
3,434118e+003;1,699446e-004
3,434600e+003;1,728615e-004
3,435082e+003;1,719666e-004
3,435564e+003;1,678895e-004
3,436046e+003;1,623540e-004
3,436529e+003;1,577135e-004
3,437010e+003;1,549956e-004
3,437493e+003;1,540343e-004
3,437975e+003;1,530731e-004
3,438457e+003;1,490625e-004
3,438939e+003;1,393510e-004
3,439421e+003;1,229115e-004
3,439903e+003;1,008054e-004
3,440385e+003;7,661265e-005
3,440867e+003;5,444264e-005
3,441350e+003;3,810582e-005
3,441832e+003;2,978852e-005
3,442314e+003;2,846307e-005
3,442796e+003;3,055066e-005
3,443278e+003;3,124652e-005
3,443760e+003;2,640863e-005
3,444242e+003;1,361830e-005
3,444724e+003;-6,162888e-006
3,445207e+003;-2,935577e-005
3,445689e+003;-4,969821e-005
3,446171e+003;-6,026664e-005
3,446653e+003;-5,622482e-005
3,447135e+003;-3,588268e-005
3,447617e+003;-1,921770e-006
3,448099e+003;3,929875e-005
3,448581e+003;7,919758e-005
3,449063e+003;1,100521e-004
3,449546e+003;1,260602e-004
3,450028e+003;1,248670e-004
3,450510e+003;1,080635e-004
3,450992e+003;8,039062e-005
3,451474e+003;4,950508e-005
3,451956e+003;2,309504e-005
3,452438e+003;7,587762e-006
3,452920e+003;6,527455e-006
3,453403e+003;1,898622e-005
3,453885e+003;4,065737e-005
3,454367e+003;6,448363e-005
3,454849e+003;8,334011e-005
3,455331e+003;9,126074e-005
3,455813e+003;8,569308e-005
3,456295e+003;6,799637e-005
3,456777e+003;4,267874e-005
3,457260e+003;1,597090e-005
3,457742e+003;-6,527357e-006
3,458224e+003;-2,123840e-005
3,458706e+003;-2,753351e-005
3,459188e+003;-2,809676e-005
3,459670e+003;-2,763291e-005
3,460152e+003;-3,018406e-005
3,460634e+003;-3,883136e-005
3,461116e+003;-5,383948e-005
3,461599e+003;-7,305441e-005
3,462081e+003;-9,283166e-005
3,462563e+003;-1,096929e-004
3,463045e+003;-1,218499e-004
3,463527e+003;-1,294023e-004
3,464009e+003;-1,338078e-004
3,464491e+003;-1,373851e-004
3,464973e+003;-1,414593e-004
3,465456e+003;-1,455997e-004
3,465938e+003;-1,482495e-004
3,466420e+003;-1,468915e-004
3,466902e+003;-1,398694e-004
3,467384e+003;-1,266530e-004
3,467866e+003;-1,091629e-004
3,468348e+003;-9,100967e-005
3,468830e+003;-7,620161e-005
3,469313e+003;-6,791947e-005
3,469794e+003;-6,838328e-005
3,470277e+003;-7,746048e-005
3,470759e+003;-9,342794e-005
3,471241e+003;-1,131049e-004
3,471723e+003;-1,328140e-004
3,472205e+003;-1,489120e-004
3,472687e+003;-1,586168e-004
3,473169e+003;-1,600410e-004
3,473651e+003;-1,528536e-004
3,474134e+003;-1,381470e-004
3,474616e+003;-1,181730e-004
3,475098e+003;-9,614434e-005
3,475580e+003;-7,590345e-005
3,476062e+003;-5,990221e-005
3,476544e+003;-4,996326e-005
3,477026e+003;-4,684900e-005
3,477508e+003;-5,022830e-005
3,477990e+003;-5,933901e-005
3,478473e+003;-7,401514e-005
3,478955e+003;-9,352732e-005
3,479437e+003;-1,171462e-004
3,479919e+003;-1,423868e-004
3,480401e+003;-1,659036e-004
3,480883e+003;-1,816359e-004
3,481365e+003;-1,840537e-004
3,481847e+003;-1,687520e-004
3,482330e+003;-1,350996e-004
3,482812e+003;-8,613996e-005
3,483294e+003;-2,862687e-005
3,483776e+003;2,862875e-005
3,484258e+003;7,856791e-005
3,484740e+003;1,153881e-004
3,485222e+003;1,369977e-004
3,485704e+003;1,439913e-004
3,486187e+003;1,390527e-004
3,486669e+003;1,255299e-004
3,487151e+003;1,066384e-004
3,487633e+003;8,489771e-005
3,488115e+003;6,209763e-005
3,488597e+003;4,025973e-005
3,489079e+003;2,200156e-005
3,489561e+003;9,476439e-006
3,490043e+003;4,174909e-006
3,490526e+003;5,268344e-006
3,491008e+003;1,047048e-005
3,491490e+003;1,537447e-005
3,491972e+003;1,557328e-005
3,492454e+003;8,051647e-006
3,492936e+003;-7,156893e-006
3,493418e+003;-2,680461e-005
3,493900e+003;-4,585509e-005
3,494383e+003;-5,874268e-005
3,494865e+003;-6,192311e-005
3,495347e+003;-5,503215e-005
3,495829e+003;-4,111740e-005
3,496311e+003;-2,501548e-005
3,496793e+003;-1,166303e-005
3,497275e+003;-3,942933e-006
3,497757e+003;-2,385644e-006
3,498240e+003;-5,334547e-006
3,498721e+003;-1,030456e-005
3,499204e+003;-1,510886e-005
3,499686e+003;-1,842214e-005
3,500168e+003;-2,017816e-005
3,500650e+003;-2,117213e-005
3,501132e+003;-2,173539e-005
3,501614e+003;-2,219924e-005
3,502096e+003;-2,292815e-005
3,502578e+003;-2,445223e-005
3,503061e+003;-2,776544e-005
3,503543e+003;-3,415985e-005
3,504025e+003;-4,525874e-005
3,504507e+003;-6,029976e-005
3,504989e+003;-7,749361e-005
3,505471e+003;-9,293103e-005
3,505953e+003;-1,026040e-004
3,506435e+003;-1,024052e-004
3,506917e+003;-9,018149e-005
3,507400e+003;-6,619676e-005
3,507882e+003;-3,343096e-005
3,508364e+003;4,208043e-006
3,508846e+003;4,201600e-005
3,509328e+003;7,601614e-005
3,509810e+003;1,042191e-004
3,510292e+003;1,257287e-004
3,510774e+003;1,395830e-004
3,511257e+003;1,454165e-004
3,511739e+003;1,416380e-004
3,512221e+003;1,275185e-004
3,512703e+003;1,040533e-004
3,513185e+003;7,502195e-005
3,513667e+003;4,556169e-005
3,514149e+003;2,253173e-005
3,514631e+003;1,053675e-005
3,515114e+003;1,126572e-005
3,515596e+003;2,147139e-005
3,516078e+003;3,402999e-005
3,516560e+003;4,075678e-005
3,517042e+003;3,446077e-005
3,517524e+003;1,252485e-005
3,518006e+003;-2,266309e-005
3,518488e+003;-6,324828e-005
3,518970e+003;-1,000533e-004
3,519453e+003;-1,252286e-004
3,519935e+003;-1,344371e-004
3,520417e+003;-1,282760e-004
3,520899e+003;-1,111836e-004
3,521381e+003;-9,047963e-005
3,521863e+003;-7,222620e-005
3,522345e+003;-5,963718e-005
3,522827e+003;-5,330940e-005
3,523310e+003;-5,082464e-005
3,523792e+003;-4,933378e-005
3,524274e+003;-4,764413e-005
3,524756e+003;-4,704779e-005
3,525238e+003;-5,099029e-005
3,525720e+003;-6,301637e-005
3,526202e+003;-8,474860e-005
3,526684e+003;-1,140324e-004
3,527167e+003;-1,453678e-004
3,527648e+003;-1,705074e-004
3,528131e+003;-1,820003e-004
3,528613e+003;-1,757736e-004
3,529095e+003;-1,528536e-004
3,529577e+003;-1,191668e-004
3,530059e+003;-8,309222e-005
3,530541e+003;-5,413765e-005
3,531023e+003;-3,899701e-005
3,531505e+003;-4,068669e-005
3,531988e+003;-5,837825e-005
3,532470e+003;-8,759757e-005
3,532952e+003;-1,222143e-004
3,533434e+003;-1,553377e-004
3,533916e+003;-1,814372e-004
3,534398e+003;-1,960761e-004
3,534880e+003;-1,974009e-004
3,535362e+003;-1,853454e-004
3,535844e+003;-1,626246e-004
3,536327e+003;-1,332778e-004
3,536809e+003;-1,016102e-004
3,537291e+003;-7,242497e-005
3,537773e+003;-4,843927e-005
3,538255e+003;-3,121114e-005
3,538737e+003;-2,123840e-005
3,539219e+003;-1,785888e-005
3,539701e+003;-2,064202e-005
3,540184e+003;-2,899132e-005
3,540666e+003;-4,307212e-005
3,541148e+003;-6,288385e-005
3,541630e+003;-8,816073e-005
3,542112e+003;-1,174112e-004
3,542594e+003;-1,469577e-004
3,543076e+003;-1,715011e-004
3,543558e+003;-1,846830e-004
3,544041e+003;-1,806092e-004
3,544523e+003;-1,556358e-004
3,545005e+003;-1,109186e-004
3,545487e+003;-5,218298e-005
3,545969e+003;1,206096e-005
3,546451e+003;7,210566e-005
3,546933e+003;1,202932e-004
3,547415e+003;1,525096e-004
3,547897e+003;1,681547e-004
3,548380e+003;1,688839e-004
3,548862e+003;1,577467e-004
3,549344e+003;1,375612e-004
3,549826e+003;1,114109e-004
3,550308e+003;8,244532e-005
3,550790e+003;5,450892e-005
3,551272e+003;3,194239e-005
3,551754e+003;1,822410e-005
3,552237e+003;1,474490e-005
3,552719e+003;1,981461e-005
3,553201e+003;2,823112e-005
3,553683e+003;3,373176e-005
3,554165e+003;3,058380e-005
3,554647e+003;1,580522e-005
3,555129e+003;-1,030456e-005
3,555611e+003;-4,406604e-005
3,556094e+003;-7,944816e-005
3,556575e+003;-1,108192e-004
3,557058e+003;-1,338740e-004
3,557540e+003;-1,471233e-004
3,558022e+003;-1,522242e-004
3,558504e+003;-1,518599e-004
3,558986e+003;-1,496407e-004
3,559468e+003;-1,464278e-004
3,559950e+003;-1,419230e-004
3,560432e+003;-1,336422e-004
3,560915e+003;-1,187030e-004
3,561397e+003;-9,554806e-005
3,561879e+003;-6,440780e-005
3,562361e+003;-2,670521e-005
3,562843e+003;1,484430e-005
3,563325e+003;5,778961e-005
3,563807e+003;1,010706e-004
3,564289e+003;1,440576e-004
3,564771e+003;1,865184e-004
3,565254e+003;2,266628e-004
3,565736e+003;2,597823e-004
3,566218e+003;2,788130e-004
3,566700e+003;2,759285e-004
3,567182e+003;2,473166e-004
3,567664e+003;1,956011e-004
3,568146e+003;1,285791e-004
3,568628e+003;5,593386e-005
3,569111e+003;-1,414800e-005
3,569593e+003;-7,510837e-005
3,570075e+003;-1,235061e-004
3,570557e+003;-1,576563e-004
3,571039e+003;-1,776946e-004
3,571521e+003;-1,855110e-004
3,572003e+003;-1,841531e-004
3,572485e+003;-1,775290e-004
3,572968e+003;-1,688514e-004
3,573450e+003;-1,603723e-004
3,573932e+003;-1,524561e-004
3,574414e+003;-1,440098e-004
3,574896e+003;-1,327147e-004
3,575378e+003;-1,175105e-004
3,575860e+003;-9,866196e-005
3,576342e+003;-7,915001e-005
3,576824e+003;-6,351331e-005
3,577307e+003;-5,705307e-005
3,577789e+003;-6,341392e-005
3,578271e+003;-8,372165e-005
3,578753e+003;-1,144961e-004
3,579235e+003;-1,492763e-004
3,579717e+003;-1,800793e-004
3,580199e+003;-1,998848e-004
3,580681e+003;-2,044883e-004
3,581164e+003;-1,935922e-004
3,581646e+003;-1,708055e-004
3,582128e+003;-1,412606e-004
3,582610e+003;-1,103223e-004
3,583092e+003;-8,183336e-005
3,583574e+003;-5,745062e-005
3,584056e+003;-3,644592e-005
3,584538e+003;-1,696430e-005
3,585021e+003;2,750134e-006
3,585502e+003;2,362521e-005
3,585985e+003;4,433561e-005
3,586467e+003;6,143485e-005
3,586949e+003;7,008415e-005
3,587431e+003;6,700220e-005
3,587913e+003;5,139394e-005
3,588395e+003;2,508319e-005
3,588877e+003;-8,449098e-006
3,589359e+003;-4,582196e-005
3,589842e+003;-8,411918e-005
3,590324e+003;-1,205580e-004
3,590806e+003;-1,520255e-004
3,591288e+003;-1,746807e-004
3,591770e+003;-1,844180e-004
3,592252e+003;-1,771316e-004
3,592734e+003;-1,502700e-004
3,593216e+003;-1,037965e-004
3,593698e+003;-4,194567e-005
3,594181e+003;2,766780e-005
3,594663e+003;9,566851e-005
3,595145e+003;1,529737e-004
3,595627e+003;1,931150e-004
3,596109e+003;2,140655e-004
3,596591e+003;2,172148e-004
3,597073e+003;2,069382e-004
3,597555e+003;1,892366e-004
3,598038e+003;1,712042e-004
3,598520e+003;1,579124e-004
3,599002e+003;1,534046e-004
3,599484e+003;1,577798e-004
3,599966e+003;1,683536e-004
3,600448e+003;1,791264e-004
3,600930e+003;1,831705e-004
3,601412e+003;1,749167e-004
3,601895e+003;1,513495e-004
3,602377e+003;1,130349e-004
3,602859e+003;6,408596e-005
3,603341e+003;1,126572e-005
3,603823e+003;-3,737359e-005
3,604305e+003;-7,391575e-005
3,604787e+003;-9,021462e-005
3,605269e+003;-8,180024e-005
3,605751e+003;-4,747848e-005
3,606234e+003;7,852838e-006
3,606716e+003;7,323240e-005
3,607198e+003;1,330535e-004
3,607680e+003;1,721655e-004
3,608162e+003;1,824412e-004
3,608644e+003;1,662321e-004
3,609126e+003;1,348765e-004
3,609608e+003;1,039871e-004
3,610091e+003;8,695242e-005
3,610573e+003;9,082990e-005
3,611055e+003;1,155206e-004
3,611537e+003;1,529737e-004
3,612019e+003;1,910266e-004
3,612501e+003;2,158225e-004
3,612983e+003;2,186734e-004
3,613465e+003;1,992475e-004
3,613948e+003;1,658675e-004
3,614429e+003;1,298386e-004
3,614912e+003;1,003415e-004
3,615394e+003;8,158367e-005
3,615876e+003;7,200624e-005
3,616358e+003;6,630627e-005
3,616840e+003;5,669604e-005
3,617322e+003;3,717798e-005
3,617804e+003;5,699092e-006
3,618286e+003;-3,389480e-005
3,618769e+003;-7,318693e-005
3,619251e+003;-1,025377e-004
3,619733e+003;-1,163180e-004
3,620215e+003;-1,143968e-004
3,620697e+003;-1,009808e-004
3,621179e+003;-8,229716e-005
3,621661e+003;-6,367896e-005
3,622143e+003;-4,949943e-005
3,622625e+003;-4,197880e-005
3,623108e+003;-4,207819e-005
3,623590e+003;-4,870431e-005
3,624072e+003;-5,887520e-005
3,624554e+003;-6,828389e-005
3,625036e+003;-7,129860e-005
3,625518e+003;-6,288385e-005
3,626000e+003;-3,959337e-005
3,626482e+003;-1,358493e-006
3,626965e+003;4,592621e-005
3,627447e+003;8,870888e-005
3,627929e+003;1,084613e-004
3,628411e+003;9,169157e-005
3,628893e+003;4,158521e-005
3,629375e+003;-2,266309e-005
3,629857e+003;-7,951442e-005
3,630339e+003;-1,165168e-004
3,630822e+003;-1,324166e-004
3,631304e+003;-1,315885e-004
3,631786e+003;-1,204587e-004
3,632268e+003;-1,047572e-004
3,632750e+003;-8,869077e-005
3,633232e+003;-7,341883e-005
3,633714e+003;-5,798070e-005
3,634196e+003;-4,124992e-005
3,634678e+003;-2,279562e-005
3,635161e+003;-4,605607e-006
3,635643e+003;9,774652e-006
3,636125e+003;1,663361e-005
3,636607e+003;1,391652e-005
3,637089e+003;2,683865e-006
3,637571e+003;-1,308775e-005
3,638053e+003;-2,789797e-005
3,638535e+003;-3,707541e-005
3,639018e+003;-3,886449e-005
3,639500e+003;-3,555137e-005
3,639982e+003;-3,194004e-005
3,640464e+003;-3,349722e-005
3,640946e+003;-4,343655e-005
3,641428e+003;-6,129365e-005
3,641910e+003;-8,242967e-005
3,642392e+003;-9,919199e-005
3,642875e+003;-1,046578e-004
3,643356e+003;-9,352732e-005
3,643839e+003;-6,377835e-005
3,644321e+003;-1,600345e-005
3,644803e+003;4,665523e-005
3,645285e+003;1,198624e-004
3,645767e+003;1,987172e-004
3,646249e+003;2,777521e-004
3,646731e+003;3,523577e-004
3,647213e+003;4,201108e-004
3,647696e+003;4,809749e-004
3,648178e+003;5,352788e-004
3,648660e+003;5,809630e-004
3,649142e+003;6,104265e-004
3,649624e+003;6,124837e-004
3,650106e+003;5,783751e-004
3,650588e+003;5,077113e-004
3,651070e+003;4,095973e-004
3,651552e+003;2,975793e-004
3,652035e+003;1,852919e-004
3,652517e+003;8,324068e-005
3,652999e+003;1,988043e-007
3,653481e+003;-5,758314e-005
3,653963e+003;-8,667000e-005
3,654445e+003;-8,670313e-005
3,654927e+003;-6,295012e-005
3,655409e+003;-2,799736e-005
3,655892e+003;4,307427e-007
3,656374e+003;7,786569e-006
3,656856e+003;-1,222629e-005
3,657338e+003;-5,662238e-005
3,657820e+003;-1,166824e-004
3,658302e+003;-1,813710e-004
3,658784e+003;-2,406190e-004
3,659266e+003;-2,864156e-004
3,659749e+003;-3,122423e-004
3,660231e+003;-3,142951e-004
3,660713e+003;-2,916804e-004
3,661195e+003;-2,469772e-004
3,661677e+003;-1,848817e-004
3,662159e+003;-1,135355e-004
3,662641e+003;-4,204506e-005
3,663123e+003;1,964893e-005
3,663605e+003;6,282669e-005
3,664088e+003;8,065574e-005
3,664570e+003;7,031612e-005
3,665052e+003;3,293648e-005
3,665534e+003;-2,687088e-005
3,666016e+003;-1,015771e-004
3,666498e+003;-1,804767e-004
3,666980e+003;-2,522093e-004
3,667462e+003;-3,047925e-004
3,667945e+003;-3,271748e-004
3,668427e+003;-3,129045e-004
3,668909e+003;-2,644285e-004
3,669391e+003;-1,952812e-004
3,669873e+003;-1,244336e-004
3,670355e+003;-6,752192e-005
3,670837e+003;-2,740099e-005
3,671319e+003;2,982074e-006
3,671802e+003;3,509036e-005
3,672283e+003;7,936328e-005
3,672766e+003;1,426323e-004
3,673248e+003;2,262982e-004
3,673730e+003;3,232434e-004
3,674212e+003;4,137761e-004
3,674694e+003;4,679721e-004
3,675176e+003;4,635938e-004
3,675658e+003;4,042909e-004
3,676140e+003;3,170428e-004
3,676623e+003;2,279226e-004
3,677105e+003;1,515153e-004
3,677587e+003;8,927227e-005
3,678069e+003;3,638270e-005
3,678551e+003;-1,408174e-005
3,679033e+003;-6,719063e-005
3,679515e+003;-1,257917e-004
3,679997e+003;-1,893529e-004
3,680479e+003;-2,552559e-004
3,680962e+003;-3,199900e-004
3,681444e+003;-3,796826e-004
3,681926e+003;-4,303304e-004
3,682408e+003;-4,677663e-004
3,682890e+003;-4,873601e-004
3,683372e+003;-4,863341e-004
3,683854e+003;-4,637945e-004
3,684336e+003;-4,215254e-004
3,684819e+003;-3,638581e-004
3,685301e+003;-2,962829e-004
3,685783e+003;-2,249550e-004
3,686265e+003;-1,544434e-004
3,686747e+003;-8,975084e-005
3,687229e+003;-3,478935e-005
3,687711e+003;6,229244e-006
3,688193e+003;2,905953e-005
3,688676e+003;3,065007e-005
3,689158e+003;9,973461e-006
3,689640e+003;-3,064791e-005
3,690122e+003;-8,577556e-005
3,690604e+003;-1,480508e-004
3,691086e+003;-2,096216e-004
3,691568e+003;-2,658193e-004
3,692050e+003;-3,137654e-004
3,692532e+003;-3,538599e-004
3,693015e+003;-3,877602e-004
3,693497e+003;-4,160967e-004
3,693979e+003;-4,379768e-004
3,694461e+003;-4,498266e-004
3,694943e+003;-4,473441e-004
3,695425e+003;-4,274837e-004
3,695907e+003;-3,910706e-004
3,696389e+003;-3,437952e-004
3,696872e+003;-2,945942e-004
3,697354e+003;-2,527392e-004
3,697836e+003;-2,244913e-004
3,698318e+003;-2,099528e-004
3,698800e+003;-2,039253e-004
3,699282e+003;-1,979970e-004
3,699764e+003;-1,839544e-004
3,700246e+003;-1,571594e-004
3,700729e+003;-1,210218e-004
3,701211e+003;-8,584181e-005
3,701693e+003;-6,470596e-005
3,702175e+003;-6,606425e-005
3,702657e+003;-8,985022e-005
3,703139e+003;-1,282760e-004
3,703621e+003;-1,703087e-004
3,704103e+003;-2,048195e-004
3,704585e+003;-2,245907e-004
3,705068e+003;-2,260810e-004
3,705550e+003;-2,094229e-004
3,706032e+003;-1,765023e-004
3,706514e+003;-1,304954e-004
3,706996e+003;-7,517463e-005
3,707478e+003;-1,424740e-005
3,707960e+003;4,678778e-005
3,708442e+003;9,984434e-005
3,708925e+003;1,355725e-004
3,709406e+003;1,434941e-004
3,709889e+003;1,183709e-004
3,710371e+003;6,160055e-005
3,710853e+003;-1,481066e-005
3,711335e+003;-9,405735e-005
3,711817e+003;-1,617965e-004
3,712299e+003;-2,117080e-004
3,712781e+003;-2,457519e-004
3,713263e+003;-2,701241e-004
3,713746e+003;-2,900248e-004
3,714228e+003;-3,071433e-004
3,714710e+003;-3,202549e-004
3,715192e+003;-3,261484e-004
3,715674e+003;-3,226719e-004
3,716156e+003;-3,102557e-004
3,716638e+003;-2,926075e-004
3,717120e+003;-2,754884e-004
3,717603e+003;-2,651570e-004
3,718085e+003;-2,642630e-004
3,718567e+003;-2,707201e-004
3,719049e+003;-2,773427e-004
3,719531e+003;-2,752897e-004
3,720013e+003;-2,571765e-004
3,720495e+003;-2,204511e-004
3,720977e+003;-1,687520e-004
3,721459e+003;-1,104548e-004
3,721942e+003;-5,579414e-005
3,722424e+003;-1,149736e-005
3,722906e+003;2,120630e-005
3,723388e+003;4,546228e-005
3,723870e+003;6,567664e-005
3,724352e+003;8,383721e-005
3,724834e+003;9,709359e-005
3,725316e+003;9,802155e-005
3,725799e+003;7,793825e-005
3,726281e+003;3,217434e-005
3,726763e+003;-3,654531e-005
3,727245e+003;-1,190674e-004
3,727727e+003;-2,037266e-004
3,728209e+003;-2,796275e-004
3,728691e+003;-3,388290e-004
3,729173e+003;-3,775639e-004
3,729656e+003;-3,943148e-004
3,730138e+003;-3,894485e-004
3,730620e+003;-3,648844e-004
3,731102e+003;-3,239301e-004
3,731584e+003;-2,707863e-004
3,732066e+003;-2,102840e-004
3,732548e+003;-1,470240e-004
3,733030e+003;-8,454984e-005
3,733512e+003;-2,587691e-005
3,733995e+003;2,574591e-005
3,734477e+003;6,597488e-005
3,734959e+003;9,119445e-005
3,735441e+003;1,006729e-004
3,735923e+003;9,669589e-005
3,736405e+003;8,483142e-005
3,736887e+003;6,962020e-005
3,737369e+003;5,308398e-005
3,737852e+003;3,505723e-005
3,738333e+003;1,404906e-005
3,738816e+003;-1,103349e-005
3,739298e+003;-3,936145e-005
3,739780e+003;-6,791947e-005
3,740262e+003;-9,150658e-005
3,740744e+003;-1,033659e-004
3,741226e+003;-9,697251e-005
3,741708e+003;-6,682621e-005
3,742190e+003;-1,003950e-005
3,742673e+003;7,104519e-005
3,743155e+003;1,637793e-004
3,743637e+003;2,448965e-004
3,744119e+003;2,900528e-004
3,744601e+003;2,897213e-004
3,745083e+003;2,542125e-004
3,745565e+003;2,040211e-004
3,746047e+003;1,542995e-004
3,746530e+003;1,116098e-004
3,747012e+003;7,734173e-005
3,747494e+003;5,096314e-005
3,747976e+003;3,287021e-005
3,748458e+003;2,601100e-005
3,748940e+003;3,565369e-005
3,749422e+003;6,537838e-005
3,749904e+003;1,122064e-004
3,750386e+003;1,631164e-004
3,750869e+003;1,983857e-004
3,751351e+003;2,007061e-004
3,751833e+003;1,649063e-004
3,752315e+003;9,981119e-005
3,752797e+003;2,319445e-005
3,753279e+003;-4,731283e-005
3,753761e+003;-9,876134e-005
3,754243e+003;-1,254936e-004
3,754726e+003;-1,289054e-004
3,755208e+003;-1,156555e-004
3,755690e+003;-9,591245e-005
3,756172e+003;-7,977944e-005
3,756654e+003;-7,593658e-005
3,757136e+003;-8,753131e-005
3,757618e+003;-1,122436e-004
3,758100e+003;-1,428505e-004
3,758583e+003;-1,716335e-004
3,759065e+003;-1,927973e-004
3,759547e+003;-2,046539e-004
3,760029e+003;-2,084956e-004
3,760511e+003;-2,071377e-004
3,760993e+003;-2,027992e-004
3,761475e+003;-1,957118e-004
3,761957e+003;-1,854447e-004
3,762439e+003;-1,718654e-004
3,762922e+003;-1,558014e-004
3,763404e+003;-1,400681e-004
3,763886e+003;-1,285411e-004
3,764368e+003;-1,248974e-004
3,764850e+003;-1,310254e-004
3,765332e+003;-1,451029e-004
3,765814e+003;-1,632539e-004
3,766296e+003;-1,813710e-004
3,766779e+003;-1,978314e-004
3,767260e+003;-2,138607e-004
3,767743e+003;-2,330023e-004
3,768225e+003;-2,589978e-004
3,768707e+003;-2,936671e-004
3,769189e+003;-3,342601e-004
3,769671e+003;-3,739885e-004
3,770153e+003;-4,036831e-004
3,770635e+003;-4,165601e-004
3,771117e+003;-4,103699e-004
3,771600e+003;-3,872305e-004
3,772082e+003;-3,519728e-004
3,772564e+003;-3,104213e-004
3,773046e+003;-2,688326e-004
3,773528e+003;-2,320751e-004
3,774010e+003;-2,041240e-004
3,774492e+003;-1,878294e-004
3,774974e+003;-1,832257e-004
3,775457e+003;-1,892204e-004
3,775939e+003;-2,031967e-004
3,776421e+003;-2,220407e-004
3,776903e+003;-2,425728e-004
3,777385e+003;-2,624086e-004
3,777867e+003;-2,799918e-004
3,778349e+003;-2,954551e-004
3,778831e+003;-3,090306e-004
3,779313e+003;-3,210164e-004
3,779796e+003;-3,308168e-004
3,780278e+003;-3,370743e-004
3,780760e+003;-3,374716e-004
3,781242e+003;-3,311478e-004
3,781724e+003;-3,183346e-004
3,782206e+003;-3,007529e-004
3,782688e+003;-2,823759e-004
3,783170e+003;-2,673094e-004
3,783653e+003;-2,596270e-004
3,784135e+003;-2,606535e-004
3,784617e+003;-2,690644e-004
3,785099e+003;-2,807865e-004
3,785581e+003;-2,917466e-004
3,786063e+003;-2,998589e-004
3,786545e+003;-3,049911e-004
3,787027e+003;-3,096928e-004
3,787510e+003;-3,167784e-004
3,787992e+003;-3,279694e-004
3,788474e+003;-3,428682e-004
3,788956e+003;-3,592894e-004
3,789438e+003;-3,741540e-004
3,789920e+003;-3,854429e-004
3,790402e+003;-3,932886e-004
3,790884e+003;-4,000087e-004
3,791366e+003;-4,086486e-004
3,791849e+003;-4,216247e-004
3,792331e+003;-4,381422e-004
3,792813e+003;-4,542289e-004
3,793295e+003;-4,628015e-004
3,793777e+003;-4,563803e-004
3,794259e+003;-4,288078e-004
3,794741e+003;-3,785570e-004
3,795223e+003;-3,109841e-004
3,795706e+003;-2,387645e-004
3,796188e+003;-1,765023e-004
3,796670e+003;-1,346359e-004
3,797152e+003;-1,152911e-004
3,797634e+003;-1,124424e-004
3,798116e+003;-1,155893e-004
3,798598e+003;-1,144630e-004
3,799080e+003;-1,027034e-004
3,799563e+003;-8,024323e-005
3,800044e+003;-5,549597e-005
3,800527e+003;-4,409917e-005
3,801009e+003;-6,242005e-005
3,801491e+003;-1,159537e-004
3,801973e+003;-1,930623e-004
3,802455e+003;-2,732698e-004
3,802937e+003;-3,387628e-004
3,803419e+003;-3,776632e-004
3,803901e+003;-3,845821e-004
3,804384e+003;-3,591901e-004
3,804866e+003;-3,050904e-004
3,805348e+003;-2,328698e-004
3,805830e+003;-1,587162e-004
3,806312e+003;-1,033659e-004
3,806794e+003;-8,143584e-005
3,807276e+003;-9,349419e-005
3,807758e+003;-1,270173e-004
3,808240e+003;-1,647443e-004
3,808723e+003;-1,924330e-004
3,809205e+003;-2,030642e-004
3,809687e+003;-1,964404e-004
3,810169e+003;-1,779596e-004
3,810651e+003;-1,559008e-004
3,811133e+003;-1,378820e-004
3,811615e+003;-1,282098e-004
3,812097e+003;-1,263548e-004
3,812580e+003;-1,270173e-004
3,813062e+003;-1,228768e-004
3,813544e+003;-1,066454e-004
3,814026e+003;-7,557217e-005
3,814508e+003;-3,425925e-005
3,814990e+003;5,367748e-006
3,815472e+003;2,882757e-005
3,815954e+003;2,799917e-005
3,816437e+003;7,388954e-006
3,816919e+003;-1,941611e-005
3,817401e+003;-3,651218e-005
3,817883e+003;-3,339783e-005
3,818365e+003;-5,699017e-006
3,818847e+003;4,347404e-005
3,819329e+003;1,027940e-004
3,819811e+003;1,509518e-004
3,820293e+003;1,630501e-004
3,820776e+003;1,249333e-004
3,821258e+003;4,330835e-005
3,821740e+003;-5,851077e-005
3,822222e+003;-1,560664e-004
3,822704e+003;-2,347244e-004
3,823186e+003;-2,904552e-004
3,823668e+003;-3,245923e-004
3,824150e+003;-3,413121e-004
3,824633e+003;-3,451857e-004
3,825115e+003;-3,412459e-004
3,825597e+003;-3,350547e-004
3,826079e+003;-3,313796e-004
3,826561e+003;-3,327702e-004
3,827043e+003;-3,393918e-004
3,827525e+003;-3,471060e-004
3,828007e+003;-3,497877e-004
3,828490e+003;-3,409479e-004
3,828971e+003;-3,154871e-004
3,829454e+003;-2,714486e-004
3,829936e+003;-2,116087e-004
3,830418e+003;-1,445729e-004
3,830900e+003;-8,299284e-005
3,831382e+003;-3,909641e-005
3,831864e+003;-2,087394e-005
3,832346e+003;-2,806362e-005
3,832828e+003;-5,377322e-005
3,833311e+003;-8,670313e-005
3,833793e+003;-1,160199e-004
3,834275e+003;-1,340065e-004
3,834757e+003;-1,369214e-004
3,835239e+003;-1,262555e-004
3,835721e+003;-1,073079e-004
3,836203e+003;-8,915455e-005
3,836685e+003;-8,100517e-005
3,837167e+003;-9,210286e-005
3,837650e+003;-1,276136e-004
3,838132e+003;-1,870676e-004
3,838614e+003;-2,626072e-004
3,839096e+003;-3,410473e-004
3,839578e+003;-4,072583e-004
3,840060e+003;-4,469138e-004
3,840542e+003;-4,506872e-004
3,841024e+003;-4,157326e-004
3,841507e+003;-3,462783e-004
3,841989e+003;-2,536995e-004
3,842471e+003;-1,560664e-004
3,842953e+003;-7,401514e-005
3,843435e+003;-2,345827e-005
3,843917e+003;-1,262389e-005
3,844399e+003;-3,863257e-005
3,844881e+003;-9,094342e-005
3,845364e+003;-1,550396e-004
3,845846e+003;-2,186959e-004
3,846328e+003;-2,738990e-004
3,846810e+003;-3,170764e-004
3,847292e+003;-3,484965e-004
3,847774e+003;-3,696517e-004
3,848256e+003;-3,827945e-004
3,848738e+003;-3,874291e-004
3,849220e+003;-3,818675e-004
3,849703e+003;-3,621035e-004
3,850185e+003;-3,239301e-004
3,850667e+003;-2,639981e-004
3,851149e+003;-1,831264e-004
3,851631e+003;-8,855826e-005
3,852113e+003;3,976087e-007
3,852595e+003;5,656349e-005
3,853077e+003;6,027500e-005
3,853560e+003;1,640166e-005
3,854042e+003;-5,175229e-005
3,854524e+003;-1,195312e-004
3,855006e+003;-1,732565e-004
3,855488e+003;-2,095885e-004
3,855970e+003;-2,298231e-004
3,856452e+003;-2,369100e-004
3,856934e+003;-2,334660e-004
3,857417e+003;-2,220076e-004
3,857898e+003;-2,041240e-004
3,858381e+003;-1,814703e-004
3,858863e+003;-1,555365e-004
3,859345e+003;-1,289385e-004
3,859827e+003;-1,038959e-004
3,860309e+003;-8,302597e-005
3,860791e+003;-6,844953e-005
3,861273e+003;-6,099548e-005
3,861755e+003;-6,016725e-005
3,862238e+003;-6,477222e-005
3,862720e+003;-7,408139e-005
3,863202e+003;-8,872389e-005
3,863684e+003;-1,106205e-004
3,864166e+003;-1,420887e-004
3,864648e+003;-1,829607e-004
3,865130e+003;-2,306179e-004
3,865612e+003;-2,794288e-004
3,866094e+003;-3,236652e-004
3,866577e+003;-3,582631e-004
3,867059e+003;-3,792853e-004
3,867541e+003;-3,837214e-004
3,868023e+003;-3,699496e-004
3,868505e+003;-3,391270e-004
3,868987e+003;-2,961836e-004
3,869469e+003;-2,505536e-004
3,869951e+003;-2,121717e-004
3,870434e+003;-1,860409e-004
3,870916e+003;-1,729253e-004
3,871398e+003;-1,704412e-004
3,871880e+003;-1,772972e-004
3,872362e+003;-1,934928e-004
3,872844e+003;-2,191595e-004
3,873326e+003;-2,532359e-004
3,873808e+003;-2,910844e-004
3,874291e+003;-3,256186e-004
3,874773e+003;-3,496222e-004
3,875255e+003;-3,585279e-004
3,875737e+003;-3,514762e-004
3,876219e+003;-3,305850e-004
3,876701e+003;-2,995609e-004
3,877183e+003;-2,618456e-004
3,877665e+003;-2,211797e-004
3,878147e+003;-1,809404e-004
3,878630e+003;-1,438442e-004
3,879112e+003;-1,128068e-004
3,879594e+003;-8,981709e-005
3,880076e+003;-7,640038e-005
3,880558e+003;-7,179553e-005
3,881040e+003;-7,414765e-005
3,881522e+003;-7,958067e-005
3,882004e+003;-8,408605e-005
3,882487e+003;-8,458296e-005
3,882969e+003;-7,895124e-005
3,883451e+003;-6,715750e-005
3,883933e+003;-5,201733e-005
3,884415e+003;-3,959337e-005
3,884897e+003;-3,783742e-005
3,885379e+003;-5,234863e-005
3,885861e+003;-8,339037e-005
3,886344e+003;-1,259573e-004
3,886825e+003;-1,724284e-004
3,887308e+003;-2,159471e-004
3,887790e+003;-2,523087e-004
3,888272e+003;-2,781706e-004
3,888754e+003;-2,911837e-004
3,889236e+003;-2,888328e-004
3,889718e+003;-2,707863e-004
3,890200e+003;-2,390626e-004
3,890682e+003;-2,001166e-004
3,891165e+003;-1,646118e-004
3,891647e+003;-1,434467e-004
3,892129e+003;-1,436454e-004
3,892611e+003;-1,664666e-004
3,893093e+003;-2,074027e-004
3,893575e+003;-2,580706e-004
3,894057e+003;-3,086002e-004
3,894539e+003;-3,503174e-004
3,895021e+003;-3,759748e-004
3,895504e+003;-3,808082e-004
3,895986e+003;-3,635601e-004
3,896468e+003;-3,257180e-004
3,896950e+003;-2,717135e-004
3,897432e+003;-2,081313e-004
3,897914e+003;-1,440098e-004
3,898396e+003;-8,845887e-005
3,898878e+003;-4,986387e-005
3,899361e+003;-3,339783e-005
3,899843e+003;-3,959337e-005
3,900325e+003;-6,430841e-005
3,900807e+003;-9,965576e-005
3,901289e+003;-1,371201e-004
3,901771e+003;-1,692157e-004
3,902253e+003;-1,910089e-004
3,902735e+003;-2,021700e-004
3,903218e+003;-2,066741e-004
3,903700e+003;-2,101515e-004
3,904182e+003;-2,172387e-004
3,904664e+003;-2,291939e-004
3,905146e+003;-2,435332e-004
3,905628e+003;-2,552228e-004
3,906110e+003;-2,600244e-004
3,906592e+003;-2,565474e-004
3,907074e+003;-2,457850e-004
3,907557e+003;-2,320419e-004
3,908039e+003;-2,196563e-004
3,908521e+003;-2,129003e-004
3,909003e+003;-2,132977e-004
3,909485e+003;-2,197225e-004
3,909967e+003;-2,284985e-004
3,910449e+003;-2,353536e-004
3,910931e+003;-2,375723e-004
3,911414e+003;-2,343601e-004
3,911896e+003;-2,278030e-004
3,912378e+003;-2,210472e-004
3,912860e+003;-2,171724e-004
3,913342e+003;-2,172387e-004
3,913824e+003;-2,204842e-004
3,914306e+003;-2,242264e-004
3,914788e+003;-2,260147e-004
3,915271e+003;-2,243589e-004
3,915752e+003;-2,196231e-004
3,916235e+003;-2,135957e-004
3,916717e+003;-2,096878e-004
3,917199e+003;-2,097872e-004
3,917681e+003;-2,140263e-004
3,918163e+003;-2,216764e-004
3,918645e+003;-2,310485e-004
3,919127e+003;-2,412813e-004
3,919609e+003;-2,521431e-004
3,920092e+003;-2,638987e-004
3,920574e+003;-2,763162e-004
3,921056e+003;-2,887003e-004
3,921538e+003;-2,983027e-004
3,922020e+003;-3,024416e-004
3,922502e+003;-2,979385e-004
3,922984e+003;-2,830381e-004
3,923466e+003;-2,583686e-004
3,923948e+003;-2,271738e-004
3,924431e+003;-1,945195e-004
3,924913e+003;-1,656386e-004
3,925395e+003;-1,445066e-004
3,925877e+003;-1,326816e-004
3,926359e+003;-1,297666e-004
3,926841e+003;-1,347021e-004
3,927323e+003;-1,454010e-004
3,927805e+003;-1,604054e-004
3,928288e+003;-1,772972e-004
3,928770e+003;-1,934266e-004
3,929252e+003;-2,057468e-004
3,929734e+003;-2,118074e-004
3,930216e+003;-2,097872e-004
3,930698e+003;-2,003485e-004
3,931180e+003;-1,860409e-004
3,931662e+003;-1,709049e-004
3,932145e+003;-1,590805e-004
3,932627e+003;-1,525886e-004
3,933109e+003;-1,520255e-004
3,933591e+003;-1,560002e-004
3,934073e+003;-1,625914e-004
3,934555e+003;-1,704081e-004
3,935037e+003;-1,793507e-004
3,935519e+003;-1,903796e-004
3,936001e+003;-2,050182e-004
3,936484e+003;-2,242595e-004
3,936966e+003;-2,479044e-004
3,937448e+003;-2,741639e-004
3,937930e+003;-2,995940e-004
3,938412e+003;-3,207516e-004
3,938894e+003;-3,347236e-004
3,939376e+003;-3,404844e-004
3,939858e+003;-3,388621e-004
3,940341e+003;-3,330681e-004
3,940823e+003;-3,279694e-004
3,941305e+003;-3,286316e-004
3,941787e+003;-3,392263e-004
3,942269e+003;-3,615406e-004
3,942751e+003;-3,929907e-004
3,943233e+003;-4,287085e-004
3,943715e+003;-4,615107e-004
3,944198e+003;-4,852088e-004
3,944679e+003;-4,958990e-004
3,945162e+003;-4,917620e-004
3,945644e+003;-4,741873e-004
3,946126e+003;-4,464173e-004
3,946608e+003;-4,135809e-004
3,947090e+003;-3,805102e-004
3,947572e+003;-3,514430e-004
3,948054e+003;-3,276052e-004
3,948536e+003;-3,073089e-004
3,949019e+003;-2,876407e-004
3,949501e+003;-2,652564e-004
3,949983e+003;-2,382015e-004
3,950465e+003;-2,077008e-004
3,950947e+003;-1,771316e-004
3,951429e+003;-1,518599e-004
3,951911e+003;-1,377826e-004
3,952393e+003;-1,390413e-004
3,952875e+003;-1,575238e-004
3,953358e+003;-1,919362e-004
3,953840e+003;-2,381022e-004
3,954322e+003;-2,887334e-004
3,954804e+003;-3,357831e-004
3,955286e+003;-3,722008e-004
3,955768e+003;-3,922955e-004
3,956250e+003;-3,939507e-004
3,956732e+003;-3,785570e-004
3,957215e+003;-3,501519e-004
3,957697e+003;-3,139972e-004
3,958179e+003;-2,753228e-004
3,958661e+003;-2,383340e-004
3,959143e+003;-2,055812e-004
3,959625e+003;-1,787214e-004
3,960107e+003;-1,589149e-004
3,960589e+003;-1,479514e-004
3,961072e+003;-1,477858e-004
3,961554e+003;-1,597430e-004
3,962036e+003;-1,844180e-004
3,962518e+003;-2,186296e-004
3,963000e+003;-2,582031e-004
3,963482e+003;-2,967465e-004
3,963964e+003;-3,286316e-004
3,964446e+003;-3,504167e-004
3,964928e+003;-3,611765e-004
3,965411e+003;-3,641561e-004
3,965893e+003;-3,633946e-004
3,966375e+003;-3,639243e-004
3,966857e+003;-3,690888e-004
3,967339e+003;-3,790536e-004
3,967821e+003;-3,920637e-004
3,968303e+003;-4,042459e-004
3,968785e+003;-4,121244e-004
3,969268e+003;-4,132499e-004
3,969750e+003;-4,073576e-004
3,970232e+003;-3,955066e-004
3,970714e+003;-3,797819e-004
3,971196e+003;-3,616731e-004
3,971678e+003;-3,427358e-004
3,972160e+003;-3,241949e-004
3,972642e+003;-3,072758e-004
3,973125e+003;-2,944949e-004
3,973606e+003;-2,887003e-004
3,974089e+003;-2,926075e-004
3,974571e+003;-3,072095e-004
3,975053e+003;-3,309492e-004
3,975535e+003;-3,597198e-004
3,976017e+003;-3,873960e-004
3,976499e+003;-4,074238e-004
3,976981e+003;-4,149050e-004
3,977463e+003;-4,077217e-004
3,977946e+003;-3,863698e-004
3,978428e+003;-3,537606e-004
3,978910e+003;-3,151229e-004
3,979392e+003;-2,752897e-004
3,979874e+003;-2,390294e-004
3,980356e+003;-2,106152e-004
3,980838e+003;-1,923999e-004
3,981320e+003;-1,866371e-004
3,981802e+003;-1,932279e-004
3,982285e+003;-2,109794e-004
3,982767e+003;-2,364795e-004
3,983249e+003;-2,658193e-004
3,983731e+003;-2,937995e-004
3,984213e+003;-3,165135e-004
3,984695e+003;-3,311478e-004
3,985177e+003;-3,375709e-004
3,985659e+003;-3,372729e-004
3,986142e+003;-3,332668e-004
3,986624e+003;-3,285654e-004
3,987106e+003;-3,251220e-004
3,987588e+003;-3,228706e-004
3,988070e+003;-3,206522e-004
3,988552e+003;-3,161493e-004
3,989034e+003;-3,073089e-004
3,989516e+003;-2,927731e-004
3,989999e+003;-2,729056e-004
3,990481e+003;-2,496926e-004
3,990963e+003;-2,257829e-004
3,991445e+003;-2,045545e-004
3,991927e+003;-1,886574e-004
3,992409e+003;-1,807417e-004
3,992891e+003;-1,816359e-004
3,993373e+003;-1,915719e-004
3,993855e+003;-2,092242e-004
3,994338e+003;-2,320419e-004
3,994820e+003;-2,566136e-004
3,995302e+003;-2,791308e-004
3,995784e+003;-2,961505e-004
3,996266e+003;-3,055540e-004
3,996748e+003;-3,069115e-004
3,997230e+003;-3,013158e-004
3,997712e+003;-2,912168e-004
3,998195e+003;-2,796275e-004
3,998677e+003;-2,697929e-004
3,999159e+003;-2,638656e-004
3,999641e+003;-2,626735e-004
4,000123e+003;-2,660180e-004
