3,996748e+002;0,000000e+000
4,001569e+002;-8,615576e-004
4,006390e+002;-1,341676e-003
4,011211e+002;-1,787971e-003
4,016032e+002;-2,209084e-003
4,020854e+002;-2,655477e-003
4,025675e+002;-3,201970e-003
4,030496e+002;-3,915834e-003
4,035317e+002;-4,830651e-003
4,040138e+002;-5,914133e-003
4,044959e+002;-7,059568e-003
4,049781e+002;-8,087786e-003
4,054602e+002;-8,810555e-003
4,059423e+002;-9,091349e-003
4,064244e+002;-8,896329e-003
4,069065e+002;-8,295069e-003
4,073886e+002;-7,412513e-003
4,078708e+002;-6,364963e-003
4,083529e+002;-5,208165e-003
4,088350e+002;-3,946502e-003
4,093171e+002;-2,566288e-003
4,097992e+002;-1,093239e-003
4,102813e+002;3,687064e-004
4,107635e+002;1,640779e-003
4,112456e+002;2,522350e-003
4,117277e+002;2,842808e-003
4,122098e+002;2,539647e-003
4,126919e+002;1,694230e-003
4,131740e+002;5,291415e-004
4,136562e+002;-6,767984e-004
4,141383e+002;-1,661901e-003
4,146204e+002;-2,268551e-003
4,151025e+002;-2,471315e-003
4,155846e+002;-2,331338e-003
4,160667e+002;-1,944683e-003
4,165489e+002;-1,387291e-003
4,170310e+002;-7,061746e-004
4,175131e+002;6,302552e-005
4,179952e+002;8,357483e-004
4,184773e+002;1,405000e-003
4,189594e+002;1,492932e-003
4,194416e+002;9,149656e-004
4,199237e+002;-2,705214e-004
4,204058e+002;-1,805097e-003
4,208879e+002;-3,372343e-003
4,213700e+002;-4,689006e-003
4,218521e+002;-5,558331e-003
4,223343e+002;-5,832377e-003
4,228164e+002;-5,440910e-003
4,232985e+002;-4,406136e-003
4,237806e+002;-2,858127e-003
4,242627e+002;-1,014174e-003
4,247448e+002;8,698771e-004
4,252270e+002;2,556178e-003
4,257091e+002;3,893687e-003
4,261912e+002;4,812379e-003
4,266733e+002;5,311864e-003
4,271554e+002;5,444039e-003
4,276375e+002;5,299622e-003
4,281197e+002;4,999166e-003
4,286018e+002;4,667234e-003
4,290839e+002;4,415848e-003
4,295660e+002;4,310891e-003
4,300481e+002;4,356238e-003
4,305302e+002;4,497429e-003
4,310124e+002;4,651091e-003
4,314945e+002;4,738912e-003
4,319766e+002;4,719283e-003
4,324587e+002;4,601728e-003
4,329408e+002;4,431915e-003
4,334229e+002;4,263139e-003
4,339051e+002;4,123094e-003
4,343872e+002;4,009747e-003
4,348693e+002;3,892049e-003
4,353514e+002;3,737218e-003
4,358335e+002;3,532767e-003
4,363156e+002;3,300900e-003
4,367978e+002;3,089780e-003
4,372799e+002;2,955151e-003
4,377620e+002;2,931599e-003
4,382441e+002;3,027682e-003
4,387262e+002;3,230493e-003
4,392083e+002;3,518537e-003
4,396905e+002;3,866909e-003
4,401726e+002;4,246041e-003
4,406547e+002;4,617601e-003
4,411368e+002;4,925702e-003
4,416189e+002;5,103184e-003
4,421010e+002;5,095305e-003
4,425832e+002;4,887366e-003
4,430653e+002;4,527126e-003
4,435474e+002;4,111855e-003
4,440295e+002;3,757104e-003
4,445116e+002;3,530462e-003
4,449937e+002;3,421110e-003
4,454759e+002;3,331484e-003
4,459580e+002;3,124921e-003
4,464401e+002;2,671014e-003
4,469222e+002;1,922511e-003
4,474043e+002;9,498643e-004
4,478864e+002;-6,205562e-005
4,483686e+002;-8,866889e-004
4,488507e+002;-1,350066e-003
4,493328e+002;-1,369224e-003
4,498149e+002;-9,745376e-004
4,502970e+002;-2,749255e-004
4,507791e+002;5,773466e-004
4,512613e+002;1,447950e-003
4,517434e+002;2,242726e-003
4,522255e+002;2,920090e-003
4,527076e+002;3,477519e-003
4,531897e+002;3,917024e-003
4,536718e+002;4,217635e-003
4,541540e+002;4,335655e-003
4,546361e+002;4,219174e-003
4,551182e+002;3,844277e-003
4,556003e+002;3,241676e-003
4,560824e+002;2,518451e-003
4,565645e+002;1,845140e-003
4,570467e+002;1,406662e-003
4,575288e+002;1,325826e-003
4,580109e+002;1,576160e-003
4,584930e+002;1,972802e-003
4,589751e+002;2,252818e-003
4,594572e+002;2,216182e-003
4,599394e+002;1,771841e-003
4,604215e+002;9,588302e-004
4,609036e+002;-8,786259e-005
4,613857e+002;-1,161748e-003
4,618678e+002;-2,040959e-003
4,623499e+002;-2,548995e-003
4,628321e+002;-2,591782e-003
4,633142e+002;-2,196491e-003
4,637963e+002;-1,480685e-003
4,642784e+002;-6,089410e-004
4,647606e+002;2,775200e-004
4,652427e+002;1,078459e-003
4,657248e+002;1,740103e-003
4,662069e+002;2,242859e-003
4,666890e+002;2,576510e-003
4,671711e+002;2,724025e-003
4,676533e+002;2,662313e-003
4,681354e+002;2,376102e-003
4,686175e+002;1,882176e-003
4,690996e+002;1,239888e-003
4,695817e+002;5,632461e-004
4,700638e+002;-1,331968e-005
4,705460e+002;-3,624014e-004
4,710281e+002;-4,048749e-004
4,715102e+002;-1,502038e-004
4,719923e+002;2,924401e-004
4,724744e+002;7,474842e-004
4,729565e+002;1,060091e-003
4,734387e+002;1,157688e-003
4,739208e+002;1,085999e-003
4,744029e+002;9,637781e-004
4,748850e+002;9,228682e-004
4,753671e+002;1,038768e-003
4,758492e+002;1,307913e-003
4,763314e+002;1,654016e-003
4,768135e+002;1,969140e-003
4,772956e+002;2,160469e-003
4,777777e+002;2,194136e-003
4,782598e+002;2,111722e-003
4,787419e+002;2,008185e-003
4,792241e+002;1,983852e-003
4,797062e+002;2,091911e-003
4,801883e+002;2,321135e-003
4,806704e+002;2,599209e-003
4,811525e+002;2,829867e-003
4,816346e+002;2,920924e-003
4,821168e+002;2,825799e-003
4,825989e+002;2,548313e-003
4,830810e+002;2,130434e-003
4,835631e+002;1,626045e-003
4,840452e+002;1,086830e-003
4,845273e+002;5,590658e-004
4,850095e+002;8,814549e-005
4,854916e+002;-2,684022e-004
4,859737e+002;-4,489329e-004
4,864558e+002;-4,061659e-004
4,869379e+002;-1,273486e-004
4,874200e+002;3,484116e-004
4,879022e+002;9,381094e-004
4,883843e+002;1,524286e-003
4,888664e+002;1,998998e-003
4,893485e+002;2,297351e-003
4,898306e+002;2,417149e-003
4,903127e+002;2,416316e-003
4,907949e+002;2,388229e-003
4,912770e+002;2,421914e-003
4,917591e+002;2,560778e-003
4,922412e+002;2,795951e-003
4,927233e+002;3,073362e-003
4,932054e+002;3,328813e-003
4,936876e+002;3,513593e-003
4,941697e+002;3,614082e-003
4,946518e+002;3,642816e-003
4,951339e+002;3,623571e-003
4,956160e+002;3,572554e-003
4,960981e+002;3,495122e-003
4,965803e+002;3,394160e-003
4,970624e+002;3,282371e-003
4,975445e+002;3,191806e-003
4,980266e+002;3,173915e-003
4,985087e+002;3,277197e-003
4,989908e+002;3,532500e-003
4,994730e+002;3,934477e-003
4,999551e+002;4,439112e-003
5,004372e+002;4,963505e-003
5,009193e+002;5,411260e-003
5,014014e+002;5,699781e-003
5,018835e+002;5,779017e-003
5,023657e+002;5,646942e-003
5,028478e+002;5,336653e-003
5,033299e+002;4,895609e-003
5,038120e+002;4,364170e-003
5,042941e+002;3,774283e-003
5,047762e+002;3,158763e-003
5,052584e+002;2,561344e-003
5,057405e+002;2,051161e-003
5,062226e+002;1,714089e-003
5,067047e+002;1,626943e-003
5,071868e+002;1,836122e-003
5,076689e+002;2,326864e-003
5,081511e+002;3,022710e-003
5,086332e+002;3,798148e-003
5,091153e+002;4,525150e-003
5,095974e+002;5,096848e-003
5,100795e+002;5,445750e-003
5,105616e+002;5,554372e-003
5,110438e+002;5,445281e-003
5,115259e+002;5,171850e-003
5,120080e+002;4,798207e-003
5,124901e+002;4,390544e-003
5,129722e+002;3,999915e-003
5,134543e+002;3,656115e-003
5,139365e+002;3,373990e-003
5,144186e+002;3,153189e-003
5,149007e+002;2,988979e-003
5,153828e+002;2,872091e-003
5,158649e+002;2,791883e-003
5,163470e+002;2,736129e-003
5,168292e+002;2,690584e-003
5,173113e+002;2,640410e-003
5,177934e+002;2,572710e-003
5,182755e+002;2,479827e-003
5,187576e+002;2,362110e-003
5,192397e+002;2,229204e-003
5,197219e+002;2,099103e-003
5,202040e+002;1,992074e-003
5,206861e+002;1,929866e-003
5,211682e+002;1,928701e-003
5,216503e+002;1,997167e-003
5,221324e+002;2,136228e-003
5,226146e+002;2,339756e-003
5,230967e+002;2,594042e-003
5,235788e+002;2,879262e-003
5,240609e+002;3,173482e-003
5,245430e+002;3,449330e-003
5,250251e+002;3,680574e-003
5,255073e+002;3,846283e-003
5,259894e+002;3,933006e-003
5,264715e+002;3,940696e-003
5,269536e+002;3,880549e-003
5,274357e+002;3,772311e-003
5,279178e+002;3,637203e-003
5,284000e+002;3,493986e-003
5,288821e+002;3,358230e-003
5,293642e+002;3,241743e-003
5,298463e+002;3,153790e-003
5,303284e+002;3,101827e-003
5,308105e+002;3,088378e-003
5,312927e+002;3,108802e-003
5,317748e+002;3,150252e-003
5,322569e+002;3,194643e-003
5,327390e+002;3,221447e-003
5,332211e+002;3,216707e-003
5,337032e+002;3,177487e-003
5,341854e+002;3,113974e-003
5,346675e+002;3,044699e-003
5,351496e+002;2,989413e-003
5,356317e+002;2,959721e-003
5,361138e+002;2,953216e-003
5,365959e+002;2,954750e-003
5,370781e+002;2,944275e-003
5,375602e+002;2,909850e-003
5,380423e+002;2,853380e-003
5,385244e+002;2,793683e-003
5,390065e+002;2,756669e-003
5,394886e+002;2,765072e-003
5,399708e+002;2,824131e-003
5,404529e+002;2,917455e-003
5,409350e+002;3,009831e-003
5,414171e+002;3,063251e-003
5,418992e+002;3,050671e-003
5,423813e+002;2,969129e-003
5,428635e+002;2,840673e-003
5,433456e+002;2,707788e-003
5,438277e+002;2,616609e-003
5,443098e+002;2,600442e-003
5,447919e+002;2,674014e-003
5,452740e+002;2,828734e-003
5,457562e+002;3,039060e-003
5,462383e+002;3,269151e-003
5,467204e+002;3,484801e-003
5,472025e+002;3,659222e-003
5,476846e+002;3,774417e-003
5,481667e+002;3,824421e-003
5,486489e+002;3,813892e-003
5,491310e+002;3,762685e-003
5,496131e+002;3,703298e-003
5,500952e+002;3,681778e-003
5,505773e+002;3,745239e-003
5,510594e+002;3,924915e-003
5,515416e+002;4,227003e-003
5,520237e+002;4,623596e-003
5,525058e+002;5,060843e-003
5,529879e+002;5,465882e-003
5,534700e+002;5,772570e-003
5,539521e+002;5,936425e-003
5,544343e+002;5,945629e-003
5,549164e+002;5,821831e-003
5,553985e+002;5,610355e-003
5,558806e+002;5,363220e-003
5,563627e+002;5,121623e-003
5,568448e+002;4,912632e-003
5,573270e+002;4,747053e-003
5,578091e+002;4,625605e-003
5,582912e+002;4,545641e-003
5,587733e+002;4,505163e-003
5,592554e+002;4,503556e-003
5,597375e+002;4,539045e-003
5,602197e+002;4,606484e-003
5,607018e+002;4,695301e-003
5,611839e+002;4,788592e-003
5,616660e+002;4,867060e-003
5,621481e+002;4,909046e-003
5,626302e+002;4,892794e-003
5,631124e+002;4,801993e-003
5,635945e+002;4,626442e-003
5,640766e+002;4,368922e-003
5,645587e+002;4,048507e-003
5,650408e+002;3,704000e-003
5,655229e+002;3,387515e-003
5,660051e+002;3,153055e-003
5,664872e+002;3,045099e-003
5,669693e+002;3,079836e-003
5,674514e+002;3,240942e-003
5,679335e+002;3,479657e-003
5,684156e+002;3,733208e-003
5,688978e+002;3,939593e-003
5,693799e+002;4,059076e-003
5,698620e+002;4,085331e-003
5,703441e+002;4,042788e-003
5,708262e+002;3,973064e-003
5,713083e+002;3,914383e-003
5,717905e+002;3,889074e-003
5,722726e+002;3,891347e-003
5,727547e+002;3,891314e-003
5,732368e+002;3,842706e-003
5,737189e+002;3,703398e-003
5,742010e+002;3,448729e-003
5,746832e+002;3,087044e-003
5,751653e+002;2,661379e-003
5,756474e+002;2,248521e-003
5,761295e+002;1,939851e-003
5,766116e+002;1,809337e-003
5,770938e+002;1,895554e-003
5,775759e+002;2,184312e-003
5,780580e+002;2,616042e-003
5,785401e+002;3,097622e-003
5,790222e+002;3,533335e-003
5,795043e+002;3,846550e-003
5,799865e+002;3,994364e-003
5,804686e+002;3,981657e-003
5,809507e+002;3,854473e-003
5,814328e+002;3,681778e-003
5,819149e+002;3,522846e-003
5,823970e+002;3,412026e-003
5,828792e+002;3,347043e-003
5,833613e+002;3,300199e-003
5,838434e+002;3,232697e-003
5,843255e+002;3,118146e-003
5,848076e+002;2,955618e-003
5,852897e+002;2,772475e-003
5,857719e+002;2,612976e-003
5,862540e+002;2,522217e-003
5,867361e+002;2,530682e-003
5,872182e+002;2,642377e-003
5,877003e+002;2,835837e-003
5,881824e+002;3,068724e-003
5,886646e+002;3,293722e-003
5,891467e+002;3,464393e-003
5,896288e+002;3,546964e-003
5,901109e+002;3,527155e-003
5,905930e+002;3,410456e-003
5,910751e+002;3,221447e-003
5,915573e+002;2,999088e-003
5,920394e+002;2,791449e-003
5,925215e+002;2,639044e-003
5,930036e+002;2,566744e-003
5,934857e+002;2,577243e-003
5,939678e+002;2,652812e-003
5,944500e+002;2,763005e-003
5,949321e+002;2,874393e-003
5,954142e+002;2,962790e-003
5,958963e+002;3,016271e-003
5,963784e+002;3,036390e-003
5,968605e+002;3,032587e-003
5,973427e+002;3,015303e-003
5,978248e+002;2,988912e-003
5,983069e+002;2,950213e-003
5,987890e+002;2,891771e-003
5,992711e+002;2,807523e-003
5,997532e+002;2,698119e-003
6,002354e+002;2,572477e-003
6,007175e+002;2,444172e-003
6,011996e+002;2,325532e-003
6,016817e+002;2,223476e-003
6,021638e+002;2,138426e-003
6,026459e+002;2,067574e-003
6,031281e+002;2,010748e-003
6,036102e+002;1,972735e-003
6,040923e+002;1,964680e-003
6,045744e+002;1,999031e-003
6,050565e+002;2,084154e-003
6,055386e+002;2,219912e-003
6,060208e+002;2,397558e-003
6,065029e+002;2,600809e-003
6,069850e+002;2,810391e-003
6,074671e+002;3,009031e-003
6,079492e+002;3,180858e-003
6,084313e+002;3,312853e-003
6,089135e+002;3,394761e-003
6,093956e+002;3,418705e-003
6,098777e+002;3,384242e-003
6,103598e+002;3,300533e-003
6,108419e+002;3,190905e-003
6,113240e+002;3,087010e-003
6,118062e+002;3,021109e-003
6,122883e+002;3,014135e-003
6,127704e+002;3,064553e-003
6,132525e+002;3,144945e-003
6,137346e+002;3,207461e-003
6,142167e+002;3,203555e-003
6,146989e+002;3,096120e-003
6,151810e+002;2,877628e-003
6,156631e+002;2,573643e-003
6,161452e+002;2,239362e-003
6,166273e+002;1,939352e-003
6,171094e+002;1,726330e-003
6,175916e+002;1,629337e-003
6,180737e+002;1,643938e-003
6,185558e+002;1,740469e-003
6,190379e+002;1,875587e-003
6,195200e+002;2,011680e-003
6,200021e+002;2,124874e-003
6,204843e+002;2,210321e-003
6,209664e+002;2,279231e-003
6,214485e+002;2,351349e-003
6,219306e+002;2,445405e-003
6,224127e+002;2,570277e-003
6,228948e+002;2,721291e-003
6,233770e+002;2,879329e-003
6,238591e+002;3,015971e-003
6,243412e+002;3,098590e-003
6,248233e+002;3,102628e-003
6,253054e+002;3,018106e-003
6,257875e+002;2,856115e-003
6,262697e+002;2,645844e-003
6,267518e+002;2,431310e-003
6,272339e+002;2,259379e-003
6,277160e+002;2,166363e-003
6,281981e+002;2,173056e-003
6,286802e+002;2,280030e-003
6,291624e+002;2,469530e-003
6,296445e+002;2,708221e-003
6,301266e+002;2,956385e-003
6,306087e+002;3,173949e-003
6,310908e+002;3,324840e-003
6,315729e+002;3,386145e-003
6,320551e+002;3,351284e-003
6,325372e+002;3,232463e-003
6,330193e+002;3,059147e-003
6,335014e+002;2,876094e-003
6,339835e+002;2,733761e-003
6,344656e+002;2,671147e-003
6,349478e+002;2,709422e-003
6,354299e+002;2,841274e-003
6,359120e+002;3,036357e-003
6,363941e+002;3,248319e-003
6,368762e+002;3,434435e-003
6,373583e+002;3,566541e-003
6,378405e+002;3,636635e-003
6,383226e+002;3,655046e-003
6,388047e+002;3,641446e-003
6,392868e+002;3,614015e-003
6,397689e+002;3,583679e-003
6,402510e+002;3,554547e-003
6,407332e+002;3,529794e-003
6,412153e+002;3,518236e-003
6,416974e+002;3,537644e-003
6,421795e+002;3,608870e-003
6,426616e+002;3,746309e-003
6,431437e+002;3,947283e-003
6,436259e+002;4,186487e-003
6,441080e+002;4,422476e-003
6,445901e+002;4,606249e-003
6,450722e+002;4,702502e-003
6,455543e+002;4,699253e-003
6,460364e+002;4,611172e-003
6,465186e+002;4,469575e-003
6,470007e+002;4,312095e-003
6,474828e+002;4,167318e-003
6,479649e+002;4,046768e-003
6,484470e+002;3,950326e-003
6,489291e+002;3,873294e-003
6,494113e+002;3,816633e-003
6,498934e+002;3,791062e-003
6,503755e+002;3,813925e-003
6,508576e+002;3,899037e-003
6,513397e+002;4,048608e-003
6,518218e+002;4,248183e-003
6,523040e+002;4,468136e-003
6,527861e+002;4,672492e-003
6,532682e+002;4,832146e-003
6,537503e+002;4,927880e-003
6,542324e+002;4,954523e-003
6,547145e+002;4,914810e-003
6,551967e+002;4,813551e-003
6,556788e+002;4,651928e-003
6,561609e+002;4,428668e-003
6,566431e+002;4,144102e-003
6,571251e+002;3,805201e-003
6,576073e+002;3,430127e-003
6,580894e+002;3,047902e-003
6,585715e+002;2,692084e-003
6,590536e+002;2,398124e-003
6,595358e+002;2,195668e-003
6,600178e+002;2,101900e-003
6,605000e+002;2,121944e-003
6,609821e+002;2,246423e-003
6,614642e+002;2,453768e-003
6,619463e+002;2,709555e-003
6,624285e+002;2,971197e-003
6,629105e+002;3,196546e-003
6,633927e+002;3,349414e-003
6,638748e+002;3,413930e-003
6,643569e+002;3,396330e-003
6,648390e+002;3,322736e-003
6,653212e+002;3,229358e-003
6,658032e+002;3,156994e-003
6,662854e+002;3,141107e-003
6,667675e+002;3,201319e-003
6,672496e+002;3,326876e-003
6,677317e+002;3,464059e-003
6,682139e+002;3,537745e-003
6,686959e+002;3,496625e-003
6,691781e+002;3,355692e-003
6,696602e+002;3,169376e-003
6,701423e+002;2,988012e-003
6,706244e+002;2,835637e-003
6,711066e+002;2,716023e-003
6,715886e+002;2,622009e-003
6,720708e+002;2,544013e-003
6,725529e+002;2,476628e-003
6,730350e+002;2,423213e-003
6,735171e+002;2,394193e-003
6,739993e+002;2,405421e-003
6,744813e+002;2,470430e-003
6,749635e+002;2,593176e-003
6,754456e+002;2,765005e-003
6,759277e+002;2,964592e-003
6,764098e+002;3,161032e-003
6,768920e+002;3,320666e-003
6,773740e+002;3,418772e-003
6,778562e+002;3,445055e-003
6,783383e+002;3,408186e-003
6,788204e+002;3,333788e-003
6,793025e+002;3,258735e-003
6,797847e+002;3,221247e-003
6,802667e+002;3,246150e-003
6,807489e+002;3,336826e-003
6,812310e+002;3,471240e-003
6,817131e+002;3,609805e-003
6,821952e+002;3,705203e-003
6,826774e+002;3,724753e-003
6,831594e+002;3,660492e-003
6,836416e+002;3,536175e-003
6,841237e+002;3,397933e-003
6,846058e+002;3,301468e-003
6,850879e+002;3,289449e-003
6,855701e+002;3,374358e-003
6,860521e+002;3,535373e-003
6,865343e+002;3,725822e-003
6,870164e+002;3,891414e-003
6,874985e+002;3,984366e-003
6,879806e+002;3,983296e-003
6,884628e+002;3,896964e-003
6,889448e+002;3,760747e-003
6,894270e+002;3,620430e-003
6,899091e+002;3,520374e-003
6,903912e+002;3,492182e-003
6,908733e+002;3,549937e-003
6,913555e+002;3,691234e-003
6,918375e+002;3,900374e-003
6,923197e+002;4,154238e-003
6,928018e+002;4,424384e-003
6,932839e+002;4,682573e-003
6,937660e+002;4,905796e-003
6,942482e+002;5,077806e-003
6,947302e+002;5,194987e-003
6,952124e+002;5,266216e-003
6,956945e+002;5,311764e-003
6,961766e+002;5,354599e-003
6,966587e+002;5,416058e-003
6,971409e+002;5,508430e-003
6,976229e+002;5,633649e-003
6,981051e+002;5,786807e-003
6,985872e+002;5,961988e-003
6,990693e+002;6,156597e-003
6,995514e+002;6,374157e-003
7,000336e+002;6,619310e-003
7,005156e+002;6,893351e-003
7,009978e+002;7,188012e-003
7,014799e+002;7,484458e-003
7,019620e+002;7,755706e-003
7,024441e+002;7,973731e-003
7,029263e+002;8,120695e-003
7,034083e+002;8,192372e-003
7,038905e+002;8,201725e-003
7,043726e+002;8,172552e-003
7,048547e+002;8,134063e-003
7,053368e+002;8,113740e-003
7,058190e+002;8,132409e-003
7,063010e+002;8,206216e-003
7,067832e+002;8,346706e-003
7,072653e+002;8,562898e-003
7,077474e+002;8,860386e-003
7,082295e+002;9,240824e-003
7,087117e+002;9,700197e-003
7,091937e+002;1,022847e-002
7,096759e+002;1,081317e-002
7,101580e+002;1,144107e-002
7,106401e+002;1,210245e-002
7,111222e+002;1,279316e-002
7,116044e+002;1,351396e-002
7,120864e+002;1,426735e-002
7,125686e+002;1,505574e-002
7,130507e+002;1,587938e-002
7,135328e+002;1,673898e-002
7,140149e+002;1,763769e-002
7,144971e+002;1,858537e-002
7,149791e+002;1,959674e-002
7,154613e+002;2,068862e-002
7,159434e+002;2,187235e-002
7,164255e+002;2,314730e-002
7,169076e+002;2,449628e-002
7,173898e+002;2,588633e-002
7,178718e+002;2,727805e-002
7,183540e+002;2,862760e-002
7,188361e+002;2,989587e-002
7,193182e+002;3,105275e-002
7,198003e+002;3,206853e-002
7,202825e+002;3,291306e-002
7,207645e+002;3,355204e-002
7,212467e+002;3,394940e-002
7,217288e+002;3,407930e-002
7,222109e+002;3,393482e-002
7,226930e+002;3,353489e-002
7,231752e+002;3,291832e-002
7,236572e+002;3,213917e-002
7,241394e+002;3,125391e-002
7,246215e+002;3,030898e-002
7,251036e+002;2,934452e-002
7,255857e+002;2,839058e-002
7,260679e+002;2,747024e-002
7,265499e+002;2,660391e-002
7,270321e+002;2,580636e-002
7,275142e+002;2,508585e-002
7,279963e+002;2,444332e-002
7,284784e+002;2,387314e-002
7,289606e+002;2,336543e-002
7,294426e+002;2,291000e-002
7,299248e+002;2,249964e-002
7,304069e+002;2,212927e-002
7,308890e+002;2,179434e-002
7,313711e+002;2,148758e-002
7,318533e+002;2,119673e-002
7,323353e+002;2,090622e-002
7,328175e+002;2,060151e-002
7,332996e+002;2,027272e-002
7,337817e+002;1,991965e-002
7,342638e+002;1,955199e-002
7,347460e+002;1,918790e-002
7,352280e+002;1,884648e-002
7,357102e+002;1,854570e-002
7,361923e+002;1,829732e-002
7,366744e+002;1,810410e-002
7,371565e+002;1,795980e-002
7,376387e+002;1,784734e-002
7,381207e+002;1,774140e-002
7,386029e+002;1,760902e-002
7,390850e+002;1,741718e-002
7,395671e+002;1,714121e-002
7,400492e+002;1,677197e-002
7,405314e+002;1,632299e-002
7,410134e+002;1,583051e-002
7,414956e+002;1,534724e-002
7,419777e+002;1,492414e-002
7,424598e+002;1,459951e-002
7,429419e+002;1,438595e-002
7,434241e+002;1,427030e-002
7,439061e+002;1,421925e-002
7,443883e+002;1,419299e-002
7,448704e+002;1,416047e-002
7,453525e+002;1,410447e-002
7,458346e+002;1,402527e-002
7,463168e+002;1,393282e-002
7,467988e+002;1,383887e-002
7,472810e+002;1,374772e-002
7,477631e+002;1,365526e-002
7,482452e+002;1,355006e-002
7,487273e+002;1,342093e-002
7,492095e+002;1,326256e-002
7,496915e+002;1,307909e-002
7,501737e+002;1,288142e-002
7,506558e+002;1,268691e-002
7,511379e+002;1,251183e-002
7,516200e+002;1,236770e-002
7,521022e+002;1,226132e-002
7,525842e+002;1,219346e-002
7,530664e+002;1,215932e-002
7,535485e+002;1,215005e-002
7,540306e+002;1,215373e-002
7,545127e+002;1,215639e-002
7,549949e+002;1,214399e-002
7,554769e+002;1,210453e-002
7,559591e+002;1,203043e-002
7,564412e+002;1,191977e-002
7,569233e+002;1,177577e-002
7,574054e+002;1,160667e-002
7,578876e+002;1,142287e-002
7,583696e+002;1,123480e-002
7,588518e+002;1,105343e-002
7,593339e+002;1,088845e-002
7,598160e+002;1,074744e-002
7,602981e+002;1,063585e-002
7,607803e+002;1,055372e-002
7,612623e+002;1,049662e-002
7,617445e+002;1,045552e-002
7,622266e+002;1,042035e-002
7,627087e+002;1,038370e-002
7,631908e+002;1,034363e-002
7,636730e+002;1,030389e-002
7,641550e+002;1,027227e-002
7,646372e+002;1,025646e-002
7,651193e+002;1,025941e-002
7,656014e+002;1,027868e-002
7,660835e+002;1,030732e-002
7,665657e+002;1,033806e-002
7,670477e+002;1,036578e-002
7,675299e+002;1,039029e-002
7,680120e+002;1,041418e-002
7,684941e+002;1,044024e-002
7,689762e+002;1,046821e-002
7,694584e+002;1,049445e-002
7,699404e+002;1,051370e-002
7,704226e+002;1,052351e-002
7,709047e+002;1,052561e-002
7,713868e+002;1,052527e-002
7,718689e+002;1,052680e-002
7,723511e+002;1,052802e-002
7,728331e+002;1,051638e-002
7,733153e+002;1,047225e-002
7,737974e+002;1,037410e-002
7,742795e+002;1,020985e-002
7,747616e+002;9,983342e-003
7,752438e+002;9,716630e-003
7,757258e+002;9,439719e-003
7,762080e+002;9,183425e-003
7,766901e+002;8,965738e-003
7,771722e+002;8,787685e-003
7,776543e+002;8,638231e-003
7,781365e+002;8,504743e-003
7,786185e+002;8,382882e-003
7,791007e+002;8,281454e-003
7,795828e+002;8,217325e-003
7,800649e+002;8,203582e-003
7,805470e+002;8,238295e-003
7,810292e+002;8,299386e-003
7,815112e+002;8,348023e-003
7,819934e+002;8,342686e-003
7,824755e+002;8,258354e-003
7,829576e+002;8,093452e-003
7,834397e+002;7,873072e-003
7,839219e+002;7,635303e-003
7,844039e+002;7,416673e-003
7,848861e+002;7,235210e-003
7,853682e+002;7,087098e-003
7,858503e+002;6,951527e-003
7,863324e+002;6,806641e-003
7,868146e+002;6,641212e-003
7,872966e+002;6,461991e-003
7,877788e+002;6,288525e-003
7,882609e+002;6,143389e-003
7,887430e+002;6,039693e-003
7,892251e+002;5,974014e-003
7,897073e+002;5,929775e-003
7,901893e+002;5,887487e-003
7,906715e+002;5,835600e-003
7,911536e+002;5,777607e-003
7,916357e+002;5,729493e-003
7,921178e+002;5,711296e-003
7,926000e+002;5,736375e-003
7,930820e+002;5,803160e-003
7,935642e+002;5,895044e-003
7,940463e+002;5,986612e-003
7,945284e+002;6,055519e-003
7,950105e+002;6,089421e-003
7,954927e+002;6,089220e-003
7,959747e+002;6,066405e-003
7,964569e+002;6,035964e-003
7,969390e+002;6,010262e-003
7,974211e+002;5,995615e-003
7,979032e+002;5,993734e-003
7,983854e+002;6,002502e-003
7,988674e+002;6,018729e-003
7,993496e+002;6,036771e-003
7,998317e+002;6,047790e-003
8,003138e+002;6,039592e-003
8,007959e+002;5,998740e-003
8,012781e+002;5,917649e-003
8,017601e+002;5,799836e-003
8,022423e+002;5,663223e-003
8,027244e+002;5,535881e-003
8,032065e+002;5,449877e-003
8,036886e+002;5,428773e-003
8,041708e+002;5,478633e-003
8,046528e+002;5,587799e-003
8,051350e+002;5,731306e-003
8,056171e+002;5,879897e-003
8,060992e+002;6,009826e-003
8,065813e+002;6,110759e-003
8,070635e+002;6,185836e-003
8,075455e+002;6,248320e-003
8,080277e+002;6,313873e-003
8,085098e+002;6,397526e-003
8,089919e+002;6,507832e-003
8,094740e+002;6,646528e-003
8,099562e+002;6,807280e-003
8,104382e+002;6,976375e-003
8,109204e+002;7,133814e-003
8,114025e+002;7,255156e-003
8,118846e+002;7,320018e-003
8,123668e+002;7,317693e-003
8,128489e+002;7,255021e-003
8,133310e+002;7,157325e-003
8,138131e+002;7,064837e-003
8,142952e+002;7,020115e-003
8,147773e+002;7,050153e-003
8,152595e+002;7,157729e-003
8,157416e+002;7,317592e-003
8,162237e+002;7,485436e-003
8,167058e+002;7,610754e-003
8,171879e+002;7,657863e-003
8,176700e+002;7,616385e-003
8,181522e+002;7,503876e-003
8,186343e+002;7,354863e-003
8,191164e+002;7,208326e-003
8,195985e+002;7,093834e-003
8,200806e+002;7,022169e-003
8,205627e+002;6,987924e-003
8,210449e+002;6,974489e-003
8,215270e+002;6,964759e-003
8,220091e+002;6,945433e-003
8,224912e+002;6,909443e-003
8,229733e+002;6,855851e-003
8,234554e+002;6,786245e-003
8,239376e+002;6,703359e-003
8,244197e+002;6,612582e-003
8,249018e+002;6,522093e-003
8,253839e+002;6,441208e-003
8,258660e+002;6,379772e-003
8,263481e+002;6,343257e-003
8,268303e+002;6,329909e-003
8,273124e+002;6,333204e-003
8,277945e+002;6,344366e-003
8,282766e+002;6,359127e-003
8,287587e+002;6,380511e-003
8,292408e+002;6,418711e-003
8,297230e+002;6,483750e-003
8,302051e+002;6,578335e-003
8,306872e+002;6,691312e-003
8,311693e+002;6,797924e-003
8,316514e+002;6,865445e-003
8,321335e+002;6,868104e-003
8,326157e+002;6,795904e-003
8,330978e+002;6,663486e-003
8,335799e+002;6,503594e-003
8,340620e+002;6,360606e-003
8,345441e+002;6,273599e-003
8,350262e+002;6,263985e-003
8,355084e+002;6,332229e-003
8,359905e+002;6,460007e-003
8,364726e+002;6,618234e-003
8,369547e+002;6,774398e-003
8,374368e+002;6,903047e-003
8,379189e+002;6,986409e-003
8,384011e+002;7,015569e-003
8,388832e+002;6,988732e-003
8,393653e+002;6,910924e-003
8,398474e+002;6,794659e-003
8,403295e+002;6,657867e-003
8,408116e+002;6,523910e-003
8,412938e+002;6,415415e-003
8,417759e+002;6,346955e-003
8,422580e+002;6,322647e-003
8,427401e+002;6,334415e-003
8,432222e+002;6,366658e-003
8,437043e+002;6,402973e-003
8,441865e+002;6,434078e-003
8,446686e+002;6,460175e-003
8,451507e+002;6,490040e-003
8,456328e+002;6,534202e-003
8,461149e+002;6,599562e-003
8,465970e+002;6,683910e-003
8,470792e+002;6,776990e-003
8,475613e+002;6,863896e-003
8,480434e+002;6,931596e-003
8,485255e+002;6,973681e-003
8,490076e+002;6,992066e-003
8,494897e+002;6,994120e-003
8,499719e+002;6,990382e-003
8,504540e+002;6,989877e-003
8,509361e+002;6,997824e-003
8,514182e+002;7,016243e-003
8,519003e+002;7,044024e-003
8,523824e+002;7,076893e-003
8,528646e+002;7,108788e-003
8,533467e+002;7,131186e-003
8,538288e+002;7,135969e-003
8,543109e+002;7,116804e-003
8,547930e+002;7,073660e-003
8,552751e+002;7,012438e-003
8,557573e+002;6,945769e-003
8,562394e+002;6,885609e-003
8,567215e+002;6,838583e-003
8,572036e+002;6,801727e-003
8,576857e+002;6,764336e-003
8,581678e+002;6,712780e-003
8,586500e+002;6,639396e-003
8,591321e+002;6,549003e-003
8,596142e+002;6,460545e-003
8,600963e+002;6,399980e-003
8,605784e+002;6,388817e-003
8,610605e+002;6,436264e-003
8,615427e+002;6,533260e-003
8,620248e+002;6,657598e-003
8,625069e+002;6,782610e-003
8,629890e+002;6,891331e-003
8,634711e+002;6,981964e-003
8,639532e+002;7,068002e-003
8,644354e+002;7,167262e-003
8,649175e+002;7,291309e-003
8,653996e+002;7,434840e-003
8,658817e+002;7,576294e-003
8,663638e+002;7,682213e-003
8,668459e+002;7,723933e-003
8,673281e+002;7,688722e-003
8,678102e+002;7,585600e-003
8,682923e+002;7,441682e-003
8,687744e+002;7,291377e-003
8,692565e+002;7,166251e-003
8,697386e+002;7,083932e-003
8,702208e+002;7,047763e-003
8,707029e+002;7,050019e-003
8,711850e+002;7,079756e-003
8,716671e+002;7,126942e-003
8,721492e+002;7,185081e-003
8,726313e+002;7,250709e-003
8,731135e+002;7,319412e-003
8,735956e+002;7,384756e-003
8,740777e+002;7,439121e-003
8,745598e+002;7,476031e-003
8,750419e+002;7,492852e-003
8,755240e+002;7,491133e-003
8,760062e+002;7,475795e-003
8,764883e+002;7,450480e-003
8,769704e+002;7,416774e-003
8,774525e+002;7,373566e-003
8,779346e+002;7,319041e-003
8,784167e+002;7,254549e-003
8,788989e+002;7,185183e-003
8,793810e+002;7,118219e-003
8,798631e+002;7,060425e-003
8,803452e+002;7,014929e-003
8,808273e+002;6,979405e-003
8,813094e+002;6,949338e-003
8,817916e+002;6,922202e-003
8,822737e+002;6,900959e-003
8,827558e+002;6,895371e-003
8,832379e+002;6,917220e-003
8,837200e+002;6,975702e-003
8,842021e+002;7,070595e-003
8,846843e+002;7,191651e-003
8,851664e+002;7,319647e-003
8,856485e+002;7,434334e-003
8,861306e+002;7,522586e-003
8,866127e+002;7,581587e-003
8,870948e+002;7,619353e-003
8,875770e+002;7,650309e-003
8,880591e+002;7,689767e-003
8,885412e+002;7,747914e-003
8,890233e+002;7,830764e-003
8,895054e+002;7,940086e-003
8,899875e+002;8,076809e-003
8,904697e+002;8,240624e-003
8,909518e+002;8,428757e-003
8,914339e+002;8,632451e-003
8,919160e+002;8,834246e-003
8,923981e+002;9,009578e-003
8,928802e+002;9,133983e-003
8,933624e+002;9,187587e-003
8,938445e+002;9,163999e-003
8,943266e+002;9,071489e-003
8,948087e+002;8,929377e-003
8,952908e+002;8,759690e-003
8,957729e+002;8,581283e-003
8,962551e+002;8,406495e-003
8,967372e+002;8,242719e-003
8,972193e+002;8,097705e-003
8,977014e+002;7,982776e-003
8,981835e+002;7,910525e-003
8,986656e+002;7,891394e-003
8,991478e+002;7,923888e-003
8,996299e+002;7,991280e-003
9,001120e+002;8,060674e-003
9,005941e+002;8,093654e-003
9,010762e+002;8,059527e-003
9,015583e+002;7,944877e-003
9,020405e+002;7,760597e-003
9,025226e+002;7,537825e-003
9,030047e+002;7,317828e-003
9,034868e+002;7,135060e-003
9,039689e+002;7,012741e-003
9,044510e+002;6,957385e-003
9,049332e+002;6,963614e-003
9,054153e+002;7,020452e-003
9,058974e+002;7,117208e-003
9,063795e+002;7,245284e-003
9,068616e+002;7,394327e-003
9,073438e+002;7,549827e-003
9,078259e+002;7,691723e-003
9,083080e+002;7,796388e-003
9,087901e+002;7,846250e-003
9,092722e+002;7,835015e-003
9,097543e+002;7,772572e-003
9,102365e+002;7,679548e-003
9,107186e+002;7,581824e-003
9,112007e+002;7,499594e-003
9,116829e+002;7,441986e-003
9,121649e+002;7,407505e-003
9,126471e+002;7,390687e-003
9,131292e+002;7,388766e-003
9,136113e+002;7,407640e-003
9,140934e+002;7,459412e-003
9,145756e+002;7,556637e-003
9,150576e+002;7,703696e-003
9,155398e+002;7,890719e-003
9,160219e+002;8,094161e-003
9,165040e+002;8,282804e-003
9,169861e+002;8,431426e-003
9,174683e+002;8,527044e-003
9,179503e+002;8,574286e-003
9,184325e+002;8,589799e-003
9,189146e+002;8,595645e-003
9,193967e+002;8,607407e-003
9,198788e+002;8,629545e-003
9,203610e+002;8,655469e-003
9,208430e+002;8,673823e-003
9,213252e+002;8,674398e-003
9,218073e+002;8,653915e-003
9,222894e+002;8,616769e-003
9,227715e+002;8,573172e-003
9,232537e+002;8,533195e-003
9,237357e+002;8,503898e-003
9,242179e+002;8,488017e-003
9,247000e+002;8,484200e-003
9,251821e+002;8,490822e-003
9,256642e+002;8,506500e-003
9,261464e+002;8,530491e-003
9,266284e+002;8,562087e-003
9,271106e+002;8,597977e-003
9,275927e+002;8,633195e-003
9,280748e+002;8,661553e-003
9,285569e+002;8,678658e-003
9,290391e+002;8,683322e-003
9,295211e+002;8,679571e-003
9,300033e+002;8,674533e-003
9,304854e+002;8,676055e-003
9,309675e+002;8,691165e-003
9,314496e+002;8,723956e-003
9,319318e+002;8,775784e-003
9,324138e+002;8,845912e-003
9,328960e+002;8,931746e-003
9,333781e+002;9,028996e-003
9,338602e+002;9,130938e-003
9,343423e+002;9,229283e-003
9,348245e+002;9,314413e-003
9,353065e+002;9,377993e-003
9,357887e+002;9,416828e-003
9,362708e+002;9,433725e-003
9,367529e+002;9,438364e-003
9,372350e+002;9,442936e-003
9,377172e+002;9,458512e-003
9,381992e+002;9,490210e-003
9,386814e+002;9,535051e-003
9,391635e+002;9,583115e-003
9,396456e+002;9,622172e-003
9,401277e+002;9,642464e-003
9,406099e+002;9,640398e-003
9,410919e+002;9,619903e-003
9,415741e+002;9,590160e-003
9,420562e+002;9,562791e-003
9,425383e+002;9,546262e-003
9,430204e+002;9,545822e-003
9,435026e+002;9,561538e-003
9,439846e+002;9,589889e-003
9,444668e+002;9,625628e-003
9,449489e+002;9,662995e-003
9,454310e+002;9,696842e-003
9,459131e+002;9,723000e-003
9,463953e+002;9,739807e-003
9,468773e+002;9,749362e-003
9,473595e+002;9,759326e-003
9,478416e+002;9,782132e-003
9,483237e+002;9,833544e-003
9,488058e+002;9,927946e-003
9,492880e+002;1,007201e-002
9,497700e+002;1,026063e-002
9,502522e+002;1,047524e-002
9,507343e+002;1,068893e-002
9,512164e+002;1,087065e-002
9,516985e+002;1,099787e-002
9,521807e+002;1,106349e-002
9,526627e+002;1,107841e-002
9,531449e+002;1,106778e-002
9,536270e+002;1,106322e-002
9,541091e+002;1,109252e-002
9,545912e+002;1,116829e-002
9,550734e+002;1,128451e-002
9,555554e+002;1,141828e-002
9,560376e+002;1,153902e-002
9,565197e+002;1,161725e-002
9,570018e+002;1,163556e-002
9,574839e+002;1,159370e-002
9,579661e+002;1,150823e-002
9,584481e+002;1,140535e-002
9,589303e+002;1,131145e-002
9,594124e+002;1,124660e-002
9,598945e+002;1,121705e-002
9,603766e+002;1,121763e-002
9,608588e+002;1,123565e-002
9,613408e+002;1,126013e-002
9,618230e+002;1,128584e-002
9,623051e+002;1,131655e-002
9,627872e+002;1,136198e-002
9,632693e+002;1,143304e-002
9,637515e+002;1,153422e-002
9,642335e+002;1,166068e-002
9,647157e+002;1,179702e-002
9,651978e+002;1,192212e-002
9,656799e+002;1,201490e-002
9,661620e+002;1,205884e-002
9,666442e+002;1,204750e-002
9,671262e+002;1,198291e-002
9,676084e+002;1,187533e-002
9,680905e+002;1,173781e-002
9,685726e+002;1,158601e-002
9,690547e+002;1,143607e-002
9,695369e+002;1,130304e-002
9,700189e+002;1,120260e-002
9,705011e+002;1,114701e-002
9,709832e+002;1,114307e-002
9,714653e+002;1,119005e-002
9,719474e+002;1,127907e-002
9,724296e+002;1,139464e-002
9,729116e+002;1,151762e-002
9,733938e+002;1,163213e-002
9,738759e+002;1,172675e-002
9,743580e+002;1,179712e-002
9,748401e+002;1,184485e-002
9,753223e+002;1,187417e-002
9,758043e+002;1,188960e-002
9,762865e+002;1,189385e-002
9,767686e+002;1,188892e-002
9,772507e+002;1,187604e-002
9,777328e+002;1,185725e-002
9,782150e+002;1,183474e-002
9,786970e+002;1,180835e-002
9,791792e+002;1,177492e-002
9,796613e+002;1,172689e-002
9,801434e+002;1,165558e-002
9,806255e+002;1,155457e-002
9,811077e+002;1,142386e-002
9,815897e+002;1,127173e-002
9,820719e+002;1,111380e-002
9,825540e+002;1,096810e-002
9,830361e+002;1,084819e-002
9,835182e+002;1,075964e-002
9,840004e+002;1,069857e-002
9,844824e+002;1,065439e-002
9,849646e+002;1,061432e-002
9,854467e+002;1,056978e-002
9,859288e+002;1,051892e-002
9,864109e+002;1,046600e-002
9,868931e+002;1,041794e-002
9,873751e+002;1,038089e-002
9,878573e+002;1,035676e-002
9,883394e+002;1,034291e-002
9,888215e+002;1,033317e-002
9,893036e+002;1,032103e-002
9,897858e+002;1,030104e-002
9,902678e+002;1,027030e-002
9,907500e+002;1,022722e-002
9,912321e+002;1,017247e-002
9,917142e+002;1,010772e-002
9,921963e+002;1,003695e-002
9,926785e+002;9,967543e-003
9,931605e+002;9,909640e-003
9,936427e+002;9,873404e-003
9,941248e+002;9,866150e-003
9,946069e+002;9,888454e-003
9,950890e+002;9,933166e-003
9,955712e+002;9,986225e-003
9,960532e+002;1,003200e-002
9,965354e+002;1,005909e-002
9,970175e+002;1,006438e-002
9,974996e+002;1,005492e-002
9,979817e+002;1,004404e-002
9,984639e+002;1,004756e-002
9,989459e+002;1,007571e-002
9,994281e+002;1,013075e-002
9,999102e+002;1,020561e-002
1,000392e+003;1,028818e-002
1,000874e+003;1,036399e-002
1,001357e+003;1,042164e-002
1,001839e+003;1,045467e-002
1,002321e+003;1,046098e-002
1,002803e+003;1,044106e-002
1,003285e+003;1,039734e-002
1,003767e+003;1,033307e-002
1,004249e+003;1,025348e-002
1,004731e+003;1,016636e-002
1,005214e+003;1,008246e-002
1,005696e+003;1,001226e-002
1,006178e+003;9,963949e-003
1,006660e+003;9,939947e-003
1,007142e+003;9,935167e-003
1,007624e+003;9,937370e-003
1,008106e+003;9,931302e-003
1,008588e+003;9,902861e-003
1,009070e+003;9,842661e-003
1,009552e+003;9,749227e-003
1,010035e+003;9,627796e-003
1,010517e+003;9,490210e-003
1,010999e+003;9,349722e-003
1,011481e+003;9,219637e-003
1,011963e+003;9,110703e-003
1,012445e+003;9,029098e-003
1,012927e+003;8,976258e-003
1,013409e+003;8,948725e-003
1,013892e+003;8,939626e-003
1,014374e+003;8,939356e-003
1,014856e+003;8,938747e-003
1,015338e+003;8,931035e-003
1,015820e+003;8,913515e-003
1,016302e+003;8,887711e-003
1,016784e+003;8,858966e-003
1,017266e+003;8,833637e-003
1,017749e+003;8,816291e-003
1,018231e+003;8,808243e-003
1,018713e+003;8,806012e-003
1,019195e+003;8,803780e-003
1,019677e+003;8,794244e-003
1,020159e+003;8,771524e-003
1,020641e+003;8,733151e-003
1,021123e+003;8,680179e-003
1,021605e+003;8,617411e-003
1,022088e+003;8,551577e-003
1,022570e+003;8,491701e-003
1,023052e+003;8,446461e-003
1,023534e+003;8,423791e-003
1,024016e+003;8,428859e-003
1,024498e+003;8,462643e-003
1,024980e+003;8,520793e-003
1,025462e+003;8,593888e-003
1,025944e+003;8,670376e-003
1,026427e+003;8,738323e-003
1,026909e+003;8,790694e-003
1,027391e+003;8,827956e-003
1,027873e+003;8,859236e-003
1,028355e+003;8,898770e-003
1,028837e+003;8,960529e-003
1,029319e+003;9,053389e-003
1,029801e+003;9,174286e-003
1,030284e+003;9,307880e-003
1,030766e+003;9,427393e-003
1,031248e+003;9,504163e-003
1,031730e+003;9,513916e-003
1,032212e+003;9,444493e-003
1,032694e+003;9,300060e-003
1,033176e+003;9,100925e-003
1,033658e+003;8,877430e-003
1,034141e+003;8,661013e-003
1,034623e+003;8,479808e-003
1,035105e+003;8,349948e-003
1,035587e+003;8,274497e-003
1,036069e+003;8,244508e-003
1,036551e+003;8,244542e-003
1,037033e+003;8,256226e-003
1,037515e+003;8,263892e-003
1,037997e+003;8,257341e-003
1,038479e+003;8,232284e-003
1,038962e+003;8,190009e-003
1,039444e+003;8,136934e-003
1,039926e+003;8,082717e-003
1,040408e+003;8,038397e-003
1,040890e+003;8,014163e-003
1,041372e+003;8,017842e-003
1,041854e+003;8,051291e-003
1,042336e+003;8,109352e-003
1,042819e+003;8,178832e-003
1,043301e+003;8,242854e-003
1,043783e+003;8,284290e-003
1,044265e+003;8,291584e-003
1,044747e+003;8,262609e-003
1,045229e+003;8,206519e-003
1,045711e+003;8,140343e-003
1,046193e+003;8,083662e-003
1,046676e+003;8,054599e-003
1,047158e+003;8,064522e-003
1,047640e+003;8,116880e-003
1,048122e+003;8,209896e-003
1,048604e+003;8,339443e-003
1,049086e+003;8,500689e-003
1,049568e+003;8,688359e-003
1,050050e+003;8,894474e-003
1,050532e+003;9,105831e-003
1,051015e+003;9,303377e-003
1,051497e+003;9,466572e-003
1,051979e+003;9,575968e-003
1,052461e+003;9,620342e-003
1,052943e+003;9,599814e-003
1,053425e+003;9,525838e-003
1,053907e+003;9,416591e-003
1,054389e+003;9,290412e-003
1,054871e+003;9,161461e-003
1,055354e+003;9,036642e-003
1,055836e+003;8,919062e-003
1,056318e+003;8,812266e-003
1,056800e+003;8,723550e-003
1,057282e+003;8,665238e-003
1,057764e+003;8,649824e-003
1,058246e+003;8,682680e-003
1,058728e+003;8,757290e-003
1,059211e+003;8,853994e-003
1,059693e+003;8,946391e-003
1,060175e+003;9,008428e-003
1,060657e+003;9,024294e-003
1,061139e+003;8,993273e-003
1,061621e+003;8,927924e-003
1,062103e+003;8,846656e-003
1,062585e+003;8,765641e-003
1,063068e+003;8,693396e-003
1,063550e+003;8,629916e-003
1,064032e+003;8,571854e-003
1,064514e+003;8,519171e-003
1,064996e+003;8,478320e-003
1,065478e+003;8,461393e-003
1,065960e+003;8,479401e-003
1,066442e+003;8,533971e-003
1,066924e+003;8,613626e-003
1,067406e+003;8,695796e-003
1,067889e+003;8,755972e-003
1,068371e+003;8,776358e-003
1,068853e+003;8,755397e-003
1,069335e+003;8,707999e-003
1,069817e+003;8,659221e-003
1,070299e+003;8,630457e-003
1,070781e+003;8,630694e-003
1,071263e+003;8,651413e-003
1,071746e+003;8,671356e-003
1,072228e+003;8,664528e-003
1,072710e+003;8,613659e-003
1,073192e+003;8,517481e-003
1,073674e+003;8,391091e-003
1,074156e+003;8,258624e-003
1,074638e+003;8,142672e-003
1,075120e+003;8,058109e-003
1,075603e+003;8,006164e-003
1,076085e+003;7,978523e-003
1,076567e+003;7,962628e-003
1,077049e+003;7,949365e-003
1,077531e+003;7,935429e-003
1,078013e+003;7,924698e-003
1,078495e+003;7,924968e-003
1,078977e+003;7,944574e-003
1,079459e+003;7,988952e-003
1,079942e+003;8,059290e-003
1,080424e+003;8,151518e-003
1,080906e+003;8,256732e-003
1,081388e+003;8,362108e-003
1,081870e+003;8,450818e-003
1,082352e+003;8,506905e-003
1,082834e+003;8,518326e-003
1,083316e+003;8,480989e-003
1,083798e+003;8,401597e-003
1,084281e+003;8,297461e-003
1,084763e+003;8,191393e-003
1,085245e+003;8,102634e-003
1,085727e+003;8,042616e-003
1,086209e+003;8,010281e-003
1,086691e+003;7,995431e-003
1,087173e+003;7,984092e-003
1,087655e+003;7,967927e-003
1,088138e+003;7,947341e-003
1,088620e+003;7,931785e-003
1,089102e+003;7,932931e-003
1,089584e+003;7,958140e-003
1,090066e+003;8,003532e-003
1,090548e+003;8,055105e-003
1,091030e+003;8,091190e-003
1,091512e+003;8,092337e-003
1,091995e+003;8,049198e-003
1,092477e+003;7,964855e-003
1,092959e+003;7,853841e-003
1,093441e+003;7,736041e-003
1,093923e+003;7,630886e-003
1,094405e+003;7,551984e-003
1,094887e+003;7,507415e-003
1,095369e+003;7,500673e-003
1,095851e+003;7,532093e-003
1,096333e+003;7,600436e-003
1,096816e+003;7,700054e-003
1,097298e+003;7,820643e-003
1,097780e+003;7,945181e-003
1,098262e+003;8,053417e-003
1,098744e+003;8,128291e-003
1,099226e+003;8,159621e-003
1,099708e+003;8,150303e-003
1,100190e+003;8,113875e-003
1,100673e+003;8,071577e-003
1,101155e+003;8,042549e-003
1,101637e+003;8,038465e-003
1,102119e+003;8,059595e-003
1,102601e+003;8,097367e-003
1,103083e+003;8,137339e-003
1,103565e+003;8,165530e-003
1,104047e+003;8,172485e-003
1,104530e+003;8,153949e-003
1,105012e+003;8,109250e-003
1,105494e+003;8,040895e-003
1,105976e+003;7,953246e-003
1,106458e+003;7,853233e-003
1,106940e+003;7,751760e-003
1,107422e+003;7,663765e-003
1,107904e+003;7,604685e-003
1,108386e+003;7,586915e-003
1,108869e+003;7,614834e-003
1,109351e+003;7,682415e-003
1,109833e+003;7,773921e-003
1,110315e+003;7,867539e-003
1,110797e+003;7,942582e-003
1,111279e+003;7,982539e-003
1,111761e+003;7,979874e-003
1,112243e+003;7,935968e-003
1,112725e+003;7,859982e-003
1,113208e+003;7,766230e-003
1,113690e+003;7,672905e-003
1,114172e+003;7,601481e-003
1,114654e+003;7,572720e-003
1,115136e+003;7,605089e-003
1,115618e+003;7,709497e-003
1,116100e+003;7,884241e-003
1,116582e+003;8,112356e-003
1,117065e+003;8,362750e-003
1,117547e+003;8,598958e-003
1,118029e+003;8,782681e-003
1,118511e+003;8,887237e-003
1,118993e+003;8,903674e-003
1,119475e+003;8,842531e-003
1,119957e+003;8,729500e-003
1,120439e+003;8,598485e-003
1,120922e+003;8,484166e-003
1,121404e+003;8,410515e-003
1,121886e+003;8,389536e-003
1,122368e+003;8,418319e-003
1,122850e+003;8,481462e-003
1,123332e+003;8,554687e-003
1,123814e+003;8,610888e-003
1,124296e+003;8,627686e-003
1,124778e+003;8,591049e-003
1,125260e+003;8,500486e-003
1,125743e+003;8,369370e-003
1,126225e+003;8,223200e-003
1,126707e+003;8,090818e-003
1,127189e+003;7,998436e-003
1,127671e+003;7,961379e-003
1,128153e+003;7,981088e-003
1,128635e+003;8,045654e-003
1,129117e+003;8,135988e-003
1,129600e+003;8,234141e-003
1,130082e+003;8,327453e-003
1,130564e+003;8,413184e-003
1,131046e+003;8,495552e-003
1,131528e+003;8,582972e-003
1,132010e+003;8,682004e-003
1,132492e+003;8,794853e-003
1,132974e+003;8,918994e-003
1,133457e+003;9,048855e-003
1,133939e+003;9,179160e-003
1,134421e+003;9,305679e-003
1,134903e+003;9,426648e-003
1,135385e+003;9,541215e-003
1,135867e+003;9,647919e-003
1,136349e+003;9,744721e-003
1,136831e+003;9,829273e-003
1,137313e+003;9,900827e-003
1,137796e+003;9,960627e-003
1,138278e+003;1,001342e-002
1,138760e+003;1,006574e-002
1,139242e+003;1,012363e-002
1,139724e+003;1,019299e-002
1,140206e+003;1,027699e-002
1,140688e+003;1,037766e-002
1,141170e+003;1,049554e-002
1,141652e+003;1,062913e-002
1,142135e+003;1,077298e-002
1,142617e+003;1,091631e-002
1,143099e+003;1,104466e-002
1,143581e+003;1,114045e-002
1,144063e+003;1,118971e-002
1,144545e+003;1,118825e-002
1,145027e+003;1,114558e-002
1,145509e+003;1,108419e-002
1,145992e+003;1,103484e-002
1,146474e+003;1,102774e-002
1,146956e+003;1,108151e-002
1,147438e+003;1,119814e-002
1,147920e+003;1,136212e-002
1,148402e+003;1,154773e-002
1,148884e+003;1,172501e-002
1,149366e+003;1,187090e-002
1,149849e+003;1,197416e-002
1,150331e+003;1,203472e-002
1,150813e+003;1,206058e-002
1,151295e+003;1,206116e-002
1,151777e+003;1,204457e-002
1,152259e+003;1,201476e-002
1,152741e+003;1,197416e-002
1,153223e+003;1,192628e-002
1,153705e+003;1,187720e-002
1,154188e+003;1,183556e-002
1,154670e+003;1,181046e-002
1,155152e+003;1,180740e-002
1,155634e+003;1,182671e-002
1,156116e+003;1,186310e-002
1,156598e+003;1,190795e-002
1,157080e+003;1,195022e-002
1,157562e+003;1,198070e-002
1,158044e+003;1,199293e-002
1,158527e+003;1,198349e-002
1,159009e+003;1,195168e-002
1,159491e+003;1,189920e-002
1,159973e+003;1,182970e-002
1,160455e+003;1,174823e-002
1,160937e+003;1,166157e-002
1,161419e+003;1,157693e-002
1,161901e+003;1,150044e-002
1,162384e+003;1,143668e-002
1,162866e+003;1,138848e-002
1,163348e+003;1,135637e-002
1,163830e+003;1,134042e-002
1,164312e+003;1,133971e-002
1,164794e+003;1,135256e-002
1,165276e+003;1,137522e-002
1,165758e+003;1,140209e-002
1,166240e+003;1,142556e-002
1,166723e+003;1,143723e-002
1,167205e+003;1,143141e-002
1,167687e+003;1,140593e-002
1,168169e+003;1,136355e-002
1,168651e+003;1,131046e-002
1,169133e+003;1,125357e-002
1,169615e+003;1,119750e-002
1,170097e+003;1,114310e-002
1,170579e+003;1,108749e-002
1,171062e+003;1,102648e-002
1,171544e+003;1,095729e-002
1,172026e+003;1,088033e-002
1,172508e+003;1,079843e-002
1,172990e+003;1,071582e-002
1,173472e+003;1,063538e-002
1,173954e+003;1,055712e-002
1,174436e+003;1,047904e-002
1,174919e+003;1,039891e-002
1,175401e+003;1,031607e-002
1,175883e+003;1,023278e-002
1,176365e+003;1,015310e-002
1,176847e+003;1,008015e-002
1,177329e+003;1,001484e-002
1,177811e+003;9,955135e-003
1,178293e+003;9,897809e-003
1,178776e+003;9,841476e-003
1,179258e+003;9,789045e-003
1,179740e+003;9,746923e-003
1,180222e+003;9,723508e-003
1,180704e+003;9,723034e-003
1,181186e+003;9,743026e-003
1,181668e+003;9,772982e-003
1,182150e+003;9,798840e-003
1,182632e+003;9,806803e-003
1,183115e+003;9,790265e-003
1,183597e+003;9,751192e-003
1,184079e+003;9,699316e-003
1,184561e+003;9,645378e-003
1,185043e+003;9,596596e-003
1,185525e+003;9,552934e-003
1,186007e+003;9,508363e-003
1,186489e+003;9,455160e-003
1,186971e+003;9,390756e-003
1,187454e+003;9,320946e-003
1,187936e+003;9,260862e-003
1,188418e+003;9,229283e-003
1,188900e+003;9,240418e-003
1,189382e+003;9,299890e-003
1,189864e+003;9,400575e-003
1,190346e+003;9,525500e-003
1,190828e+003;9,651883e-003
1,191311e+003;9,759020e-003
1,191793e+003;9,831070e-003
1,192275e+003;9,858761e-003
1,192757e+003;9,839069e-003
1,193239e+003;9,772270e-003
1,193721e+003;9,662013e-003
1,194203e+003;9,513951e-003
1,194685e+003;9,339769e-003
1,195167e+003;9,155640e-003
1,195650e+003;8,980825e-003
1,196132e+003;8,835632e-003
1,196614e+003;8,734639e-003
1,197096e+003;8,684235e-003
1,197578e+003;8,681700e-003
1,198060e+003;8,717329e-003
1,198542e+003;8,777711e-003
1,199024e+003;8,849463e-003
1,199506e+003;8,922410e-003
1,199989e+003;8,989247e-003
1,200471e+003;9,044118e-003
1,200953e+003;9,082688e-003
1,201435e+003;9,101263e-003
1,201917e+003;9,098522e-003
1,202399e+003;9,077139e-003
1,202881e+003;9,044862e-003
1,203363e+003;9,012453e-003
1,203846e+003;8,990972e-003
1,204328e+003;8,988571e-003
1,204810e+003;9,007176e-003
1,205292e+003;9,042867e-003
1,205774e+003;9,088034e-003
1,206256e+003;9,134864e-003
1,206738e+003;9,178584e-003
1,207220e+003;9,217978e-003
1,207703e+003;9,255818e-003
1,208185e+003;9,295761e-003
1,208667e+003;9,340480e-003
1,209149e+003;9,390249e-003
1,209631e+003;9,444120e-003
1,210113e+003;9,500539e-003
1,210595e+003;9,558625e-003
1,211077e+003;9,618209e-003
1,211559e+003;9,679088e-003
1,212042e+003;9,739468e-003
1,212524e+003;9,795315e-003
1,213006e+003;9,841476e-003
1,213488e+003;9,873200e-003
1,213970e+003;9,889199e-003
1,214452e+003;9,890861e-003
1,214934e+003;9,883979e-003
1,215416e+003;9,874997e-003
1,215898e+003;9,869235e-003
1,216381e+003;9,869439e-003
1,216863e+003;9,875370e-003
1,217345e+003;9,885844e-003
1,217827e+003;9,900386e-003
1,218309e+003;9,920962e-003
1,218791e+003;9,951779e-003
1,219273e+003;9,997685e-003
1,219755e+003;1,006197e-002
1,220238e+003;1,014493e-002
1,220720e+003;1,024313e-002
1,221202e+003;1,035055e-002
1,221684e+003;1,045986e-002
1,222166e+003;1,056441e-002
1,222648e+003;1,066016e-002
1,223130e+003;1,074476e-002
1,223612e+003;1,081854e-002
1,224094e+003;1,088359e-002
1,224577e+003;1,094356e-002
1,225059e+003;1,100215e-002
1,225541e+003;1,106302e-002
1,226023e+003;1,112797e-002
1,226505e+003;1,119546e-002
1,226987e+003;1,126081e-002
1,227469e+003;1,131743e-002
1,227951e+003;1,135903e-002
1,228434e+003;1,138300e-002
1,228916e+003;1,139188e-002
1,229398e+003;1,139317e-002
1,229880e+003;1,139732e-002
1,230362e+003;1,141239e-002
1,230844e+003;1,144053e-002
1,231326e+003;1,147594e-002
1,231808e+003;1,150659e-002
1,232291e+003;1,151748e-002
1,232773e+003;1,149584e-002
1,233255e+003;1,143597e-002
1,233737e+003;1,133930e-002
1,234219e+003;1,121406e-002
1,234701e+003;1,107066e-002
1,235183e+003;1,091978e-002
1,235665e+003;1,076904e-002
1,236147e+003;1,062414e-002
1,236630e+003;1,048912e-002
1,237112e+003;1,036823e-002
1,237594e+003;1,026525e-002
1,238076e+003;1,018315e-002
1,238558e+003;1,012254e-002
1,239040e+003;1,008141e-002
1,239522e+003;1,005604e-002
1,240004e+003;1,004285e-002
1,240486e+003;1,004020e-002
1,240969e+003;1,004875e-002
1,241451e+003;1,006984e-002
1,241933e+003;1,010345e-002
1,242415e+003;1,014523e-002
1,242897e+003;1,018638e-002
1,243379e+003;1,021423e-002
1,243861e+003;1,021765e-002
1,244343e+003;1,018943e-002
1,244826e+003;1,012977e-002
1,245308e+003;1,004539e-002
1,245790e+003;9,948050e-003
1,246272e+003;9,849474e-003
1,246754e+003;9,758478e-003
1,247236e+003;9,680036e-003
1,247718e+003;9,616278e-003
1,248200e+003;9,568143e-003
1,248682e+003;9,537286e-003
1,249165e+003;9,525838e-003
1,249647e+003;9,536541e-003
1,250129e+003;9,569701e-003
1,250611e+003;9,622918e-003
1,251093e+003;9,690879e-003
1,251575e+003;9,766984e-003
1,252057e+003;9,845102e-003
1,252539e+003;9,920929e-003
1,253021e+003;9,991921e-003
1,253504e+003;1,005634e-002
1,253986e+003;1,011122e-002
1,254468e+003;1,015225e-002
1,254950e+003;1,017372e-002
1,255432e+003;1,017135e-002
1,255914e+003;1,014354e-002
1,256396e+003;1,009372e-002
1,256878e+003;1,002959e-002
1,257361e+003;9,961305e-003
1,257843e+003;9,899132e-003
1,258325e+003;9,851508e-003
1,258807e+003;9,824156e-003
1,259289e+003;9,819818e-003
1,259771e+003;9,839442e-003
1,260253e+003;9,881370e-003
1,260735e+003;9,941031e-003
1,261218e+003;1,001135e-002
1,261700e+003;1,008280e-002
1,262182e+003;1,014540e-002
1,262664e+003;1,019231e-002
1,263146e+003;1,022094e-002
1,263628e+003;1,023519e-002
1,264110e+003;1,024238e-002
1,264592e+003;1,025158e-002
1,265074e+003;1,026844e-002
1,265557e+003;1,029378e-002
1,266039e+003;1,032395e-002
1,266521e+003;1,035347e-002
1,267003e+003;1,037878e-002
1,267485e+003;1,040003e-002
1,267967e+003;1,042093e-002
1,268449e+003;1,044611e-002
1,268931e+003;1,047717e-002
1,269413e+003;1,051098e-002
1,269896e+003;1,053895e-002
1,270378e+003;1,055090e-002
1,270860e+003;1,054014e-002
1,271342e+003;1,050742e-002
1,271824e+003;1,046183e-002
1,272306e+003;1,041818e-002
1,272788e+003;1,039287e-002
1,273270e+003;1,039636e-002
1,273753e+003;1,043115e-002
1,274235e+003;1,049024e-002
1,274717e+003;1,056119e-002
1,275199e+003;1,062906e-002
1,275681e+003;1,068044e-002
1,276163e+003;1,070703e-002
1,276645e+003;1,070543e-002
1,277127e+003;1,067724e-002
1,277609e+003;1,062736e-002
1,278092e+003;1,056513e-002
1,278574e+003;1,050243e-002
1,279056e+003;1,045229e-002
1,279538e+003;1,042853e-002
1,280020e+003;1,044028e-002
1,280502e+003;1,049000e-002
1,280984e+003;1,057154e-002
1,281466e+003;1,067181e-002
1,281948e+003;1,077377e-002
1,282431e+003;1,086131e-002
1,282913e+003;1,092470e-002
1,283395e+003;1,096218e-002
1,283877e+003;1,097948e-002
1,284359e+003;1,098590e-002
1,284841e+003;1,098981e-002
1,285323e+003;1,099623e-002
1,285805e+003;1,100466e-002
1,286288e+003;1,101129e-002
1,286770e+003;1,101238e-002
1,287252e+003;1,100745e-002
1,287734e+003;1,100086e-002
1,288216e+003;1,100099e-002
1,288698e+003;1,101839e-002
1,289180e+003;1,106227e-002
1,289662e+003;1,113742e-002
1,290145e+003;1,124377e-002
1,290627e+003;1,137579e-002
1,291109e+003;1,152459e-002
1,291591e+003;1,167916e-002
1,292073e+003;1,182905e-002
1,292555e+003;1,196585e-002
1,293037e+003;1,208409e-002
1,293519e+003;1,218232e-002
1,294001e+003;1,226251e-002
1,294484e+003;1,232962e-002
1,294966e+003;1,238996e-002
1,295448e+003;1,244987e-002
1,295930e+003;1,251463e-002
1,296412e+003;1,258696e-002
1,296894e+003;1,266736e-002
1,297376e+003;1,275379e-002
1,297858e+003;1,284306e-002
1,298340e+003;1,293044e-002
1,298823e+003;1,301151e-002
1,299305e+003;1,308206e-002
1,299787e+003;1,313919e-002
1,300269e+003;1,318212e-002
1,300751e+003;1,321303e-002
1,301233e+003;1,323670e-002
1,301715e+003;1,325884e-002
1,302197e+003;1,328432e-002
1,302680e+003;1,331545e-002
1,303162e+003;1,335002e-002
1,303644e+003;1,338259e-002
1,304126e+003;1,340685e-002
1,304608e+003;1,341833e-002
1,305090e+003;1,341758e-002
1,305572e+003;1,340948e-002
1,306054e+003;1,340162e-002
1,306536e+003;1,340121e-002
1,307019e+003;1,341078e-002
1,307501e+003;1,342681e-002
1,307983e+003;1,344055e-002
1,308465e+003;1,344270e-002
1,308947e+003;1,342691e-002
1,309429e+003;1,339222e-002
1,309911e+003;1,334418e-002
1,310393e+003;1,329133e-002
1,310875e+003;1,324217e-002
1,311358e+003;1,320043e-002
1,311840e+003;1,316450e-002
1,312322e+003;1,312870e-002
1,312804e+003;1,308557e-002
1,313286e+003;1,302981e-002
1,313768e+003;1,296044e-002
1,314250e+003;1,288016e-002
1,314732e+003;1,279385e-002
1,315215e+003;1,270571e-002
1,315697e+003;1,261824e-002
1,316179e+003;1,253222e-002
1,316661e+003;1,244741e-002
1,317143e+003;1,236351e-002
1,317625e+003;1,228109e-002
1,318107e+003;1,220042e-002
1,318589e+003;1,212143e-002
1,319072e+003;1,204355e-002
1,319554e+003;1,196674e-002
1,320036e+003;1,189256e-002
1,320518e+003;1,182521e-002
1,321000e+003;1,177128e-002
1,321482e+003;1,173747e-002
1,321964e+003;1,172791e-002
1,322446e+003;1,174251e-002
1,322928e+003;1,177550e-002
1,323411e+003;1,181772e-002
1,323893e+003;1,185878e-002
1,324375e+003;1,189103e-002
1,324857e+003;1,191235e-002
1,325339e+003;1,192583e-002
1,325821e+003;1,193864e-002
1,326303e+003;1,195877e-002
1,326785e+003;1,199252e-002
1,327267e+003;1,204283e-002
1,327750e+003;1,211005e-002
1,328232e+003;1,219224e-002
1,328714e+003;1,228715e-002
1,329196e+003;1,239256e-002
1,329678e+003;1,250607e-002
1,330160e+003;1,262561e-002
1,330642e+003;1,274891e-002
1,331124e+003;1,287493e-002
1,331607e+003;1,300434e-002
1,332089e+003;1,314059e-002
1,332571e+003;1,328805e-002
1,333053e+003;1,345080e-002
1,333535e+003;1,362985e-002
1,334017e+003;1,382160e-002
1,334499e+003;1,401778e-002
1,334981e+003;1,420864e-002
1,335464e+003;1,438756e-002
1,335946e+003;1,455418e-002
1,336428e+003;1,471641e-002
1,336910e+003;1,488848e-002
1,337392e+003;1,508555e-002
1,337874e+003;1,531553e-002
1,338356e+003;1,557337e-002
1,338838e+003;1,583804e-002
1,339320e+003;1,607938e-002
1,339802e+003;1,626898e-002
1,340285e+003;1,639214e-002
1,340767e+003;1,645384e-002
1,341249e+003;1,647414e-002
1,341731e+003;1,647817e-002
1,342213e+003;1,648612e-002
1,342695e+003;1,651039e-002
1,343177e+003;1,655486e-002
1,343659e+003;1,661782e-002
1,344142e+003;1,669532e-002
1,344624e+003;1,678478e-002
1,345106e+003;1,688587e-002
1,345588e+003;1,699991e-002
1,346070e+003;1,712753e-002
1,346552e+003;1,726696e-002
1,347034e+003;1,741338e-002
1,347516e+003;1,756030e-002
1,347999e+003;1,770150e-002
1,348481e+003;1,783357e-002
1,348963e+003;1,795669e-002
1,349445e+003;1,807440e-002
1,349927e+003;1,819061e-002
1,350409e+003;1,830776e-002
1,350891e+003;1,842528e-002
1,351373e+003;1,853969e-002
1,351855e+003;1,864568e-002
1,352338e+003;1,873811e-002
1,352820e+003;1,881302e-002
1,353302e+003;1,887001e-002
1,353784e+003;1,891126e-002
1,354266e+003;1,894217e-002
1,354748e+003;1,897235e-002
1,355230e+003;1,901441e-002
1,355712e+003;1,908212e-002
1,356194e+003;1,919078e-002
1,356677e+003;1,935316e-002
1,357159e+003;1,957809e-002
1,357641e+003;1,986997e-002
1,358123e+003;2,022908e-002
1,358605e+003;2,065422e-002
1,359087e+003;2,114611e-002
1,359569e+003;2,171331e-002
1,360051e+003;2,237476e-002
1,360534e+003;2,316194e-002
1,361016e+003;2,411181e-002
1,361498e+003;2,525434e-002
1,361980e+003;2,659257e-002
1,362462e+003;2,808503e-002
1,362944e+003;2,964496e-002
1,363426e+003;3,116434e-002
1,363908e+003;3,254807e-002
1,364391e+003;3,373034e-002
1,364873e+003;3,468005e-002
1,365355e+003;3,538418e-002
1,365837e+003;3,583644e-002
1,366319e+003;3,603768e-002
1,366801e+003;3,600287e-002
1,367283e+003;3,577538e-002
1,367765e+003;3,542901e-002
1,368247e+003;3,507163e-002
1,368729e+003;3,481799e-002
1,369212e+003;3,476052e-002
1,369694e+003;3,496169e-002
1,370176e+003;3,544781e-002
1,370658e+003;3,622726e-002
1,371140e+003;3,731091e-002
1,371622e+003;3,872628e-002
1,372104e+003;4,051786e-002
1,372586e+003;4,272584e-002
1,373069e+003;4,535227e-002
1,373551e+003;4,831078e-002
1,374033e+003;5,140728e-002
1,374515e+003;5,438483e-002
1,374997e+003;5,698773e-002
1,375479e+003;5,904613e-002
1,375961e+003;6,049012e-002
1,376443e+003;6,130382e-002
1,376926e+003;6,148434e-002
1,377408e+003;6,101640e-002
1,377890e+003;5,988242e-002
1,378372e+003;5,809912e-002
1,378854e+003;5,574907e-002
1,379336e+003;5,298582e-002
1,379818e+003;4,998808e-002
1,380300e+003;4,693324e-002
1,380782e+003;4,395462e-002
1,381265e+003;4,113058e-002
1,381747e+003;3,851004e-002
1,382229e+003;3,612052e-002
1,382711e+003;3,397613e-002
1,383193e+003;3,207784e-002
1,383675e+003;3,040517e-002
1,384157e+003;2,891490e-002
1,384639e+003;2,754589e-002
1,385121e+003;2,623640e-002
1,385604e+003;2,493643e-002
1,386086e+003;2,362687e-002
1,386568e+003;2,232931e-002
1,387050e+003;2,109710e-002
1,387532e+003;1,998955e-002
1,388014e+003;1,904303e-002
1,388496e+003;1,825851e-002
1,388978e+003;1,761009e-002
1,389461e+003;1,706449e-002
1,389943e+003;1,659179e-002
1,390425e+003;1,617081e-002
1,390907e+003;1,578653e-002
1,391389e+003;1,542551e-002
1,391871e+003;1,507433e-002
1,392353e+003;1,471953e-002
1,392835e+003;1,435231e-002
1,393318e+003;1,397322e-002
1,393800e+003;1,359532e-002
1,394282e+003;1,324155e-002
1,394764e+003;1,293453e-002
1,395246e+003;1,268524e-002
1,395728e+003;1,248874e-002
1,396210e+003;1,233034e-002
1,396692e+003;1,219476e-002
1,397174e+003;1,207322e-002
1,397656e+003;1,196326e-002
1,398139e+003;1,186396e-002
1,398621e+003;1,177165e-002
1,399103e+003;1,167709e-002
1,399585e+003;1,157073e-002
1,400067e+003;1,144981e-002
1,400549e+003;1,132032e-002
1,401031e+003;1,119631e-002
1,401513e+003;1,109221e-002
1,401996e+003;1,101849e-002
1,402478e+003;1,097649e-002
1,402960e+003;1,095841e-002
1,403442e+003;1,094937e-002
1,403924e+003;1,093588e-002
1,404406e+003;1,091257e-002
1,404888e+003;1,088709e-002
1,405370e+003;1,087425e-002
1,405853e+003;1,088774e-002
1,406335e+003;1,092970e-002
1,406817e+003;1,099005e-002
1,407299e+003;1,105119e-002
1,407781e+003;1,109752e-002
1,408263e+003;1,112186e-002
1,408745e+003;1,112702e-002
1,409227e+003;1,112335e-002
1,409709e+003;1,112196e-002
1,410192e+003;1,112893e-002
1,410674e+003;1,114225e-002
1,411156e+003;1,115503e-002
1,411638e+003;1,116217e-002
1,412120e+003;1,116680e-002
1,412602e+003;1,118053e-002
1,413084e+003;1,121926e-002
1,413566e+003;1,129458e-002
1,414048e+003;1,140869e-002
1,414531e+003;1,155307e-002
1,415013e+003;1,171317e-002
1,415495e+003;1,187387e-002
1,415977e+003;1,202791e-002
1,416459e+003;1,217670e-002
1,416941e+003;1,232840e-002
1,417423e+003;1,248915e-002
1,417905e+003;1,265587e-002
1,418388e+003;1,281285e-002
1,418870e+003;1,294129e-002
1,419352e+003;1,303589e-002
1,419834e+003;1,311399e-002
1,420316e+003;1,320374e-002
1,420798e+003;1,333075e-002
1,421280e+003;1,350555e-002
1,421762e+003;1,372529e-002
1,422245e+003;1,397675e-002
1,422727e+003;1,424503e-002
1,423209e+003;1,451756e-002
1,423691e+003;1,479049e-002
1,424173e+003;1,506933e-002
1,424655e+003;1,536465e-002
1,425137e+003;1,568548e-002
1,425619e+003;1,603393e-002
1,426101e+003;1,640921e-002
1,426584e+003;1,681323e-002
1,427066e+003;1,725566e-002
1,427548e+003;1,775479e-002
1,428030e+003;1,833319e-002
1,428512e+003;1,900842e-002
1,428994e+003;1,978261e-002
1,429476e+003;2,063869e-002
1,429958e+003;2,154639e-002
1,430441e+003;2,247633e-002
1,430923e+003;2,341082e-002
1,431405e+003;2,434767e-002
1,431887e+003;2,529291e-002
1,432369e+003;2,625330e-002
1,432851e+003;2,723071e-002
1,433333e+003;2,822545e-002
1,433815e+003;2,924403e-002
1,434297e+003;3,030333e-002
1,434780e+003;3,143707e-002
1,435262e+003;3,268673e-002
1,435744e+003;3,407761e-002
1,436226e+003;3,557941e-002
1,436708e+003;3,709703e-002
1,437190e+003;3,851264e-002
1,437672e+003;3,975210e-002
1,438154e+003;4,081739e-002
1,438636e+003;4,176506e-002
1,439119e+003;4,266644e-002
1,439601e+003;4,358972e-002
1,440083e+003;4,458256e-002
1,440565e+003;4,566929e-002
1,441047e+003;4,684845e-002
1,441529e+003;4,810078e-002
1,442011e+003;4,939824e-002
1,442493e+003;5,071369e-002
1,442976e+003;5,203180e-002
1,443458e+003;5,334661e-002
1,443940e+003;5,465903e-002
1,444422e+003;5,597327e-002
1,444904e+003;5,729540e-002
1,445386e+003;5,863686e-002
1,445868e+003;6,001697e-002
1,446350e+003;6,146243e-002
1,446833e+003;6,299761e-002
1,447315e+003;6,463015e-002
1,447797e+003;6,634416e-002
1,448279e+003;6,810244e-002
1,448761e+003;6,986943e-002
1,449243e+003;7,163621e-002
1,449725e+003;7,342606e-002
1,450207e+003;7,528660e-002
1,450689e+003;7,726648e-002
1,451172e+003;7,939190e-002
1,451654e+003;8,164647e-002
1,452136e+003;8,397081e-002
1,452618e+003;8,628888e-002
1,453100e+003;8,852552e-002
1,453582e+003;9,064533e-002
1,454064e+003;9,265592e-002
1,454546e+003;9,459095e-002
1,455028e+003;9,648689e-002
1,455511e+003;9,834556e-002
1,455993e+003;1,000963e-001
1,456475e+003;1,015844e-001
1,456957e+003;1,026541e-001
1,457439e+003;1,032797e-001
1,457921e+003;1,035818e-001
1,458403e+003;1,037343e-001
1,458885e+003;1,038399e-001
1,459368e+003;1,039233e-001
1,459850e+003;1,039752e-001
1,460332e+003;1,039842e-001
1,460814e+003;1,039494e-001
1,461296e+003;1,038743e-001
1,461778e+003;1,037560e-001
1,462260e+003;1,035698e-001
1,462742e+003;1,032597e-001
1,463224e+003;1,027440e-001
1,463707e+003;1,019282e-001
1,464189e+003;1,007424e-001
1,464671e+003;9,917723e-002
1,465153e+003;9,727319e-002
1,465635e+003;9,508036e-002
1,466117e+003;9,261729e-002
1,466599e+003;8,985650e-002
1,467081e+003;8,676776e-002
1,467563e+003;8,335219e-002
1,468046e+003;7,966591e-002
1,468528e+003;7,579145e-002
1,469010e+003;7,182527e-002
1,469492e+003;6,783509e-002
1,469974e+003;6,380904e-002
1,470456e+003;5,967652e-002
1,470938e+003;5,533174e-002
1,471420e+003;5,072553e-002
1,471903e+003;4,597638e-002
1,472385e+003;4,141763e-002
1,472867e+003;3,745456e-002
1,473349e+003;3,431447e-002
1,473831e+003;3,195414e-002
1,474313e+003;3,015151e-002
1,474795e+003;2,865361e-002
1,475277e+003;2,729160e-002
1,475760e+003;2,598911e-002
1,476242e+003;2,475038e-002
1,476724e+003;2,361617e-002
1,477206e+003;2,262444e-002
1,477688e+003;2,178193e-002
1,478170e+003;2,106500e-002
1,478652e+003;2,043526e-002
1,479134e+003;1,985624e-002
1,479616e+003;1,930282e-002
1,480099e+003;1,876202e-002
1,480581e+003;1,823045e-002
1,481063e+003;1,770902e-002
1,481545e+003;1,720012e-002
1,482027e+003;1,670758e-002
1,482509e+003;1,623798e-002
1,482991e+003;1,580175e-002
1,483473e+003;1,540934e-002
1,483955e+003;1,507029e-002
1,484438e+003;1,478689e-002
1,484920e+003;1,455284e-002
1,485402e+003;1,435423e-002
1,485884e+003;1,417444e-002
1,486366e+003;1,400039e-002
1,486848e+003;1,382598e-002
1,487330e+003;1,365143e-002
1,487812e+003;1,347527e-002
1,488295e+003;1,328367e-002
1,488777e+003;1,305054e-002
1,489259e+003;1,274440e-002
1,489741e+003;1,235308e-002
1,490223e+003;1,190223e-002
1,490705e+003;1,144757e-002
1,491187e+003;1,104612e-002
1,491669e+003;1,073053e-002
1,492151e+003;1,050545e-002
1,492634e+003;1,035404e-002
1,493116e+003;1,025100e-002
1,493598e+003;1,017145e-002
1,494080e+003;1,009677e-002
1,494562e+003;1,001633e-002
1,495044e+003;9,927268e-003
1,495526e+003;9,832256e-003
1,496008e+003;9,734487e-003
1,496490e+003;9,633386e-003
1,496973e+003;9,524484e-003
1,497455e+003;9,404672e-003
1,497937e+003;9,276568e-003
1,498419e+003;9,150125e-003
1,498901e+003;9,037725e-003
1,499383e+003;8,947676e-003
1,499865e+003;8,881082e-003
1,500347e+003;8,831744e-003
1,500830e+003;8,791438e-003
1,501312e+003;8,754078e-003
1,501794e+003;8,720338e-003
1,502276e+003;8,696607e-003
1,502758e+003;8,693328e-003
1,503240e+003;8,721995e-003
1,503722e+003;8,790188e-003
1,504204e+003;8,900867e-003
1,504687e+003;9,048517e-003
1,505169e+003;9,217572e-003
1,505651e+003;9,371594e-003
1,506133e+003;9,456853e-003
1,506615e+003;9,423058e-003
1,507097e+003;9,270881e-003
1,507579e+003;9,058700e-003
1,508061e+003;8,850951e-003
1,508543e+003;8,678150e-003
1,509026e+003;8,542961e-003
1,509508e+003;8,441595e-003
1,509990e+003;8,370587e-003
1,510472e+003;8,327487e-003
1,510954e+003;8,309789e-003
1,511436e+003;8,311579e-003
1,511918e+003;8,325224e-003
1,512400e+003;8,342720e-003
1,512882e+003;8,359946e-003
1,513365e+003;8,377410e-003
1,513847e+003;8,398421e-003
1,514329e+003;8,425717e-003
1,514811e+003;8,457441e-003
1,515293e+003;8,483321e-003
1,515775e+003;8,486734e-003
1,516257e+003;8,449838e-003
1,516739e+003;8,366939e-003
1,517222e+003;8,251060e-003
1,517704e+003;8,128156e-003
1,518186e+003;8,021690e-003
1,518668e+003;7,943764e-003
1,519150e+003;7,892879e-003
1,519632e+003;7,855258e-003
1,520114e+003;7,808499e-003
1,520596e+003;7,725518e-003
1,521078e+003;7,590118e-003
1,521561e+003;7,407943e-003
1,522043e+003;7,206170e-003
1,522525e+003;7,012808e-003
1,523007e+003;6,841478e-003
1,523489e+003;6,691615e-003
1,523971e+003;6,557378e-003
1,524453e+003;6,434785e-003
1,524935e+003;6,324430e-003
1,525417e+003;6,228959e-003
1,525900e+003;6,150111e-003
1,526382e+003;6,084381e-003
1,526864e+003;6,022928e-003
1,527346e+003;5,956042e-003
1,527828e+003;5,879830e-003
1,528310e+003;5,797620e-003
1,528792e+003;5,719286e-003
1,529274e+003;5,654662e-003
1,529757e+003;5,611462e-003
1,530239e+003;5,589746e-003
1,530721e+003;5,583839e-003
1,531203e+003;5,581826e-003
1,531685e+003;5,569709e-003
1,532167e+003;5,535444e-003
1,532649e+003;5,473733e-003
1,533131e+003;5,391768e-003
1,533614e+003;5,308544e-003
1,534096e+003;5,244518e-003
1,534578e+003;5,209172e-003
1,535060e+003;5,202062e-003
1,535542e+003;5,218863e-003
1,536024e+003;5,257295e-003
1,536506e+003;5,318975e-003
1,536988e+003;5,408777e-003
1,537470e+003;5,531081e-003
1,537953e+003;5,682626e-003
1,538435e+003;5,845574e-003
1,538917e+003;5,979524e-003
1,539399e+003;6,029312e-003
1,539881e+003;5,960678e-003
1,540363e+003;5,796445e-003
1,540845e+003;5,605890e-003
1,541327e+003;5,448669e-003
1,541809e+003;5,347085e-003
1,542292e+003;5,288218e-003
1,542774e+003;5,246932e-003
1,543256e+003;5,197468e-003
1,543738e+003;5,124641e-003
1,544220e+003;5,026987e-003
1,544702e+003;4,915246e-003
1,545184e+003;4,805679e-003
1,545666e+003;4,712517e-003
1,546149e+003;4,642417e-003
1,546631e+003;4,594160e-003
1,547113e+003;4,562751e-003
1,547595e+003;4,542661e-003
1,548077e+003;4,528934e-003
1,548559e+003;4,518353e-003
1,549041e+003;4,509347e-003
1,549523e+003;4,501647e-003
1,550005e+003;4,496826e-003
1,550488e+003;4,497797e-003
1,550970e+003;4,507606e-003
1,551452e+003;4,529201e-003
1,551934e+003;4,564291e-003
1,552416e+003;4,612980e-003
1,552898e+003;4,673196e-003
1,553380e+003;4,741525e-003
1,553862e+003;4,814624e-003
1,554344e+003;4,893297e-003
1,554827e+003;4,983681e-003
1,555309e+003;5,097284e-003
1,555791e+003;5,248006e-003
1,556273e+003;5,448736e-003
1,556755e+003;5,704648e-003
1,557237e+003;6,003140e-003
1,557719e+003;6,288894e-003
1,558201e+003;6,433608e-003
1,558684e+003;6,292962e-003
1,559166e+003;5,872710e-003
1,559648e+003;5,368621e-003
1,560130e+003;4,950702e-003
1,560612e+003;4,661372e-003
1,561094e+003;4,472119e-003
1,561576e+003;4,345494e-003
1,562058e+003;4,256347e-003
1,562541e+003;4,191439e-003
1,563023e+003;4,146878e-003
1,563505e+003;4,123128e-003
1,563987e+003;4,121589e-003
1,564469e+003;4,140556e-003
1,564951e+003;4,174611e-003
1,565433e+003;4,217133e-003
1,565915e+003;4,263775e-003
1,566397e+003;4,314772e-003
1,566880e+003;4,373407e-003
1,567362e+003;4,442560e-003
1,567844e+003;4,518555e-003
1,568326e+003;4,588970e-003
1,568808e+003;4,629222e-003
1,569290e+003;4,615090e-003
1,569772e+003;4,538710e-003
1,570254e+003;4,418091e-003
1,570736e+003;4,285559e-003
1,571219e+003;4,170897e-003
1,571701e+003;4,091552e-003
1,572183e+003;4,051384e-003
1,572665e+003;4,047036e-003
1,573147e+003;4,071317e-003
1,573629e+003;4,116271e-003
1,574111e+003;4,172938e-003
1,574593e+003;4,231620e-003
1,575076e+003;4,280205e-003
1,575558e+003;4,302959e-003
1,576040e+003;4,287065e-003
1,576522e+003;4,230851e-003
1,577004e+003;4,146510e-003
1,577486e+003;4,053223e-003
1,577968e+003;3,967479e-003
1,578450e+003;3,898301e-003
1,578932e+003;3,847453e-003
1,579415e+003;3,810582e-003
1,579897e+003;3,780066e-003
1,580379e+003;3,745707e-003
1,580861e+003;3,699087e-003
1,581343e+003;3,635900e-003
1,581825e+003;3,558924e-003
1,582307e+003;3,477118e-003
1,582789e+003;3,401707e-003
1,583271e+003;3,342870e-003
1,583754e+003;3,306476e-003
1,584236e+003;3,292387e-003
1,584718e+003;3,295926e-003
1,585200e+003;3,309915e-003
1,585682e+003;3,328111e-003
1,586164e+003;3,346977e-003
1,586646e+003;3,365876e-003
1,587128e+003;3,386145e-003
1,587611e+003;3,409254e-003
1,588093e+003;3,436506e-003
1,588575e+003;3,467566e-003
1,589057e+003;3,501936e-003
1,589539e+003;3,538880e-003
1,590021e+003;3,577231e-003
1,590503e+003;3,614950e-003
1,590985e+003;3,648162e-003
1,591468e+003;3,671686e-003
1,591950e+003;3,679271e-003
1,592432e+003;3,666807e-003
1,592914e+003;3,633795e-003
1,593396e+003;3,584247e-003
1,593878e+003;3,526721e-003
1,594360e+003;3,472242e-003
1,594842e+003;3,431396e-003
1,595324e+003;3,411492e-003
1,595807e+003;3,415967e-003
1,596289e+003;3,443185e-003
1,596771e+003;3,488876e-003
1,597253e+003;3,547064e-003
1,597735e+003;3,612678e-003
1,598217e+003;3,681243e-003
1,598699e+003;3,749216e-003
1,599181e+003;3,814326e-003
1,599663e+003;3,874197e-003
1,600146e+003;3,927422e-003
1,600628e+003;3,972294e-003
1,601110e+003;4,006637e-003
1,601592e+003;4,027639e-003
1,602074e+003;4,031685e-003
1,602556e+003;4,016302e-003
1,603038e+003;3,982058e-003
1,603520e+003;3,934343e-003
1,604003e+003;3,883892e-003
1,604485e+003;3,842505e-003
1,604967e+003;3,820844e-003
1,605449e+003;3,823418e-003
1,605931e+003;3,846617e-003
1,606413e+003;3,878108e-003
1,606895e+003;3,900441e-003
1,607377e+003;3,897499e-003
1,607859e+003;3,858652e-003
1,608342e+003;3,784511e-003
1,608824e+003;3,686322e-003
1,609306e+003;3,581006e-003
1,609788e+003;3,484968e-003
1,610270e+003;3,409822e-003
1,610752e+003;3,360901e-003
1,611234e+003;3,338062e-003
1,611716e+003;3,338095e-003
1,612198e+003;3,357161e-003
1,612681e+003;3,391054e-003
1,613163e+003;3,435470e-003
1,613645e+003;3,483498e-003
1,614127e+003;3,525251e-003
1,614609e+003;3,544860e-003
1,615091e+003;3,523314e-003
1,615573e+003;3,445055e-003
1,616055e+003;3,308713e-003
1,616538e+003;3,136301e-003
1,617020e+003;2,967527e-003
1,617502e+003;2,838072e-003
1,617984e+003;2,762438e-003
1,618466e+003;2,735962e-003
1,618948e+003;2,745165e-003
1,619430e+003;2,777877e-003
1,619912e+003;2,826299e-003
1,620395e+003;2,887101e-003
1,620877e+003;2,959888e-003
1,621359e+003;3,042964e-003
1,621841e+003;3,130961e-003
1,622323e+003;3,212768e-003
1,622805e+003;3,274325e-003
1,623287e+003;3,305274e-003
1,623769e+003;3,305842e-003
1,624251e+003;3,285509e-003
1,624734e+003;3,256198e-003
1,625216e+003;3,225887e-003
1,625698e+003;3,197147e-003
1,626180e+003;3,166639e-003
1,626662e+003;3,128825e-003
1,627144e+003;3,079402e-003
1,627626e+003;3,018039e-003
1,628108e+003;2,950013e-003
1,628590e+003;2,883398e-003
1,629073e+003;2,825432e-003
1,629555e+003;2,779944e-003
1,630037e+003;2,747432e-003
1,630519e+003;2,726193e-003
1,631001e+003;2,715790e-003
1,631483e+003;2,717524e-003
1,631965e+003;2,734695e-003
1,632447e+003;2,771341e-003
1,632930e+003;2,830968e-003
1,633412e+003;2,913319e-003
1,633894e+003;3,013602e-003
1,634376e+003;3,118446e-003
1,634858e+003;3,205858e-003
1,635340e+003;3,253093e-003
1,635822e+003;3,250222e-003
1,636304e+003;3,208863e-003
1,636786e+003;3,150786e-003
1,637269e+003;3,092950e-003
1,637751e+003;3,040895e-003
1,638233e+003;2,992482e-003
1,638715e+003;2,943608e-003
1,639197e+003;2,891971e-003
1,639679e+003;2,837605e-003
1,640161e+003;2,783579e-003
1,640643e+003;2,733728e-003
1,641125e+003;2,691718e-003
1,641608e+003;2,659979e-003
1,642090e+003;2,639377e-003
1,642572e+003;2,630810e-003
1,643054e+003;2,636310e-003
1,643536e+003;2,659612e-003
1,644018e+003;2,705787e-003
1,644500e+003;2,779544e-003
1,644982e+003;2,882865e-003
1,645465e+003;3,009598e-003
1,645947e+003;3,142175e-003
1,646429e+003;3,254161e-003
1,646911e+003;3,321567e-003
1,647393e+003;3,339664e-003
1,647875e+003;3,324472e-003
1,648357e+003;3,298730e-003
1,648839e+003;3,278699e-003
1,649322e+003;3,272022e-003
1,649804e+003;3,280835e-003
1,650286e+003;3,304272e-003
1,650768e+003;3,340633e-003
1,651250e+003;3,386613e-003
1,651732e+003;3,435170e-003
1,652214e+003;3,469670e-003
1,652696e+003;3,466197e-003
1,653178e+003;3,412894e-003
1,653661e+003;3,331784e-003
1,654143e+003;3,257600e-003
1,654625e+003;3,207795e-003
1,655107e+003;3,181025e-003
1,655589e+003;3,169176e-003
1,656071e+003;3,164103e-003
1,656553e+003;3,159263e-003
1,657035e+003;3,150619e-003
1,657517e+003;3,137302e-003
1,658000e+003;3,121016e-003
1,658482e+003;3,106332e-003
1,658964e+003;3,098890e-003
1,659446e+003;3,102728e-003
1,659928e+003;3,119548e-003
1,660410e+003;3,146948e-003
1,660892e+003;3,179489e-003
1,661374e+003;3,209263e-003
1,661857e+003;3,229792e-003
1,662339e+003;3,237904e-003
1,662821e+003;3,236803e-003
1,663303e+003;3,234666e-003
1,663785e+003;3,239306e-003
1,664267e+003;3,255497e-003
1,664749e+003;3,284341e-003
1,665231e+003;3,324506e-003
1,665714e+003;3,374024e-003
1,666196e+003;3,431596e-003
1,666678e+003;3,496525e-003
1,667160e+003;3,567443e-003
1,667642e+003;3,642248e-003
1,668124e+003;3,716064e-003
1,668606e+003;3,781436e-003
1,669088e+003;3,830973e-003
1,669570e+003;3,860490e-003
1,670052e+003;3,872525e-003
1,670535e+003;3,873896e-003
1,671017e+003;3,872726e-003
1,671499e+003;3,874364e-003
1,671981e+003;3,880649e-003
1,672463e+003;3,890144e-003
1,672945e+003;3,899170e-003
1,673427e+003;3,902313e-003
1,673909e+003;3,892618e-003
1,674392e+003;3,864168e-003
1,674874e+003;3,815262e-003
1,675356e+003;3,752392e-003
1,675838e+003;3,687558e-003
1,676320e+003;3,633494e-003
1,676802e+003;3,598379e-003
1,677284e+003;3,584046e-003
1,677766e+003;3,589693e-003
1,678249e+003;3,612445e-003
1,678731e+003;3,648831e-003
1,679213e+003;3,693373e-003
1,679695e+003;3,740861e-003
1,680177e+003;3,786784e-003
1,680659e+003;3,829402e-003
1,681141e+003;3,870386e-003
1,681623e+003;3,913079e-003
1,682105e+003;3,959655e-003
1,682588e+003;4,007373e-003
1,683070e+003;4,042086e-003
1,683552e+003;4,039411e-003
1,684034e+003;3,980353e-003
1,684516e+003;3,874130e-003
1,684998e+003;3,755567e-003
1,685480e+003;3,656516e-003
1,685962e+003;3,591697e-003
1,686444e+003;3,562565e-003
1,686927e+003;3,566206e-003
1,687409e+003;3,598279e-003
1,687891e+003;3,652539e-003
1,688373e+003;3,720709e-003
1,688855e+003;3,791162e-003
1,689337e+003;3,852467e-003
1,689819e+003;3,894824e-003
1,690301e+003;3,914182e-003
1,690784e+003;3,912644e-003
1,691266e+003;3,897733e-003
1,691748e+003;3,879813e-003
1,692230e+003;3,869149e-003
1,692712e+003;3,875501e-003
1,693194e+003;3,907194e-003
1,693676e+003;3,970890e-003
1,694158e+003;4,070748e-003
1,694641e+003;4,205189e-003
1,695123e+003;4,361392e-003
1,695605e+003;4,516244e-003
1,696087e+003;4,647507e-003
1,696569e+003;4,748392e-003
1,697051e+003;4,828528e-003
1,697533e+003;4,902981e-003
1,698015e+003;4,981771e-003
1,698497e+003;5,062419e-003
1,698979e+003;5,127055e-003
1,699462e+003;5,142679e-003
1,699944e+003;5,081292e-003
1,700426e+003;4,949161e-003
1,700908e+003;4,791842e-003
1,701390e+003;4,656885e-003
1,701872e+003;4,569113e-003
1,702354e+003;4,530072e-003
1,702836e+003;4,530340e-003
1,703319e+003;4,558097e-003
1,703801e+003;4,600556e-003
1,704283e+003;4,644996e-003
1,704765e+003;4,678253e-003
1,705247e+003;4,691583e-003
1,705729e+003;4,683511e-003
1,706211e+003;4,660770e-003
1,706693e+003;4,633776e-003
1,707176e+003;4,611976e-003
1,707658e+003;4,600255e-003
1,708140e+003;4,598849e-003
1,708622e+003;4,604575e-003
1,709104e+003;4,612344e-003
1,709586e+003;4,616999e-003
1,710068e+003;4,615190e-003
1,710550e+003;4,605780e-003
1,711032e+003;4,590376e-003
1,711515e+003;4,572964e-003
1,711997e+003;4,557628e-003
1,712479e+003;4,548587e-003
1,712961e+003;4,549626e-003
1,713443e+003;4,563555e-003
1,713925e+003;4,592117e-003
1,714407e+003;4,635786e-003
1,714889e+003;4,691884e-003
1,715371e+003;4,751776e-003
1,715854e+003;4,799078e-003
1,716336e+003;4,809799e-003
1,716818e+003;4,756968e-003
1,717300e+003;4,626476e-003
1,717782e+003;4,432049e-003
1,718264e+003;4,213419e-003
1,718746e+003;4,014295e-003
1,719229e+003;3,860791e-003
1,719711e+003;3,757338e-003
1,720193e+003;3,693172e-003
1,720675e+003;3,652306e-003
1,721157e+003;3,618693e-003
1,721639e+003;3,580939e-003
1,722121e+003;3,533235e-003
1,722603e+003;3,477686e-003
1,723085e+003;3,422746e-003
1,723568e+003;3,381070e-003
1,724050e+003;3,362236e-003
1,724532e+003;3,370351e-003
1,725014e+003;3,401907e-003
1,725496e+003;3,449464e-003
1,725978e+003;3,503639e-003
1,726460e+003;3,557220e-003
1,726942e+003;3,605929e-003
1,727424e+003;3,648964e-003
1,727907e+003;3,688026e-003
1,728389e+003;3,726290e-003
1,728871e+003;3,766963e-003
1,729353e+003;3,813290e-003
1,729835e+003;3,867477e-003
1,730317e+003;3,931501e-003
1,730799e+003;4,006302e-003
1,731281e+003;4,091418e-003
1,731764e+003;4,182674e-003
1,732246e+003;4,271137e-003
1,732728e+003;4,338901e-003
1,733210e+003;4,361492e-003
1,733692e+003;4,322034e-003
1,734174e+003;4,229211e-003
1,734656e+003;4,120620e-003
1,735138e+003;4,033859e-003
1,735620e+003;3,988612e-003
1,736103e+003;3,984600e-003
1,736585e+003;4,012957e-003
1,737067e+003;4,062287e-003
1,737549e+003;4,121255e-003
1,738031e+003;4,177622e-003
1,738513e+003;4,217836e-003
1,738995e+003;4,230951e-003
1,739477e+003;4,211044e-003
1,739959e+003;4,160995e-003
1,740442e+003;4,089345e-003
1,740924e+003;4,008008e-003
1,741406e+003;3,927790e-003
1,741888e+003;3,856813e-003
1,742370e+003;3,801825e-003
1,742852e+003;3,766563e-003
1,743334e+003;3,751656e-003
1,743816e+003;3,753862e-003
1,744299e+003;3,767599e-003
1,744781e+003;3,786349e-003
1,745263e+003;3,804700e-003
1,745745e+003;3,820109e-003
1,746227e+003;3,831742e-003
1,746709e+003;3,839530e-003
1,747191e+003;3,842639e-003
1,747673e+003;3,837558e-003
1,748156e+003;3,818638e-003
1,748638e+003;3,778695e-003
1,749120e+003;3,711285e-003
1,749602e+003;3,613347e-003
1,750084e+003;3,487072e-003
1,750566e+003;3,341434e-003
1,751048e+003;3,189770e-003
1,751530e+003;3,046834e-003
1,752012e+003;2,924760e-003
1,752495e+003;2,829100e-003
1,752977e+003;2,760404e-003
1,753459e+003;2,715090e-003
1,753941e+003;2,687550e-003
1,754423e+003;2,670714e-003
1,754905e+003;2,656912e-003
1,755387e+003;2,637877e-003
1,755869e+003;2,606942e-003
1,756351e+003;2,561911e-003
1,756834e+003;2,506720e-003
1,757316e+003;2,450869e-003
1,757798e+003;2,404488e-003
1,758280e+003;2,373770e-003
1,758762e+003;2,360477e-003
1,759244e+003;2,361577e-003
1,759726e+003;2,370772e-003
1,760208e+003;2,380533e-003
1,760691e+003;2,383932e-003
1,761173e+003;2,376302e-003
1,761655e+003;2,357446e-003
1,762137e+003;2,331528e-003
1,762619e+003;2,304546e-003
1,763101e+003;2,281396e-003
1,763583e+003;2,264042e-003
1,764065e+003;2,252385e-003
1,764547e+003;2,245357e-003
1,765030e+003;2,242393e-003
1,765512e+003;2,243692e-003
1,765994e+003;2,250953e-003
1,766476e+003;2,266573e-003
1,766958e+003;2,293520e-003
1,767440e+003;2,333160e-003
1,767922e+003;2,385864e-003
1,768404e+003;2,449870e-003
1,768886e+003;2,522317e-003
1,769369e+003;2,599376e-003
1,769851e+003;2,676548e-003
1,770333e+003;2,747099e-003
1,770815e+003;2,800420e-003
1,771297e+003;2,824198e-003
1,771779e+003;2,807823e-003
1,772261e+003;2,751200e-003
1,772743e+003;2,665813e-003
1,773226e+003;2,571410e-003
1,773708e+003;2,484392e-003
1,774190e+003;2,414051e-003
1,774672e+003;2,364475e-003
1,775154e+003;2,336258e-003
1,775636e+003;2,329396e-003
1,776118e+003;2,342988e-003
1,776600e+003;2,374570e-003
1,777083e+003;2,419781e-003
1,777565e+003;2,471862e-003
1,778047e+003;2,522783e-003
1,778529e+003;2,562977e-003
1,779011e+003;2,583443e-003
1,779493e+003;2,577743e-003
1,779975e+003;2,544713e-003
1,780457e+003;2,490357e-003
1,780939e+003;2,424879e-003
1,781422e+003;2,360644e-003
1,781904e+003;2,306178e-003
1,782386e+003;2,264608e-003
1,782868e+003;2,234833e-003
1,783350e+003;2,212852e-003
1,783832e+003;2,193203e-003
1,784314e+003;2,170825e-003
1,784796e+003;2,142921e-003
1,785278e+003;2,108758e-003
1,785761e+003;2,070371e-003
1,786243e+003;2,031054e-003
1,786725e+003;1,994204e-003
1,787207e+003;1,962483e-003
1,787689e+003;1,937055e-003
1,788171e+003;1,917486e-003
1,788653e+003;1,902676e-003
1,789135e+003;1,891062e-003
1,789618e+003;1,882443e-003
1,790100e+003;1,878915e-003
1,790582e+003;1,885238e-003
1,791064e+003;1,908833e-003
1,791546e+003;1,954129e-003
1,792028e+003;2,019702e-003
1,792510e+003;2,095041e-003
1,792992e+003;2,165198e-003
1,793474e+003;2,215849e-003
1,793957e+003;2,238829e-003
1,794439e+003;2,232168e-003
1,794921e+003;2,199098e-003
1,795403e+003;2,146251e-003
1,795885e+003;2,082289e-003
1,796367e+003;2,016906e-003
1,796849e+003;1,958356e-003
1,797331e+003;1,912893e-003
1,797813e+003;1,884140e-003
1,798296e+003;1,872825e-003
1,798778e+003;1,877118e-003
1,799260e+003;1,892626e-003
1,799742e+003;1,913292e-003
1,800224e+003;1,931497e-003
1,800706e+003;1,940949e-003
1,801188e+003;1,938520e-003
1,801670e+003;1,925872e-003
1,802153e+003;1,907934e-003
1,802635e+003;1,891561e-003
1,803117e+003;1,882509e-003
1,803599e+003;1,882908e-003
1,804081e+003;1,891394e-003
1,804563e+003;1,903575e-003
1,805045e+003;1,913858e-003
1,805527e+003;1,917719e-003
1,806010e+003;1,913192e-003
1,806492e+003;1,901312e-003
1,806974e+003;1,885870e-003
1,807456e+003;1,871561e-003
1,807938e+003;1,862410e-003
1,808420e+003;1,860713e-003
1,808902e+003;1,866969e-003
1,809384e+003;1,879581e-003
1,809866e+003;1,895421e-003
1,810349e+003;1,910264e-003
1,810831e+003;1,917918e-003
1,811313e+003;1,911362e-003
1,811795e+003;1,885438e-003
1,812277e+003;1,837786e-003
1,812759e+003;1,772007e-003
1,813241e+003;1,696858e-003
1,813723e+003;1,625912e-003
1,814205e+003;1,573101e-003
1,814688e+003;1,549524e-003
1,815170e+003;1,559301e-003
1,815652e+003;1,596579e-003
1,816134e+003;1,645701e-003
1,816616e+003;1,685216e-003
1,817098e+003;1,696758e-003
1,817580e+003;1,670114e-003
1,818062e+003;1,608518e-003
1,818545e+003;1,525916e-003
1,819027e+003;1,442631e-003
1,819509e+003;1,376812e-003
1,819991e+003;1,339087e-003
1,820473e+003;1,331044e-003
1,820955e+003;1,346765e-003
1,821437e+003;1,376779e-003
1,821919e+003;1,411914e-003
1,822401e+003;1,446720e-003
1,822884e+003;1,478935e-003
1,823366e+003;1,508626e-003
1,823848e+003;1,535991e-003
1,824330e+003;1,560664e-003
1,824812e+003;1,581049e-003
1,825294e+003;1,596313e-003
1,825776e+003;1,607188e-003
1,826258e+003;1,615868e-003
1,826740e+003;1,624814e-003
1,827223e+003;1,635324e-003
1,827705e+003;1,646399e-003
1,828187e+003;1,655779e-003
1,828669e+003;1,660735e-003
1,829151e+003;1,660835e-003
1,829633e+003;1,659970e-003
1,830115e+003;1,664926e-003
1,830597e+003;1,681257e-003
1,831080e+003;1,709664e-003
1,831562e+003;1,744128e-003
1,832044e+003;1,774103e-003
1,832526e+003;1,786979e-003
1,833008e+003;1,772340e-003
1,833490e+003;1,724501e-003
1,833972e+003;1,645302e-003
1,834454e+003;1,544769e-003
1,834937e+003;1,439672e-003
1,835419e+003;1,350587e-003
1,835901e+003;1,293755e-003
1,836383e+003;1,279432e-003
1,836865e+003;1,307746e-003
1,837347e+003;1,369932e-003
1,837829e+003;1,449180e-003
1,838311e+003;1,526680e-003
1,838793e+003;1,587301e-003
1,839276e+003;1,621455e-003
1,839758e+003;1,628107e-003
1,840240e+003;1,611944e-003
1,840722e+003;1,581681e-003
1,841204e+003;1,546066e-003
1,841686e+003;1,512782e-003
1,842168e+003;1,487147e-003
1,842650e+003;1,471222e-003
1,843132e+003;1,465271e-003
1,843615e+003;1,469659e-003
1,844097e+003;1,485385e-003
1,844579e+003;1,515043e-003
1,845061e+003;1,560664e-003
1,845543e+003;1,620857e-003
1,846025e+003;1,690704e-003
1,846507e+003;1,761893e-003
1,846989e+003;1,824143e-003
1,847472e+003;1,866303e-003
1,847954e+003;1,880213e-003
1,848436e+003;1,861045e-003
1,848918e+003;1,809503e-003
1,849400e+003;1,732451e-003
1,849882e+003;1,640080e-003
1,850364e+003;1,544004e-003
1,850846e+003;1,455097e-003
1,851328e+003;1,383959e-003
1,851811e+003;1,340317e-003
1,852293e+003;1,332141e-003
1,852775e+003;1,363550e-003
1,853257e+003;1,431594e-003
1,853739e+003;1,524586e-003
1,854221e+003;1,622220e-003
1,854703e+003;1,700683e-003
1,855185e+003;1,736743e-003
1,855667e+003;1,712825e-003
1,856150e+003;1,623351e-003
1,856632e+003;1,476907e-003
1,857114e+003;1,297477e-003
1,857596e+003;1,116660e-003
1,858078e+003;9,704197e-004
1,858560e+003;8,876396e-004
1,859042e+003;8,840871e-004
1,859524e+003;9,610551e-004
1,860007e+003;1,104601e-003
1,860489e+003;1,287806e-003
1,860971e+003;1,476475e-003
1,861453e+003;1,640313e-003
1,861935e+003;1,757302e-003
1,862417e+003;1,819485e-003
1,862899e+003;1,832528e-003
1,863381e+003;1,810934e-003
1,863864e+003;1,772439e-003
1,864346e+003;1,730954e-003
1,864828e+003;1,694130e-003
1,865310e+003;1,660801e-003
1,865792e+003;1,623916e-003
1,866274e+003;1,574664e-003
1,866756e+003;1,509823e-003
1,867238e+003;1,435949e-003
1,867720e+003;1,372059e-003
1,868203e+003;1,342344e-003
1,868685e+003;1,366209e-003
1,869167e+003;1,446288e-003
1,869649e+003;1,565752e-003
1,870131e+003;1,695793e-003
1,870613e+003;1,807740e-003
1,871095e+003;1,881311e-003
1,871577e+003;1,904440e-003
1,872059e+003;1,874988e-003
1,872542e+003;1,797259e-003
1,873024e+003;1,680825e-003
1,873506e+003;1,537055e-003
1,873988e+003;1,379139e-003
1,874470e+003;1,220483e-003
1,874952e+003;1,073211e-003
1,875434e+003;9,481044e-004
1,875916e+003;8,526795e-004
1,876399e+003;7,898713e-004
1,876881e+003;7,576739e-004
1,877363e+003;7,498739e-004
1,877845e+003;7,603293e-004
1,878327e+003;7,837635e-004
1,878809e+003;8,192825e-004
1,879291e+003;8,697442e-004
1,879773e+003;9,390723e-004
1,880255e+003;1,028804e-003
1,880738e+003;1,135429e-003
1,881220e+003;1,249192e-003
1,881702e+003;1,355606e-003
1,882184e+003;1,438608e-003
1,882666e+003;1,484620e-003
1,883148e+003;1,486715e-003
1,883630e+003;1,446587e-003
1,884112e+003;1,374984e-003
1,884594e+003;1,288571e-003
1,885077e+003;1,206561e-003
1,885559e+003;1,144731e-003
1,886041e+003;1,113836e-003
1,886523e+003;1,117989e-003
1,887005e+003;1,156159e-003
1,887487e+003;1,221978e-003
1,887969e+003;1,305420e-003
1,888451e+003;1,395360e-003
1,888934e+003;1,480032e-003
1,889416e+003;1,550788e-003
1,889898e+003;1,603862e-003
1,890380e+003;1,640612e-003
1,890862e+003;1,665092e-003
1,891344e+003;1,682288e-003
1,891826e+003;1,695926e-003
1,892308e+003;1,706903e-003
1,892791e+003;1,713822e-003
1,893273e+003;1,713290e-003
1,893755e+003;1,700517e-003
1,894237e+003;1,670181e-003
1,894719e+003;1,617531e-003
1,895201e+003;1,539948e-003
1,895683e+003;1,438442e-003
1,896165e+003;1,319378e-003
1,896647e+003;1,193071e-003
1,897130e+003;1,075138e-003
1,897612e+003;9,828397e-004
1,898094e+003;9,318999e-004
1,898576e+003;9,323648e-004
1,899058e+003;9,842013e-004
1,899540e+003;1,076367e-003
1,900022e+003;1,188121e-003
1,900504e+003;1,298607e-003
1,900986e+003;1,389609e-003
1,901469e+003;1,453768e-003
1,901951e+003;1,493996e-003
1,902433e+003;1,521327e-003
1,902915e+003;1,548327e-003
1,903397e+003;1,582645e-003
1,903879e+003;1,622885e-003
1,904361e+003;1,658639e-003
1,904843e+003;1,674971e-003
1,905326e+003;1,657941e-003
1,905808e+003;1,600670e-003
1,906290e+003;1,506897e-003
1,906772e+003;1,390839e-003
1,907254e+003;1,270858e-003
1,907736e+003;1,166658e-003
1,908218e+003;1,091680e-003
1,908700e+003;1,050824e-003
1,909182e+003;1,040495e-003
1,909665e+003;1,051522e-003
1,910147e+003;1,073776e-003
1,910629e+003;1,099187e-003
1,911111e+003;1,124466e-003
1,911593e+003;1,149249e-003
1,912075e+003;1,174930e-003
1,912557e+003;1,201045e-003
1,913039e+003;1,224570e-003
1,913521e+003;1,239389e-003
1,914004e+003;1,239688e-003
1,914486e+003;1,222343e-003
1,914968e+003;1,190779e-003
1,915450e+003;1,155030e-003
1,915932e+003;1,132373e-003
1,916414e+003;1,142073e-003
1,916896e+003;1,198686e-003
1,917378e+003;1,304323e-003
1,917861e+003;1,443395e-003
1,918343e+003;1,585172e-003
1,918825e+003;1,693398e-003
1,919307e+003;1,742897e-003
1,919789e+003;1,722405e-003
1,920271e+003;1,635756e-003
1,920753e+003;1,496457e-003
1,921235e+003;1,325959e-003
1,921718e+003;1,149216e-003
1,922200e+003;9,891496e-004
1,922682e+003;8,649302e-004
1,923164e+003;7,848921e-004
1,923646e+003;7,474177e-004
1,924128e+003;7,428706e-004
1,924610e+003;7,591344e-004
1,925092e+003;7,833984e-004
1,925574e+003;8,039459e-004
1,926057e+003;8,120789e-004
1,926539e+003;8,030497e-004
1,927021e+003;7,775231e-004
1,927503e+003;7,418417e-004
1,927985e+003;7,066610e-004
1,928467e+003;6,828659e-004
1,928949e+003;6,767596e-004
1,929431e+003;6,868482e-004
1,929913e+003;7,040059e-004
1,930396e+003;7,139292e-004
1,930878e+003;7,047361e-004
1,931360e+003;6,717818e-004
1,931842e+003;6,203807e-004
1,932324e+003;5,634784e-004
1,932806e+003;5,137157e-004
1,933288e+003;4,785866e-004
1,933770e+003;4,552683e-004
1,934253e+003;4,317854e-004
1,934735e+003;3,944078e-004
1,935217e+003;3,359765e-004
1,935699e+003;2,620036e-004
1,936181e+003;1,920874e-004
1,936663e+003;1,524433e-004
1,937145e+003;1,663647e-004
1,937627e+003;2,443329e-004
1,938109e+003;3,786220e-004
1,938592e+003;5,457954e-004
1,939074e+003;7,151572e-004
1,939556e+003;8,610126e-004
1,940038e+003;9,688589e-004
1,940520e+003;1,039232e-003
1,941002e+003;1,085999e-003
1,941484e+003;1,132705e-003
1,941966e+003;1,199716e-003
1,942448e+003;1,295583e-003
1,942931e+003;1,409654e-003
1,943413e+003;1,515874e-003
1,943895e+003;1,577923e-003
1,944377e+003;1,560099e-003
1,944859e+003;1,440536e-003
1,945341e+003;1,217094e-003
1,945823e+003;9,128738e-004
1,946305e+003;5,698816e-004
1,946788e+003;2,455595e-004
1,947270e+003;-4,572473e-006
1,947752e+003;-1,442085e-004
1,948234e+003;-1,640488e-004
1,948716e+003;-8,521239e-005
1,949198e+003;5,046607e-005
1,949680e+003;1,951039e-004
1,950162e+003;3,163465e-004
1,950645e+003;4,046888e-004
1,951127e+003;4,728481e-004
1,951609e+003;5,433404e-004
1,952091e+003;6,315298e-004
1,952573e+003;7,325152e-004
1,953055e+003;8,205771e-004
1,953537e+003;8,559662e-004
1,954019e+003;8,065020e-004
1,954501e+003;6,631537e-004
1,954984e+003;4,494306e-004
1,955466e+003;2,135351e-004
1,955948e+003;1,176274e-005
1,956430e+003;-1,091629e-004
1,956912e+003;-1,350002e-004
1,957394e+003;-8,123706e-005
1,957876e+003;1,159707e-005
1,958358e+003;1,010706e-004
1,958840e+003;1,531394e-004
1,959323e+003;1,537692e-004
1,959805e+003;1,077984e-004
1,960287e+003;3,306903e-005
1,960769e+003;-4,820735e-005
1,961251e+003;-1,153243e-004
1,961733e+003;-1,471565e-004
1,962215e+003;-1,233405e-004
1,962697e+003;-2,660582e-005
1,963180e+003;1,511507e-004
1,963662e+003;3,994820e-004
1,964144e+003;6,821358e-004
1,964626e+003;9,402678e-004
1,965108e+003;1,115896e-003
1,965590e+003;1,163203e-003
1,966072e+003;1,074573e-003
1,966554e+003;8,850499e-004
1,967036e+003;6,647797e-004
1,967519e+003;4,893340e-004
1,968001e+003;4,078064e-004
1,968483e+003;4,272416e-004
1,968965e+003;5,180614e-004
1,969447e+003;6,368059e-004
1,969929e+003;7,499735e-004
1,970411e+003;8,478989e-004
1,970893e+003;9,409983e-004
1,971375e+003;1,041192e-003
1,971858e+003;1,141708e-003
1,972340e+003;1,204202e-003
1,972822e+003;1,168286e-003
1,973304e+003;9,771278e-004
1,973786e+003;6,066771e-004
1,974268e+003;8,781409e-005
1,974750e+003;-4,938801e-004
1,975232e+003;-1,015397e-003
1,975715e+003;-1,368398e-003
1,976197e+003;-1,497195e-003
1,976679e+003;-1,416124e-003
1,977161e+003;-1,192677e-003
1,977643e+003;-9,139017e-004
1,978125e+003;-6,453689e-004
1,978607e+003;-4,082514e-004
1,979089e+003;-1,836563e-004
1,979572e+003;6,223018e-005
1,980054e+003;3,525236e-004
1,980536e+003;6,824012e-004
1,981018e+003;1,020235e-003
1,981500e+003;1,322669e-003
1,981982e+003;1,549059e-003
1,982464e+003;1,682022e-003
1,982946e+003;1,727628e-003
1,983428e+003;1,711128e-003
1,983911e+003;1,657808e-003
1,984393e+003;1,583742e-003
1,984875e+003;1,488344e-003
1,985357e+003;1,360990e-003
1,985839e+003;1,191842e-003
1,986321e+003;9,819431e-004
1,986803e+003;7,474177e-004
1,987285e+003;5,147772e-004
1,987767e+003;3,088528e-004
1,988250e+003;1,431626e-004
1,988732e+003;1,875427e-005
1,989214e+003;-7,179553e-005
1,989696e+003;-1,359277e-004
1,990178e+003;-1,743163e-004
1,990660e+003;-1,800131e-004
1,991142e+003;-1,435792e-004
1,991624e+003;-6,076358e-005
1,992107e+003;6,219705e-005
1,992589e+003;2,110157e-004
1,993071e+003;3,698339e-004
1,993553e+003;5,320609e-004
1,994035e+003;7,019815e-004
1,994517e+003;8,928856e-004
1,994999e+003;1,119052e-003
1,995481e+003;1,383792e-003
1,995964e+003;1,673241e-003
1,996446e+003;1,954495e-003
1,996928e+003;2,181315e-003
1,997410e+003;2,310442e-003
1,997892e+003;2,311807e-003
1,998374e+003;2,183180e-003
1,998856e+003;1,950568e-003
1,999338e+003;1,666289e-003
1,999820e+003;1,391437e-003
2,000302e+003;1,182373e-003
2,000785e+003;1,080818e-003
2,001267e+003;1,101678e-003
2,001749e+003;1,229055e-003
2,002231e+003;1,413510e-003
2,002713e+003;1,587567e-003
2,003195e+003;1,672376e-003
2,003677e+003;1,598475e-003
2,004159e+003;1,326657e-003
2,004642e+003;8,590206e-004
2,005124e+003;2,471840e-004
2,005606e+003;-4,181159e-004
2,006088e+003;-1,018604e-003
2,006570e+003;-1,447564e-003
2,007052e+003;-1,638630e-003
2,007534e+003;-1,574951e-003
2,008016e+003;-1,289053e-003
2,008499e+003;-8,455522e-004
2,008981e+003;-3,233010e-004
2,009463e+003;2,084631e-004
2,009945e+003;6,947467e-004
2,010427e+003;1,099718e-003
2,010909e+003;1,406163e-003
2,011391e+003;1,606855e-003
2,011873e+003;1,703643e-003
2,012355e+003;1,705806e-003
2,012838e+003;1,635756e-003
2,013320e+003;1,526847e-003
2,013802e+003;1,415803e-003
2,014284e+003;1,339685e-003
2,014766e+003;1,317251e-003
2,015248e+003;1,347429e-003
2,015730e+003;1,406994e-003
2,016212e+003;1,463276e-003
2,016694e+003;1,484787e-003
2,017177e+003;1,457159e-003
2,017659e+003;1,390706e-003
2,018141e+003;1,316221e-003
2,018623e+003;1,270194e-003
2,019105e+003;1,278701e-003
2,019587e+003;1,350388e-003
2,020069e+003;1,471321e-003
2,020551e+003;1,612210e-003
2,021034e+003;1,737974e-003
2,021516e+003;1,821382e-003
2,021998e+003;1,850996e-003
2,022480e+003;1,832063e-003
2,022962e+003;1,780391e-003
2,023444e+003;1,717216e-003
2,023926e+003;1,659205e-003
2,024408e+003;1,617232e-003
2,024891e+003;1,595748e-003
2,025373e+003;1,595814e-003
2,025855e+003;1,615968e-003
2,026337e+003;1,652619e-003
2,026819e+003;1,700317e-003
2,027301e+003;1,746324e-003
2,027783e+003;1,773404e-003
2,028265e+003;1,763956e-003
2,028747e+003;1,706271e-003
2,029229e+003;1,601102e-003
2,029712e+003;1,464805e-003
2,030194e+003;1,327222e-003
2,030676e+003;1,221712e-003
2,031158e+003;1,174565e-003
2,031640e+003;1,198088e-003
2,032122e+003;1,284716e-003
2,032604e+003;1,412446e-003
2,033086e+003;1,552051e-003
2,033569e+003;1,682355e-003
2,034051e+003;1,795629e-003
2,034533e+003;1,899548e-003
2,035015e+003;2,009150e-003
2,035497e+003;2,136761e-003
2,035979e+003;2,284893e-003
2,036461e+003;2,439373e-003
2,036943e+003;2,578210e-003
2,037426e+003;2,675281e-003
2,037908e+003;2,714156e-003
2,038390e+003;2,687350e-003
2,038872e+003;2,599075e-003
2,039354e+003;2,460599e-003
2,039836e+003;2,285692e-003
2,040318e+003;2,088748e-003
2,040800e+003;1,882476e-003
2,041282e+003;1,682056e-003
2,041765e+003;1,505400e-003
2,042247e+003;1,373089e-003
2,042729e+003;1,305752e-003
2,043211e+003;1,315058e-003
2,043693e+003;1,397521e-003
2,044175e+003;1,531668e-003
2,044657e+003;1,682787e-003
2,045139e+003;1,809237e-003
2,045622e+003;1,880113e-003
2,046104e+003;1,881344e-003
2,046586e+003;1,819951e-003
2,047068e+003;1,717814e-003
2,047550e+003;1,603796e-003
2,048032e+003;1,500912e-003
2,048514e+003;1,417765e-003
2,048996e+003;1,348061e-003
2,049479e+003;1,276940e-003
2,049960e+003;1,190679e-003
2,050443e+003;1,084305e-003
2,050925e+003;9,655049e-004
2,051407e+003;8,525799e-004
2,051889e+003;7,689593e-004
2,052371e+003;7,355023e-004
2,052853e+003;7,653082e-004
2,053335e+003;8,609794e-004
2,053817e+003;1,015618e-003
2,054300e+003;1,213372e-003
2,054782e+003;1,432857e-003
2,055264e+003;1,651555e-003
2,055746e+003;1,846138e-003
2,056228e+003;1,995203e-003
2,056710e+003;2,083222e-003
2,057192e+003;2,099869e-003
2,057674e+003;2,043005e-003
2,058156e+003;1,921013e-003
2,058639e+003;1,753443e-003
2,059121e+003;1,567514e-003
2,059603e+003;1,396690e-003
2,060085e+003;1,273683e-003
2,060567e+003;1,221712e-003
2,061049e+003;1,252515e-003
2,061531e+003;1,361688e-003
2,062013e+003;1,531468e-003
2,062496e+003;1,733715e-003
2,062978e+003;1,934392e-003
2,063460e+003;2,104397e-003
2,063942e+003;2,222577e-003
2,064424e+003;2,282595e-003
2,064906e+003;2,291921e-003
2,065388e+003;2,269005e-003
2,065870e+003;2,234733e-003
2,066353e+003;2,206691e-003
2,066835e+003;2,193503e-003
2,067317e+003;2,193470e-003
2,067799e+003;2,196667e-003
2,068281e+003;2,190539e-003
2,068763e+003;2,164865e-003
2,069245e+003;2,114419e-003
2,069727e+003;2,041074e-003
2,070209e+003;1,950668e-003
2,070692e+003;1,850164e-003
2,071174e+003;1,744561e-003
2,071656e+003;1,634626e-003
2,072138e+003;1,518102e-003
2,072620e+003;1,391703e-003
2,073102e+003;1,254442e-003
2,073584e+003;1,110880e-003
2,074066e+003;9,708514e-004
2,074549e+003;8,493596e-004
2,075031e+003;7,633498e-004
2,075513e+003;7,260100e-004
2,075995e+003;7,455922e-004
2,076477e+003;8,220046e-004
2,076959e+003;9,456139e-004
2,077441e+003;1,099021e-003
2,077923e+003;1,260490e-003
2,078406e+003;1,408224e-003
2,078887e+003;1,524519e-003
2,079370e+003;1,600803e-003
2,079852e+003;1,637386e-003
2,080334e+003;1,642242e-003
2,080816e+003;1,626012e-003
2,081298e+003;1,600370e-003
2,081780e+003;1,572436e-003
2,082262e+003;1,546731e-003
2,082744e+003;1,524885e-003
2,083227e+003;1,508725e-003
2,083709e+003;1,500912e-003
2,084191e+003;1,504702e-003
2,084673e+003;1,521527e-003
2,085155e+003;1,548360e-003
2,085637e+003;1,576825e-003
2,086119e+003;1,595216e-003
2,086601e+003;1,592755e-003
2,087083e+003;1,565585e-003
2,087566e+003;1,519531e-003
2,088048e+003;1,470790e-003
2,088530e+003;1,440270e-003
2,089012e+003;1,444891e-003
2,089494e+003;1,492566e-003
2,089976e+003;1,576859e-003
2,090458e+003;1,681956e-003
2,090940e+003;1,787245e-003
2,091423e+003;1,878349e-003
2,091905e+003;1,950601e-003
2,092387e+003;2,009616e-003
2,092869e+003;2,065177e-003
2,093351e+003;2,122343e-003
2,093833e+003;2,176620e-003
2,094315e+003;2,212586e-003
2,094797e+003;2,209755e-003
2,095280e+003;2,153310e-003
2,095762e+003;2,044237e-003
2,096244e+003;1,903408e-003
2,096726e+003;1,767050e-003
2,097208e+003;1,674538e-003
2,097690e+003;1,657076e-003
2,098172e+003;1,724168e-003
2,098654e+003;1,862543e-003
2,099136e+003;2,040109e-003
2,099619e+003;2,220578e-003
2,100101e+003;2,371605e-003
2,100583e+003;2,474895e-003
2,101065e+003;2,527282e-003
2,101547e+003;2,536714e-003
2,102029e+003;2,514018e-003
2,102511e+003;2,466397e-003
2,102993e+003;2,394993e-003
2,103476e+003;2,296251e-003
2,103958e+003;2,167895e-003
2,104440e+003;2,013578e-003
2,104922e+003;1,846238e-003
2,105404e+003;1,686380e-003
2,105886e+003;1,556707e-003
2,106368e+003;1,474413e-003
2,106850e+003;1,446155e-003
2,107333e+003;1,465437e-003
2,107814e+003;1,515874e-003
2,108297e+003;1,574963e-003
2,108779e+003;1,621854e-003
2,109261e+003;1,644304e-003
2,109743e+003;1,640213e-003
2,110225e+003;1,617631e-003
2,110707e+003;1,590926e-003
2,111189e+003;1,576293e-003
2,111671e+003;1,585039e-003
2,112154e+003;1,621921e-003
2,112636e+003;1,683818e-003
2,113118e+003;1,762492e-003
2,113600e+003;1,846936e-003
2,114082e+003;1,926305e-003
2,114564e+003;1,992307e-003
2,115046e+003;2,038178e-003
2,115528e+003;2,058685e-003
2,116010e+003;2,049264e-003
2,116493e+003;2,007885e-003
2,116975e+003;1,936389e-003
2,117457e+003;1,842511e-003
2,117939e+003;1,741633e-003
2,118421e+003;1,652453e-003
2,118903e+003;1,594052e-003
2,119385e+003;1,579652e-003
2,119867e+003;1,611212e-003
2,120350e+003;1,678829e-003
2,120832e+003;1,764022e-003
2,121314e+003;1,847835e-003
2,121796e+003;1,917186e-003
2,122278e+003;1,971337e-003
2,122760e+003;2,020502e-003
2,123242e+003;2,081324e-003
2,123724e+003;2,166496e-003
2,124207e+003;2,277132e-003
2,124689e+003;2,397491e-003
2,125171e+003;2,500155e-003
2,125653e+003;2,550745e-003
2,126135e+003;2,519217e-003
2,126617e+003;2,390462e-003
2,127099e+003;2,167062e-003
2,127581e+003;1,870762e-003
2,128063e+003;1,534760e-003
2,128546e+003;1,200248e-003
2,129028e+003;9,041413e-004
2,129510e+003;6,738061e-004
2,129992e+003;5,252269e-004
2,130474e+003;4,609402e-004
2,130956e+003;4,695975e-004
2,131438e+003;5,280467e-004
2,131920e+003;6,082034e-004
2,132403e+003;6,806092e-004
2,132885e+003;7,232553e-004
2,133367e+003;7,294950e-004
2,133849e+003;7,087518e-004
2,134331e+003;6,830650e-004
2,134813e+003;6,771578e-004
2,135295e+003;7,091169e-004
2,135777e+003;7,794152e-004
2,136260e+003;8,717363e-004
2,136741e+003;9,571699e-004
2,137224e+003;1,008843e-003
2,137706e+003;1,009541e-003
2,138188e+003;9,592951e-004
2,138670e+003;8,708066e-004
2,139152e+003;7,656069e-004
2,139634e+003;6,623573e-004
2,140116e+003;5,717727e-004
2,140598e+003;4,992192e-004
2,141081e+003;4,486346e-004
2,141563e+003;4,285351e-004
2,142045e+003;4,554010e-004
2,142527e+003;5,459281e-004
2,143009e+003;7,067606e-004
2,143491e+003;9,229679e-004
2,143973e+003;1,156824e-003
2,144455e+003;1,351152e-003
2,144938e+003;1,447584e-003
2,145420e+003;1,407825e-003
2,145902e+003;1,225101e-003
2,146384e+003;9,300073e-004
2,146866e+003;5,794700e-004
2,147348e+003;2,444655e-004
2,147830e+003;-1,298835e-005
2,148312e+003;-1,518268e-004
2,148794e+003;-1,520917e-004
2,149277e+003;-1,225942e-005
2,149759e+003;2,578594e-004
2,150241e+003;6,379673e-004
2,150723e+003;1,098489e-003
2,151205e+003;1,591624e-003
2,151687e+003;2,051860e-003
2,152169e+003;2,408720e-003
2,152651e+003;2,592876e-003
2,153134e+003;2,561844e-003
2,153616e+003;2,315138e-003
2,154098e+003;1,901478e-003
2,154580e+003;1,412213e-003
2,155062e+003;9,572363e-004
2,155544e+003;6,469931e-004
2,156026e+003;5,568762e-004
2,156508e+003;7,195381e-004
2,156990e+003;1,117656e-003
2,157473e+003;1,696159e-003
2,157955e+003;2,366940e-003
2,158437e+003;3,029083e-003
2,158919e+003;3,594637e-003
2,159401e+003;3,994431e-003
2,159883e+003;4,191137e-003
2,160365e+003;4,178626e-003
2,160847e+003;3,974568e-003
2,161330e+003;3,613213e-003
2,161812e+003;3,143343e-003
2,162294e+003;2,622976e-003
2,162776e+003;2,110057e-003
2,163258e+003;1,660635e-003
2,163740e+003;1,323200e-003
2,164222e+003;1,133004e-003
2,164704e+003;1,113803e-003
2,165187e+003;1,272221e-003
2,165668e+003;1,590959e-003
2,166151e+003;2,026527e-003
2,166633e+003;2,512152e-003
2,167115e+003;2,971831e-003
2,167597e+003;3,330382e-003
2,168079e+003;3,535974e-003
2,168561e+003;3,567877e-003
2,169043e+003;3,440780e-003
2,169525e+003;3,195244e-003
2,170008e+003;2,886734e-003
2,170490e+003;2,570477e-003
2,170972e+003;2,283128e-003
2,171454e+003;2,045136e-003
2,171936e+003;1,863308e-003
2,172418e+003;1,738805e-003
2,172900e+003;1,675636e-003
2,173382e+003;1,680126e-003
2,173865e+003;1,753776e-003
2,174347e+003;1,884239e-003
2,174829e+003;2,040642e-003
2,175311e+003;2,176953e-003
2,175793e+003;2,240528e-003
2,176275e+003;2,195002e-003
2,176757e+003;2,030056e-003
2,177239e+003;1,769146e-003
2,177721e+003;1,459785e-003
2,178204e+003;1,164864e-003
2,178686e+003;9,395040e-004
2,179168e+003;8,167927e-004
2,179650e+003;8,046098e-004
2,180132e+003;8,885361e-004
2,180614e+003;1,041192e-003
2,181096e+003;1,230850e-003
2,181578e+003;1,430995e-003
2,182061e+003;1,621422e-003
2,182543e+003;1,785515e-003
2,183025e+003;1,910297e-003
2,183507e+003;1,983919e-003
2,183989e+003;1,995968e-003
2,184471e+003;1,943279e-003
2,184953e+003;1,831996e-003
2,185435e+003;1,677665e-003
2,185917e+003;1,503040e-003
2,186400e+003;1,333670e-003
2,186882e+003;1,193370e-003
2,187364e+003;1,100349e-003
2,187846e+003;1,067963e-003
2,188328e+003;1,103538e-003
2,188810e+003;1,207657e-003
2,189292e+003;1,374784e-003
2,189774e+003;1,591192e-003
2,190257e+003;1,835756e-003
2,190739e+003;2,082323e-003
2,191221e+003;2,305578e-003
2,191703e+003;2,483992e-003
2,192185e+003;2,605342e-003
2,192667e+003;2,668313e-003
2,193149e+003;2,681182e-003
2,193631e+003;2,656312e-003
2,194114e+003;2,603909e-003
2,194595e+003;2,530448e-003
2,195078e+003;2,435941e-003
2,195560e+003;2,317670e-003
2,196042e+003;2,177019e-003
2,196524e+003;2,019203e-003
2,197006e+003;1,857651e-003
2,197488e+003;1,709298e-003
2,197970e+003;1,588764e-003
2,198452e+003;1,504270e-003
2,198935e+003;1,454732e-003
2,199417e+003;1,431394e-003
2,199899e+003;1,421388e-003
2,200381e+003;1,414540e-003
2,200863e+003;1,408656e-003
2,201345e+003;1,410751e-003
2,201827e+003;1,435982e-003
2,202309e+003;1,501012e-003
2,202792e+003;1,618362e-003
2,203274e+003;1,789075e-003
2,203756e+003;1,999197e-003
2,204238e+003;2,221877e-003
2,204720e+003;2,424113e-003
2,205202e+003;2,571510e-003
2,205684e+003;2,640810e-003
2,206166e+003;2,624743e-003
2,206648e+003;2,533681e-003
2,207131e+003;2,392827e-003
2,207613e+003;2,237098e-003
2,208095e+003;2,102898e-003
2,208577e+003;2,017938e-003
2,209059e+003;1,995769e-003
2,209541e+003;2,033584e-003
2,210023e+003;2,113220e-003
2,210505e+003;2,205958e-003
2,210988e+003;2,278165e-003
2,211470e+003;2,301914e-003
2,211952e+003;2,257581e-003
2,212434e+003;2,141056e-003
2,212916e+003;1,964980e-003
2,213398e+003;1,755805e-003
2,213880e+003;1,547197e-003
2,214362e+003;1,372923e-003
2,214844e+003;1,258264e-003
2,215327e+003;1,211611e-003
2,215809e+003;1,222709e-003
2,216291e+003;1,263547e-003
2,216773e+003;1,301100e-003
2,217255e+003;1,302396e-003
2,217737e+003;1,251086e-003
2,218219e+003;1,149880e-003
2,218701e+003;1,023921e-003
2,219184e+003;9,083581e-004
2,219666e+003;8,393337e-004
2,220148e+003;8,408940e-004
2,220630e+003;9,156297e-004
2,221112e+003;1,045942e-003
2,221594e+003;1,198188e-003
2,222076e+003;1,337758e-003
2,222558e+003;1,436680e-003
2,223041e+003;1,484022e-003
2,223522e+003;1,487945e-003
2,224005e+003;1,470922e-003
2,224487e+003;1,462179e-003
2,224969e+003;1,485817e-003
2,225451e+003;1,557006e-003
2,225933e+003;1,677266e-003
2,226415e+003;1,836654e-003
2,226897e+003;2,017406e-003
2,227379e+003;2,201096e-003
2,227862e+003;2,372104e-003
2,228344e+003;2,520117e-003
2,228826e+003;2,641010e-003
2,229308e+003;2,734228e-003
2,229790e+003;2,801587e-003
2,230272e+003;2,845342e-003
2,230754e+003;2,867355e-003
2,231236e+003;2,870524e-003
2,231719e+003;2,857816e-003
2,232201e+003;2,833002e-003
2,232683e+003;2,798786e-003
2,233165e+003;2,756602e-003
2,233647e+003;2,703253e-003
2,234129e+003;2,633443e-003
2,234611e+003;2,540114e-003
2,235093e+003;2,417916e-003
2,235575e+003;2,268306e-003
2,236058e+003;2,102299e-003
2,236540e+003;1,940117e-003
2,237022e+003;1,807607e-003
2,237504e+003;1,731487e-003
2,237986e+003;1,730322e-003
2,238468e+003;1,807973e-003
2,238950e+003;1,950601e-003
2,239432e+003;2,131133e-003
2,239915e+003;2,314939e-003
2,240397e+003;2,470130e-003
2,240879e+003;2,576643e-003
2,241361e+003;2,630676e-003
2,241843e+003;2,642211e-003
2,242325e+003;2,628443e-003
2,242807e+003;2,607709e-003
2,243289e+003;2,589776e-003
2,243771e+003;2,574710e-003
2,244254e+003;2,554745e-003
2,244736e+003;2,520417e-003
2,245218e+003;2,467797e-003
2,245700e+003;2,402989e-003
2,246182e+003;2,340656e-003
2,246664e+003;2,300615e-003
2,247146e+003;2,300349e-003
2,247628e+003;2,346719e-003
2,248111e+003;2,434342e-003
2,248593e+003;2,546146e-003
2,249075e+003;2,659846e-003
2,249557e+003;2,754268e-003
2,250039e+003;2,816928e-003
2,250521e+003;2,846210e-003
2,251003e+003;2,850946e-003
2,251485e+003;2,845876e-003
2,251968e+003;2,844309e-003
2,252449e+003;2,854481e-003
2,252932e+003;2,876861e-003
2,253414e+003;2,903879e-003
2,253896e+003;2,925261e-003
2,254378e+003;2,931599e-003
2,254860e+003;2,918656e-003
2,255342e+003;2,888435e-003
2,255824e+003;2,848244e-003
2,256306e+003;2,808190e-003
2,256789e+003;2,776943e-003
2,257271e+003;2,758570e-003
2,257753e+003;2,752234e-003
2,258235e+003;2,752367e-003
2,258717e+003;2,751701e-003
2,259199e+003;2,743398e-003
2,259681e+003;2,724892e-003
2,260163e+003;2,697819e-003
2,260646e+003;2,668047e-003
2,261128e+003;2,643177e-003
2,261610e+003;2,630210e-003
2,262092e+003;2,633243e-003
2,262574e+003;2,652345e-003
2,263056e+003;2,684683e-003
2,263538e+003;2,724926e-003
2,264020e+003;2,768773e-003
2,264502e+003;2,812192e-003
2,264985e+003;2,852913e-003
2,265467e+003;2,888769e-003
2,265949e+003;2,916388e-003
2,266431e+003;2,930932e-003
2,266913e+003;2,927362e-003
2,267395e+003;2,900910e-003
2,267877e+003;2,850879e-003
2,268359e+003;2,782179e-003
2,268842e+003;2,705387e-003
2,269324e+003;2,634843e-003
2,269806e+003;2,586876e-003
2,270288e+003;2,573443e-003
2,270770e+003;2,599576e-003
2,271252e+003;2,662713e-003
2,271734e+003;2,752801e-003
2,272216e+003;2,856315e-003
2,272698e+003;2,958420e-003
2,273181e+003;3,048669e-003
2,273663e+003;3,121183e-003
2,274145e+003;3,175117e-003
2,274627e+003;3,212935e-003
2,275109e+003;3,237403e-003
2,275591e+003;3,250489e-003
2,276073e+003;3,252125e-003
2,276555e+003;3,241142e-003
2,277038e+003;3,217475e-003
2,277520e+003;3,183395e-003
2,278002e+003;3,144912e-003
2,278484e+003;3,111104e-003
2,278966e+003;3,091916e-003
2,279448e+003;3,096921e-003
2,279930e+003;3,130895e-003
2,280412e+003;3,194476e-003
2,280895e+003;3,281570e-003
2,281376e+003;3,382539e-003
2,281859e+003;3,483966e-003
2,282341e+003;3,571485e-003
2,282823e+003;3,633627e-003
2,283305e+003;3,660258e-003
2,283787e+003;3,646792e-003
2,284269e+003;3,593100e-003
2,284751e+003;3,505410e-003
2,285233e+003;3,394160e-003
2,285716e+003;3,274559e-003
2,286198e+003;3,164136e-003
2,286680e+003;3,078568e-003
2,287162e+003;3,030985e-003
2,287644e+003;3,027882e-003
2,288126e+003;3,068090e-003
2,288608e+003;3,142843e-003
2,289090e+003;3,237904e-003
2,289573e+003;3,337628e-003
2,290055e+003;3,427555e-003
2,290537e+003;3,498595e-003
2,291019e+003;3,548668e-003
2,291501e+003;3,582008e-003
2,291983e+003;3,606965e-003
2,292465e+003;3,633160e-003
2,292947e+003;3,667676e-003
2,293429e+003;3,713290e-003
2,293912e+003;3,766563e-003
2,294394e+003;3,820276e-003
2,294876e+003;3,864769e-003
2,295358e+003;3,891448e-003
2,295840e+003;3,895359e-003
2,296322e+003;3,876604e-003
2,296804e+003;3,840734e-003
2,297286e+003;3,797246e-003
2,297769e+003;3,756803e-003
2,298251e+003;3,729431e-003
2,298733e+003;3,721177e-003
2,299215e+003;3,733509e-003
2,299697e+003;3,762853e-003
2,300179e+003;3,801825e-003
2,300661e+003;3,840433e-003
2,301143e+003;3,869851e-003
2,301625e+003;3,883591e-003
2,302108e+003;3,879512e-003
2,302590e+003;3,860290e-003
2,303072e+003;3,831675e-003
2,303554e+003;3,802426e-003
2,304036e+003;3,780734e-003
2,304518e+003;3,772378e-003
2,305000e+003;3,780400e-003
2,305482e+003;3,804766e-003
2,305965e+003;3,843475e-003
2,306447e+003;3,894523e-003
2,306929e+003;3,957347e-003
2,307411e+003;4,032053e-003
2,307893e+003;4,118980e-003
2,308375e+003;4,216464e-003
2,308857e+003;4,318621e-003
2,309339e+003;4,415480e-003
2,309822e+003;4,494683e-003
2,310303e+003;4,543666e-003
2,310786e+003;4,555786e-003
2,311268e+003;4,532181e-003
2,311750e+003;4,483602e-003
2,312232e+003;4,427062e-003
2,312714e+003;4,381574e-003
2,313196e+003;4,361157e-003
2,313678e+003;4,370462e-003
2,314160e+003;4,403464e-003
2,314643e+003;4,446042e-003
2,315125e+003;4,482832e-003
2,315607e+003;4,501145e-003
2,316089e+003;4,497261e-003
2,316571e+003;4,476605e-003
2,317053e+003;4,452100e-003
2,317535e+003;4,437974e-003
2,318017e+003;4,446075e-003
2,318500e+003;4,481560e-003
2,318982e+003;4,542494e-003
2,319464e+003;4,621855e-003
2,319946e+003;4,711144e-003
2,320428e+003;4,804204e-003
2,320910e+003;4,898390e-003
2,321392e+003;4,993033e-003
2,321874e+003;5,087494e-003
2,322356e+003;5,178221e-003
2,322839e+003;5,259006e-003
2,323321e+003;5,321323e-003
2,323803e+003;5,358221e-003
2,324285e+003;5,367077e-003
2,324767e+003;5,350506e-003
2,325249e+003;5,316292e-003
2,325731e+003;5,274903e-003
2,326213e+003;5,237307e-003
2,326696e+003;5,212223e-003
2,327178e+003;5,204779e-003
2,327660e+003;5,215945e-003
2,328142e+003;5,243109e-003
2,328624e+003;5,282416e-003
2,329106e+003;5,328669e-003
2,329588e+003;5,377879e-003
2,330070e+003;5,427498e-003
2,330552e+003;5,475646e-003
2,331035e+003;5,521585e-003
2,331517e+003;5,563903e-003
2,331999e+003;5,599916e-003
2,332481e+003;5,625728e-003
2,332963e+003;5,635025e-003
2,333445e+003;5,621498e-003
2,333927e+003;5,580047e-003
2,334409e+003;5,508799e-003
2,334892e+003;5,410824e-003
2,335374e+003;5,295395e-003
2,335856e+003;5,176075e-003
2,336338e+003;5,068017e-003
2,336820e+003;4,983983e-003
2,337302e+003;4,932236e-003
2,337784e+003;4,914777e-003
2,338266e+003;4,928550e-003
2,338749e+003;4,968231e-003
2,339230e+003;5,028998e-003
2,339713e+003;5,108246e-003
2,340195e+003;5,204410e-003
2,340677e+003;5,315956e-003
2,341159e+003;5,436691e-003
2,341641e+003;5,555178e-003
2,342123e+003;5,656039e-003
2,342605e+003;5,721502e-003
2,343087e+003;5,737853e-003
2,343570e+003;5,699277e-003
2,344052e+003;5,610120e-003
2,344534e+003;5,484270e-003
2,345016e+003;5,343093e-003
2,345498e+003;5,208836e-003
2,345980e+003;5,097921e-003
2,346462e+003;5,020551e-003
2,346944e+003;4,979190e-003
2,347427e+003;4,971314e-003
2,347909e+003;4,991859e-003
2,348391e+003;5,035501e-003
2,348873e+003;5,096915e-003
2,349355e+003;5,170039e-003
2,349837e+003;5,249314e-003
2,350319e+003;5,328502e-003
2,350801e+003;5,403141e-003
2,351283e+003;5,472157e-003
2,351766e+003;5,539304e-003
2,352248e+003;5,613678e-003
2,352730e+003;5,705152e-003
2,353212e+003;5,821865e-003
2,353694e+003;5,964474e-003
2,354176e+003;6,124940e-003
2,354658e+003;6,286507e-003
2,355140e+003;6,430783e-003
2,355623e+003;6,542241e-003
2,356105e+003;6,614567e-003
2,356587e+003;6,651844e-003
2,357069e+003;6,667119e-003
2,357551e+003;6,676373e-003
2,358033e+003;6,691817e-003
2,358515e+003;6,718737e-003
2,358997e+003;6,752826e-003
2,359479e+003;6,783351e-003
2,359962e+003;6,796409e-003
2,360444e+003;6,782139e-003
2,360926e+003;6,736706e-003
2,361408e+003;6,664360e-003
2,361890e+003;6,576048e-003
2,362372e+003;6,485600e-003
2,362854e+003;6,406975e-003
2,363336e+003;6,348099e-003
2,363819e+003;6,310141e-003
2,364301e+003;6,286138e-003
2,364783e+003;6,263817e-003
2,365265e+003;6,228623e-003
2,365747e+003;6,168359e-003
2,366229e+003;6,077829e-003
2,366711e+003;5,958662e-003
2,367193e+003;5,819346e-003
2,367676e+003;5,672219e-003
2,368157e+003;5,530410e-003
2,368640e+003;5,404785e-003
2,369122e+003;5,303043e-003
2,369604e+003;5,230332e-003
2,370086e+003;5,189287e-003
2,370568e+003;5,180635e-003
2,371050e+003;5,202901e-003
2,371532e+003;5,249917e-003
2,372014e+003;5,310925e-003
2,372497e+003;5,369225e-003
2,372979e+003;5,406026e-003
2,373461e+003;5,403309e-003
2,373943e+003;5,349768e-003
2,374425e+003;5,244451e-003
2,374907e+003;5,097820e-003
2,375389e+003;4,928751e-003
2,375872e+003;4,760486e-003
2,376354e+003;4,614253e-003
2,376836e+003;4,502283e-003
2,377318e+003;4,426761e-003
2,377800e+003;4,380235e-003
2,378282e+003;4,349075e-003
2,378764e+003;4,318420e-003
2,379246e+003;4,276524e-003
2,379729e+003;4,218438e-003
2,380210e+003;4,145340e-003
2,380693e+003;4,062855e-003
2,381175e+003;3,978581e-003
2,381657e+003;3,899304e-003
2,382139e+003;3,829235e-003
2,382621e+003;3,770105e-003
2,383103e+003;3,722246e-003
2,383585e+003;3,685854e-003
2,384067e+003;3,662330e-003
2,384550e+003;3,654076e-003
2,385032e+003;3,663299e-003
2,385514e+003;3,690566e-003
2,385996e+003;3,732874e-003
2,386478e+003;3,783308e-003
2,386960e+003;3,830505e-003
2,387442e+003;3,862964e-003
2,387924e+003;3,870252e-003
2,388406e+003;3,847018e-003
2,388889e+003;3,794839e-003
2,389371e+003;3,722413e-003
2,389853e+003;3,644052e-003
2,390335e+003;3,575060e-003
2,390817e+003;3,529861e-003
2,391299e+003;3,516867e-003
2,391781e+003;3,537611e-003
2,392263e+003;3,586585e-003
2,392746e+003;3,653241e-003
2,393228e+003;3,725321e-003
2,393710e+003;3,790962e-003
2,394192e+003;3,841770e-003
2,394674e+003;3,873829e-003
2,395156e+003;3,886834e-003
2,395638e+003;3,883290e-003
2,396120e+003;3,867511e-003
2,396603e+003;3,844411e-003
2,397085e+003;3,818371e-003
2,397567e+003;3,794104e-003
2,398049e+003;3,775720e-003
2,398531e+003;3,766563e-003
2,399013e+003;3,768702e-003
2,399495e+003;3,782405e-003
2,399977e+003;3,804934e-003
2,400459e+003;3,831040e-003
2,400942e+003;3,853938e-003
2,401424e+003;3,866909e-003
2,401906e+003;3,865271e-003
2,402388e+003;3,847687e-003
2,402870e+003;3,817669e-003
2,403352e+003;3,781770e-003
2,403834e+003;3,747679e-003
2,404316e+003;3,722347e-003
2,404799e+003;3,709246e-003
2,405281e+003;3,707776e-003
2,405763e+003;3,713724e-003
2,406245e+003;3,721645e-003
2,406727e+003;3,727326e-003
2,407209e+003;3,729532e-003
2,407691e+003;3,730568e-003
2,408173e+003;3,735180e-003
2,408656e+003;3,748247e-003
2,409137e+003;3,772011e-003
2,409620e+003;3,804733e-003
2,410102e+003;3,840633e-003
2,410584e+003;3,872492e-003
2,411066e+003;3,893387e-003
2,411548e+003;3,900073e-003
2,412030e+003;3,893654e-003
2,412512e+003;3,879546e-003
2,412994e+003;3,865037e-003
2,413477e+003;3,856780e-003
2,413959e+003;3,858785e-003
2,414441e+003;3,871355e-003
2,414923e+003;3,892016e-003
2,415405e+003;3,916188e-003
2,415887e+003;3,939793e-003
2,416369e+003;3,959320e-003
2,416851e+003;3,972729e-003
2,417333e+003;3,978648e-003
2,417816e+003;3,976541e-003
2,418298e+003;3,966543e-003
2,418780e+003;3,949891e-003
2,419262e+003;3,929729e-003
2,419744e+003;3,909769e-003
2,420226e+003;3,894824e-003
2,420708e+003;3,888104e-003
2,421190e+003;3,889408e-003
2,421673e+003;3,895760e-003
2,422155e+003;3,900842e-003
2,422637e+003;3,898702e-003
2,423119e+003;3,885597e-003
2,423601e+003;3,862563e-003
2,424083e+003;3,835051e-003
2,424565e+003;3,811919e-003
2,425047e+003;3,801390e-003
2,425530e+003;3,808343e-003
2,426012e+003;3,832210e-003
2,426494e+003;3,867644e-003
2,426976e+003;3,906258e-003
2,427458e+003;3,939894e-003
2,427940e+003;3,963567e-003
2,428422e+003;3,975337e-003
2,428904e+003;3,975738e-003
2,429386e+003;3,965941e-003
2,429869e+003;3,945979e-003
2,430351e+003;3,914717e-003
2,430833e+003;3,871355e-003
2,431315e+003;3,816900e-003
2,431797e+003;3,756636e-003
2,432279e+003;3,698954e-003
2,432761e+003;3,654243e-003
2,433243e+003;3,630520e-003
2,433726e+003;3,630253e-003
2,434208e+003;3,649432e-003
2,434690e+003;3,679004e-003
2,435172e+003;3,707442e-003
2,435654e+003;3,725755e-003
2,436136e+003;3,731336e-003
2,436618e+003;3,728429e-003
2,437100e+003;3,725455e-003
2,437583e+003;3,732306e-003
2,438064e+003;3,755433e-003
2,438547e+003;3,795240e-003
2,439029e+003;3,845781e-003
2,439511e+003;3,896462e-003
2,439993e+003;3,937252e-003
2,440475e+003;3,960156e-003
2,440957e+003;3,963199e-003
2,441439e+003;3,949556e-003
2,441921e+003;3,926419e-003
2,442404e+003;3,902012e-003
2,442886e+003;3,883390e-003
2,443368e+003;3,874765e-003
2,443850e+003;3,876838e-003
2,444332e+003;3,888104e-003
2,444814e+003;3,905021e-003
2,445296e+003;3,923276e-003
2,445778e+003;3,939693e-003
2,446260e+003;3,951462e-003
2,446743e+003;3,957548e-003
2,447225e+003;3,957849e-003
2,447707e+003;3,953971e-003
2,448189e+003;3,948153e-003
2,448671e+003;3,943571e-003
2,449153e+003;3,943772e-003
2,449635e+003;3,951028e-003
2,450117e+003;3,966944e-003
2,450600e+003;3,991455e-003
2,451082e+003;4,022522e-003
2,451564e+003;4,055965e-003
2,452046e+003;4,086568e-003
2,452528e+003;4,108042e-003
2,453010e+003;4,114498e-003
2,453492e+003;4,101587e-003
2,453974e+003;4,068139e-003
2,454457e+003;4,017004e-003
2,454939e+003;3,954204e-003
2,455421e+003;3,889910e-003
2,455903e+003;3,835185e-003
2,456385e+003;3,799585e-003
2,456867e+003;3,790093e-003
2,457349e+003;3,808677e-003
2,457831e+003;3,852400e-003
2,458313e+003;3,913981e-003
2,458796e+003;3,984165e-003
2,459278e+003;4,053323e-003
2,459760e+003;4,113059e-003
2,460242e+003;4,158486e-003
2,460724e+003;4,186788e-003
2,461206e+003;4,198364e-003
2,461688e+003;4,194885e-003
2,462170e+003;4,179228e-003
2,462653e+003;4,154271e-003
2,463135e+003;4,122927e-003
2,463617e+003;4,087405e-003
2,464099e+003;4,050313e-003
2,464581e+003;4,013626e-003
2,465063e+003;3,979985e-003
2,465545e+003;3,951596e-003
2,466027e+003;3,930799e-003
2,466510e+003;3,919164e-003
2,466992e+003;3,916723e-003
2,467474e+003;3,921972e-003
2,467956e+003;3,931267e-003
2,468438e+003;3,940662e-003
2,468920e+003;3,945945e-003
2,469402e+003;3,944173e-003
2,469884e+003;3,934778e-003
2,470366e+003;3,919532e-003
2,470849e+003;3,901444e-003
2,471331e+003;3,883691e-003
2,471813e+003;3,868480e-003
2,472295e+003;3,856312e-003
2,472777e+003;3,845915e-003
2,473259e+003;3,836488e-003
2,473741e+003;3,827864e-003
2,474223e+003;3,822415e-003
2,474706e+003;3,823920e-003
2,475188e+003;3,835987e-003
2,475670e+003;3,860290e-003
2,476152e+003;3,894657e-003
2,476634e+003;3,933173e-003
2,477116e+003;3,967814e-003
2,477598e+003;3,991455e-003
2,478080e+003;4,001219e-003
2,478563e+003;4,000250e-003
2,479044e+003;3,996872e-003
2,479527e+003;4,002189e-003
2,480009e+003;4,025766e-003
2,480491e+003;4,071083e-003
2,480973e+003;4,133966e-003
2,481455e+003;4,202780e-003
2,481937e+003;4,262504e-003
2,482419e+003;4,298509e-003
2,482901e+003;4,301688e-003
2,483384e+003;4,271270e-003
2,483866e+003;4,214021e-003
2,484348e+003;4,141626e-003
2,484830e+003;4,066802e-003
2,485312e+003;3,999815e-003
2,485794e+003;3,945244e-003
2,486276e+003;3,902480e-003
2,486758e+003;3,867711e-003
2,487240e+003;3,836254e-003
2,487723e+003;3,805736e-003
2,488205e+003;3,777692e-003
2,488687e+003;3,756904e-003
2,489169e+003;3,751088e-003
2,489651e+003;3,766797e-003
2,490133e+003;3,807674e-003
2,490615e+003;3,872057e-003
2,491097e+003;3,952365e-003
2,491580e+003;4,036066e-003
2,492062e+003;4,108076e-003
2,492544e+003;4,155476e-003
2,493026e+003;4,169191e-003
2,493508e+003;4,147849e-003
2,493990e+003;4,097406e-003
2,494472e+003;4,030648e-003
2,494954e+003;3,962263e-003
2,495437e+003;3,905155e-003
2,495919e+003;3,867377e-003
2,496401e+003;3,849626e-003
2,496883e+003;3,846952e-003
2,497365e+003;3,850629e-003
2,497847e+003;3,853236e-003
2,498329e+003;3,850863e-003
2,498811e+003;3,844511e-003
2,499293e+003;3,839497e-003
2,499776e+003;3,841603e-003
2,500258e+003;3,854807e-003
2,500740e+003;3,877908e-003
2,501222e+003;3,905021e-003
2,501704e+003;3,927890e-003
2,502186e+003;3,938891e-003
2,502668e+003;3,934878e-003
2,503150e+003;3,918495e-003
2,503633e+003;3,897532e-003
2,504115e+003;3,882220e-003
2,504597e+003;3,880348e-003
2,505079e+003;3,895125e-003
2,505561e+003;3,922774e-003
2,506043e+003;3,955174e-003
2,506525e+003;3,981323e-003
2,507007e+003;3,992324e-003
2,507490e+003;3,984767e-003
2,507971e+003;3,961494e-003
2,508454e+003;3,930699e-003
2,508936e+003;3,902948e-003
2,509418e+003;3,888907e-003
2,509900e+003;3,894490e-003
2,510382e+003;3,920568e-003
2,510864e+003;3,962463e-003
2,511346e+003;4,011854e-003
2,511828e+003;4,059277e-003
2,512311e+003;4,095967e-003
2,512793e+003;4,116739e-003
2,513275e+003;4,120385e-003
2,513757e+003;4,109247e-003
2,514239e+003;4,088743e-003
2,514721e+003;4,065865e-003
2,515203e+003;4,047471e-003
2,515685e+003;4,038708e-003
2,516167e+003;4,043190e-003
2,516650e+003;4,061417e-003
2,517132e+003;4,091954e-003
2,517614e+003;4,131357e-003
2,518096e+003;4,175347e-003
2,518578e+003;4,218940e-003
2,519060e+003;4,257184e-003
2,519542e+003;4,285626e-003
2,520024e+003;4,300416e-003
2,520507e+003;4,298877e-003
2,520989e+003;4,279736e-003
2,521471e+003;4,243532e-003
2,521953e+003;4,193379e-003
2,522435e+003;4,134234e-003
2,522917e+003;4,073524e-003
2,523399e+003;4,019144e-003
2,523881e+003;3,979283e-003
2,524364e+003;3,960959e-003
2,524846e+003;3,967579e-003
2,525328e+003;3,999514e-003
2,525810e+003;4,052822e-003
2,526292e+003;4,120185e-003
2,526774e+003;4,191840e-003
2,527256e+003;4,257518e-003
2,527738e+003;4,309017e-003
2,528220e+003;4,340775e-003
2,528703e+003;4,352154e-003
2,529185e+003;4,346197e-003
2,529667e+003;4,329263e-003
2,530149e+003;4,308682e-003
2,530631e+003;4,290578e-003
2,531113e+003;4,278933e-003
2,531595e+003;4,273847e-003
2,532077e+003;4,272508e-003
2,532560e+003;4,269999e-003
2,533042e+003;4,261600e-003
2,533524e+003;4,243833e-003
2,534006e+003;4,216096e-003
2,534488e+003;4,180633e-003
2,534970e+003;4,142764e-003
2,535452e+003;4,108778e-003
2,535934e+003;4,085164e-003
2,536417e+003;4,077337e-003
2,536898e+003;4,087304e-003
2,537381e+003;4,114030e-003
2,537863e+003;4,153368e-003
2,538345e+003;4,199401e-003
2,538827e+003;4,245439e-003
2,539309e+003;4,286462e-003
2,539791e+003;4,320294e-003
2,540273e+003;4,347971e-003
2,540755e+003;4,372972e-003
2,541238e+003;4,399748e-003
2,541720e+003;4,431112e-003
2,542202e+003;4,467433e-003
2,542684e+003;4,505196e-003
2,543166e+003;4,539045e-003
2,543648e+003;4,563387e-003
2,544130e+003;4,574805e-003
2,544612e+003;4,574035e-003
2,545094e+003;4,565631e-003
2,545577e+003;4,557059e-003
2,546059e+003;4,555786e-003
2,546541e+003;4,566234e-003
2,547023e+003;4,588668e-003
2,547505e+003;4,618606e-003
2,547987e+003;4,648512e-003
2,548469e+003;4,670348e-003
2,548951e+003;4,677449e-003
2,549434e+003;4,667301e-003
2,549916e+003;4,641312e-003
2,550398e+003;4,604708e-003
2,550880e+003;4,565129e-003
2,551362e+003;4,531545e-003
2,551844e+003;4,511456e-003
2,552326e+003;4,510820e-003
2,552808e+003;4,531980e-003
2,553291e+003;4,573332e-003
2,553773e+003;4,628920e-003
2,554255e+003;4,689573e-003
2,554737e+003;4,744138e-003
2,555219e+003;4,781892e-003
2,555701e+003;4,795628e-003
2,556183e+003;4,782696e-003
2,556665e+003;4,746349e-003
2,557147e+003;4,693727e-003
2,557630e+003;4,635283e-003
2,558112e+003;4,581603e-003
2,558594e+003;4,541523e-003
2,559076e+003;4,521735e-003
2,559558e+003;4,526322e-003
2,560040e+003;4,556456e-003
2,560522e+003;4,611272e-003
2,561004e+003;4,686994e-003
2,561487e+003;4,776834e-003
2,561969e+003;4,870645e-003
2,562451e+003;4,956668e-003
2,562933e+003;5,023735e-003
2,563415e+003;5,063894e-003
2,563897e+003;5,075492e-003
2,564379e+003;5,063827e-003
2,564861e+003;5,040127e-003
2,565344e+003;5,016663e-003
2,565825e+003;5,004328e-003
2,566308e+003;5,007847e-003
2,566790e+003;5,024070e-003
2,567272e+003;5,043847e-003
2,567754e+003;5,055949e-003
2,568236e+003;5,051122e-003
2,568718e+003;5,025545e-003
2,569200e+003;4,983111e-003
2,569682e+003;4,934046e-003
2,570165e+003;4,892191e-003
2,570647e+003;4,870578e-003
2,571129e+003;4,878620e-003
2,571611e+003;4,919401e-003
2,572093e+003;4,989748e-003
2,572575e+003;5,080856e-003
2,573057e+003;5,180467e-003
2,573539e+003;5,275942e-003
2,574021e+003;5,355471e-003
2,574504e+003;5,410723e-003
2,574986e+003;5,438436e-003
2,575468e+003;5,440080e-003
2,575950e+003;5,421325e-003
2,576432e+003;5,390426e-003
2,576914e+003;5,356410e-003
2,577396e+003;5,325885e-003
2,577878e+003;5,303177e-003
2,578361e+003;5,289761e-003
2,578843e+003;5,285132e-003
2,579325e+003;5,288956e-003
2,579807e+003;5,301835e-003
2,580289e+003;5,326287e-003
2,580771e+003;5,364561e-003
2,581253e+003;5,418205e-003
2,581735e+003;5,485209e-003
2,582218e+003;5,559876e-003
2,582700e+003;5,633784e-003
2,583182e+003;5,697330e-003
2,583664e+003;5,742553e-003
2,584146e+003;5,765754e-003
2,584628e+003;5,767433e-003
2,585110e+003;5,752760e-003
2,585592e+003;5,728317e-003
2,586074e+003;5,701896e-003
2,586557e+003;5,679369e-003
2,587039e+003;5,665001e-003
2,587521e+003;5,661343e-003
2,588003e+003;5,669701e-003
2,588485e+003;5,690213e-003
2,588967e+003;5,722643e-003
2,589449e+003;5,764680e-003
2,589931e+003;5,812999e-003
2,590414e+003;5,861996e-003
2,590896e+003;5,906195e-003
2,591378e+003;5,940087e-003
2,591860e+003;5,960544e-003
2,592342e+003;5,967329e-003
2,592824e+003;5,963063e-003
2,593306e+003;5,953086e-003
2,593788e+003;5,943177e-003
2,594271e+003;5,939180e-003
2,594752e+003;5,944756e-003
2,595235e+003;5,961283e-003
2,595717e+003;5,987653e-003
2,596199e+003;6,020879e-003
2,596681e+003;6,056392e-003
2,597163e+003;6,089354e-003
2,597645e+003;6,114825e-003
2,598127e+003;6,129645e-003
2,598609e+003;6,131963e-003
2,599092e+003;6,122420e-003
2,599574e+003;6,104711e-003
2,600056e+003;6,084045e-003
2,600538e+003;6,067547e-003
2,601020e+003;6,062809e-003
2,601502e+003;6,075678e-003
2,601984e+003;6,110020e-003
2,602466e+003;6,166107e-003
2,602948e+003;6,240152e-003
2,603431e+003;6,324060e-003
2,603913e+003;6,407176e-003
2,604395e+003;6,477529e-003
2,604877e+003;6,524246e-003
2,605359e+003;6,540358e-003
2,605841e+003;6,524750e-003
2,606323e+003;6,482641e-003
2,606805e+003;6,424461e-003
2,607288e+003;6,364540e-003
2,607770e+003;6,317100e-003
2,608252e+003;6,292962e-003
2,608734e+003;6,297232e-003
2,609216e+003;6,328060e-003
2,609698e+003;6,377989e-003
2,610180e+003;6,435087e-003
2,610662e+003;6,487147e-003
2,611145e+003;6,523876e-003
2,611627e+003;6,538911e-003
2,612109e+003;6,531141e-003
2,612591e+003;6,503930e-003
2,613073e+003;6,464682e-003
2,613555e+003;6,421838e-003
2,614037e+003;6,384311e-003
2,614519e+003;6,359564e-003
2,615001e+003;6,350721e-003
2,615484e+003;6,358353e-003
2,615966e+003;6,378931e-003
2,616448e+003;6,406840e-003
2,616930e+003;6,435390e-003
2,617412e+003;6,459099e-003
2,617894e+003;6,475141e-003
2,618376e+003;6,483818e-003
2,618858e+003;6,488224e-003
2,619341e+003;6,492798e-003
2,619823e+003;6,502383e-003
2,620305e+003;6,519570e-003
2,620787e+003;6,544899e-003
2,621269e+003;6,576182e-003
2,621751e+003;6,609723e-003
2,622233e+003;6,641112e-003
2,622715e+003;6,666346e-003
2,623198e+003;6,683068e-003
2,623679e+003;6,690639e-003
2,624162e+003;6,690336e-003
2,624644e+003;6,685053e-003
2,625126e+003;6,679031e-003
2,625608e+003;6,676608e-003
2,626090e+003;6,681554e-003
2,626572e+003;6,695485e-003
2,627054e+003;6,717525e-003
2,627536e+003;6,743672e-003
2,628019e+003;6,767566e-003
2,628501e+003;6,782375e-003
2,628983e+003;6,782509e-003
2,629465e+003;6,765211e-003
2,629947e+003;6,732433e-003
2,630429e+003;6,689361e-003
2,630911e+003;6,643332e-003
2,631393e+003;6,601985e-003
2,631875e+003;6,571136e-003
2,632358e+003;6,553947e-003
2,632840e+003;6,550348e-003
2,633322e+003;6,558354e-003
2,633804e+003;6,575173e-003
2,634286e+003;6,598217e-003
2,634768e+003;6,625097e-003
2,635250e+003;6,654569e-003
2,635732e+003;6,684953e-003
2,636215e+003;6,714833e-003
2,636697e+003;6,742797e-003
2,637179e+003;6,767735e-003
2,637661e+003;6,789342e-003
2,638143e+003;6,808021e-003
2,638625e+003;6,824917e-003
2,639107e+003;6,840906e-003
2,639589e+003;6,856087e-003
2,640072e+003;6,870023e-003
2,640554e+003;6,881805e-003
2,641036e+003;6,890624e-003
2,641518e+003;6,896549e-003
2,642000e+003;6,900959e-003
2,642482e+003;6,906144e-003
2,642964e+003;6,914257e-003
2,643446e+003;6,926411e-003
2,643928e+003;6,942268e-003
2,644411e+003;6,959607e-003
2,644893e+003;6,975466e-003
2,645375e+003;6,986746e-003
2,645857e+003;6,991897e-003
2,646339e+003;6,990955e-003
2,646821e+003;6,985702e-003
2,647303e+003;6,979439e-003
2,647785e+003;6,975499e-003
2,648268e+003;6,976914e-003
2,648750e+003;6,985601e-003
2,649232e+003;7,002370e-003
2,649714e+003;7,026884e-003
2,650196e+003;7,058034e-003
2,650678e+003;7,093800e-003
2,651160e+003;7,132096e-003
2,651642e+003;7,170091e-003
2,652125e+003;7,204890e-003
2,652606e+003;7,234436e-003
2,653089e+003;7,257279e-003
2,653571e+003;7,272845e-003
2,654053e+003;7,281875e-003
2,654535e+003;7,285851e-003
2,655017e+003;7,286794e-003
2,655499e+003;7,286659e-003
2,655981e+003;7,287266e-003
2,656463e+003;7,289793e-003
2,656946e+003;7,294881e-003
2,657428e+003;7,302665e-003
2,657910e+003;7,312908e-003
2,658392e+003;7,324803e-003
2,658874e+003;7,337709e-003
2,659356e+003;7,351054e-003
2,659838e+003;7,364669e-003
2,660320e+003;7,379026e-003
2,660802e+003;7,395473e-003
2,661285e+003;7,415358e-003
2,661767e+003;7,439525e-003
2,662249e+003;7,468446e-003
2,662731e+003;7,500774e-003
2,663213e+003;7,534082e-003
2,663695e+003;7,565201e-003
2,664177e+003;7,590793e-003
2,664659e+003;7,608259e-003
2,665142e+003;7,616655e-003
2,665624e+003;7,616453e-003
2,666106e+003;7,609776e-003
2,666588e+003;7,599661e-003
2,667070e+003;7,589545e-003
2,667552e+003;7,582363e-003
2,668034e+003;7,580508e-003
2,668516e+003;7,584858e-003
2,668999e+003;7,595210e-003
2,669481e+003;7,609979e-003
2,669963e+003;7,627075e-003
2,670445e+003;7,644071e-003
2,670927e+003;7,659145e-003
2,671409e+003;7,671589e-003
2,671891e+003;7,681909e-003
2,672373e+003;7,691386e-003
2,672855e+003;7,701267e-003
2,673338e+003;7,711757e-003
2,673820e+003;7,720964e-003
2,674302e+003;7,725923e-003
2,674784e+003;7,722651e-003
2,675266e+003;7,708182e-003
2,675748e+003;7,682044e-003
2,676230e+003;7,647342e-003
2,676712e+003;7,609911e-003
2,677195e+003;7,577238e-003
2,677677e+003;7,556300e-003
2,678159e+003;7,551074e-003
2,678641e+003;7,561728e-003
2,679123e+003;7,584487e-003
2,679605e+003;7,613149e-003
2,680087e+003;7,640698e-003
2,680569e+003;7,661405e-003
2,681052e+003;7,672263e-003
2,681533e+003;7,673073e-003
2,682016e+003;7,665384e-003
2,682498e+003;7,652231e-003
2,682980e+003;7,636517e-003
2,683462e+003;7,620870e-003
2,683944e+003;7,606978e-003
2,684426e+003;7,595952e-003
2,684908e+003;7,587825e-003
2,685390e+003;7,582127e-003
2,685873e+003;7,577036e-003
2,686355e+003;7,570765e-003
2,686837e+003;7,561021e-003
2,687319e+003;7,546759e-003
2,687801e+003;7,528519e-003
2,688283e+003;7,509000e-003
2,688765e+003;7,492043e-003
2,689247e+003;7,481728e-003
2,689729e+003;7,480952e-003
2,690212e+003;7,489953e-003
2,690694e+003;7,506910e-003
2,691176e+003;7,527306e-003
2,691658e+003;7,546927e-003
2,692140e+003;7,562470e-003
2,692622e+003;7,572821e-003
2,693104e+003;7,578823e-003
2,693586e+003;7,582633e-003
2,694069e+003;7,586308e-003
2,694551e+003;7,590219e-003
2,695033e+003;7,593389e-003
2,695515e+003;7,593423e-003
2,695997e+003;7,588095e-003
2,696479e+003;7,576227e-003
2,696961e+003;7,558492e-003
2,697443e+003;7,537319e-003
2,697926e+003;7,516282e-003
2,698408e+003;7,498482e-003
2,698890e+003;7,486346e-003
2,699372e+003;7,480582e-003
2,699854e+003;7,480851e-003
2,700336e+003;7,485975e-003
2,700818e+003;7,494571e-003
2,701300e+003;7,505359e-003
2,701782e+003;7,517495e-003
2,702265e+003;7,529699e-003
2,702747e+003;7,541365e-003
2,703229e+003;7,551782e-003
2,703711e+003;7,560852e-003
2,704193e+003;7,569314e-003
2,704675e+003;7,578587e-003
2,705157e+003;7,590287e-003
2,705639e+003;7,605325e-003
2,706122e+003;7,623770e-003
2,706604e+003;7,644340e-003
2,707086e+003;7,664979e-003
2,707568e+003;7,683899e-003
2,708050e+003;7,700425e-003
2,708532e+003;7,716209e-003
2,709014e+003;7,734659e-003
2,709496e+003;7,760091e-003
2,709979e+003;7,796388e-003
2,710461e+003;7,845103e-003
2,710943e+003;7,904283e-003
2,711425e+003;7,968567e-003
2,711907e+003;8,030870e-003
2,712389e+003;8,083426e-003
2,712871e+003;8,120290e-003
2,713353e+003;8,139296e-003
2,713835e+003;8,141964e-003
2,714318e+003;8,133288e-003
2,714800e+003;8,120492e-003
2,715282e+003;8,111209e-003
2,715764e+003;8,111647e-003
2,716246e+003;8,125691e-003
2,716728e+003;8,154388e-003
2,717210e+003;8,195951e-003
2,717692e+003;8,246737e-003
2,718175e+003;8,301852e-003
2,718656e+003;8,356095e-003
2,719139e+003;8,405042e-003
2,719621e+003;8,445278e-003
2,720103e+003;8,475414e-003
2,720585e+003;8,496059e-003
2,721067e+003;8,509811e-003
2,721549e+003;8,520557e-003
2,722031e+003;8,533296e-003
2,722513e+003;8,552017e-003
2,722996e+003;8,579322e-003
2,723478e+003;8,615079e-003
2,723960e+003;8,656720e-003
2,724442e+003;8,699075e-003
2,724924e+003;8,736025e-003
2,725406e+003;8,762226e-003
2,725888e+003;8,774025e-003
2,726370e+003;8,771186e-003
2,726853e+003;8,756039e-003
2,727335e+003;8,733726e-003
2,727817e+003;8,709352e-003
2,728299e+003;8,687379e-003
2,728781e+003;8,669666e-003
2,729263e+003;8,654996e-003
2,729745e+003;8,639414e-003
2,730227e+003;8,617546e-003
2,730709e+003;8,584426e-003
2,731192e+003;8,536945e-003
2,731674e+003;8,475178e-003
2,732156e+003;8,402069e-003
2,732638e+003;8,323670e-003
2,733120e+003;8,247513e-003
2,733602e+003;8,180385e-003
2,734084e+003;8,127581e-003
2,734566e+003;8,091528e-003
2,735049e+003;8,070936e-003
2,735531e+003;8,061823e-003
2,736013e+003;8,058109e-003
2,736495e+003;8,053215e-003
2,736977e+003;8,041570e-003
2,737459e+003;8,020069e-003
2,737941e+003;7,988682e-003
2,738423e+003;7,950176e-003
2,738906e+003;7,909513e-003
2,739388e+003;7,872263e-003
2,739870e+003;7,842978e-003
2,740352e+003;7,824017e-003
2,740834e+003;7,815279e-003
2,741316e+003;7,813964e-003
2,741798e+003;7,816123e-003
2,742280e+003;7,817269e-003
2,742762e+003;7,813863e-003
2,743245e+003;7,804012e-003
2,743727e+003;7,787583e-003
2,744209e+003;7,765623e-003
2,744691e+003;7,740055e-003
2,745173e+003;7,712836e-003
2,745655e+003;7,685551e-003
2,746137e+003;7,659684e-003
2,746619e+003;7,636517e-003
2,747102e+003;7,616993e-003
2,747583e+003;7,602190e-003
2,748066e+003;7,593187e-003
2,748548e+003;7,590455e-003
2,749030e+003;7,594029e-003
2,749512e+003;7,603808e-003
2,749994e+003;7,618948e-003
2,750476e+003;7,638675e-003
2,750958e+003;7,662112e-003
2,751440e+003;7,688587e-003
2,751923e+003;7,717120e-003
2,752405e+003;7,746666e-003
2,752887e+003;7,775608e-003
2,753369e+003;7,802258e-003
2,753851e+003;7,824692e-003
2,754333e+003;7,841189e-003
2,754815e+003;7,851108e-003
2,755297e+003;7,854617e-003
2,755780e+003;7,853099e-003
2,756262e+003;7,848713e-003
2,756744e+003;7,843787e-003
2,757226e+003;7,840953e-003
2,757708e+003;7,841628e-003
2,758190e+003;7,846891e-003
2,758672e+003;7,856607e-003
2,759154e+003;7,869935e-003
2,759636e+003;7,885422e-003
2,760119e+003;7,901854e-003
2,760601e+003;7,918152e-003
2,761083e+003;7,934045e-003
2,761565e+003;7,949670e-003
2,762047e+003;7,966172e-003
2,762529e+003;7,984733e-003
2,763011e+003;8,006569e-003
2,763493e+003;8,031815e-003
2,763976e+003;8,059932e-003
2,764458e+003;8,089334e-003
2,764940e+003;8,118163e-003
2,765422e+003;8,144563e-003
2,765904e+003;8,167589e-003
2,766386e+003;8,187409e-003
2,766868e+003;8,205405e-003
2,767350e+003;8,223538e-003
2,767833e+003;8,244339e-003
2,768315e+003;8,269430e-003
2,768797e+003;8,299826e-003
2,769279e+003;8,335762e-003
2,769761e+003;8,376936e-003
2,770243e+003;8,422845e-003
2,770725e+003;8,473218e-003
2,771207e+003;8,527450e-003
2,771689e+003;8,584932e-003
2,772172e+003;8,644450e-003
2,772654e+003;8,704416e-003
2,773136e+003;8,762598e-003
2,773618e+003;8,817406e-003
2,774100e+003;8,868062e-003
2,774582e+003;8,915138e-003
2,775064e+003;8,960902e-003
2,775546e+003;9,008259e-003
2,776029e+003;9,060223e-003
2,776510e+003;9,118553e-003
2,776993e+003;9,182917e-003
2,777475e+003;9,251181e-003
2,777957e+003;9,319254e-003
2,778439e+003;9,382699e-003
2,778921e+003;9,437958e-003
2,779403e+003;9,483674e-003
2,779885e+003;9,521232e-003
2,780367e+003;9,553883e-003
2,780850e+003;9,586841e-003
2,781332e+003;9,624747e-003
2,781814e+003;9,670550e-003
2,782296e+003;9,724593e-003
2,782778e+003;9,785080e-003
2,783260e+003;9,848152e-003
2,783742e+003;9,909844e-003
2,784224e+003;9,967781e-003
2,784707e+003;1,002200e-002
2,785189e+003;1,007506e-002
2,785671e+003;1,013153e-002
2,786153e+003;1,019608e-002
2,786635e+003;1,027186e-002
2,787117e+003;1,036029e-002
2,787599e+003;1,045972e-002
2,788081e+003;1,056693e-002
2,788563e+003;1,067840e-002
2,789046e+003;1,079163e-002
2,789528e+003;1,090571e-002
2,790010e+003;1,102152e-002
2,790492e+003;1,114035e-002
2,790974e+003;1,126295e-002
2,791456e+003;1,138828e-002
2,791938e+003;1,151323e-002
2,792420e+003;1,163342e-002
2,792903e+003;1,174469e-002
2,793385e+003;1,184393e-002
2,793867e+003;1,193046e-002
2,794349e+003;1,200645e-002
2,794831e+003;1,207622e-002
2,795313e+003;1,214436e-002
2,795795e+003;1,221643e-002
2,796277e+003;1,229700e-002
2,796760e+003;1,238911e-002
2,797242e+003;1,249529e-002
2,797724e+003;1,261661e-002
2,798206e+003;1,275293e-002
2,798688e+003;1,290265e-002
2,799170e+003;1,306252e-002
2,799652e+003;1,322772e-002
2,800134e+003;1,339263e-002
2,800616e+003;1,355252e-002
2,801099e+003;1,370408e-002
2,801581e+003;1,384636e-002
2,802063e+003;1,398130e-002
2,802545e+003;1,411214e-002
2,803027e+003;1,424243e-002
2,803509e+003;1,437492e-002
2,803991e+003;1,451043e-002
2,804473e+003;1,464831e-002
2,804956e+003;1,478744e-002
2,805438e+003;1,492736e-002
2,805920e+003;1,506991e-002
2,806402e+003;1,521854e-002
2,806884e+003;1,537845e-002
2,807366e+003;1,555441e-002
2,807848e+003;1,574921e-002
2,808330e+003;1,596225e-002
2,808813e+003;1,618918e-002
2,809294e+003;1,642294e-002
2,809777e+003;1,665531e-002
2,810259e+003;1,687964e-002
2,810741e+003;1,709209e-002
2,811223e+003;1,729310e-002
2,811705e+003;1,748671e-002
2,812187e+003;1,768028e-002
2,812669e+003;1,788086e-002
2,813151e+003;1,809429e-002
2,813634e+003;1,832341e-002
2,814116e+003;1,856735e-002
2,814598e+003;1,882253e-002
2,815080e+003;1,908427e-002
2,815562e+003;1,934938e-002
2,816044e+003;1,961674e-002
2,816526e+003;1,988919e-002
2,817008e+003;2,017229e-002
2,817490e+003;2,047319e-002
2,817973e+003;2,079841e-002
2,818455e+003;2,115112e-002
2,818937e+003;2,153103e-002
2,819419e+003;2,193354e-002
2,819901e+003;2,235153e-002
2,820383e+003;2,277613e-002
2,820865e+003;2,320081e-002
2,821347e+003;2,362166e-002
2,821830e+003;2,403893e-002
2,822312e+003;2,445699e-002
2,822794e+003;2,488369e-002
2,823276e+003;2,532838e-002
2,823758e+003;2,580046e-002
2,824240e+003;2,630863e-002
2,824722e+003;2,685865e-002
2,825204e+003;2,745386e-002
2,825687e+003;2,809514e-002
2,826169e+003;2,878151e-002
2,826651e+003;2,951092e-002
2,827133e+003;3,028209e-002
2,827615e+003;3,109489e-002
2,828097e+003;3,195129e-002
2,828579e+003;3,285613e-002
2,829061e+003;3,381650e-002
2,829543e+003;3,484187e-002
2,830026e+003;3,594283e-002
2,830508e+003;3,713012e-002
2,830990e+003;3,841479e-002
2,831472e+003;3,980638e-002
2,831954e+003;4,131329e-002
2,832436e+003;4,294265e-002
2,832918e+003;4,470026e-002
2,833400e+003;4,659191e-002
2,833883e+003;4,862408e-002
2,834365e+003;5,080452e-002
2,834847e+003;5,314378e-002
2,835329e+003;5,565444e-002
2,835811e+003;5,834964e-002
2,836293e+003;6,124213e-002
2,836775e+003;6,434179e-002
2,837257e+003;6,765291e-002
2,837740e+003;7,117365e-002
2,838221e+003;7,489646e-002
2,838704e+003;7,880812e-002
2,839186e+003;8,289190e-002
2,839668e+003;8,713149e-002
2,840150e+003;9,151052e-002
2,840632e+003;9,601586e-002
2,841114e+003;1,006388e-001
2,841596e+003;1,053739e-001
2,842078e+003;1,102197e-001
2,842561e+003;1,151775e-001
2,843043e+003;1,202479e-001
2,843525e+003;1,254294e-001
2,844007e+003;1,307153e-001
2,844489e+003;1,360901e-001
2,844971e+003;1,415318e-001
2,845453e+003;1,470097e-001
2,845935e+003;1,524855e-001
2,846417e+003;1,579184e-001
2,846900e+003;1,632611e-001
2,847382e+003;1,684597e-001
2,847864e+003;1,734555e-001
2,848346e+003;1,781769e-001
2,848828e+003;1,825449e-001
2,849310e+003;1,864759e-001
2,849792e+003;1,898825e-001
2,850274e+003;1,926866e-001
2,850757e+003;1,948227e-001
2,851239e+003;1,962429e-001
2,851721e+003;1,969213e-001
2,852203e+003;1,968530e-001
2,852685e+003;1,960550e-001
2,853167e+003;1,945623e-001
2,853649e+003;1,924291e-001
2,854131e+003;1,897253e-001
2,854614e+003;1,865281e-001
2,855096e+003;1,829260e-001
2,855578e+003;1,790071e-001
2,856060e+003;1,748544e-001
2,856542e+003;1,705502e-001
2,857024e+003;1,661645e-001
2,857506e+003;1,617595e-001
2,857988e+003;1,573904e-001
2,858470e+003;1,531008e-001
2,858953e+003;1,489284e-001
2,859435e+003;1,449046e-001
2,859917e+003;1,410545e-001
2,860399e+003;1,374021e-001
2,860881e+003;1,339699e-001
2,861363e+003;1,307783e-001
2,861845e+003;1,278486e-001
2,862327e+003;1,251994e-001
2,862810e+003;1,228432e-001
2,863292e+003;1,207876e-001
2,863774e+003;1,190298e-001
2,864256e+003;1,175585e-001
2,864738e+003;1,163529e-001
2,865220e+003;1,153880e-001
2,865702e+003;1,146340e-001
2,866184e+003;1,140606e-001
2,866667e+003;1,136399e-001
2,867148e+003;1,133425e-001
2,867631e+003;1,131379e-001
2,868113e+003;1,129932e-001
2,868595e+003;1,128669e-001
2,869077e+003;1,127138e-001
2,869559e+003;1,124856e-001
2,870041e+003;1,121328e-001
2,870523e+003;1,116151e-001
2,871005e+003;1,109036e-001
2,871488e+003;1,099850e-001
2,871970e+003;1,088633e-001
2,872452e+003;1,075585e-001
2,872934e+003;1,061024e-001
2,873416e+003;1,045323e-001
2,873898e+003;1,028911e-001
2,874380e+003;1,012203e-001
2,874862e+003;9,955915e-002
2,875344e+003;9,794727e-002
2,875827e+003;9,642028e-002
2,876309e+003;9,501054e-002
2,876791e+003;9,374727e-002
2,877273e+003;9,265231e-002
2,877755e+003;9,174125e-002
2,878237e+003;9,102324e-002
2,878719e+003;9,050100e-002
2,879201e+003;9,017410e-002
2,879684e+003;9,003992e-002
2,880166e+003;9,009532e-002
2,880648e+003;9,033652e-002
2,881130e+003;9,075835e-002
2,881612e+003;9,135343e-002
2,882094e+003;9,211160e-002
2,882576e+003;9,302093e-002
2,883058e+003;9,406893e-002
2,883541e+003;9,524367e-002
2,884023e+003;9,653679e-002
2,884505e+003;9,794246e-002
2,884987e+003;9,945669e-002
2,885469e+003;1,010772e-001
2,885951e+003;1,027991e-001
2,886433e+003;1,046159e-001
2,886915e+003;1,065181e-001
2,887397e+003;1,084945e-001
2,887880e+003;1,105339e-001
2,888362e+003;1,126270e-001
2,888844e+003;1,147648e-001
2,889326e+003;1,169410e-001
2,889808e+003;1,191489e-001
2,890290e+003;1,213806e-001
2,890772e+003;1,236284e-001
2,891254e+003;1,258832e-001
2,891737e+003;1,281368e-001
2,892219e+003;1,303829e-001
2,892701e+003;1,326166e-001
2,893183e+003;1,348353e-001
2,893665e+003;1,370365e-001
2,894147e+003;1,392181e-001
2,894629e+003;1,413773e-001
2,895111e+003;1,435121e-001
2,895594e+003;1,456221e-001
2,896075e+003;1,477089e-001
2,896558e+003;1,497772e-001
2,897040e+003;1,518337e-001
2,897522e+003;1,538849e-001
2,898004e+003;1,559367e-001
2,898486e+003;1,579935e-001
2,898968e+003;1,600581e-001
2,899450e+003;1,621333e-001
2,899932e+003;1,642217e-001
2,900415e+003;1,663266e-001
2,900897e+003;1,684519e-001
2,901379e+003;1,706004e-001
2,901861e+003;1,727747e-001
2,902343e+003;1,749772e-001
2,902825e+003;1,772113e-001
2,903307e+003;1,794830e-001
2,903789e+003;1,818008e-001
2,904271e+003;1,841749e-001
2,904754e+003;1,866152e-001
2,905236e+003;1,891292e-001
2,905718e+003;1,917193e-001
2,906200e+003;1,943841e-001
2,906682e+003;1,971206e-001
2,907164e+003;1,999265e-001
2,907646e+003;2,028040e-001
2,908128e+003;2,057597e-001
2,908611e+003;2,088043e-001
2,909093e+003;2,119501e-001
2,909575e+003;2,152064e-001
2,910057e+003;2,185786e-001
2,910539e+003;2,220664e-001
2,911021e+003;2,256658e-001
2,911503e+003;2,293686e-001
2,911985e+003;2,331655e-001
2,912468e+003;2,370457e-001
2,912950e+003;2,409955e-001
2,913432e+003;2,449988e-001
2,913914e+003;2,490370e-001
2,914396e+003;2,530870e-001
2,914878e+003;2,571247e-001
2,915360e+003;2,611223e-001
2,915842e+003;2,650459e-001
2,916324e+003;2,688566e-001
2,916807e+003;2,725048e-001
2,917289e+003;2,759308e-001
2,917771e+003;2,790717e-001
2,918253e+003;2,818597e-001
2,918735e+003;2,842304e-001
2,919217e+003;2,861295e-001
2,919699e+003;2,875082e-001
2,920181e+003;2,883266e-001
2,920664e+003;2,885525e-001
2,921146e+003;2,881596e-001
2,921628e+003;2,871327e-001
2,922110e+003;2,854709e-001
2,922592e+003;2,831922e-001
2,923074e+003;2,803314e-001
2,923556e+003;2,769403e-001
2,924038e+003;2,730800e-001
2,924521e+003;2,688096e-001
2,925002e+003;2,641881e-001
2,925485e+003;2,592685e-001
2,925967e+003;2,540973e-001
2,926449e+003;2,487223e-001
2,926931e+003;2,431897e-001
2,927413e+003;2,375458e-001
2,927895e+003;2,318370e-001
2,928377e+003;2,261045e-001
2,928859e+003;2,203829e-001
2,929342e+003;2,147014e-001
2,929824e+003;2,090793e-001
2,930306e+003;2,035300e-001
2,930788e+003;1,980620e-001
2,931270e+003;1,926794e-001
2,931752e+003;1,873850e-001
2,932234e+003;1,821822e-001
2,932716e+003;1,770763e-001
2,933198e+003;1,720775e-001
2,933681e+003;1,671991e-001
2,934163e+003;1,624560e-001
2,934645e+003;1,578643e-001
2,935127e+003;1,534356e-001
2,935609e+003;1,491774e-001
2,936091e+003;1,450928e-001
2,936573e+003;1,411814e-001
2,937055e+003;1,374433e-001
2,937538e+003;1,338815e-001
2,938020e+003;1,305025e-001
2,938502e+003;1,273173e-001
2,938984e+003;1,243390e-001
2,939466e+003;1,215794e-001
2,939948e+003;1,190493e-001
2,940430e+003;1,167547e-001
2,940912e+003;1,146984e-001
2,941395e+003;1,128805e-001
2,941877e+003;1,112992e-001
2,942359e+003;1,099527e-001
2,942841e+003;1,088395e-001
2,943323e+003;1,079583e-001
2,943805e+003;1,073085e-001
2,944287e+003;1,068878e-001
2,944769e+003;1,066938e-001
2,945251e+003;1,067215e-001
2,945734e+003;1,069638e-001
2,946216e+003;1,074113e-001
2,946698e+003;1,080506e-001
2,947180e+003;1,088651e-001
2,947662e+003;1,098337e-001
2,948144e+003;1,109294e-001
2,948626e+003;1,121226e-001
2,949108e+003;1,133784e-001
2,949591e+003;1,146578e-001
2,950073e+003;1,159224e-001
2,950555e+003;1,171308e-001
2,951037e+003;1,182429e-001
2,951519e+003;1,192227e-001
2,952001e+003;1,200372e-001
2,952483e+003;1,206611e-001
2,952965e+003;1,210772e-001
2,953448e+003;1,212758e-001
2,953929e+003;1,212553e-001
2,954412e+003;1,210185e-001
2,954894e+003;1,205722e-001
2,955376e+003;1,199235e-001
2,955858e+003;1,190811e-001
2,956340e+003;1,180547e-001
2,956822e+003;1,168567e-001
2,957304e+003;1,155021e-001
2,957786e+003;1,140076e-001
2,958269e+003;1,123898e-001
2,958751e+003;1,106627e-001
2,959233e+003;1,088350e-001
2,959715e+003;1,069105e-001
2,960197e+003;1,048875e-001
2,960679e+003;1,027629e-001
2,961161e+003;1,005341e-001
2,961643e+003;9,820089e-002
2,962125e+003;9,576765e-002
2,962608e+003;9,324253e-002
2,963090e+003;9,063696e-002
2,963572e+003;8,796399e-002
2,964054e+003;8,523797e-002
2,964536e+003;8,247480e-002
2,965018e+003;7,969027e-002
2,965500e+003;7,690280e-002
2,965982e+003;7,413130e-002
2,966465e+003;7,139475e-002
2,966947e+003;6,871248e-002
2,967429e+003;6,609999e-002
2,967911e+003;6,356936e-002
2,968393e+003;6,112830e-002
2,968875e+003;5,877928e-002
2,969357e+003;5,652166e-002
2,969839e+003;5,435246e-002
2,970322e+003;5,226859e-002
2,970804e+003;5,026773e-002
2,971286e+003;4,834845e-002
2,971768e+003;4,650999e-002
2,972250e+003;4,475160e-002
2,972732e+003;4,307158e-002
2,973214e+003;4,146750e-002
2,973696e+003;3,993681e-002
2,974178e+003;3,847799e-002
2,974661e+003;3,709093e-002
2,975143e+003;3,577689e-002
2,975625e+003;3,453792e-002
2,976107e+003;3,337564e-002
2,976589e+003;3,229047e-002
2,977071e+003;3,128019e-002
2,977553e+003;3,034082e-002
2,978035e+003;2,946645e-002
2,978518e+003;2,865053e-002
2,979000e+003;2,788564e-002
2,979482e+003;2,716435e-002
2,979964e+003;2,647912e-002
2,980446e+003;2,582268e-002
2,980928e+003;2,518956e-002
2,981410e+003;2,457587e-002
2,981892e+003;2,398077e-002
2,982375e+003;2,340613e-002
2,982856e+003;2,285586e-002
2,983339e+003;2,233353e-002
2,983821e+003;2,184123e-002
2,984303e+003;2,137817e-002
2,984785e+003;2,094109e-002
2,985267e+003;2,052539e-002
2,985749e+003;2,012676e-002
2,986231e+003;1,974308e-002
2,986713e+003;1,937422e-002
2,987196e+003;1,902164e-002
2,987678e+003;1,868695e-002
2,988160e+003;1,837018e-002
2,988642e+003;1,806935e-002
2,989124e+003;1,778082e-002
2,989606e+003;1,749993e-002
2,990088e+003;1,722332e-002
2,990570e+003;1,694854e-002
2,991052e+003;1,667528e-002
2,991535e+003;1,640419e-002
2,992017e+003;1,613639e-002
2,992499e+003;1,587305e-002
2,992981e+003;1,561527e-002
2,993463e+003;1,536447e-002
2,993945e+003;1,512260e-002
2,994427e+003;1,489167e-002
2,994909e+003;1,467275e-002
2,995392e+003;1,446497e-002
2,995874e+003;1,426619e-002
2,996356e+003;1,407192e-002
2,996838e+003;1,387811e-002
2,997320e+003;1,368264e-002
2,997802e+003;1,348580e-002
2,998284e+003;1,329051e-002
2,998766e+003;1,310118e-002
2,999249e+003;1,292132e-002
2,999731e+003;1,275160e-002
3,000213e+003;1,258973e-002
3,000695e+003;1,243095e-002
3,001177e+003;1,227103e-002
3,001659e+003;1,210797e-002
3,002141e+003;1,194371e-002
3,002623e+003;1,178377e-002
3,003105e+003;1,163563e-002
3,003588e+003;1,150574e-002
3,004070e+003;1,139678e-002
3,004552e+003;1,130706e-002
3,005034e+003;1,123095e-002
3,005516e+003;1,116109e-002
3,005998e+003;1,109007e-002
3,006480e+003;1,101227e-002
3,006962e+003;1,092481e-002
3,007445e+003;1,082659e-002
3,007927e+003;1,071803e-002
3,008409e+003;1,060016e-002
3,008891e+003;1,047456e-002
3,009373e+003;1,034315e-002
3,009855e+003;1,020904e-002
3,010337e+003;1,007639e-002
3,010819e+003;9,949473e-003
3,011302e+003;9,832561e-003
3,011783e+003;9,728116e-003
3,012266e+003;9,637078e-003
3,012748e+003;9,558083e-003
3,013230e+003;9,489194e-003
3,013712e+003;9,428036e-003
3,014194e+003;9,372406e-003
3,014676e+003;9,320913e-003
3,015158e+003;9,271863e-003
3,015640e+003;9,224138e-003
3,016123e+003;9,175268e-003
3,016605e+003;9,122648e-003
3,017087e+003;9,063504e-003
3,017569e+003;8,995810e-003
3,018051e+003;8,918961e-003
3,018533e+003;8,834415e-003
3,019015e+003;8,745930e-003
3,019497e+003;8,659255e-003
3,019979e+003;8,580606e-003
3,020462e+003;8,516265e-003
3,020944e+003;8,470111e-003
3,021426e+003;8,442980e-003
3,021908e+003;8,432034e-003
3,022390e+003;8,430920e-003
3,022872e+003;8,432068e-003
3,023354e+003;8,427440e-003
3,023836e+003;8,411157e-003
3,024319e+003;8,381024e-003
3,024801e+003;8,337923e-003
3,025283e+003;8,285168e-003
3,025765e+003;8,227455e-003
3,026247e+003;8,168737e-003
3,026729e+003;8,111546e-003
3,027211e+003;8,057401e-003
3,027693e+003;8,007514e-003
3,028176e+003;7,963033e-003
3,028658e+003;7,925778e-003
3,029140e+003;7,897737e-003
3,029622e+003;7,879247e-003
3,030104e+003;7,868552e-003
3,030586e+003;7,861533e-003
3,031068e+003;7,852289e-003
3,031550e+003;7,835218e-003
3,032032e+003;7,806812e-003
3,032515e+003;7,766871e-003
3,032997e+003;7,718671e-003
3,033479e+003;7,666733e-003
3,033961e+003;7,615576e-003
3,034443e+003;7,567764e-003
3,034925e+003;7,523328e-003
3,035407e+003;7,481087e-003
3,035889e+003;7,439154e-003
3,036372e+003;7,397664e-003
3,036854e+003;7,358435e-003
3,037336e+003;7,324466e-003
3,037818e+003;7,298655e-003
3,038300e+003;7,282144e-003
3,038782e+003;7,273451e-003
3,039264e+003;7,269071e-003
3,039746e+003;7,264421e-003
3,040229e+003;7,255661e-003
3,040711e+003;7,240702e-003
3,041193e+003;7,219477e-003
3,041675e+003;7,192729e-003
3,042157e+003;7,161569e-003
3,042639e+003;7,126639e-003
3,043121e+003;7,087502e-003
3,043603e+003;7,044092e-003
3,044085e+003;6,997588e-003
3,044568e+003;6,950584e-003
3,045050e+003;6,907053e-003
3,045532e+003;6,870797e-003
3,046014e+003;6,844507e-003
3,046496e+003;6,827846e-003
3,046978e+003;6,818589e-003
3,047460e+003;6,812060e-003
3,047942e+003;6,803309e-003
3,048425e+003;6,789712e-003
3,048906e+003;6,770595e-003
3,049389e+003;6,747778e-003
3,049871e+003;6,724625e-003
3,050353e+003;6,704536e-003
3,050835e+003;6,689192e-003
3,051317e+003;6,678728e-003
3,051799e+003;6,671561e-003
3,052281e+003;6,665202e-003
3,052763e+003;6,657531e-003
3,053246e+003;6,647538e-003
3,053728e+003;6,635123e-003
3,054210e+003;6,621363e-003
3,054692e+003;6,607468e-003
3,055174e+003;6,594483e-003
3,055656e+003;6,582944e-003
3,056138e+003;6,571944e-003
3,056620e+003;6,560540e-003
3,057103e+003;6,547220e-003
3,057585e+003;6,531007e-003
3,058067e+003;6,511767e-003
3,058549e+003;6,490780e-003
3,059031e+003;6,470230e-003
3,059513e+003;6,453180e-003
3,059995e+003;6,442485e-003
3,060477e+003;6,439896e-003
3,060959e+003;6,445243e-003
3,061442e+003;6,455937e-003
3,061924e+003;6,467977e-003
3,062406e+003;6,475813e-003
3,062888e+003;6,474266e-003
3,063370e+003;6,460141e-003
3,063852e+003;6,432733e-003
3,064334e+003;6,394331e-003
3,064816e+003;6,350284e-003
3,065299e+003;6,308023e-003
3,065781e+003;6,274137e-003
3,066263e+003;6,254438e-003
3,066745e+003;6,251413e-003
3,067227e+003;6,263581e-003
3,067709e+003;6,285398e-003
3,068191e+003;6,308931e-003
3,068673e+003;6,325539e-003
3,069156e+003;6,328060e-003
3,069638e+003;6,313133e-003
3,070120e+003;6,282305e-003
3,070602e+003;6,241833e-003
3,071084e+003;6,200490e-003
3,071566e+003;6,167755e-003
3,072048e+003;6,150245e-003
3,072530e+003;6,150480e-003
3,073012e+003;6,165032e-003
3,073495e+003;6,187147e-003
3,073977e+003;6,208590e-003
3,074459e+003;6,221833e-003
3,074941e+003;6,222438e-003
3,075423e+003;6,210271e-003
3,075905e+003;6,188289e-003
3,076387e+003;6,160764e-003
3,076869e+003;6,131963e-003
3,077352e+003;6,104576e-003
3,077833e+003;6,078434e-003
3,078316e+003;6,051856e-003
3,078798e+003;6,022660e-003
3,079280e+003;5,989702e-003
3,079762e+003;5,953926e-003
3,080244e+003;5,918724e-003
3,080726e+003;5,888495e-003
3,081208e+003;5,868545e-003
3,081690e+003;5,862567e-003
3,082173e+003;5,871031e-003
3,082655e+003;5,891551e-003
3,083137e+003;5,918992e-003
3,083619e+003;5,946469e-003
3,084101e+003;5,967128e-003
3,084583e+003;5,976601e-003
3,085065e+003;5,973007e-003
3,085547e+003;5,958495e-003
3,086030e+003;5,936660e-003
3,086512e+003;5,912443e-003
3,086994e+003;5,889637e-003
3,087476e+003;5,870359e-003
3,087958e+003;5,854238e-003
3,088440e+003;5,840100e-003
3,088922e+003;5,826197e-003
3,089404e+003;5,812059e-003
3,089886e+003;5,798627e-003
3,090369e+003;5,787848e-003
3,090851e+003;5,781938e-003
3,091333e+003;5,781435e-003
3,091815e+003;5,785632e-003
3,092297e+003;5,791878e-003
3,092779e+003;5,796411e-003
3,093261e+003;5,795672e-003
3,093743e+003;5,787177e-003
3,094226e+003;5,770388e-003
3,094708e+003;5,745944e-003
3,095190e+003;5,715727e-003
3,095672e+003;5,682122e-003
3,096154e+003;5,648016e-003
3,096636e+003;5,615960e-003
3,097118e+003;5,588739e-003
3,097600e+003;5,568535e-003
3,098083e+003;5,556788e-003
3,098565e+003;5,553432e-003
3,099047e+003;5,557124e-003
3,099529e+003;5,564944e-003
3,100011e+003;5,573670e-003
3,100493e+003;5,581087e-003
3,100975e+003;5,586390e-003
3,101457e+003;5,590820e-003
3,101939e+003;5,596795e-003
3,102422e+003;5,607266e-003
3,102904e+003;5,623311e-003
3,103386e+003;5,644491e-003
3,103868e+003;5,667956e-003
3,104350e+003;5,690515e-003
3,104832e+003;5,708912e-003
3,105314e+003;5,720931e-003
3,105796e+003;5,726102e-003
3,106279e+003;5,724624e-003
3,106760e+003;5,717003e-003
3,107243e+003;5,703339e-003
3,107725e+003;5,683667e-003
3,108207e+003;5,658590e-003
3,108689e+003;5,629621e-003
3,109171e+003;5,600419e-003
3,109653e+003;5,575482e-003
3,110135e+003;5,559473e-003
3,110617e+003;5,555580e-003
3,111100e+003;5,564709e-003
3,111582e+003;5,584880e-003
3,112064e+003;5,612805e-003
3,112546e+003;5,644525e-003
3,113028e+003;5,677490e-003
3,113510e+003;5,710154e-003
3,113992e+003;5,742217e-003
3,114474e+003;5,772705e-003
3,114957e+003;5,799165e-003
3,115439e+003;5,817533e-003
3,115921e+003;5,822604e-003
3,116403e+003;5,809641e-003
3,116885e+003;5,777137e-003
3,117367e+003;5,727377e-003
3,117849e+003;5,667016e-003
3,118331e+003;5,605589e-003
3,118813e+003;5,553399e-003
3,119296e+003;5,518464e-003
3,119778e+003;5,505141e-003
3,120260e+003;5,512423e-003
3,120742e+003;5,535478e-003
3,121224e+003;5,566521e-003
3,121706e+003;5,596828e-003
3,122188e+003;5,619585e-003
3,122670e+003;5,630762e-003
3,123153e+003;5,630494e-003
3,123635e+003;5,621767e-003
3,124117e+003;5,610220e-003
3,124599e+003;5,601292e-003
3,125081e+003;5,599144e-003
3,125563e+003;5,605421e-003
3,126045e+003;5,618746e-003
3,126527e+003;5,636368e-003
3,127010e+003;5,654595e-003
3,127492e+003;5,671145e-003
3,127974e+003;5,685278e-003
3,128456e+003;5,698673e-003
3,128938e+003;5,712941e-003
3,129420e+003;5,729660e-003
3,129902e+003;5,747522e-003
3,130384e+003;5,763572e-003
3,130866e+003;5,773175e-003
3,131349e+003;5,772234e-003
3,131831e+003;5,759005e-003
3,132313e+003;5,735133e-003
3,132795e+003;5,705857e-003
3,133277e+003;5,677523e-003
3,133759e+003;5,656375e-003
3,134241e+003;5,646002e-003
3,134723e+003;5,646170e-003
3,135206e+003;5,654025e-003
3,135688e+003;5,665136e-003
3,136170e+003;5,674905e-003
3,136652e+003;5,680007e-003
3,137134e+003;5,678967e-003
3,137616e+003;5,671346e-003
3,138098e+003;5,656979e-003
3,138580e+003;5,636167e-003
3,139063e+003;5,609314e-003
3,139544e+003;5,577563e-003
3,140027e+003;5,543834e-003
3,140509e+003;5,512893e-003
3,140991e+003;5,489639e-003
3,141473e+003;5,478968e-003
3,141955e+003;5,483297e-003
3,142437e+003;5,502054e-003
3,142919e+003;5,530847e-003
3,143401e+003;5,563735e-003
3,143884e+003;5,594647e-003
3,144366e+003;5,619216e-003
3,144848e+003;5,636435e-003
3,145330e+003;5,648016e-003
3,145812e+003;5,657549e-003
3,146294e+003;5,668862e-003
3,146776e+003;5,684405e-003
3,147258e+003;5,704347e-003
3,147740e+003;5,727008e-003
3,148223e+003;5,749100e-003
3,148705e+003;5,766963e-003
3,149187e+003;5,778211e-003
3,149669e+003;5,781166e-003
3,150151e+003;5,775659e-003
3,150633e+003;5,762699e-003
3,151115e+003;5,743694e-003
3,151597e+003;5,720831e-003
3,152080e+003;5,696457e-003
3,152562e+003;5,673226e-003
3,153044e+003;5,653790e-003
3,153526e+003;5,640262e-003
3,154008e+003;5,633851e-003
3,154490e+003;5,633817e-003
3,154972e+003;5,638483e-003
3,155454e+003;5,644995e-003
3,155937e+003;5,650165e-003
3,156419e+003;5,651910e-003
3,156901e+003;5,650165e-003
3,157383e+003;5,646539e-003
3,157865e+003;5,644995e-003
3,158347e+003;5,650265e-003
3,158829e+003;5,665371e-003
3,159311e+003;5,692026e-003
3,159793e+003;5,728284e-003
3,160276e+003;5,769447e-003
3,160758e+003;5,807828e-003
3,161240e+003;5,836506e-003
3,161722e+003;5,848865e-003
3,162204e+003;5,841779e-003
3,162686e+003;5,816223e-003
3,163168e+003;5,776633e-003
3,163650e+003;5,730567e-003
3,164133e+003;5,686117e-003
3,164615e+003;5,651004e-003
3,165097e+003;5,629756e-003
3,165579e+003;5,623881e-003
3,166061e+003;5,631065e-003
3,166543e+003;5,646707e-003
3,167025e+003;5,664666e-003
3,167507e+003;5,679134e-003
3,167990e+003;5,686251e-003
3,168471e+003;5,684841e-003
3,168954e+003;5,676482e-003
3,169436e+003;5,664700e-003
3,169918e+003;5,654696e-003
3,170400e+003;5,650198e-003
3,170882e+003;5,653857e-003
3,171364e+003;5,665438e-003
3,171846e+003;5,682659e-003
3,172328e+003;5,701224e-003
3,172811e+003;5,715828e-003
3,173293e+003;5,722543e-003
3,173775e+003;5,718951e-003
3,174257e+003;5,705052e-003
3,174739e+003;5,683062e-003
3,175221e+003;5,657113e-003
3,175703e+003;5,632306e-003
3,176185e+003;5,613107e-003
3,176667e+003;5,603004e-003
3,177150e+003;5,602702e-003
3,177632e+003;5,610858e-003
3,178114e+003;5,623411e-003
3,178596e+003;5,635495e-003
3,179078e+003;5,642410e-003
3,179560e+003;5,641605e-003
3,180042e+003;5,633381e-003
3,180524e+003;5,621163e-003
3,181007e+003;5,610489e-003
3,181489e+003;5,606427e-003
3,181971e+003;5,612872e-003
3,182453e+003;5,629588e-003
3,182935e+003;5,653085e-003
3,183417e+003;5,677321e-003
3,183899e+003;5,695920e-003
3,184381e+003;5,704581e-003
3,184864e+003;5,702567e-003
3,185346e+003;5,692999e-003
3,185828e+003;5,680880e-003
3,186310e+003;5,671044e-003
3,186792e+003;5,666177e-003
3,187274e+003;5,665606e-003
3,187756e+003;5,666411e-003
3,188238e+003;5,664767e-003
3,188720e+003;5,658624e-003
3,189203e+003;5,647915e-003
3,189685e+003;5,635361e-003
3,190167e+003;5,624284e-003
3,190649e+003;5,617001e-003
3,191131e+003;5,613409e-003
3,191613e+003;5,610892e-003
3,192095e+003;5,606025e-003
3,192577e+003;5,596425e-003
3,193060e+003;5,582765e-003
3,193542e+003;5,569005e-003
3,194024e+003;5,560849e-003
3,194506e+003;5,563668e-003
3,194988e+003;5,578604e-003
3,195470e+003;5,602601e-003
3,195952e+003;5,628044e-003
3,196434e+003;5,645901e-003
3,196917e+003;5,648452e-003
3,197398e+003;5,632709e-003
3,197881e+003;5,601494e-003
3,198363e+003;5,561923e-003
3,198845e+003;5,522960e-003
3,199327e+003;5,492222e-003
3,199809e+003;5,473432e-003
3,200291e+003;5,466788e-003
3,200773e+003;5,469237e-003
3,201255e+003;5,476720e-003
3,201738e+003;5,486417e-003
3,202220e+003;5,497323e-003
3,202702e+003;5,509302e-003
3,203184e+003;5,522960e-003
3,203666e+003;5,537626e-003
3,204148e+003;5,551083e-003
3,204630e+003;5,560547e-003
3,205112e+003;5,562729e-003
3,205594e+003;5,556385e-003
3,206077e+003;5,542727e-003
3,206559e+003;5,525007e-003
3,207041e+003;5,507558e-003
3,207523e+003;5,494571e-003
3,208005e+003;5,488364e-003
3,208487e+003;5,488934e-003
3,208969e+003;5,493800e-003
3,209451e+003;5,499101e-003
3,209934e+003;5,500209e-003
3,210416e+003;5,493900e-003
3,210898e+003;5,478062e-003
3,211380e+003;5,452159e-003
3,211862e+003;5,417634e-003
3,212344e+003;5,377410e-003
3,212826e+003;5,334942e-003
3,213308e+003;5,294691e-003
3,213791e+003;5,260549e-003
3,214273e+003;5,235429e-003
3,214755e+003;5,221076e-003
3,215237e+003;5,217756e-003
3,215719e+003;5,224362e-003
3,216201e+003;5,239420e-003
3,216683e+003;5,261051e-003
3,217165e+003;5,287782e-003
3,217647e+003;5,318069e-003
3,218130e+003;5,350372e-003
3,218612e+003;5,382073e-003
3,219094e+003;5,410153e-003
3,219576e+003;5,430484e-003
3,220058e+003;5,439241e-003
3,220540e+003;5,434209e-003
3,221022e+003;5,414984e-003
3,221504e+003;5,384052e-003
3,221987e+003;5,345877e-003
3,222469e+003;5,306531e-003
3,222951e+003;5,271884e-003
3,223433e+003;5,246932e-003
3,223915e+003;5,234691e-003
3,224397e+003;5,236033e-003
3,224879e+003;5,249884e-003
3,225361e+003;5,273629e-003
3,225844e+003;5,303815e-003
3,226325e+003;5,336317e-003
3,226808e+003;5,366575e-003
3,227290e+003;5,390527e-003
3,227772e+003;5,404349e-003
3,228254e+003;5,405489e-003
3,228736e+003;5,393546e-003
3,229218e+003;5,370499e-003
3,229700e+003;5,339839e-003
3,230182e+003;5,306934e-003
3,230665e+003;5,277385e-003
3,231147e+003;5,255450e-003
3,231629e+003;5,243578e-003
3,232111e+003;5,241868e-003
3,232593e+003;5,247200e-003
3,233075e+003;5,255350e-003
3,233557e+003;5,261051e-003
3,234039e+003;5,260280e-003
3,234521e+003;5,250152e-003
3,235004e+003;5,230365e-003
3,235486e+003;5,202867e-003
3,235968e+003;5,171481e-003
3,236450e+003;5,140868e-003
3,236932e+003;5,115622e-003
3,237414e+003;5,099362e-003
3,237896e+003;5,094266e-003
3,238378e+003;5,100233e-003
3,238861e+003;5,115488e-003
3,239343e+003;5,137180e-003
3,239825e+003;5,160852e-003
3,240307e+003;5,182915e-003
3,240789e+003;5,200050e-003
3,241271e+003;5,210043e-003
3,241753e+003;5,212357e-003
3,242235e+003;5,208031e-003
3,242718e+003;5,199749e-003
3,243200e+003;5,190862e-003
3,243682e+003;5,184994e-003
3,244164e+003;5,185463e-003
3,244646e+003;5,193679e-003
3,245128e+003;5,208970e-003
3,245610e+003;5,228756e-003
3,246092e+003;5,249078e-003
3,246574e+003;5,265546e-003
3,247057e+003;5,274903e-003
3,247539e+003;5,275641e-003
3,248021e+003;5,268296e-003
3,248503e+003;5,254881e-003
3,248985e+003;5,238280e-003
3,249467e+003;5,220909e-003
3,249949e+003;5,204510e-003
3,250431e+003;5,189521e-003
3,250914e+003;5,176075e-003
3,251396e+003;5,164607e-003
3,251878e+003;5,155118e-003
3,252360e+003;5,148848e-003
3,252842e+003;5,146032e-003
3,253324e+003;5,146602e-003
3,253806e+003;5,148647e-003
3,254288e+003;5,149552e-003
3,254771e+003;5,146233e-003
3,255252e+003;5,137013e-003
3,255735e+003;5,122025e-003
3,256217e+003;5,103922e-003
3,256699e+003;5,086422e-003
3,257181e+003;5,073984e-003
3,257663e+003;5,069861e-003
3,258145e+003;5,074956e-003
3,258627e+003;5,088701e-003
3,259109e+003;5,108749e-003
3,259592e+003;5,132453e-003
3,260074e+003;5,157532e-003
3,260556e+003;5,181977e-003
3,261038e+003;5,204041e-003
3,261520e+003;5,221143e-003
3,262002e+003;5,230533e-003
3,262484e+003;5,229661e-003
3,262966e+003;5,217220e-003
3,263448e+003;5,194853e-003
3,263931e+003;5,166753e-003
3,264413e+003;5,139661e-003
3,264895e+003;5,119981e-003
3,265377e+003;5,112336e-003
3,265859e+003;5,117332e-003
3,266341e+003;5,131614e-003
3,266823e+003;5,148747e-003
3,267305e+003;5,162595e-003
3,267788e+003;5,168966e-003
3,268270e+003;5,167524e-003
3,268752e+003;5,161522e-003
3,269234e+003;5,156292e-003
3,269716e+003;5,156627e-003
3,270198e+003;5,164809e-003
3,270680e+003;5,179964e-003
3,271162e+003;5,198709e-003
3,271645e+003;5,216650e-003
3,272127e+003;5,230499e-003
3,272609e+003;5,238347e-003
3,273091e+003;5,240963e-003
3,273573e+003;5,239990e-003
3,274055e+003;5,237777e-003
3,274537e+003;5,235530e-003
3,275019e+003;5,234289e-003
3,275501e+003;5,235228e-003
3,275984e+003;5,239286e-003
3,276466e+003;5,248408e-003
3,276948e+003;5,263936e-003
3,277430e+003;5,286776e-003
3,277912e+003;5,315554e-003
3,278394e+003;5,347990e-003
3,278876e+003;5,379423e-003
3,279358e+003;5,405489e-003
3,279841e+003;5,423103e-003
3,280323e+003;5,430317e-003
3,280805e+003;5,427330e-003
3,281287e+003;5,415118e-003
3,281769e+003;5,395358e-003
3,282251e+003;5,369158e-003
3,282733e+003;5,337424e-003
3,283215e+003;5,301634e-003
3,283698e+003;5,264003e-003
3,284179e+003;5,228219e-003
3,284662e+003;5,199011e-003
3,285144e+003;5,180769e-003
3,285626e+003;5,177382e-003
3,286108e+003;5,189991e-003
3,286590e+003;5,217689e-003
3,287072e+003;5,256993e-003
3,287554e+003;5,302976e-003
3,288036e+003;5,349466e-003
3,288519e+003;5,390997e-003
3,289001e+003;5,422801e-003
3,289483e+003;5,442026e-003
3,289965e+003;5,447629e-003
3,290447e+003;5,441322e-003
3,290929e+003;5,426492e-003
3,291411e+003;5,408173e-003
3,291893e+003;5,392137e-003
3,292375e+003;5,383214e-003
3,292858e+003;5,384320e-003
3,293340e+003;5,395727e-003
3,293822e+003;5,415051e-003
3,294304e+003;5,438134e-003
3,294786e+003;5,460413e-003
3,295268e+003;5,477156e-003
3,295750e+003;5,485612e-003
3,296232e+003;5,484001e-003
3,296715e+003;5,472559e-003
3,297197e+003;5,452192e-003
3,297679e+003;5,425083e-003
3,298161e+003;5,394351e-003
3,298643e+003;5,362851e-003
3,299125e+003;5,333868e-003
3,299607e+003;5,309785e-003
3,300089e+003;5,291739e-003
3,300572e+003;5,279397e-003
3,301054e+003;5,270576e-003
3,301536e+003;5,262527e-003
3,302018e+003;5,252231e-003
3,302500e+003;5,238548e-003
3,302982e+003;5,222116e-003
3,303464e+003;5,205147e-003
3,303946e+003;5,191633e-003
3,304428e+003;5,184860e-003
3,304911e+003;5,187476e-003
3,305393e+003;5,200319e-003
3,305875e+003;5,222786e-003
3,306357e+003;5,252399e-003
3,306839e+003;5,286239e-003
3,307321e+003;5,320015e-003
3,307803e+003;5,349567e-003
3,308285e+003;5,370667e-003
3,308768e+003;5,379993e-003
3,309250e+003;5,375934e-003
3,309732e+003;5,360133e-003
3,310214e+003;5,336518e-003
3,310696e+003;5,311193e-003
3,311178e+003;5,291237e-003
3,311660e+003;5,281980e-003
3,312142e+003;5,285569e-003
3,312625e+003;5,300326e-003
3,313106e+003;5,321323e-003
3,313589e+003;5,341919e-003
3,314071e+003;5,355437e-003
3,314553e+003;5,358154e-003
3,315035e+003;5,348695e-003
3,315517e+003;5,328669e-003
3,315999e+003;5,301198e-003
3,316481e+003;5,270107e-003
3,316963e+003;5,239252e-003
3,317446e+003;5,211888e-003
3,317928e+003;5,191667e-003
3,318410e+003;5,181641e-003
3,318892e+003;5,184525e-003
3,319374e+003;5,201627e-003
3,319856e+003;5,231472e-003
3,320338e+003;5,270341e-003
3,320820e+003;5,311495e-003
3,321302e+003;5,347990e-003
3,321785e+003;5,373451e-003
3,322267e+003;5,384086e-003
3,322749e+003;5,379356e-003
3,323231e+003;5,362113e-003
3,323713e+003;5,337021e-003
3,324195e+003;5,309517e-003
3,324677e+003;5,284830e-003
3,325159e+003;5,266719e-003
3,325642e+003;5,258067e-003
3,326124e+003;5,260582e-003
3,326606e+003;5,274567e-003
3,327088e+003;5,299588e-003
3,327570e+003;5,333063e-003
3,328052e+003;5,371908e-003
3,328534e+003;5,411629e-003
3,329016e+003;5,448199e-003
3,329499e+003;5,478666e-003
3,329981e+003;5,501920e-003
3,330463e+003;5,518195e-003
3,330945e+003;5,528800e-003
3,331427e+003;5,535142e-003
3,331909e+003;5,537760e-003
3,332391e+003;5,536753e-003
3,332873e+003;5,532189e-003
3,333355e+003;5,525142e-003
3,333838e+003;5,517021e-003
3,334320e+003;5,510980e-003
3,334802e+003;5,509538e-003
3,335284e+003;5,514571e-003
3,335766e+003;5,526484e-003
3,336248e+003;5,543465e-003
3,336730e+003;5,563333e-003
3,337212e+003;5,583907e-003
3,337695e+003;5,604045e-003
3,338177e+003;5,623814e-003
3,338659e+003;5,643115e-003
3,339141e+003;5,661577e-003
3,339623e+003;5,677120e-003
3,340105e+003;5,686856e-003
3,340587e+003;5,687829e-003
3,341069e+003;5,678900e-003
3,341552e+003;5,661712e-003
3,342033e+003;5,640766e-003
3,342516e+003;5,622304e-003
3,342998e+003;5,611462e-003
3,343480e+003;5,611294e-003
3,343962e+003;5,620357e-003
3,344444e+003;5,634220e-003
3,344926e+003;5,646338e-003
3,345408e+003;5,650567e-003
3,345890e+003;5,643753e-003
3,346373e+003;5,625828e-003
3,346855e+003;5,600218e-003
3,347337e+003;5,571858e-003
3,347819e+003;5,546150e-003
3,348301e+003;5,526283e-003
3,348783e+003;5,514135e-003
3,349265e+003;5,509235e-003
3,349747e+003;5,510175e-003
3,350229e+003;5,515007e-003
3,350712e+003;5,521920e-003
3,351194e+003;5,529806e-003
3,351676e+003;5,537961e-003
3,352158e+003;5,545848e-003
3,352640e+003;5,553231e-003
3,353122e+003;5,560010e-003
3,353604e+003;5,565414e-003
3,354086e+003;5,568837e-003
3,354569e+003;5,569106e-003
3,355051e+003;5,565514e-003
3,355533e+003;5,557762e-003
3,356015e+003;5,546553e-003
3,356497e+003;5,534068e-003
3,356979e+003;5,523732e-003
3,357461e+003;5,519437e-003
3,357943e+003;5,524102e-003
3,358426e+003;5,539304e-003
3,358908e+003;5,563702e-003
3,359390e+003;5,594143e-003
3,359872e+003;5,625593e-003
3,360354e+003;5,653152e-003
3,360836e+003;5,673259e-003
3,361318e+003;5,684808e-003
3,361800e+003;5,688669e-003
3,362282e+003;5,688098e-003
3,362765e+003;5,687259e-003
3,363247e+003;5,689810e-003
3,363729e+003;5,698169e-003
3,364211e+003;5,713545e-003
3,364693e+003;5,734865e-003
3,365175e+003;5,759240e-003
3,365657e+003;5,783214e-003
3,366139e+003;5,802153e-003
3,366622e+003;5,812395e-003
3,367104e+003;5,811824e-003
3,367586e+003;5,801011e-003
3,368068e+003;5,783214e-003
3,368550e+003;5,763471e-003
3,369032e+003;5,748127e-003
3,369514e+003;5,742352e-003
3,369996e+003;5,748227e-003
3,370479e+003;5,764545e-003
3,370961e+003;5,786236e-003
3,371443e+003;5,806485e-003
3,371925e+003;5,817600e-003
3,372407e+003;5,814208e-003
3,372889e+003;5,794027e-003
3,373371e+003;5,757931e-003
3,373853e+003;5,709550e-003
3,374335e+003;5,654360e-003
3,374818e+003;5,597936e-003
3,375300e+003;5,544774e-003
3,375782e+003;5,498464e-003
3,376264e+003;5,460950e-003
3,376746e+003;5,433437e-003
3,377228e+003;5,416393e-003
3,377710e+003;5,409784e-003
3,378192e+003;5,413340e-003
3,378675e+003;5,426257e-003
3,379156e+003;5,446857e-003
3,379639e+003;5,472962e-003
3,380121e+003;5,501819e-003
3,380603e+003;5,530444e-003
3,381085e+003;5,556318e-003
3,381567e+003;5,577395e-003
3,382049e+003;5,593203e-003
3,382531e+003;5,604850e-003
3,383013e+003;5,614651e-003
3,383496e+003;5,625358e-003
3,383978e+003;5,639456e-003
3,384460e+003;5,657583e-003
3,384942e+003;5,678161e-003
3,385424e+003;5,697095e-003
3,385906e+003;5,709752e-003
3,386388e+003;5,711631e-003
3,386870e+003;5,700687e-003
3,387353e+003;5,678195e-003
3,387835e+003;5,648721e-003
3,388317e+003;5,618544e-003
3,388799e+003;5,593707e-003
3,389281e+003;5,579073e-003
3,389763e+003;5,575818e-003
3,390245e+003;5,582598e-003
3,390727e+003;5,595586e-003
3,391209e+003;5,610657e-003
3,391692e+003;5,624855e-003
3,392174e+003;5,636972e-003
3,392656e+003;5,647277e-003
3,393138e+003;5,657348e-003
3,393620e+003;5,667889e-003
3,394102e+003;5,678664e-003
3,394584e+003;5,687796e-003
3,395066e+003;5,692664e-003
3,395549e+003;5,690649e-003
3,396031e+003;5,680074e-003
3,396513e+003;5,661108e-003
3,396995e+003;5,635630e-003
3,397477e+003;5,606730e-003
3,397959e+003;5,578234e-003
3,398441e+003;5,553063e-003
3,398923e+003;5,533800e-003
3,399406e+003;5,521048e-003
3,399888e+003;5,514269e-003
3,400370e+003;5,512222e-003
3,400852e+003;5,513128e-003
3,401334e+003;5,515678e-003
3,401816e+003;5,519437e-003
3,402298e+003;5,524974e-003
3,402780e+003;5,533901e-003
3,403262e+003;5,548667e-003
3,403745e+003;5,570918e-003
3,404227e+003;5,600889e-003
3,404709e+003;5,637543e-003
3,405191e+003;5,677725e-003
3,405673e+003;5,717037e-003
3,406155e+003;5,750544e-003
3,406637e+003;5,773745e-003
3,407119e+003;5,783483e-003
3,407602e+003;5,778849e-003
3,408083e+003;5,760684e-003
3,408566e+003;5,731708e-003
3,409048e+003;5,695551e-003
3,409530e+003;5,656308e-003
3,410012e+003;5,617269e-003
3,410494e+003;5,580550e-003
3,410976e+003;5,546687e-003
3,411458e+003;5,514638e-003
3,411940e+003;5,482760e-003
3,412423e+003;5,449978e-003
3,412905e+003;5,415856e-003
3,413387e+003;5,383214e-003
3,413869e+003;5,356175e-003
3,414351e+003;5,340208e-003
3,414833e+003;5,340409e-003
3,415315e+003;5,359530e-003
3,415797e+003;5,396801e-003
3,416280e+003;5,447495e-003
3,416762e+003;5,504739e-003
3,417244e+003;5,560916e-003
3,417726e+003;5,609516e-003
3,418208e+003;5,647848e-003
3,418690e+003;5,676650e-003
3,419172e+003;5,699546e-003
3,419654e+003;5,721502e-003
3,420136e+003;5,746179e-003
3,420619e+003;5,774619e-003
3,421101e+003;5,804436e-003
3,421583e+003;5,830663e-003
3,422065e+003;5,847656e-003
3,422547e+003;5,851115e-003
3,423029e+003;5,839730e-003
3,423511e+003;5,815417e-003
3,423993e+003;5,783853e-003
3,424476e+003;5,752290e-003
3,424958e+003;5,727713e-003
3,425440e+003;5,715996e-003
3,425922e+003;5,719589e-003
3,426404e+003;5,737584e-003
3,426886e+003;5,765284e-003
3,427368e+003;5,796310e-003
3,427850e+003;5,824048e-003
3,428333e+003;5,843122e-003
3,428815e+003;5,850981e-003
3,429297e+003;5,847891e-003
3,429779e+003;5,836338e-003
3,430261e+003;5,819581e-003
3,430743e+003;5,800172e-003
3,431225e+003;5,779353e-003
3,431707e+003;5,756923e-003
3,432189e+003;5,732380e-003
3,432672e+003;5,706394e-003
3,433154e+003;5,681316e-003
3,433636e+003;5,661510e-003
3,434118e+003;5,651943e-003
3,434600e+003;5,656274e-003
3,435082e+003;5,675173e-003
3,435564e+003;5,705186e-003
3,436046e+003;5,739363e-003
3,436529e+003;5,769347e-003
3,437010e+003;5,787815e-003
3,437493e+003;5,791139e-003
3,437975e+003;5,780024e-003
3,438457e+003;5,759375e-003
3,438939e+003;5,735905e-003
3,439421e+003;5,716097e-003
3,439903e+003;5,703272e-003
3,440385e+003;5,697431e-003
3,440867e+003;5,696189e-003
3,441350e+003;5,695819e-003
3,441832e+003;5,694074e-003
3,442314e+003;5,690616e-003
3,442796e+003;5,687796e-003
3,443278e+003;5,689474e-003
3,443760e+003;5,698941e-003
3,444242e+003;5,717171e-003
3,444724e+003;5,742687e-003
3,445207e+003;5,772100e-003
3,445689e+003;5,799668e-003
3,446171e+003;5,820756e-003
3,446653e+003;5,832376e-003
3,447135e+003;5,834391e-003
3,447617e+003;5,828816e-003
3,448099e+003;5,819010e-003
3,448581e+003;5,807962e-003
3,449063e+003;5,797989e-003
3,449546e+003;5,790266e-003
3,450028e+003;5,785665e-003
3,450510e+003;5,785229e-003
3,450992e+003;5,790132e-003
3,451474e+003;5,801716e-003
3,451956e+003;5,820051e-003
3,452438e+003;5,843995e-003
3,452920e+003;5,870325e-003
3,453403e+003;5,895011e-003
3,453885e+003;5,912913e-003
3,454367e+003;5,920504e-003
3,454849e+003;5,916104e-003
3,455331e+003;5,900989e-003
3,455813e+003;5,878352e-003
3,456295e+003;5,853029e-003
3,456777e+003;5,829656e-003
3,457260e+003;5,811925e-003
3,457742e+003;5,801481e-003
3,458224e+003;5,798291e-003
3,458706e+003;5,800944e-003
3,459188e+003;5,807224e-003
3,459670e+003;5,814242e-003
3,460152e+003;5,819447e-003
3,460634e+003;5,820689e-003
3,461116e+003;5,815887e-003
3,461599e+003;5,804336e-003
3,462081e+003;5,786606e-003
3,462563e+003;5,764277e-003
3,463045e+003;5,740203e-003
3,463527e+003;5,717339e-003
3,464009e+003;5,697867e-003
3,464491e+003;5,683029e-003
3,464973e+003;5,672656e-003
3,465456e+003;5,666009e-003
3,465938e+003;5,662115e-003
3,466420e+003;5,661208e-003
3,466902e+003;5,664397e-003
3,467384e+003;5,673663e-003
3,467866e+003;5,690649e-003
3,468348e+003;5,715828e-003
3,468830e+003;5,747690e-003
3,469313e+003;5,782778e-003
3,469794e+003;5,815988e-003
3,470277e+003;5,842686e-003
3,470759e+003;5,859041e-003
3,471241e+003;5,863272e-003
3,471723e+003;5,855078e-003
3,472205e+003;5,835801e-003
3,472687e+003;5,807458e-003
3,473169e+003;5,771999e-003
3,473651e+003;5,732246e-003
3,474134e+003;5,691892e-003
3,474616e+003;5,655804e-003
3,475098e+003;5,629420e-003
3,475580e+003;5,618444e-003
3,476062e+003;5,626197e-003
3,476544e+003;5,652984e-003
3,477026e+003;5,695215e-003
3,477508e+003;5,745810e-003
3,477990e+003;5,795202e-003
3,478473e+003;5,833820e-003
3,478955e+003;5,854943e-003
3,479437e+003;5,854943e-003
3,479919e+003;5,836104e-003
3,480401e+003;5,804671e-003
3,480883e+003;5,770455e-003
3,481365e+003;5,743460e-003
3,481847e+003;5,731070e-003
3,482330e+003;5,736241e-003
3,482812e+003;5,756756e-003
3,483294e+003;5,785767e-003
3,483776e+003;5,813704e-003
3,484258e+003;5,831906e-003
3,484740e+003;5,833249e-003
3,485222e+003;5,815283e-003
3,485704e+003;5,780260e-003
3,486187e+003;5,735234e-003
3,486669e+003;5,689978e-003
3,487151e+003;5,654226e-003
3,487633e+003;5,635663e-003
3,488115e+003;5,637039e-003
3,488597e+003;5,656442e-003
3,489079e+003;5,688534e-003
3,489561e+003;5,726068e-003
3,490043e+003;5,762128e-003
3,490526e+003;5,791475e-003
3,491008e+003;5,810951e-003
3,491490e+003;5,819883e-003
3,491972e+003;5,819212e-003
3,492454e+003;5,810884e-003
3,492936e+003;5,798661e-003
3,493418e+003;5,786673e-003
3,493900e+003;5,779386e-003
3,494383e+003;5,780763e-003
3,494865e+003;5,792751e-003
3,495347e+003;5,814074e-003
3,495829e+003;5,839865e-003
3,496311e+003;5,863104e-003
3,496793e+003;5,876068e-003
3,497275e+003;5,872575e-003
3,497757e+003;5,850712e-003
3,498240e+003;5,812160e-003
3,498721e+003;5,762363e-003
3,499204e+003;5,708509e-003
3,499686e+003;5,658355e-003
3,500168e+003;5,617974e-003
3,500650e+003;5,592297e-003
3,501132e+003;5,584275e-003
3,501614e+003;5,594411e-003
3,502096e+003;5,622304e-003
3,502578e+003;5,664397e-003
3,503061e+003;5,715493e-003
3,503543e+003;5,768205e-003
3,504025e+003;5,814477e-003
3,504507e+003;5,848361e-003
3,504989e+003;5,866597e-003
3,505471e+003;5,870123e-003
3,505953e+003;5,863507e-003
3,506435e+003;5,853566e-003
3,506917e+003;5,846917e-003
3,507400e+003;5,848328e-003
3,507882e+003;5,858638e-003
3,508364e+003;5,874960e-003
3,508846e+003;5,890947e-003
3,509328e+003;5,900552e-003
3,509810e+003;5,899612e-003
3,510292e+003;5,887890e-003
3,510774e+003;5,868411e-003
3,511257e+003;5,845641e-003
3,511739e+003;5,823980e-003
3,512221e+003;5,805780e-003
3,512703e+003;5,791777e-003
3,513185e+003;5,781502e-003
3,513667e+003;5,775189e-003
3,514149e+003;5,773645e-003
3,514631e+003;5,779286e-003
3,515114e+003;5,794430e-003
3,515596e+003;5,820522e-003
3,516078e+003;5,856992e-003
3,516560e+003;5,900317e-003
3,517042e+003;5,944722e-003
3,517524e+003;5,983253e-003
3,518006e+003;6,009893e-003
3,518488e+003;6,021249e-003
3,518970e+003;6,016377e-003
3,519453e+003;5,997463e-003
3,519935e+003;5,969042e-003
3,520417e+003;5,936291e-003
3,520899e+003;5,903911e-003
3,521381e+003;5,876672e-003
3,521863e+003;5,856925e-003
3,522345e+003;5,845238e-003
3,522827e+003;5,839327e-003
3,523310e+003;5,835499e-003
3,523792e+003;5,828715e-003
3,524274e+003;5,815216e-003
3,524756e+003;5,793624e-003
3,525238e+003;5,766224e-003
3,525720e+003;5,738155e-003
3,526202e+003;5,717272e-003
3,526684e+003;5,711195e-003
3,527167e+003;5,725095e-003
3,527648e+003;5,759945e-003
3,528131e+003;5,811153e-003
3,528613e+003;5,871031e-003
3,529095e+003;5,930379e-003
3,529577e+003;5,980833e-003
3,530059e+003;6,018124e-003
3,530541e+003;6,040634e-003
3,531023e+003;6,050008e-003
3,531505e+003;6,048664e-003
3,531988e+003;6,039324e-003
3,532470e+003;6,023332e-003
3,532952e+003;6,000822e-003
3,533434e+003;5,971931e-003
3,533916e+003;5,936727e-003
3,534398e+003;5,896925e-003
3,534880e+003;5,856018e-003
3,535362e+003;5,818574e-003
3,535844e+003;5,789863e-003
3,536327e+003;5,774115e-003
3,536809e+003;5,772772e-003
3,537291e+003;5,785263e-003
3,537773e+003;5,808567e-003
3,538255e+003;5,838588e-003
3,538737e+003;5,870694e-003
3,539219e+003;5,900116e-003
3,539701e+003;5,923258e-003
3,540184e+003;5,937668e-003
3,540666e+003;5,941800e-003
3,541148e+003;5,936727e-003
3,541630e+003;5,925173e-003
3,542112e+003;5,910730e-003
3,542594e+003;5,898134e-003
3,543076e+003;5,891417e-003
3,543558e+003;5,892761e-003
3,544041e+003;5,901829e-003
3,544523e+003;5,915734e-003
3,545005e+003;5,930514e-003
3,545487e+003;5,941967e-003
3,545969e+003;5,949022e-003
3,546451e+003;5,952851e-003
3,546933e+003;5,957588e-003
3,547415e+003;5,967598e-003
3,547897e+003;5,985301e-003
3,548380e+003;6,011270e-003
3,548862e+003;6,042482e-003
3,549344e+003;6,074233e-003
3,549826e+003;6,100712e-003
3,550308e+003;6,116774e-003
3,550790e+003;6,119026e-003
3,551272e+003;6,106693e-003
3,551754e+003;6,082298e-003
3,552237e+003;6,050546e-003
3,552719e+003;6,016680e-003
3,553201e+003;5,985134e-003
3,553683e+003;5,958562e-003
3,554165e+003;5,937635e-003
3,554647e+003;5,922015e-003
3,555129e+003;5,911536e-003
3,555611e+003;5,905590e-003
3,556094e+003;5,904281e-003
3,556575e+003;5,907337e-003
3,557058e+003;5,914189e-003
3,557540e+003;5,923728e-003
3,558022e+003;5,934712e-003
3,558504e+003;5,945293e-003
3,558986e+003;5,954195e-003
3,559468e+003;5,961249e-003
3,559950e+003;5,966926e-003
3,560432e+003;5,973443e-003
3,560915e+003;5,984025e-003
3,561397e+003;6,002267e-003
3,561879e+003;6,030958e-003
3,562361e+003;6,071881e-003
3,562843e+003;6,124571e-003
3,563325e+003;6,185870e-003
3,563807e+003;6,250438e-003
3,564289e+003;6,310544e-003
3,564771e+003;6,357513e-003
3,565254e+003;6,384109e-003
3,565736e+003;6,386362e-003
3,566218e+003;6,366961e-003
3,566700e+003;6,335457e-003
3,567182e+003;6,304493e-003
3,567664e+003;6,283112e-003
3,568146e+003;6,274372e-003
3,568628e+003;6,275011e-003
3,569111e+003;6,278944e-003
3,569593e+003;6,280490e-003
3,570075e+003;6,275784e-003
3,570557e+003;6,263514e-003
3,571039e+003;6,244455e-003
3,571521e+003;6,221127e-003
3,572003e+003;6,196087e-003
3,572485e+003;6,172224e-003
3,572968e+003;6,151757e-003
3,573450e+003;6,136063e-003
3,573932e+003;6,126251e-003
3,574414e+003;6,122957e-003
3,574896e+003;6,126486e-003
3,575378e+003;6,135929e-003
3,575860e+003;6,149539e-003
3,576342e+003;6,164360e-003
3,576824e+003;6,176560e-003
3,577307e+003;6,182878e-003
3,577789e+003;6,181064e-003
3,578271e+003;6,170510e-003
3,578753e+003;6,153001e-003
3,579235e+003;6,131728e-003
3,579717e+003;6,110591e-003
3,580199e+003;6,093554e-003
3,580681e+003;6,083944e-003
3,581164e+003;6,083642e-003
3,581646e+003;6,094193e-003
3,582128e+003;6,116438e-003
3,582610e+003;6,151287e-003
3,583092e+003;6,199045e-003
3,583574e+003;6,259716e-003
3,584056e+003;6,332397e-003
3,584538e+003;6,414171e-003
3,585021e+003;6,499827e-003
3,585502e+003;6,580555e-003
3,585985e+003;6,644005e-003
3,586467e+003;6,677988e-003
3,586949e+003;6,673984e-003
3,587431e+003;6,633171e-003
3,587913e+003;6,566797e-003
3,588395e+003;6,491083e-003
3,588877e+003;6,420594e-003
3,589359e+003;6,364338e-003
3,589842e+003;6,326648e-003
3,590324e+003;6,307889e-003
3,590806e+003;6,306376e-003
3,591288e+003;6,319084e-003
3,591770e+003;6,343190e-003
3,592252e+003;6,374627e-003
3,592734e+003;6,409328e-003
3,593216e+003;6,443024e-003
3,593698e+003;6,471845e-003
3,594181e+003;6,492999e-003
3,594663e+003;6,505545e-003
3,595145e+003;6,511027e-003
3,595627e+003;6,512406e-003
3,596109e+003;6,513483e-003
3,596591e+003;6,517923e-003
3,597073e+003;6,527643e-003
3,597555e+003;6,542981e-003
3,598038e+003;6,561717e-003
3,598520e+003;6,580589e-003
3,599002e+003;6,595256e-003
3,599484e+003;6,602321e-003
3,599966e+003;6,600202e-003
3,600448e+003;6,590244e-003
3,600930e+003;6,575644e-003
3,601412e+003;6,560574e-003
3,601895e+003;6,549137e-003
3,602377e+003;6,544024e-003
3,602859e+003;6,546278e-003
3,603341e+003;6,556167e-003
3,603823e+003;6,573323e-003
3,604305e+003;6,597477e-003
3,604787e+003;6,627721e-003
3,605269e+003;6,662375e-003
3,605751e+003;6,698143e-003
3,606234e+003;6,729808e-003
3,606716e+003;6,751311e-003
3,607198e+003;6,757571e-003
3,607680e+003;6,746802e-003
3,608162e+003;6,722304e-003
3,608644e+003;6,691750e-003
3,609126e+003;6,663755e-003
3,609608e+003;6,645048e-003
3,610091e+003;6,638521e-003
3,610573e+003;6,643568e-003
3,611055e+003;6,656757e-003
3,611537e+003;6,673344e-003
3,612019e+003;6,689091e-003
3,612501e+003;6,700296e-003
3,612983e+003;6,705579e-003
3,613465e+003;6,705714e-003
3,613948e+003;6,702585e-003
3,614429e+003;6,698580e-003
3,614912e+003;6,695451e-003
3,615394e+003;6,694879e-003
3,615876e+003;6,698210e-003
3,616358e+003;6,706825e-003
3,616840e+003;6,721967e-003
3,617322e+003;6,743168e-003
3,617804e+003;6,768004e-003
3,618286e+003;6,791294e-003
3,618769e+003;6,806674e-003
3,619251e+003;6,809535e-003
3,619733e+003;6,798428e-003
3,620215e+003;6,776081e-003
3,620697e+003;6,748148e-003
3,621179e+003;6,720487e-003
3,621661e+003;6,698143e-003
3,622143e+003;6,685155e-003
3,622625e+003;6,684111e-003
3,623108e+003;6,696831e-003
3,623590e+003;6,724861e-003
3,624072e+003;6,768913e-003
3,624554e+003;6,829697e-003
3,625036e+003;6,906952e-003
3,625518e+003;7,000955e-003
3,626000e+003;7,110606e-003
3,626482e+003;7,232414e-003
3,626965e+003;7,358805e-003
3,627447e+003;7,471244e-003
3,627929e+003;7,543084e-003
3,628411e+003;7,548917e-003
3,628893e+003;7,483616e-003
3,629375e+003;7,368680e-003
3,629857e+003;7,236626e-003
3,630339e+003;7,114042e-003
3,630822e+003;7,013448e-003
3,631304e+003;6,939507e-003
3,631786e+003;6,891197e-003
3,632268e+003;6,864670e-003
3,632750e+003;6,853293e-003
3,633232e+003;6,848142e-003
3,633714e+003;6,840199e-003
3,634196e+003;6,821821e-003
3,634678e+003;6,790082e-003
3,635161e+003;6,746937e-003
3,635643e+003;6,698042e-003
3,636125e+003;6,650566e-003
3,636607e+003;6,611707e-003
3,637089e+003;6,586678e-003
3,637571e+003;6,577932e-003
3,638053e+003;6,584424e-003
3,638535e+003;6,602826e-003
3,639018e+003;6,628529e-003
3,639500e+003;6,656521e-003
3,639982e+003;6,682294e-003
3,640464e+003;6,702484e-003
3,640946e+003;6,714463e-003
3,641428e+003;6,717088e-003
3,641910e+003;6,711838e-003
3,642392e+003;6,702585e-003
3,642875e+003;6,695182e-003
3,643356e+003;6,697134e-003
3,643839e+003;6,716583e-003
3,644321e+003;6,760432e-003
3,644803e+003;6,835520e-003
3,645285e+003;6,946544e-003
3,645767e+003;7,095653e-003
3,646249e+003;7,279078e-003
3,646731e+003;7,485335e-003
3,647213e+003;7,693005e-003
3,647696e+003;7,871183e-003
3,648178e+003;7,986083e-003
3,648660e+003;8,009944e-003
3,649142e+003;7,931380e-003
3,649624e+003;7,764105e-003
3,650106e+003;7,544062e-003
3,650588e+003;7,317289e-003
3,651070e+003;7,120745e-003
3,651552e+003;6,975702e-003
3,652035e+003;6,887729e-003
3,652517e+003;6,851744e-003
3,652999e+003;6,859756e-003
3,653481e+003;6,902239e-003
3,653963e+003;6,969573e-003
3,654445e+003;7,050120e-003
3,654927e+003;7,130142e-003
3,655409e+003;7,195255e-003
3,655892e+003;7,233054e-003
3,656374e+003;7,238917e-003
3,656856e+003;7,216412e-003
3,657338e+003;7,173831e-003
3,657820e+003;7,119701e-003
3,658302e+003;7,060829e-003
3,658784e+003;7,001864e-003
3,659266e+003;6,945837e-003
3,659749e+003;6,895337e-003
3,660231e+003;6,852350e-003
3,660713e+003;6,818791e-003
3,661195e+003;6,796039e-003
3,661677e+003;6,784932e-003
3,662159e+003;6,785942e-003
3,662641e+003;6,798496e-003
3,663123e+003;6,821080e-003
3,663605e+003;6,851273e-003
3,664088e+003;6,885474e-003
3,664570e+003;6,920754e-003
3,665052e+003;6,954557e-003
3,665534e+003;6,985331e-003
3,666016e+003;7,013279e-003
3,666498e+003;7,039377e-003
3,666980e+003;7,064365e-003
3,667462e+003;7,088647e-003
3,667945e+003;7,110876e-003
3,668427e+003;7,127953e-003
3,668909e+003;7,137114e-003
3,669391e+003;7,138192e-003
3,669873e+003;7,135329e-003
3,670355e+003;7,136070e-003
3,670837e+003;7,147186e-003
3,671319e+003;7,171877e-003
3,671802e+003;7,210347e-003
3,672283e+003;7,260884e-003
3,672766e+003;7,320524e-003
3,673248e+003;7,384283e-003
3,673730e+003;7,444311e-003
3,674212e+003;7,487863e-003
3,674694e+003;7,501550e-003
3,675176e+003;7,480177e-003
3,675658e+003;7,433458e-003
3,676140e+003;7,379700e-003
3,676623e+003;7,333093e-003
3,677105e+003;7,300036e-003
3,677587e+003;7,279819e-003
3,678069e+003;7,269442e-003
3,678551e+003;7,262973e-003
3,679033e+003;7,253875e-003
3,679515e+003;7,235952e-003
3,679997e+003;7,204081e-003
3,680479e+003;7,156719e-003
3,680962e+003;7,096057e-003
3,681444e+003;7,028264e-003
3,681926e+003;6,961796e-003
3,682408e+003;6,906211e-003
3,682890e+003;6,870393e-003
3,683372e+003;6,859049e-003
3,683854e+003;6,872312e-003
3,684336e+003;6,905437e-003
3,684819e+003;6,951325e-003
3,685301e+003;7,001965e-003
3,685783e+003;7,051736e-003
3,686265e+003;7,098044e-003
3,686747e+003;7,141056e-003
3,687229e+003;7,183229e-003
3,687711e+003;7,226148e-003
3,688193e+003;7,267892e-003
3,688676e+003;7,302226e-003
3,689158e+003;7,318974e-003
3,689640e+003;7,309404e-003
3,690122e+003;7,270857e-003
3,690604e+003;7,207046e-003
3,691086e+003;7,128155e-003
3,691568e+003;7,046954e-003
3,692050e+003;6,976408e-003
3,692532e+003;6,925805e-003
3,693015e+003;6,900219e-003
3,693497e+003;6,900151e-003
3,693979e+003;6,922068e-003
3,694461e+003;6,959069e-003
3,694943e+003;7,001797e-003
3,695425e+003;7,040792e-003
3,695907e+003;7,067699e-003
3,696389e+003;7,077701e-003
3,696872e+003;7,070663e-003
3,697354e+003;7,050389e-003
3,697836e+003;7,022876e-003
3,698318e+003;6,993749e-003
3,698800e+003;6,967756e-003
3,699282e+003;6,947318e-003
3,699764e+003;6,932976e-003
3,700246e+003;6,923179e-003
3,700729e+003;6,915940e-003
3,701211e+003;6,908736e-003
3,701693e+003;6,900084e-003
3,702175e+003;6,889884e-003
3,702657e+003;6,879313e-003
3,703139e+003;6,870460e-003
3,703621e+003;6,865747e-003
3,704103e+003;6,867801e-003
3,704585e+003;6,879280e-003
3,705068e+003;6,902306e-003
3,705550e+003;6,939002e-003
3,706032e+003;6,990348e-003
3,706514e+003;7,056249e-003
3,706996e+003;7,135666e-003
3,707478e+003;7,226822e-003
3,707960e+003;7,326960e-003
3,708442e+003;7,432413e-003
3,708925e+003;7,537622e-003
3,709406e+003;7,634156e-003
3,709889e+003;7,710543e-003
3,710371e+003;7,754087e-003
3,710853e+003;7,754863e-003
3,711335e+003;7,710813e-003
3,711817e+003;7,630346e-003
3,712299e+003;7,529935e-003
3,712781e+003;7,427391e-003
3,713263e+003;7,336867e-003
3,713746e+003;7,266477e-003
3,714228e+003;7,217927e-003
3,714710e+003;7,188956e-003
3,715192e+003;7,174942e-003
3,715674e+003;7,170698e-003
3,716156e+003;7,171540e-003
3,716638e+003;7,174470e-003
3,717120e+003;7,178378e-003
3,717603e+003;7,184408e-003
3,718085e+003;7,194514e-003
3,718567e+003;7,210381e-003
3,719049e+003;7,232515e-003
3,719531e+003;7,259232e-003
3,720013e+003;7,287636e-003
3,720495e+003;7,314188e-003
3,720977e+003;7,336867e-003
3,721459e+003;7,356278e-003
3,721942e+003;7,376161e-003
3,722424e+003;7,401472e-003
3,722906e+003;7,436829e-003
3,723388e+003;7,483447e-003
3,723870e+003;7,537453e-003
3,724352e+003;7,589815e-003
3,724834e+003;7,628694e-003
3,725316e+003;7,642688e-003
3,725799e+003;7,625557e-003
3,726281e+003;7,579160e-003
3,726763e+003;7,514832e-003
3,727245e+003;7,448019e-003
3,727727e+003;7,392575e-003
3,728209e+003;7,358401e-003
3,728691e+003;7,350043e-003
3,729173e+003;7,368376e-003
3,729656e+003;7,411954e-003
3,730138e+003;7,478053e-003
3,730620e+003;7,563178e-003
3,731102e+003;7,661371e-003
3,731584e+003;7,764949e-003
3,732066e+003;7,863221e-003
3,732548e+003;7,943663e-003
3,733030e+003;7,993137e-003
3,733512e+003;7,998098e-003
3,733995e+003;7,948725e-003
3,734477e+003;7,843820e-003
3,734959e+003;7,697760e-003
3,735441e+003;7,539544e-003
3,735923e+003;7,400663e-003
3,736405e+003;7,302058e-003
3,736887e+003;7,246295e-003
3,737369e+003;7,223419e-003
3,737852e+003;7,220117e-003
3,738333e+003;7,226182e-003
3,738816e+003;7,236390e-003
3,739298e+003;7,251483e-003
3,739780e+003;7,275641e-003
3,740262e+003;7,314829e-003
3,740744e+003;7,373432e-003
3,741226e+003;7,452907e-003
3,741708e+003;7,550029e-003
3,742190e+003;7,655435e-003
3,742673e+003;7,754053e-003
3,743155e+003;7,822937e-003
3,743637e+003;7,841358e-003
3,744119e+003;7,805598e-003
3,744601e+003;7,738302e-003
3,745083e+003;7,671083e-003
3,745565e+003;7,627513e-003
3,746047e+003;7,615070e-003
3,746530e+003;7,631391e-003
3,747012e+003;7,670341e-003
3,747494e+003;7,725046e-003
3,747976e+003;7,788292e-003
3,748458e+003;7,850804e-003
3,748940e+003;7,900504e-003
3,749422e+003;7,923416e-003
3,749904e+003;7,906342e-003
3,750386e+003;7,842370e-003
3,750869e+003;7,735400e-003
3,751351e+003;7,600402e-003
3,751833e+003;7,459143e-003
3,752315e+003;7,332722e-003
3,752797e+003;7,235615e-003
3,753279e+003;7,172483e-003
3,753761e+003;7,141460e-003
3,754243e+003;7,136508e-003
3,754726e+003;7,150521e-003
3,755208e+003;7,176795e-003
3,755690e+003;7,210078e-003
3,756172e+003;7,246868e-003
3,756654e+003;7,284604e-003
3,757136e+003;7,320692e-003
3,757618e+003;7,352268e-003
3,758100e+003;7,374038e-003
3,758583e+003;7,380745e-003
3,759065e+003;7,368309e-003
3,759547e+003;7,336766e-003
3,760029e+003;7,291612e-003
3,760511e+003;7,243229e-003
3,760993e+003;7,203172e-003
3,761475e+003;7,179894e-003
3,761957e+003;7,178513e-003
3,762439e+003;7,199231e-003
3,762922e+003;7,238714e-003
3,763404e+003;7,288849e-003
3,763886e+003;7,339462e-003
3,764368e+003;7,379262e-003
3,764850e+003;7,400259e-003
3,765332e+003;7,401438e-003
3,765814e+003;7,388867e-003
3,766296e+003;7,372859e-003
3,766779e+003;7,362613e-003
3,767260e+003;7,364097e-003
3,767743e+003;7,377813e-003
3,768225e+003;7,399551e-003
3,768707e+003;7,420144e-003
3,769189e+003;7,429042e-003
3,769671e+003;7,418627e-003
3,770153e+003;7,387014e-003
3,770635e+003;7,338687e-003
3,771117e+003;7,281942e-003
3,771600e+003;7,225440e-003
3,772082e+003;7,175481e-003
3,772564e+003;7,136373e-003
3,773046e+003;7,111415e-003
3,773528e+003;7,101816e-003
3,774010e+003;7,108451e-003
3,774492e+003;7,131119e-003
3,774974e+003;7,168508e-003
3,775457e+003;7,217894e-003
3,775939e+003;7,275945e-003
3,776421e+003;7,337946e-003
3,776903e+003;7,398405e-003
3,777385e+003;7,451592e-003
3,777867e+003;7,491773e-003
3,778349e+003;7,515034e-003
3,778831e+003;7,520293e-003
3,779313e+003;7,510719e-003
3,779796e+003;7,492650e-003
3,780278e+003;7,472660e-003
3,780760e+003;7,456244e-003
3,781242e+003;7,445626e-003
3,781724e+003;7,441312e-003
3,782206e+003;7,441750e-003
3,782688e+003;7,444412e-003
3,783170e+003;7,445154e-003
3,783653e+003;7,439458e-003
3,784135e+003;7,422538e-003
3,784617e+003;7,391125e-003
3,785099e+003;7,345056e-003
3,785581e+003;7,287704e-003
3,786063e+003;7,226081e-003
3,786545e+003;7,169856e-003
3,787027e+003;7,128357e-003
3,787510e+003;7,109596e-003
3,787992e+003;7,117983e-003
3,788474e+003;7,151767e-003
3,788956e+003;7,203644e-003
3,789438e+003;7,262568e-003
3,789920e+003;7,316480e-003
3,790402e+003;7,354863e-003
3,790884e+003;7,372589e-003
3,791366e+003;7,370567e-003
3,791849e+003;7,354761e-003
3,792331e+003;7,333969e-003
3,792813e+003;7,317120e-003
3,793295e+003;7,311224e-003
3,793777e+003;7,319614e-003
3,794259e+003;7,342225e-003
3,794741e+003;7,375454e-003
3,795223e+003;7,413841e-003
3,795706e+003;7,449974e-003
3,796188e+003;7,478491e-003
3,796670e+003;7,497201e-003
3,797152e+003;7,508629e-003
3,797634e+003;7,517125e-003
3,798116e+003;7,528722e-003
3,798598e+003;7,548276e-003
3,799080e+003;7,577879e-003
3,799563e+003;7,615543e-003
3,800044e+003;7,652198e-003
3,800527e+003;7,673242e-003
3,801009e+003;7,662787e-003
3,801491e+003;7,615239e-003
3,801973e+003;7,540185e-003
3,802455e+003;7,456210e-003
3,802937e+003;7,380037e-003
3,803419e+003;7,322276e-003
3,803901e+003;7,287906e-003
3,804384e+003;7,277158e-003
3,804866e+003;7,287030e-003
3,805348e+003;7,311088e-003
3,805830e+003;7,340271e-003
3,806312e+003;7,364265e-003
3,806794e+003;7,376229e-003
3,807276e+003;7,376600e-003
3,807758e+003;7,371308e-003
3,808240e+003;7,368309e-003
3,808723e+003;7,373566e-003
3,809205e+003;7,390283e-003
3,809687e+003;7,419100e-003
3,810169e+003;7,458536e-003
3,810651e+003;7,506202e-003
3,811133e+003;7,559031e-003
3,811615e+003;7,613688e-003
3,812097e+003;7,667070e-003
3,812580e+003;7,716614e-003
3,813062e+003;7,758843e-003
3,813544e+003;7,789843e-003
3,814026e+003;7,805530e-003
3,814508e+003;7,801752e-003
3,814990e+003;7,778577e-003
3,815472e+003;7,742417e-003
3,815954e+003;7,705989e-003
3,816437e+003;7,681066e-003
3,816919e+003;7,675332e-003
3,817401e+003;7,690307e-003
3,817883e+003;7,723528e-003
3,818365e+003;7,770481e-003
3,818847e+003;7,824253e-003
3,819329e+003;7,875131e-003
3,819811e+003;7,908434e-003
3,820293e+003;7,908670e-003
3,820776e+003;7,869024e-003
3,821258e+003;7,797298e-003
3,821740e+003;7,712634e-003
3,822222e+003;7,634224e-003
3,822704e+003;7,574406e-003
3,823186e+003;7,537285e-003
3,823668e+003;7,522687e-003
3,824150e+003;7,526699e-003
3,824633e+003;7,543320e-003
3,825115e+003;7,563178e-003
3,825597e+003;7,576125e-003
3,826079e+003;7,573428e-003
3,826561e+003;7,551007e-003
3,827043e+003;7,511158e-003
3,827525e+003;7,460828e-003
3,828007e+003;7,410201e-003
3,828490e+003;7,367804e-003
3,828971e+003;7,341046e-003
3,829454e+003;7,335586e-003
3,829936e+003;7,354391e-003
3,830418e+003;7,398135e-003
3,830900e+003;7,463727e-003
3,831382e+003;7,545040e-003
3,831864e+003;7,633550e-003
3,832346e+003;7,720593e-003
3,832828e+003;7,799255e-003
3,833311e+003;7,864907e-003
3,833793e+003;7,915756e-003
3,834275e+003;7,952133e-003
3,834757e+003;7,976904e-003
3,835239e+003;7,994419e-003
3,835721e+003;8,010248e-003
3,836203e+003;8,028946e-003
3,836685e+003;8,051966e-003
3,837167e+003;8,076911e-003
3,837650e+003;8,096827e-003
3,838132e+003;8,104254e-003
3,838614e+003;8,093486e-003
3,839096e+003;8,064894e-003
3,839578e+003;8,023074e-003
3,840060e+003;7,975688e-003
3,840542e+003;7,928883e-003
3,841024e+003;7,886197e-003
3,841507e+003;7,847600e-003
3,841989e+003;7,810590e-003
3,842471e+003;7,771729e-003
3,842953e+003;7,728486e-003
3,843435e+003;7,681268e-003
3,843917e+003;7,633482e-003
3,844399e+003;7,590489e-003
3,844881e+003;7,557177e-003
3,845364e+003;7,537184e-003
3,845846e+003;7,531419e-003
3,846328e+003;7,538802e-003
3,846810e+003;7,557278e-003
3,847292e+003;7,584116e-003
3,847774e+003;7,617734e-003
3,848256e+003;7,657189e-003
3,848738e+003;7,703258e-003
3,849220e+003;7,758067e-003
3,849703e+003;7,824725e-003
3,850185e+003;7,906004e-003
3,850667e+003;8,004106e-003
3,851149e+003;8,116947e-003
3,851631e+003;8,234749e-003
3,852113e+003;8,335357e-003
3,852595e+003;8,388794e-003
3,853077e+003;8,375011e-003
3,853560e+003;8,302359e-003
3,854042e+003;8,200881e-003
3,854524e+003;8,099900e-003
3,855006e+003;8,016087e-003
3,855488e+003;7,953314e-003
3,855970e+003;7,909074e-003
3,856452e+003;7,878066e-003
3,856934e+003;7,854583e-003
3,857417e+003;7,833463e-003
3,857898e+003;7,811231e-003
3,858381e+003;7,786841e-003
3,858863e+003;7,761508e-003
3,859345e+003;7,738538e-003
3,859827e+003;7,722651e-003
3,860309e+003;7,718435e-003
3,860791e+003;7,728655e-003
3,861273e+003;7,752603e-003
3,861755e+003;7,785863e-003
3,862238e+003;7,821251e-003
3,862720e+003;7,850366e-003
3,863202e+003;7,866864e-003
3,863684e+003;7,868113e-003
3,864166e+003;7,856237e-003
3,864648e+003;7,837006e-003
3,865130e+003;7,816358e-003
3,865612e+003;7,798513e-003
3,866094e+003;7,784918e-003
3,866577e+003;7,774664e-003
3,867059e+003;7,766568e-003
3,867541e+003;7,760496e-003
3,868023e+003;7,758573e-003
3,868505e+003;7,764983e-003
3,868987e+003;7,784615e-003
3,869469e+003;7,819699e-003
3,869951e+003;7,866966e-003
3,870434e+003;7,919198e-003
3,870916e+003;7,968567e-003
3,871398e+003;8,009033e-003
3,871880e+003;8,036676e-003
3,872362e+003;8,047746e-003
3,872844e+003;8,039376e-003
3,873326e+003;8,010923e-003
3,873808e+003;7,965665e-003
3,874291e+003;7,911099e-003
3,874773e+003;7,856979e-003
3,875255e+003;7,811434e-003
3,875737e+003;7,778543e-003
3,876219e+003;7,758978e-003
3,876701e+003;7,750916e-003
3,877183e+003;7,751051e-003
3,877665e+003;7,755234e-003
3,878147e+003;7,759349e-003
3,878630e+003;7,759956e-003
3,879112e+003;7,755875e-003
3,879594e+003;7,748927e-003
3,880076e+003;7,743968e-003
3,880558e+003;7,746734e-003
3,881040e+003;7,761441e-003
3,881522e+003;7,789135e-003
3,882004e+003;7,828706e-003
3,882487e+003;7,877829e-003
3,882969e+003;7,933438e-003
3,883451e+003;7,991584e-003
3,883933e+003;8,047071e-003
3,884415e+003;8,092472e-003
3,884897e+003;8,120324e-003
3,885379e+003;8,127616e-003
3,885861e+003;8,117251e-003
3,886344e+003;8,097300e-003
3,886825e+003;8,076574e-003
3,887308e+003;8,062126e-003
3,887790e+003;8,057164e-003
3,888272e+003;8,062328e-003
3,888754e+003;8,075831e-003
3,889236e+003;8,094633e-003
3,889718e+003;8,113301e-003
3,890200e+003;8,125725e-003
3,890682e+003;8,127008e-003
3,891165e+003;8,114550e-003
3,891647e+003;8,089232e-003
3,892129e+003;8,054970e-003
3,892611e+003;8,016526e-003
3,893093e+003;7,977747e-003
3,893575e+003;7,942380e-003
3,894057e+003;7,913596e-003
3,894539e+003;7,893823e-003
3,895021e+003;7,885489e-003
3,895504e+003;7,890314e-003
3,895986e+003;7,908906e-003
3,896468e+003;7,940457e-003
3,896950e+003;7,982877e-003
3,897432e+003;8,032457e-003
3,897914e+003;8,084844e-003
3,898396e+003;8,136258e-003
3,898878e+003;8,184370e-003
3,899361e+003;8,228671e-003
3,899843e+003;8,269498e-003
3,900325e+003;8,307526e-003
3,900807e+003;8,342111e-003
3,901289e+003;8,370587e-003
3,901771e+003;8,388726e-003
3,902253e+003;8,391159e-003
3,902735e+003;8,373491e-003
3,903218e+003;8,333600e-003
3,903700e+003;8,273348e-003
3,904182e+003;8,198281e-003
3,904664e+003;8,116711e-003
3,905146e+003;8,036743e-003
3,905628e+003;7,964451e-003
3,906110e+003;7,904249e-003
3,906592e+003;7,858329e-003
3,907074e+003;7,827323e-003
3,907557e+003;7,810894e-003
3,908039e+003;7,806778e-003
3,908521e+003;7,811670e-003
3,909003e+003;7,820879e-003
3,909485e+003;7,829988e-003
3,909967e+003;7,835015e-003
3,910449e+003;7,834070e-003
3,910931e+003;7,827695e-003
3,911414e+003;7,818282e-003
3,911896e+003;7,809274e-003
3,912378e+003;7,803910e-003
3,912860e+003;7,803742e-003
3,913342e+003;7,808971e-003
3,913824e+003;7,817472e-003
3,914306e+003;7,826716e-003
3,914788e+003;7,834104e-003
3,915271e+003;7,838119e-003
3,915752e+003;7,839064e-003
3,916235e+003;7,839165e-003
3,916717e+003;7,841797e-003
3,917199e+003;7,849623e-003
3,917681e+003;7,864132e-003
3,918163e+003;7,884679e-003
3,918645e+003;7,908704e-003
3,919127e+003;7,933471e-003
3,919609e+003;7,955541e-003
3,920092e+003;7,973258e-003
3,920574e+003;7,985746e-003
3,921056e+003;7,992934e-003
3,921538e+003;7,995735e-003
3,922020e+003;7,994554e-003
3,922502e+003;7,989796e-003
3,922984e+003;7,981797e-003
3,923466e+003;7,971234e-003
3,923948e+003;7,959288e-003
3,924431e+003;7,948049e-003
3,924913e+003;7,939275e-003
3,925395e+003;7,934180e-003
3,925877e+003;7,932189e-003
3,926359e+003;7,932290e-003
3,926841e+003;7,932696e-003
3,927323e+003;7,932493e-003
3,927805e+003;7,932088e-003
3,928288e+003;7,933404e-003
3,928770e+003;7,939748e-003
3,929252e+003;7,954597e-003
3,929734e+003;7,979502e-003
3,930216e+003;8,012779e-003
3,930698e+003;8,049367e-003
3,931180e+003;8,081401e-003
3,931662e+003;8,099900e-003
3,932145e+003;8,099832e-003
3,932627e+003;8,080252e-003
3,933109e+003;8,046397e-003
3,933591e+003;8,006029e-003
3,934073e+003;7,968163e-003
3,934555e+003;7,939714e-003
3,935037e+003;7,924664e-003
3,935519e+003;7,923990e-003
3,936001e+003;7,935766e-003
3,936484e+003;7,956993e-003
3,936966e+003;7,983349e-003
3,937448e+003;8,010956e-003
3,937930e+003;8,036777e-003
3,938412e+003;8,058481e-003
3,938894e+003;8,074413e-003
3,939376e+003;8,083662e-003
3,939858e+003;8,085620e-003
3,940341e+003;8,080050e-003
3,940823e+003;8,067628e-003
3,941305e+003;8,050514e-003
3,941787e+003;8,031309e-003
3,942269e+003;8,014129e-003
3,942751e+003;8,002722e-003
3,943233e+003;7,999043e-003
3,943715e+003;8,003532e-003
3,944198e+003;8,015075e-003
3,944679e+003;8,031242e-003
3,945162e+003;8,049502e-003
3,945644e+003;8,067595e-003
3,946126e+003;8,083223e-003
3,946608e+003;8,095072e-003
3,947090e+003;8,102229e-003
3,947572e+003;8,104625e-003
3,948054e+003;8,102431e-003
3,948536e+003;8,096557e-003
3,949019e+003;8,087510e-003
3,949501e+003;8,075190e-003
3,949983e+003;8,060270e-003
3,950465e+003;8,042819e-003
3,950947e+003;8,023748e-003
3,951429e+003;8,004713e-003
3,951911e+003;7,988074e-003
3,952393e+003;7,976262e-003
3,952875e+003;7,971335e-003
3,953358e+003;7,974170e-003
3,953840e+003;7,984261e-003
3,954322e+003;7,999212e-003
3,954804e+003;8,015513e-003
3,955286e+003;8,029521e-003
3,955768e+003;8,037823e-003
3,956250e+003;8,038870e-003
3,956732e+003;8,032794e-003
3,957215e+003;8,021520e-003
3,957697e+003;8,007851e-003
3,958179e+003;7,994520e-003
3,958661e+003;7,984126e-003
3,959143e+003;7,977814e-003
3,959625e+003;7,975351e-003
3,960107e+003;7,975925e-003
3,960589e+003;7,977949e-003
3,961072e+003;7,980447e-003
3,961554e+003;7,982573e-003
3,962036e+003;7,983991e-003
3,962518e+003;7,984935e-003
3,963000e+003;7,985205e-003
3,963482e+003;7,984665e-003
3,963964e+003;7,982472e-003
3,964446e+003;7,977646e-003
3,964928e+003;7,969040e-003
3,965411e+003;7,956385e-003
3,965893e+003;7,940491e-003
3,966375e+003;7,922944e-003
3,966857e+003;7,906983e-003
3,967339e+003;7,895544e-003
3,967821e+003;7,891798e-003
3,968303e+003;7,897704e-003
3,968785e+003;7,913461e-003
3,969268e+003;7,937824e-003
3,969750e+003;7,967994e-003
3,970232e+003;8,000798e-003
3,970714e+003;8,032761e-003
3,971196e+003;8,061282e-003
3,971678e+003;8,084169e-003
3,972160e+003;8,099967e-003
3,972642e+003;8,107664e-003
3,973125e+003;8,106449e-003
3,973606e+003;8,096017e-003
3,974089e+003;8,077282e-003
3,974571e+003;8,052472e-003
3,975053e+003;8,025099e-003
3,975535e+003;8,000460e-003
3,976017e+003;7,984092e-003
3,976499e+003;7,980784e-003
3,976981e+003;7,993035e-003
3,977463e+003;8,020408e-003
3,977946e+003;8,059460e-003
3,978428e+003;8,103511e-003
3,978910e+003;8,145373e-003
3,979392e+003;8,178697e-003
3,979874e+003;8,199058e-003
3,980356e+003;8,205709e-003
3,980838e+003;8,200813e-003
3,981320e+003;8,189401e-003
3,981802e+003;8,176266e-003
3,982285e+003;8,165800e-003
3,982767e+003;8,159925e-003
3,983249e+003;8,158338e-003
3,983731e+003;8,159317e-003
3,984213e+003;8,160600e-003
3,984695e+003;8,161343e-003
3,985177e+003;8,161444e-003
3,985659e+003;8,162491e-003
3,986142e+003;8,166070e-003
3,986624e+003;8,173565e-003
3,987106e+003;8,185248e-003
3,987588e+003;8,200206e-003
3,988070e+003;8,216346e-003
3,988552e+003;8,231879e-003
3,989034e+003;8,245218e-003
3,989516e+003;8,255990e-003
3,989999e+003;8,264298e-003
3,990481e+003;8,270613e-003
3,990963e+003;8,274732e-003
3,991445e+003;8,276422e-003
3,991927e+003;8,274699e-003
3,992409e+003;8,268823e-003
3,992891e+003;8,258928e-003
3,993373e+003;8,246028e-003
3,993855e+003;8,232284e-003
3,994338e+003;8,219790e-003
3,994820e+003;8,210707e-003
3,995302e+003;8,205811e-003
3,995784e+003;8,204967e-003
3,996266e+003;8,206621e-003
3,996748e+003;8,209558e-003
3,997230e+003;8,212632e-003
3,997712e+003;8,215907e-003
3,998195e+003;8,220094e-003
3,998677e+003;8,226577e-003
3,999159e+003;8,236337e-003
3,999641e+003;8,249573e-003
4,000123e+003;8,264838e-003
