3,996748e+002;0,000000e+000
4,001569e+002;1,454610e-001
4,006390e+002;1,458723e-001
4,011211e+002;1,469729e-001
4,016032e+002;1,481814e-001
4,020854e+002;1,492787e-001
4,025675e+002;1,504009e-001
4,030496e+002;1,518008e-001
4,035317e+002;1,536187e-001
4,040138e+002;1,557109e-001
4,044959e+002;1,576877e-001
4,049781e+002;1,590578e-001
4,054602e+002;1,595401e-001
4,059423e+002;1,592416e-001
4,064244e+002;1,586574e-001
4,069065e+002;1,583913e-001
4,073886e+002;1,588885e-001
4,078708e+002;1,602274e-001
4,083529e+002;1,621278e-001
4,088350e+002;1,640967e-001
4,093171e+002;1,657028e-001
4,097992e+002;1,668098e-001
4,102813e+002;1,675998e-001
4,107635e+002;1,684275e-001
4,112456e+002;1,695656e-001
4,117277e+002;1,710470e-001
4,122098e+002;1,726341e-001
4,126919e+002;1,739547e-001
4,131740e+002;1,746931e-001
4,136562e+002;1,747758e-001
4,141383e+002;1,743771e-001
4,146204e+002;1,737874e-001
4,151025e+002;1,732100e-001
4,155846e+002;1,726886e-001
4,160667e+002;1,721076e-001
4,165489e+002;1,713183e-001
4,170310e+002;1,703168e-001
4,175131e+002;1,694053e-001
4,179952e+002;1,691799e-001
4,184773e+002;1,702519e-001
4,189594e+002;1,726446e-001
4,194416e+002;1,755647e-001
4,199237e+002;1,778610e-001
4,204058e+002;1,788446e-001
4,208879e+002;1,784773e-001
4,213700e+002;1,772107e-001
4,218521e+002;1,756141e-001
4,223343e+002;1,741806e-001
4,228164e+002;1,731651e-001
4,232985e+002;1,725743e-001
4,237806e+002;1,722600e-001
4,242627e+002;1,720866e-001
4,247448e+002;1,720812e-001
4,252270e+002;1,724651e-001
4,257091e+002;1,734994e-001
4,261912e+002;1,753079e-001
4,266733e+002;1,777294e-001
4,271554e+002;1,803555e-001
4,276375e+002;1,826353e-001
4,281197e+002;1,841136e-001
4,286018e+002;1,846338e-001
4,290839e+002;1,843633e-001
4,295660e+002;1,836951e-001
4,300481e+002;1,830189e-001
4,305302e+002;1,825763e-001
4,310124e+002;1,823658e-001
4,314945e+002;1,822370e-001
4,319766e+002;1,820553e-001
4,324587e+002;1,818498e-001
4,329408e+002;1,818282e-001
4,334229e+002;1,822566e-001
4,339051e+002;1,832646e-001
4,343872e+002;1,847166e-001
4,348693e+002;1,861913e-001
4,353514e+002;1,871720e-001
4,358335e+002;1,872642e-001
4,363156e+002;1,864830e-001
4,367978e+002;1,852622e-001
4,372799e+002;1,842658e-001
4,377620e+002;1,840055e-001
4,382441e+002;1,846381e-001
4,387262e+002;1,859267e-001
4,392083e+002;1,874063e-001
4,396905e+002;1,885833e-001
4,401726e+002;1,891588e-001
4,406547e+002;1,891430e-001
4,411368e+002;1,888142e-001
4,416189e+002;1,885503e-001
4,421010e+002;1,886129e-001
4,425832e+002;1,890505e-001
4,430653e+002;1,897077e-001
4,435474e+002;1,903807e-001
4,440295e+002;1,909662e-001
4,445116e+002;1,915214e-001
4,449937e+002;1,921830e-001
4,454759e+002;1,930338e-001
4,459580e+002;1,940028e-001
4,464401e+002;1,948665e-001
4,469222e+002;1,953681e-001
4,474043e+002;1,953971e-001
4,478864e+002;1,950849e-001
4,483686e+002;1,947721e-001
4,488507e+002;1,948135e-001
4,493328e+002;1,954303e-001
4,498149e+002;1,965853e-001
4,502970e+002;1,980272e-001
4,507791e+002;1,993974e-001
4,512613e+002;2,004350e-001
4,517434e+002;2,010984e-001
4,522255e+002;2,015939e-001
4,527076e+002;2,022158e-001
4,531897e+002;2,031621e-001
4,536718e+002;2,043746e-001
4,541540e+002;2,055904e-001
4,546361e+002;2,064785e-001
4,551182e+002;2,068560e-001
4,556003e+002;2,067937e-001
4,560824e+002;2,066182e-001
4,565645e+002;2,067459e-001
4,570467e+002;2,074461e-001
4,575288e+002;2,086260e-001
4,580109e+002;2,098242e-001
4,584930e+002;2,104510e-001
4,589751e+002;2,101700e-001
4,594572e+002;2,090954e-001
4,599394e+002;2,076805e-001
4,604215e+002;2,064583e-001
4,609036e+002;2,057820e-001
4,613857e+002;2,057530e-001
4,618678e+002;2,062015e-001
4,623499e+002;2,068387e-001
4,628321e+002;2,074233e-001
4,633142e+002;2,079365e-001
4,637963e+002;2,085861e-001
4,642784e+002;2,096875e-001
4,647606e+002;2,114548e-001
4,652427e+002;2,138903e-001
4,657248e+002;2,167500e-001
4,662069e+002;2,196630e-001
4,666890e+002;2,222540e-001
4,671711e+002;2,243114e-001
4,676533e+002;2,258317e-001
4,681354e+002;2,269366e-001
4,686175e+002;2,277259e-001
4,690996e+002;2,281763e-001
4,695817e+002;2,281599e-001
4,700638e+002;2,275627e-001
4,705460e+002;2,264265e-001
4,710281e+002;2,250488e-001
4,715102e+002;2,238985e-001
4,719923e+002;2,234681e-001
4,724744e+002;2,240100e-001
4,729565e+002;2,253823e-001
4,734387e+002;2,270967e-001
4,739208e+002;2,285930e-001
4,744029e+002;2,295352e-001
4,748850e+002;2,298919e-001
4,753671e+002;2,298829e-001
4,758492e+002;2,297912e-001
4,763314e+002;2,298175e-001
4,768135e+002;2,299873e-001
4,772956e+002;2,301931e-001
4,777777e+002;2,303090e-001
4,782598e+002;2,303222e-001
4,787419e+002;2,303784e-001
4,792241e+002;2,307132e-001
4,797062e+002;2,314982e-001
4,801883e+002;2,327356e-001
4,806704e+002;2,342122e-001
4,811525e+002;2,355988e-001
4,816346e+002;2,365750e-001
4,821168e+002;2,370197e-001
4,825989e+002;2,370533e-001
4,830810e+002;2,369695e-001
4,835631e+002;2,370408e-001
4,840452e+002;2,373783e-001
4,845273e+002;2,378741e-001
4,850095e+002;2,383070e-001
4,854916e+002;2,384981e-001
4,859737e+002;2,384679e-001
4,864558e+002;2,384318e-001
4,869379e+002;2,386918e-001
4,874200e+002;2,394339e-001
4,879022e+002;2,406080e-001
4,883843e+002;2,419158e-001
4,888664e+002;2,429576e-001
4,893485e+002;2,434359e-001
4,898306e+002;2,433209e-001
4,903127e+002;2,428935e-001
4,907949e+002;2,426335e-001
4,912770e+002;2,430003e-001
4,917591e+002;2,441879e-001
4,922412e+002;2,460555e-001
4,927233e+002;2,481777e-001
4,932054e+002;2,500869e-001
4,936876e+002;2,514577e-001
4,941697e+002;2,522508e-001
4,946518e+002;2,526464e-001
4,951339e+002;2,529091e-001
4,956160e+002;2,532220e-001
4,960981e+002;2,536322e-001
4,965803e+002;2,540886e-001
4,970624e+002;2,545412e-001
4,975445e+002;2,550260e-001
4,980266e+002;2,556864e-001
4,985087e+002;2,566873e-001
4,989908e+002;2,581235e-001
4,994730e+002;2,599354e-001
4,999551e+002;2,619296e-001
5,004372e+002;2,638424e-001
5,009193e+002;2,654967e-001
5,014014e+002;2,669059e-001
5,018835e+002;2,682836e-001
5,023657e+002;2,698976e-001
5,028478e+002;2,718948e-001
5,033299e+002;2,741815e-001
5,038120e+002;2,764718e-001
5,042941e+002;2,784272e-001
5,047762e+002;2,798500e-001
5,052584e+002;2,807946e-001
5,057405e+002;2,815536e-001
5,062226e+002;2,825232e-001
5,067047e+002;2,839968e-001
5,071868e+002;2,860457e-001
5,076689e+002;2,884741e-001
5,081511e+002;2,909487e-001
5,086332e+002;2,931658e-001
5,091153e+002;2,950219e-001
5,095974e+002;2,966150e-001
5,100795e+002;2,981466e-001
5,105616e+002;2,997589e-001
5,110438e+002;3,014409e-001
5,115259e+002;3,030121e-001
5,120080e+002;3,042466e-001
5,124901e+002;3,049909e-001
5,129722e+002;3,052757e-001
5,134543e+002;3,052851e-001
5,139365e+002;3,052626e-001
5,144186e+002;3,053558e-001
5,149007e+002;3,055426e-001
5,153828e+002;3,056287e-001
5,158649e+002;3,053629e-001
5,163470e+002;3,045651e-001
5,168292e+002;3,032328e-001
5,173113e+002;3,015276e-001
5,177934e+002;2,996811e-001
5,182755e+002;2,978517e-001
5,187576e+002;2,960504e-001
5,192397e+002;2,941775e-001
5,197219e+002;2,921305e-001
5,202040e+002;2,899073e-001
5,206861e+002;2,876379e-001
5,211682e+002;2,855147e-001
5,216503e+002;2,836831e-001
5,221324e+002;2,821538e-001
5,226146e+002;2,807806e-001
5,230967e+002;2,793103e-001
5,235788e+002;2,774891e-001
5,240609e+002;2,751876e-001
5,245430e+002;2,724463e-001
5,250251e+002;2,694622e-001
5,255073e+002;2,664780e-001
5,259894e+002;2,636869e-001
5,264715e+002;2,611440e-001
5,269536e+002;2,587877e-001
5,274357e+002;2,565147e-001
5,279178e+002;2,542797e-001
5,284000e+002;2,521272e-001
5,288821e+002;2,501701e-001
5,293642e+002;2,485077e-001
5,298463e+002;2,471729e-001
5,303284e+002;2,460948e-001
5,308105e+002;2,451326e-001
5,312927e+002;2,441280e-001
5,317748e+002;2,429846e-001
5,322569e+002;2,416978e-001
5,327390e+002;2,403342e-001
5,332211e+002;2,389710e-001
5,337032e+002;2,376440e-001
5,341854e+002;2,363311e-001
5,346675e+002;2,349804e-001
5,351496e+002;2,335597e-001
5,356317e+002;2,321032e-001
5,361138e+002;2,307060e-001
5,365959e+002;2,294906e-001
5,370781e+002;2,285416e-001
5,375602e+002;2,278622e-001
5,380423e+002;2,273739e-001
5,385244e+002;2,269607e-001
5,390065e+002;2,265396e-001
5,394886e+002;2,260950e-001
5,399708e+002;2,256811e-001
5,404529e+002;2,253709e-001
5,409350e+002;2,251946e-001
5,414171e+002;2,250980e-001
5,418992e+002;2,249540e-001
5,423813e+002;2,246189e-001
5,428635e+002;2,240195e-001
5,433456e+002;2,232010e-001
5,438277e+002;2,223266e-001
5,443098e+002;2,216011e-001
5,447919e+002;2,212105e-001
5,452740e+002;2,212370e-001
5,457562e+002;2,216430e-001
5,462383e+002;2,223040e-001
5,467204e+002;2,230809e-001
5,472025e+002;2,238777e-001
5,476846e+002;2,246526e-001
5,481667e+002;2,253952e-001
5,486489e+002;2,260737e-001
5,491310e+002;2,266062e-001
5,496131e+002;2,268888e-001
5,500952e+002;2,268431e-001
5,505773e+002;2,264918e-001
5,510594e+002;2,259713e-001
5,515416e+002;2,255110e-001
5,520237e+002;2,253342e-001
5,525058e+002;2,255680e-001
5,529879e+002;2,262040e-001
5,534700e+002;2,271037e-001
5,539521e+002;2,280653e-001
5,544343e+002;2,288987e-001
5,549164e+002;2,295059e-001
5,553985e+002;2,298812e-001
5,558806e+002;2,300727e-001
5,563627e+002;2,301199e-001
5,568448e+002;2,300198e-001
5,573270e+002;2,297349e-001
5,578091e+002;2,292415e-001
5,582912e+002;2,285817e-001
5,587733e+002;2,278800e-001
5,592554e+002;2,273016e-001
5,597375e+002;2,269965e-001
5,602197e+002;2,270199e-001
5,607018e+002;2,273137e-001
5,611839e+002;2,277320e-001
5,616660e+002;2,281298e-001
5,621481e+002;2,284271e-001
5,626302e+002;2,286555e-001
5,631124e+002;2,289248e-001
5,635945e+002;2,293601e-001
5,640766e+002;2,300120e-001
5,645587e+002;2,308238e-001
5,650408e+002;2,316419e-001
5,655229e+002;2,322946e-001
5,660051e+002;2,326769e-001
5,664872e+002;2,327931e-001
5,669693e+002;2,327497e-001
5,674514e+002;2,326951e-001
5,679335e+002;2,327450e-001
5,684156e+002;2,329247e-001
5,688978e+002;2,331794e-001
5,693799e+002;2,334197e-001
5,698620e+002;2,335899e-001
5,703441e+002;2,336963e-001
5,708262e+002;2,337980e-001
5,713083e+002;2,339535e-001
5,717905e+002;2,341776e-001
5,722726e+002;2,344184e-001
5,727547e+002;2,345852e-001
5,732368e+002;2,345967e-001
5,737189e+002;2,344352e-001
5,742010e+002;2,341600e-001
5,746832e+002;2,338833e-001
5,751653e+002;2,337049e-001
5,756474e+002;2,336673e-001
5,761295e+002;2,337313e-001
5,766116e+002;2,338142e-001
5,770938e+002;2,338413e-001
5,775759e+002;2,338067e-001
5,780580e+002;2,337768e-001
5,785401e+002;2,338564e-001
5,790222e+002;2,341206e-001
5,795043e+002;2,345673e-001
5,799865e+002;2,351031e-001
5,804686e+002;2,355881e-001
5,809507e+002;2,358967e-001
5,814328e+002;2,359837e-001
5,819149e+002;2,358976e-001
5,823970e+002;2,357479e-001
5,828792e+002;2,356340e-001
5,833613e+002;2,355904e-001
5,838434e+002;2,355744e-001
5,843255e+002;2,354986e-001
5,848076e+002;2,352886e-001
5,852897e+002;2,349274e-001
5,857719e+002;2,344696e-001
5,862540e+002;2,340078e-001
5,867361e+002;2,336240e-001
5,872182e+002;2,333447e-001
5,877003e+002;2,331402e-001
5,881824e+002;2,329531e-001
5,886646e+002;2,327473e-001
5,891467e+002;2,325326e-001
5,896288e+002;2,323636e-001
5,901109e+002;2,322988e-001
5,905930e+002;2,323601e-001
5,910751e+002;2,325006e-001
5,915573e+002;2,326267e-001
5,920394e+002;2,326374e-001
5,925215e+002;2,324947e-001
5,930036e+002;2,322468e-001
5,934857e+002;2,320105e-001
5,939678e+002;2,318986e-001
5,944500e+002;2,319702e-001
5,949321e+002;2,321927e-001
5,954142e+002;2,324668e-001
5,958963e+002;2,326735e-001
5,963784e+002;2,327434e-001
5,968605e+002;2,326917e-001
5,973427e+002;2,326068e-001
5,978248e+002;2,325941e-001
5,983069e+002;2,327113e-001
5,987890e+002;2,329374e-001
5,992711e+002;2,331827e-001
5,997532e+002;2,333350e-001
6,002354e+002;2,333263e-001
6,007175e+002;2,331725e-001
6,011996e+002;2,329618e-001
6,016817e+002;2,328011e-001
6,021638e+002;2,327494e-001
6,026459e+002;2,327893e-001
6,031281e+002;2,328343e-001
6,036102e+002;2,327838e-001
6,040923e+002;2,325693e-001
6,045744e+002;2,321972e-001
6,050565e+002;2,317363e-001
6,055386e+002;2,312795e-001
6,060208e+002;2,308868e-001
6,065029e+002;2,305646e-001
6,069850e+002;2,302743e-001
6,074671e+002;2,299731e-001
6,079492e+002;2,296525e-001
6,084313e+002;2,293548e-001
6,089135e+002;2,291474e-001
6,093956e+002;2,290830e-001
6,098777e+002;2,291545e-001
6,103598e+002;2,292900e-001
6,108419e+002;2,293750e-001
6,113240e+002;2,293154e-001
6,118062e+002;2,290827e-001
6,122883e+002;2,287306e-001
6,127704e+002;2,283602e-001
6,132525e+002;2,280692e-001
6,137346e+002;2,278972e-001
6,142167e+002;2,278095e-001
6,146989e+002;2,277180e-001
6,151810e+002;2,275347e-001
6,156631e+002;2,272248e-001
6,161452e+002;2,268222e-001
6,166273e+002;2,264069e-001
6,171094e+002;2,260514e-001
6,175916e+002;2,257759e-001
6,180737e+002;2,255325e-001
6,185558e+002;2,252360e-001
6,190379e+002;2,248120e-001
6,195200e+002;2,242494e-001
6,200021e+002;2,236094e-001
6,204843e+002;2,230004e-001
6,209664e+002;2,225179e-001
6,214485e+002;2,222133e-001
6,219306e+002;2,220709e-001
6,224127e+002;2,220313e-001
6,228948e+002;2,220266e-001
6,233770e+002;2,220219e-001
6,238591e+002;2,220227e-001
6,243412e+002;2,220570e-001
6,248233e+002;2,221390e-001
6,253054e+002;2,222438e-001
6,257875e+002;2,223084e-001
6,262697e+002;2,222689e-001
6,267518e+002;2,220945e-001
6,272339e+002;2,218157e-001
6,277160e+002;2,215060e-001
6,281981e+002;2,212476e-001
6,286802e+002;2,210775e-001
6,291624e+002;2,209636e-001
6,296445e+002;2,208124e-001
6,301266e+002;2,205191e-001
6,306087e+002;2,200230e-001
6,310908e+002;2,193425e-001
6,315729e+002;2,185681e-001
6,320551e+002;2,178234e-001
6,325372e+002;2,172095e-001
6,330193e+002;2,167595e-001
6,335014e+002;2,164406e-001
6,339835e+002;2,161827e-001
6,344656e+002;2,159300e-001
6,349478e+002;2,156700e-001
6,354299e+002;2,154376e-001
6,359120e+002;2,152813e-001
6,363941e+002;2,152224e-001
6,368762e+002;2,152281e-001
6,373583e+002;2,152195e-001
6,378405e+002;2,151031e-001
6,383226e+002;2,148252e-001
6,388047e+002;2,143908e-001
6,392868e+002;2,138633e-001
6,397689e+002;2,133203e-001
6,402510e+002;2,128186e-001
6,407332e+002;2,123618e-001
6,412153e+002;2,119116e-001
6,416974e+002;2,114159e-001
6,421795e+002;2,108537e-001
6,426616e+002;2,102532e-001
6,431437e+002;2,096837e-001
6,436259e+002;2,092137e-001
6,441080e+002;2,088738e-001
6,445901e+002;2,086347e-001
6,450722e+002;2,084225e-001
6,455543e+002;2,081536e-001
6,460364e+002;2,077803e-001
6,465186e+002;2,073124e-001
6,470007e+002;2,068108e-001
6,474828e+002;2,063515e-001
6,479649e+002;2,059841e-001
6,484470e+002;2,057170e-001
6,489291e+002;2,055218e-001
6,494113e+002;2,053632e-001
6,498934e+002;2,052248e-001
6,503755e+002;2,051188e-001
6,508576e+002;2,050643e-001
6,513397e+002;2,050542e-001
6,518218e+002;2,050336e-001
6,523040e+002;2,049016e-001
6,527861e+002;2,045517e-001
6,532682e+002;2,039302e-001
6,537503e+002;2,030714e-001
6,542324e+002;2,021010e-001
6,547145e+002;2,011839e-001
6,551967e+002;2,004727e-001
6,556788e+002;2,000371e-001
6,561609e+002;1,998470e-001
6,566431e+002;1,997899e-001
6,571251e+002;1,997348e-001
6,576073e+002;1,995822e-001
6,580894e+002;1,992979e-001
6,585715e+002;1,989079e-001
6,590536e+002;1,984643e-001
6,595358e+002;1,980052e-001
6,600178e+002;1,975317e-001
6,605000e+002;1,970175e-001
6,609821e+002;1,964355e-001
6,614642e+002;1,957868e-001
6,619463e+002;1,951109e-001
6,624285e+002;1,944684e-001
6,629105e+002;1,939107e-001
6,633927e+002;1,934566e-001
6,638748e+002;1,930847e-001
6,643569e+002;1,927518e-001
6,648390e+002;1,924206e-001
6,653212e+002;1,920808e-001
6,658032e+002;1,917543e-001
6,662854e+002;1,914814e-001
6,667675e+002;1,912912e-001
6,672496e+002;1,911585e-001
6,677317e+002;1,909772e-001
6,682139e+002;1,906143e-001
6,686959e+002;1,900117e-001
6,691781e+002;1,892561e-001
6,696602e+002;1,884961e-001
6,701423e+002;1,878401e-001
6,706244e+002;1,873145e-001
6,711066e+002;1,868892e-001
6,715886e+002;1,865048e-001
6,720708e+002;1,861081e-001
6,725529e+002;1,856764e-001
6,730350e+002;1,852332e-001
6,735171e+002;1,848315e-001
6,739993e+002;1,845265e-001
6,744813e+002;1,843302e-001
6,749635e+002;1,841974e-001
6,754456e+002;1,840325e-001
6,759277e+002;1,837382e-001
6,764098e+002;1,832595e-001
6,768920e+002;1,826163e-001
6,773740e+002;1,818926e-001
6,778562e+002;1,812013e-001
6,783383e+002;1,806313e-001
6,788204e+002;1,802081e-001
6,793025e+002;1,798947e-001
6,797847e+002;1,796172e-001
6,802667e+002;1,793095e-001
6,807489e+002;1,789371e-001
6,812310e+002;1,785072e-001
6,817131e+002;1,780472e-001
6,821952e+002;1,775769e-001
6,826774e+002;1,770905e-001
6,831594e+002;1,765640e-001
6,836416e+002;1,759785e-001
6,841237e+002;1,753469e-001
6,846058e+002;1,747236e-001
6,850879e+002;1,741872e-001
6,855701e+002;1,737993e-001
6,860521e+002;1,735764e-001
6,865343e+002;1,734736e-001
6,870164e+002;1,734050e-001
6,874985e+002;1,732728e-001
6,879806e+002;1,730178e-001
6,884628e+002;1,726394e-001
6,889448e+002;1,721887e-001
6,894270e+002;1,717310e-001
6,899091e+002;1,713080e-001
6,903912e+002;1,709145e-001
6,908733e+002;1,705064e-001
6,913555e+002;1,700253e-001
6,918375e+002;1,694351e-001
6,923197e+002;1,687407e-001
6,928018e+002;1,679843e-001
6,932839e+002;1,672193e-001
6,937660e+002;1,664832e-001
6,942482e+002;1,657861e-001
6,947302e+002;1,651169e-001
6,952124e+002;1,644631e-001
6,956945e+002;1,638326e-001
6,961766e+002;1,632563e-001
6,966587e+002;1,627762e-001
6,971409e+002;1,624189e-001
6,976229e+002;1,621736e-001
6,981051e+002;1,619890e-001
6,985872e+002;1,617907e-001
6,990693e+002;1,615170e-001
6,995514e+002;1,611397e-001
7,000336e+002;1,606769e-001
7,005156e+002;1,601723e-001
7,009978e+002;1,596698e-001
7,014799e+002;1,591834e-001
7,019620e+002;1,586918e-001
7,024441e+002;1,581524e-001
7,029263e+002;1,575343e-001
7,034083e+002;1,568405e-001
7,038905e+002;1,561184e-001
7,043726e+002;1,554363e-001
7,048547e+002;1,548588e-001
7,053368e+002;1,544136e-001
7,058190e+002;1,540828e-001
7,063010e+002;1,538126e-001
7,067832e+002;1,535433e-001
7,072653e+002;1,532367e-001
7,077474e+002;1,528857e-001
7,082295e+002;1,525068e-001
7,087117e+002;1,521178e-001
7,091937e+002;1,517180e-001
7,096759e+002;1,512829e-001
7,101580e+002;1,507757e-001
7,106401e+002;1,501720e-001
7,111222e+002;1,494796e-001
7,116044e+002;1,487455e-001
7,120864e+002;1,480390e-001
7,125686e+002;1,474226e-001
7,130507e+002;1,469337e-001
7,135328e+002;1,465700e-001
7,140149e+002;1,462991e-001
7,144971e+002;1,460752e-001
7,149791e+002;1,458608e-001
7,154613e+002;1,456333e-001
7,159434e+002;1,453798e-001
7,164255e+002;1,450868e-001
7,169076e+002;1,447281e-001
7,173898e+002;1,442669e-001
7,178718e+002;1,436728e-001
7,183540e+002;1,429369e-001
7,188361e+002;1,420856e-001
7,193182e+002;1,411746e-001
7,198003e+002;1,402738e-001
7,202825e+002;1,394363e-001
7,207645e+002;1,386841e-001
7,212467e+002;1,380061e-001
7,217288e+002;1,373759e-001
7,222109e+002;1,367727e-001
7,226930e+002;1,361964e-001
7,231752e+002;1,356657e-001
7,236572e+002;1,352071e-001
7,241394e+002;1,348337e-001
7,246215e+002;1,345353e-001
7,251036e+002;1,342809e-001
7,255857e+002;1,340353e-001
7,260679e+002;1,337793e-001
7,265499e+002;1,335197e-001
7,270321e+002;1,332860e-001
7,275142e+002;1,331105e-001
7,279963e+002;1,330074e-001
7,284784e+002;1,329560e-001
7,289606e+002;1,329021e-001
7,294426e+002;1,327733e-001
7,299248e+002;1,325101e-001
7,304069e+002;1,320786e-001
7,308890e+002;1,314820e-001
7,313711e+002;1,307487e-001
7,318533e+002;1,299211e-001
7,323353e+002;1,290416e-001
7,328175e+002;1,281481e-001
7,332996e+002;1,272844e-001
7,337817e+002;1,264986e-001
7,342638e+002;1,258423e-001
7,347460e+002;1,253599e-001
7,352280e+002;1,250668e-001
7,357102e+002;1,249394e-001
7,361923e+002;1,249125e-001
7,366744e+002;1,249026e-001
7,371565e+002;1,248257e-001
7,376387e+002;1,246302e-001
7,381207e+002;1,243106e-001
7,386029e+002;1,239013e-001
7,390850e+002;1,234544e-001
7,395671e+002;1,230120e-001
7,400492e+002;1,225909e-001
7,405314e+002;1,221795e-001
7,410134e+002;1,217498e-001
7,414956e+002;1,212782e-001
7,419777e+002;1,207611e-001
7,424598e+002;1,202170e-001
7,429419e+002;1,196785e-001
7,434241e+002;1,191758e-001
7,439061e+002;1,187283e-001
7,443883e+002;1,183399e-001
7,448704e+002;1,180051e-001
7,453525e+002;1,177166e-001
7,458346e+002;1,174702e-001
7,463168e+002;1,172634e-001
7,467988e+002;1,170870e-001
7,472810e+002;1,169202e-001
7,477631e+002;1,167297e-001
7,482452e+002;1,164762e-001
7,487273e+002;1,161316e-001
7,492095e+002;1,156872e-001
7,496915e+002;1,151595e-001
7,501737e+002;1,145790e-001
7,506558e+002;1,139810e-001
7,511379e+002;1,133894e-001
7,516200e+002;1,128115e-001
7,521022e+002;1,122430e-001
7,525842e+002;1,116789e-001
7,530664e+002;1,111225e-001
7,535485e+002;1,105890e-001
7,540306e+002;1,100987e-001
7,545127e+002;1,096670e-001
7,549949e+002;1,092952e-001
7,554769e+002;1,089680e-001
7,559591e+002;1,086593e-001
7,564412e+002;1,083425e-001
7,569233e+002;1,080017e-001
7,574054e+002;1,076339e-001
7,578876e+002;1,072462e-001
7,583696e+002;1,068466e-001
7,588518e+002;1,064384e-001
7,593339e+002;1,060183e-001
7,598160e+002;1,055826e-001
7,602981e+002;1,051341e-001
7,607803e+002;1,046867e-001
7,612623e+002;1,042630e-001
7,617445e+002;1,038856e-001
7,622266e+002;1,035654e-001
7,627087e+002;1,032965e-001
7,631908e+002;1,030553e-001
7,636730e+002;1,028124e-001
7,641550e+002;1,025392e-001
7,646372e+002;1,022206e-001
7,651193e+002;1,018549e-001
7,656014e+002;1,014498e-001
7,660835e+002;1,010135e-001
7,665657e+002;1,005508e-001
7,670477e+002;1,000630e-001
7,675299e+002;9,955311e-002
7,680120e+002;9,903166e-002
7,684941e+002;9,851746e-002
7,689762e+002;9,803127e-002
7,694584e+002;9,758851e-002
7,699404e+002;9,719013e-002
7,704226e+002;9,682292e-002
7,709047e+002;9,646368e-002
7,713868e+002;9,609266e-002
7,718689e+002;9,570329e-002
7,723511e+002;9,530532e-002
7,728331e+002;9,491879e-002
7,733153e+002;9,456302e-002
7,737974e+002;9,424388e-002
7,742795e+002;9,395040e-002
7,747616e+002;9,365814e-002
7,752438e+002;9,334107e-002
7,757258e+002;9,298584e-002
7,762080e+002;9,259752e-002
7,766901e+002;9,219771e-002
7,771722e+002;9,181100e-002
7,776543e+002;9,145641e-002
7,781365e+002;9,113533e-002
7,786185e+002;9,083312e-002
7,791007e+002;9,052597e-002
7,795828e+002;9,019478e-002
7,800649e+002;8,983213e-002
7,805470e+002;8,944703e-002
7,810292e+002;8,905796e-002
7,815112e+002;8,868683e-002
7,819934e+002;8,834948e-002
7,824755e+002;8,805062e-002
7,829576e+002;8,778494e-002
7,834397e+002;8,753847e-002
7,839219e+002;8,729456e-002
7,844039e+002;8,703444e-002
7,848861e+002;8,674243e-002
7,853682e+002;8,640796e-002
7,858503e+002;8,603065e-002
7,863324e+002;8,562275e-002
7,868146e+002;8,521064e-002
7,872966e+002;8,483037e-002
7,877788e+002;8,451404e-002
7,882609e+002;8,427984e-002
7,887430e+002;8,412100e-002
7,892251e+002;8,400700e-002
7,897073e+002;8,389010e-002
7,901893e+002;8,372505e-002
7,906715e+002;8,348674e-002
7,911536e+002;8,317956e-002
7,916357e+002;8,283564e-002
7,921178e+002;8,250116e-002
7,926000e+002;8,221883e-002
7,930820e+002;8,200838e-002
7,935642e+002;8,186258e-002
7,940463e+002;8,174945e-002
7,945284e+002;8,163044e-002
7,950105e+002;8,146916e-002
7,954927e+002;8,124527e-002
7,959747e+002;8,095680e-002
7,964569e+002;8,061515e-002
7,969390e+002;8,023665e-002
7,974211e+002;7,983906e-002
7,979032e+002;7,943980e-002
7,983854e+002;7,905469e-002
7,988674e+002;7,869888e-002
7,993496e+002;7,838325e-002
7,998317e+002;7,810929e-002
8,003138e+002;7,786638e-002
8,007959e+002;7,763173e-002
8,012781e+002;7,738003e-002
8,017601e+002;7,708969e-002
8,022423e+002;7,675403e-002
8,027244e+002;7,638264e-002
8,032065e+002;7,599830e-002
8,036886e+002;7,562519e-002
8,041708e+002;7,527860e-002
8,046528e+002;7,496233e-002
8,051350e+002;7,466967e-002
8,056171e+002;7,439151e-002
8,060992e+002;7,412371e-002
8,065813e+002;7,387034e-002
8,070635e+002;7,363945e-002
8,075455e+002;7,343552e-002
8,080277e+002;7,325231e-002
8,085098e+002;7,306997e-002
8,089919e+002;7,286204e-002
8,094740e+002;7,260634e-002
8,099562e+002;7,229417e-002
8,104382e+002;7,193489e-002
8,109204e+002;7,155170e-002
8,114025e+002;7,117220e-002
8,118846e+002;7,081483e-002
8,123668e+002;7,048500e-002
8,128489e+002;7,017519e-002
8,133310e+002;6,987352e-002
8,138131e+002;6,957085e-002
8,142952e+002;6,926776e-002
8,147773e+002;6,897304e-002
8,152595e+002;6,869905e-002
8,157416e+002;6,845479e-002
8,162237e+002;6,824157e-002
8,167058e+002;6,805524e-002
8,171879e+002;6,789060e-002
8,176700e+002;6,774717e-002
8,181522e+002;6,763139e-002
8,186343e+002;6,755419e-002
8,191164e+002;6,752462e-002
8,195985e+002;6,754486e-002
8,200806e+002;6,760742e-002
8,205627e+002;6,769640e-002
8,210449e+002;6,779349e-002
8,215270e+002;6,788452e-002
8,220091e+002;6,796127e-002
8,224912e+002;6,802110e-002
8,229733e+002;6,806353e-002
8,234554e+002;6,808702e-002
8,239376e+002;6,808880e-002
8,244197e+002;6,806748e-002
8,249018e+002;6,802811e-002
8,253839e+002;6,798273e-002
8,258660e+002;6,795046e-002
8,263481e+002;6,795019e-002
8,268303e+002;6,799358e-002
8,273124e+002;6,808206e-002
8,277945e+002;6,820695e-002
8,282766e+002;6,835651e-002
8,287587e+002;6,852163e-002
8,292408e+002;6,870185e-002
8,297230e+002;6,890360e-002
8,302051e+002;6,913611e-002
8,306872e+002;6,940314e-002
8,311693e+002;6,969912e-002
8,316514e+002;7,001037e-002
8,321335e+002;7,032368e-002
8,326157e+002;7,063386e-002
8,330978e+002;7,095175e-002
8,335799e+002;7,130162e-002
8,340620e+002;7,171734e-002
8,345441e+002;7,222933e-002
8,350262e+002;7,285565e-002
8,355084e+002;7,360101e-002
8,359905e+002;7,445951e-002
8,364726e+002;7,542233e-002
8,369547e+002;7,648497e-002
8,374368e+002;7,764917e-002
8,379189e+002;7,892088e-002
8,384011e+002;8,030258e-002
8,388832e+002;8,178945e-002
8,393653e+002;8,336877e-002
8,398474e+002;8,502820e-002
8,403295e+002;8,676501e-002
8,408116e+002;8,859528e-002
8,412938e+002;9,055499e-002
8,417759e+002;9,268914e-002
8,422580e+002;9,504443e-002
8,427401e+002;9,765231e-002
8,432222e+002;1,005268e-001
8,437043e+002;1,036676e-001
8,441865e+002;1,070712e-001
8,446686e+002;1,107411e-001
8,451507e+002;1,146928e-001
8,456328e+002;1,189473e-001
8,461149e+002;1,235205e-001
8,465970e+002;1,284100e-001
8,470792e+002;1,335946e-001
8,475613e+002;1,390373e-001
8,480434e+002;1,447063e-001
8,485255e+002;1,505892e-001
8,490076e+002;1,566978e-001
8,494897e+002;1,630553e-001
8,499719e+002;1,696762e-001
8,504540e+002;1,765397e-001
8,509361e+002;1,835887e-001
8,514182e+002;1,907358e-001
8,519003e+002;1,978912e-001
8,523824e+002;2,049956e-001
8,528646e+002;2,120232e-001
8,533467e+002;2,189693e-001
8,538288e+002;2,258178e-001
8,543109e+002;2,325076e-001
8,547930e+002;2,389287e-001
8,552751e+002;2,449469e-001
8,557573e+002;2,504373e-001
8,562394e+002;2,553306e-001
8,567215e+002;2,596181e-001
8,572036e+002;2,633296e-001
8,576857e+002;2,664877e-001
8,581678e+002;2,690790e-001
8,586500e+002;2,710504e-001
8,591321e+002;2,723450e-001
8,596142e+002;2,729415e-001
8,600963e+002;2,728855e-001
8,605784e+002;2,722736e-001
8,610605e+002;2,712227e-001
8,615427e+002;2,698129e-001
8,620248e+002;2,680648e-001
8,625069e+002;2,659519e-001
8,629890e+002;2,634423e-001
8,634711e+002;2,605423e-001
8,639532e+002;2,573209e-001
8,644354e+002;2,538855e-001
8,649175e+002;2,503501e-001
8,653996e+002;2,467902e-001
8,658817e+002;2,432241e-001
8,663638e+002;2,396353e-001
8,668459e+002;2,360137e-001
8,673281e+002;2,323939e-001
8,678102e+002;2,288752e-001
8,682923e+002;2,255979e-001
8,687744e+002;2,227027e-001
8,692565e+002;2,202994e-001
8,697386e+002;2,184356e-001
8,702208e+002;2,171088e-001
8,707029e+002;2,162918e-001
8,711850e+002;2,159638e-001
8,716671e+002;2,161257e-001
8,721492e+002;2,167968e-001
8,726313e+002;2,179943e-001
8,731135e+002;2,197105e-001
8,735956e+002;2,219027e-001
8,740777e+002;2,245056e-001
8,745598e+002;2,274477e-001
8,750419e+002;2,306798e-001
8,755240e+002;2,341795e-001
8,760062e+002;2,379312e-001
8,764883e+002;2,418985e-001
8,769704e+002;2,459911e-001
8,774525e+002;2,500558e-001
8,779346e+002;2,539166e-001
8,784167e+002;2,574031e-001
8,788989e+002;2,604038e-001
8,793810e+002;2,628796e-001
8,798631e+002;2,648371e-001
8,803452e+002;2,662772e-001
8,808273e+002;2,671551e-001
8,813094e+002;2,673674e-001
8,817916e+002;2,667953e-001
8,822737e+002;2,653603e-001
8,827558e+002;2,630759e-001
8,832379e+002;2,600516e-001
8,837200e+002;2,564584e-001
8,842021e+002;2,524636e-001
8,846843e+002;2,481662e-001
8,851664e+002;2,435907e-001
8,856485e+002;2,387055e-001
8,861306e+002;2,334743e-001
8,866127e+002;2,278946e-001
8,870948e+002;2,220159e-001
8,875770e+002;2,159200e-001
8,880591e+002;2,096945e-001
8,885412e+002;2,033997e-001
8,890233e+002;1,970662e-001
8,895054e+002;1,907099e-001
8,899875e+002;1,843494e-001
8,904697e+002;1,780204e-001
8,909518e+002;1,717698e-001
8,914339e+002;1,656360e-001
8,919160e+002;1,596352e-001
8,923981e+002;1,537550e-001
8,928802e+002;1,479684e-001
8,933624e+002;1,422535e-001
8,938445e+002;1,366152e-001
8,943266e+002;1,310890e-001
8,948087e+002;1,257330e-001
8,952908e+002;1,206011e-001
8,957729e+002;1,157277e-001
8,962551e+002;1,111187e-001
8,967372e+002;1,067570e-001
8,972193e+002;1,026170e-001
8,977014e+002;9,867837e-002
8,981835e+002;9,493414e-002
8,986656e+002;9,138537e-002
8,991478e+002;8,803374e-002
8,996299e+002;8,487227e-002
9,001120e+002;8,188514e-002
9,005941e+002;7,905330e-002
9,010762e+002;7,636561e-002
9,015583e+002;7,382435e-002
9,020405e+002;7,144424e-002
9,025226e+002;6,924573e-002
9,030047e+002;6,724180e-002
9,034868e+002;6,542797e-002
9,039689e+002;6,378018e-002
9,044510e+002;6,226056e-002
9,049332e+002;6,083123e-002
9,054153e+002;5,946198e-002
9,058974e+002;5,814075e-002
9,063795e+002;5,687184e-002
9,068616e+002;5,567064e-002
9,073438e+002;5,455280e-002
9,078259e+002;5,352828e-002
9,083080e+002;5,259752e-002
9,087901e+002;5,175313e-002
9,092722e+002;5,098021e-002
9,097543e+002;5,026222e-002
9,102365e+002;4,958327e-002
9,107186e+002;4,892807e-002
9,112007e+002;4,828497e-002
9,116829e+002;4,764729e-002
9,121649e+002;4,701542e-002
9,126471e+002;4,639800e-002
9,131292e+002;4,580870e-002
9,136113e+002;4,526315e-002
9,140934e+002;4,477181e-002
9,145756e+002;4,433557e-002
9,150576e+002;4,394538e-002
9,155398e+002;4,358631e-002
9,160219e+002;4,324402e-002
9,165040e+002;4,291138e-002
9,169861e+002;4,259209e-002
9,174683e+002;4,229801e-002
9,179503e+002;4,204275e-002
9,184325e+002;4,183328e-002
9,189146e+002;4,166461e-002
9,193967e+002;4,152017e-002
9,198788e+002;4,137681e-002
9,203610e+002;4,121199e-002
9,208430e+002;4,101305e-002
9,213252e+002;4,078001e-002
9,218073e+002;4,052470e-002
9,222894e+002;4,026386e-002
9,227715e+002;4,001404e-002
9,232537e+002;3,978615e-002
9,237357e+002;3,958314e-002
9,242179e+002;3,940228e-002
9,247000e+002;3,923745e-002
9,251821e+002;3,908273e-002
9,256642e+002;3,893368e-002
9,261464e+002;3,878942e-002
9,266284e+002;3,865108e-002
9,271106e+002;3,852412e-002
9,275927e+002;3,841515e-002
9,280748e+002;3,833241e-002
9,285569e+002;3,828189e-002
9,290391e+002;3,826354e-002
9,295211e+002;3,826842e-002
9,300033e+002;3,827841e-002
9,304854e+002;3,827078e-002
9,309675e+002;3,822320e-002
9,314496e+002;3,812327e-002
9,319318e+002;3,797412e-002
9,324138e+002;3,779551e-002
9,328960e+002;3,761720e-002
9,333781e+002;3,747013e-002
9,338602e+002;3,737757e-002
9,343423e+002;3,734799e-002
9,348245e+002;3,737389e-002
9,353065e+002;3,743824e-002
9,357887e+002;3,752161e-002
9,362708e+002;3,760828e-002
9,367529e+002;3,769055e-002
9,372350e+002;3,776602e-002
9,377172e+002;3,783437e-002
9,381992e+002;3,789233e-002
9,386814e+002;3,793293e-002
9,391635e+002;3,794678e-002
9,396456e+002;3,792797e-002
9,401277e+002;3,787790e-002
9,406099e+002;3,780806e-002
9,410919e+002;3,773595e-002
9,415741e+002;3,768192e-002
9,420562e+002;3,766222e-002
9,425383e+002;3,768322e-002
9,430204e+002;3,774090e-002
9,435026e+002;3,782248e-002
9,439846e+002;3,791123e-002
9,444668e+002;3,799010e-002
9,449489e+002;3,804757e-002
9,454310e+002;3,807914e-002
9,459131e+002;3,808764e-002
9,463953e+002;3,808229e-002
9,468773e+002;3,807560e-002
9,473595e+002;3,808164e-002
9,478416e+002;3,811101e-002
9,483237e+002;3,816940e-002
9,488058e+002;3,825543e-002
9,492880e+002;3,836223e-002
9,497700e+002;3,847894e-002
9,502522e+002;3,859506e-002
9,507343e+002;3,870404e-002
9,512164e+002;3,880486e-002
9,516985e+002;3,890095e-002
9,521807e+002;3,899801e-002
9,526627e+002;3,910057e-002
9,531449e+002;3,920898e-002
9,536270e+002;3,931990e-002
9,541091e+002;3,942775e-002
9,545912e+002;3,952754e-002
9,550734e+002;3,961711e-002
9,555554e+002;3,969792e-002
9,560376e+002;3,977276e-002
9,565197e+002;3,984444e-002
9,570018e+002;3,991421e-002
9,574839e+002;3,998221e-002
9,579661e+002;4,005019e-002
9,584481e+002;4,012327e-002
9,589303e+002;4,021075e-002
9,594124e+002;4,032486e-002
9,598945e+002;4,047526e-002
9,603766e+002;4,066640e-002
9,608588e+002;4,089373e-002
9,613408e+002;4,114671e-002
9,618230e+002;4,141041e-002
9,623051e+002;4,167285e-002
9,627872e+002;4,192888e-002
9,632693e+002;4,217988e-002
9,637515e+002;4,243328e-002
9,642335e+002;4,269623e-002
9,647157e+002;4,297298e-002
9,651978e+002;4,326272e-002
9,656799e+002;4,356107e-002
9,661620e+002;4,386334e-002
9,666442e+002;4,416662e-002
9,671262e+002;4,447203e-002
9,676084e+002;4,478084e-002
9,680905e+002;4,509285e-002
9,685726e+002;4,540332e-002
9,690547e+002;4,570411e-002
9,695369e+002;4,598713e-002
9,700189e+002;4,624918e-002
9,705011e+002;4,649494e-002
9,709832e+002;4,673708e-002
9,714653e+002;4,699378e-002
9,719474e+002;4,728116e-002
9,724296e+002;4,760928e-002
9,729116e+002;4,798006e-002
9,733938e+002;4,838885e-002
9,738759e+002;4,882799e-002
9,743580e+002;4,929073e-002
9,748401e+002;4,977422e-002
9,753223e+002;5,027726e-002
9,758043e+002;5,079801e-002
9,762865e+002;5,133206e-002
9,767686e+002;5,187204e-002
9,772507e+002;5,241014e-002
9,777328e+002;5,294300e-002
9,782150e+002;5,347389e-002
9,786970e+002;5,401230e-002
9,791792e+002;5,457020e-002
9,796613e+002;5,515651e-002
9,801434e+002;5,577220e-002
9,806255e+002;5,641004e-002
9,811077e+002;5,705770e-002
9,815897e+002;5,770482e-002
9,820719e+002;5,834907e-002
9,825540e+002;5,899869e-002
9,830361e+002;5,967006e-002
9,835182e+002;6,038379e-002
9,840004e+002;6,115702e-002
9,844824e+002;6,199815e-002
9,849646e+002;6,290702e-002
9,854467e+002;6,387644e-002
9,859288e+002;6,489589e-002
9,864109e+002;6,595449e-002
9,868931e+002;6,704413e-002
9,873751e+002;6,815834e-002
9,878573e+002;6,929306e-002
9,883394e+002;7,044645e-002
9,888215e+002;7,162008e-002
9,893036e+002;7,281968e-002
9,897858e+002;7,405325e-002
9,902678e+002;7,533011e-002
9,907500e+002;7,665554e-002
9,912321e+002;7,802930e-002
9,917142e+002;7,944704e-002
9,921963e+002;8,090463e-002
9,926785e+002;8,240473e-002
9,931605e+002;8,396237e-002
9,936427e+002;8,560144e-002
9,941248e+002;8,735076e-002
9,946069e+002;8,923302e-002
9,950890e+002;9,125502e-002
9,955712e+002;9,340462e-002
9,960532e+002;9,565621e-002
9,965354e+002;9,798202e-002
9,970175e+002;1,003618e-001
9,974996e+002;1,027923e-001
9,979817e+002;1,052856e-001
9,984639e+002;1,078625e-001
9,989459e+002;1,105409e-001
9,994281e+002;1,133323e-001
9,999102e+002;1,162422e-001
1,000392e+003;1,192769e-001
1,000874e+003;1,224527e-001
1,001357e+003;1,257958e-001
1,001839e+003;1,293343e-001
1,002321e+003;1,330862e-001
1,002803e+003;1,370456e-001
1,003285e+003;1,411819e-001
1,003767e+003;1,454449e-001
1,004249e+003;1,497917e-001
1,004731e+003;1,542046e-001
1,005214e+003;1,587044e-001
1,005696e+003;1,633408e-001
1,006178e+003;1,681758e-001
1,006660e+003;1,732561e-001
1,007142e+003;1,785951e-001
1,007624e+003;1,841749e-001
1,008106e+003;1,899626e-001
1,008588e+003;1,959352e-001
1,009070e+003;2,020929e-001
1,009552e+003;2,084581e-001
1,010035e+003;2,150548e-001
1,010517e+003;2,218852e-001
1,010999e+003;2,289179e-001
1,011481e+003;2,360922e-001
1,011963e+003;2,433448e-001
1,012445e+003;2,506441e-001
1,012927e+003;2,580027e-001
1,013409e+003;2,654697e-001
1,013892e+003;2,730945e-001
1,014374e+003;2,808950e-001
1,014856e+003;2,888373e-001
1,015338e+003;2,968530e-001
1,015820e+003;3,048707e-001
1,016302e+003;3,128606e-001
1,016784e+003;3,208467e-001
1,017266e+003;3,288863e-001
1,017749e+003;3,370174e-001
1,018231e+003;3,452184e-001
1,018713e+003;3,533912e-001
1,019195e+003;3,614071e-001
1,019677e+003;3,691622e-001
1,020159e+003;3,766421e-001
1,020641e+003;3,839260e-001
1,021123e+003;3,911489e-001
1,021605e+003;3,984069e-001
1,022088e+003;4,056881e-001
1,022570e+003;4,128539e-001
1,023052e+003;4,197020e-001
1,023534e+003;4,260643e-001
1,024016e+003;4,318980e-001
1,024498e+003;4,373086e-001
1,024980e+003;4,424974e-001
1,025462e+003;4,476483e-001
1,025944e+003;4,528181e-001
1,026427e+003;4,579058e-001
1,026909e+003;4,626960e-001
1,027391e+003;4,669799e-001
1,027873e+003;4,706386e-001
1,028355e+003;4,736981e-001
1,028837e+003;4,762805e-001
1,029319e+003;4,785187e-001
1,029801e+003;4,804598e-001
1,030284e+003;4,820471e-001
1,030766e+003;4,831605e-001
1,031248e+003;4,837084e-001
1,031730e+003;4,836895e-001
1,032212e+003;4,831997e-001
1,032694e+003;4,823587e-001
1,033176e+003;4,812358e-001
1,033658e+003;4,797876e-001
1,034141e+003;4,778898e-001
1,034623e+003;4,754103e-001
1,035105e+003;4,723160e-001
1,035587e+003;4,687112e-001
1,036069e+003;4,648101e-001
1,036551e+003;4,608226e-001
1,037033e+003;4,568627e-001
1,037515e+003;4,528964e-001
1,037997e+003;4,487778e-001
1,038479e+003;4,443303e-001
1,038962e+003;4,394559e-001
1,039444e+003;4,341906e-001
1,039926e+003;4,286824e-001
1,040408e+003;4,231071e-001
1,040890e+003;4,175726e-001
1,041372e+003;4,120829e-001
1,041854e+003;4,065549e-001
1,042336e+003;4,008892e-001
1,042819e+003;3,950417e-001
1,043301e+003;3,890595e-001
1,043783e+003;3,830543e-001
1,044265e+003;3,771393e-001
1,044747e+003;3,713572e-001
1,045229e+003;3,656645e-001
1,045711e+003;3,599571e-001
1,046193e+003;3,541419e-001
1,046676e+003;3,481883e-001
1,047158e+003;3,421537e-001
1,047640e+003;3,361455e-001
1,048122e+003;3,302684e-001
1,048604e+003;3,245620e-001
1,049086e+003;3,189894e-001
1,049568e+003;3,134641e-001
1,050050e+003;3,079138e-001
1,050532e+003;3,023224e-001
1,051015e+003;2,967467e-001
1,051497e+003;2,912802e-001
1,051979e+003;2,860073e-001
1,052461e+003;2,809541e-001
1,052943e+003;2,760805e-001
1,053425e+003;2,713057e-001
1,053907e+003;2,665597e-001
1,054389e+003;2,618269e-001
1,054871e+003;2,571549e-001
1,055354e+003;2,526278e-001
1,055836e+003;2,483239e-001
1,056318e+003;2,442796e-001
1,056800e+003;2,404750e-001
1,057282e+003;2,368551e-001
1,057764e+003;2,333654e-001
1,058246e+003;2,299871e-001
1,058728e+003;2,267463e-001
1,059211e+003;2,236990e-001
1,059693e+003;2,208968e-001
1,060175e+003;2,183691e-001
1,060657e+003;2,161106e-001
1,061139e+003;2,140987e-001
1,061621e+003;2,123164e-001
1,062103e+003;2,107706e-001
1,062585e+003;2,094901e-001
1,063068e+003;2,085079e-001
1,063550e+003;2,078325e-001
1,064032e+003;2,074325e-001
1,064514e+003;2,072404e-001
1,064996e+003;2,071854e-001
1,065478e+003;2,072207e-001
1,065960e+003;2,073549e-001
1,066442e+003;2,076481e-001
1,066924e+003;2,081918e-001
1,067406e+003;2,090645e-001
1,067889e+003;2,103015e-001
1,068371e+003;2,118880e-001
1,068853e+003;2,137768e-001
1,069335e+003;2,159186e-001
1,069817e+003;2,182916e-001
1,070299e+003;2,209114e-001
1,070781e+003;2,238176e-001
1,071263e+003;2,270434e-001
1,071746e+003;2,305911e-001
1,072228e+003;2,344252e-001
1,072710e+003;2,384894e-001
1,073192e+003;2,427372e-001
1,073674e+003;2,471494e-001
1,074156e+003;2,517371e-001
1,074638e+003;2,565137e-001
1,075120e+003;2,614588e-001
1,075603e+003;2,665000e-001
1,076085e+003;2,715161e-001
1,076567e+003;2,763748e-001
1,077049e+003;2,809945e-001
1,077531e+003;2,853673e-001
1,078013e+003;2,895581e-001
1,078495e+003;2,936497e-001
1,078977e+003;2,976871e-001
1,079459e+003;3,016261e-001
1,079942e+003;3,053416e-001
1,080424e+003;3,086591e-001
1,080906e+003;3,114340e-001
1,081388e+003;3,135936e-001
1,081870e+003;3,151379e-001
1,082352e+003;3,160988e-001
1,082834e+003;3,164875e-001
1,083316e+003;3,162575e-001
1,083798e+003;3,153256e-001
1,084281e+003;3,136152e-001
1,084763e+003;3,111167e-001
1,085245e+003;3,079048e-001
1,085727e+003;3,041188e-001
1,086209e+003;2,998931e-001
1,086691e+003;2,952994e-001
1,087173e+003;2,903321e-001
1,087655e+003;2,849346e-001
1,088138e+003;2,790571e-001
1,088620e+003;2,727108e-001
1,089102e+003;2,659803e-001
1,089584e+003;2,589982e-001
1,090066e+003;2,518910e-001
1,090548e+003;2,447258e-001
1,091030e+003;2,375065e-001
1,091512e+003;2,301945e-001
1,091995e+003;2,227578e-001
1,092477e+003;2,152033e-001
1,092959e+003;2,075880e-001
1,093441e+003;1,999925e-001
1,093923e+003;1,924888e-001
1,094405e+003;1,851062e-001
1,094887e+003;1,778319e-001
1,095369e+003;1,706299e-001
1,095851e+003;1,634747e-001
1,096333e+003;1,563718e-001
1,096816e+003;1,493635e-001
1,097298e+003;1,425068e-001
1,097780e+003;1,358562e-001
1,098262e+003;1,294426e-001
1,098744e+003;1,232711e-001
1,099226e+003;1,173359e-001
1,099708e+003;1,116338e-001
1,100190e+003;1,061751e-001
1,100673e+003;1,009827e-001
1,101155e+003;9,607956e-002
1,101637e+003;9,147882e-002
1,102119e+003;8,717677e-002
1,102601e+003;8,315432e-002
1,103083e+003;7,938652e-002
1,103565e+003;7,585043e-002
1,104047e+003;7,253213e-002
1,104530e+003;6,942339e-002
1,105012e+003;6,651756e-002
1,105494e+003;6,380582e-002
1,105976e+003;6,127421e-002
1,106458e+003;5,890855e-002
1,106940e+003;5,670088e-002
1,107422e+003;5,465192e-002
1,107904e+003;5,276921e-002
1,108386e+003;5,106186e-002
1,108869e+003;4,953057e-002
1,109351e+003;4,816075e-002
1,109833e+003;4,692091e-002
1,110315e+003;4,576831e-002
1,110797e+003;4,466155e-002
1,111279e+003;4,356829e-002
1,111761e+003;4,247680e-002
1,112243e+003;4,139591e-002
1,112725e+003;4,035180e-002
1,113208e+003;3,937649e-002
1,113690e+003;3,849856e-002
1,114172e+003;3,773515e-002
1,114654e+003;3,708816e-002
1,115136e+003;3,654321e-002
1,115618e+003;3,607472e-002
1,116100e+003;3,565454e-002
1,116582e+003;3,525544e-002
1,117065e+003;3,485931e-002
1,117547e+003;3,446008e-002
1,118029e+003;3,406267e-002
1,118511e+003;3,368013e-002
1,118993e+003;3,332784e-002
1,119475e+003;3,301791e-002
1,119957e+003;3,275407e-002
1,120439e+003;3,253053e-002
1,120922e+003;3,233263e-002
1,121404e+003;3,214384e-002
1,121886e+003;3,194933e-002
1,122368e+003;3,174071e-002
1,122850e+003;3,151826e-002
1,123332e+003;3,128888e-002
1,123814e+003;3,106264e-002
1,124296e+003;3,084815e-002
1,124778e+003;3,065055e-002
1,125260e+003;3,047056e-002
1,125743e+003;3,030589e-002
1,126225e+003;3,015229e-002
1,126707e+003;3,000589e-002
1,127189e+003;2,986212e-002
1,127671e+003;2,971545e-002
1,128153e+003;2,956000e-002
1,128635e+003;2,938894e-002
1,129117e+003;2,919757e-002
1,129600e+003;2,898591e-002
1,130082e+003;2,876023e-002
1,130564e+003;2,853283e-002
1,131046e+003;2,831856e-002
1,131528e+003;2,813240e-002
1,132010e+003;2,798370e-002
1,132492e+003;2,787533e-002
1,132974e+003;2,780351e-002
1,133457e+003;2,776024e-002
1,133939e+003;2,773629e-002
1,134421e+003;2,772386e-002
1,134903e+003;2,771813e-002
1,135385e+003;2,771792e-002
1,135867e+003;2,772403e-002
1,136349e+003;2,773760e-002
1,136831e+003;2,775999e-002
1,137313e+003;2,779093e-002
1,137796e+003;2,782802e-002
1,138278e+003;2,786717e-002
1,138760e+003;2,790260e-002
1,139242e+003;2,792787e-002
1,139724e+003;2,793723e-002
1,140206e+003;2,792829e-002
1,140688e+003;2,790260e-002
1,141170e+003;2,786688e-002
1,141652e+003;2,783000e-002
1,142135e+003;2,780135e-002
1,142617e+003;2,778577e-002
1,143099e+003;2,778274e-002
1,143581e+003;2,778492e-002
1,144063e+003;2,778242e-002
1,144545e+003;2,776719e-002
1,145027e+003;2,773604e-002
1,145509e+003;2,769228e-002
1,145992e+003;2,764500e-002
1,146474e+003;2,760503e-002
1,146956e+003;2,758024e-002
1,147438e+003;2,757449e-002
1,147920e+003;2,758787e-002
1,148402e+003;2,761929e-002
1,148884e+003;2,767028e-002
1,149366e+003;2,774611e-002
1,149849e+003;2,785459e-002
1,150331e+003;2,800183e-002
1,150813e+003;2,818819e-002
1,151295e+003;2,840511e-002
1,151777e+003;2,863524e-002
1,152259e+003;2,885802e-002
1,152741e+003;2,905449e-002
1,153223e+003;2,921263e-002
1,153705e+003;2,933052e-002
1,154188e+003;2,941514e-002
1,154670e+003;2,947826e-002
1,155152e+003;2,953124e-002
1,155634e+003;2,958331e-002
1,156116e+003;2,964006e-002
1,156598e+003;2,970538e-002
1,157080e+003;2,978361e-002
1,157562e+003;2,987965e-002
1,158044e+003;2,999882e-002
1,158527e+003;3,014366e-002
1,159009e+003;3,031208e-002
1,159491e+003;3,049704e-002
1,159973e+003;3,068785e-002
1,160455e+003;3,087423e-002
1,160937e+003;3,104979e-002
1,161419e+003;3,121400e-002
1,161901e+003;3,137175e-002
1,162384e+003;3,153159e-002
1,162866e+003;3,170275e-002
1,163348e+003;3,189270e-002
1,163830e+003;3,210806e-002
1,164312e+003;3,235433e-002
1,164794e+003;3,263718e-002
1,165276e+003;3,296210e-002
1,165758e+003;3,333206e-002
1,166240e+003;3,374462e-002
1,166723e+003;3,418977e-002
1,167205e+003;3,465170e-002
1,167687e+003;3,510996e-002
1,168169e+003;3,554550e-002
1,168651e+003;3,594743e-002
1,169133e+003;3,631439e-002
1,169615e+003;3,665535e-002
1,170097e+003;3,698503e-002
1,170579e+003;3,732120e-002
1,171062e+003;3,767765e-002
1,171544e+003;3,806373e-002
1,172026e+003;3,848440e-002
1,172508e+003;3,894147e-002
1,172990e+003;3,943577e-002
1,173472e+003;3,996663e-002
1,173954e+003;4,053131e-002
1,174436e+003;4,112395e-002
1,174919e+003;4,173431e-002
1,175401e+003;4,235057e-002
1,175883e+003;4,296113e-002
1,176365e+003;4,355895e-002
1,176847e+003;4,414355e-002
1,177329e+003;4,472064e-002
1,177811e+003;4,529993e-002
1,178293e+003;4,589137e-002
1,178776e+003;4,650265e-002
1,179258e+003;4,713666e-002
1,179740e+003;4,779233e-002
1,180222e+003;4,846453e-002
1,180704e+003;4,914604e-002
1,181186e+003;4,982732e-002
1,181668e+003;5,049735e-002
1,182150e+003;5,114620e-002
1,182632e+003;5,176575e-002
1,183115e+003;5,235358e-002
1,183597e+003;5,291474e-002
1,184079e+003;5,346160e-002
1,184561e+003;5,400956e-002
1,185043e+003;5,457230e-002
1,185525e+003;5,515654e-002
1,186007e+003;5,575950e-002
1,186489e+003;5,637061e-002
1,186971e+003;5,697700e-002
1,187454e+003;5,757061e-002
1,187936e+003;5,815170e-002
1,188418e+003;5,872921e-002
1,188900e+003;5,931546e-002
1,189382e+003;5,992194e-002
1,189864e+003;6,055349e-002
1,190346e+003;6,120817e-002
1,190828e+003;6,188050e-002
1,191311e+003;6,256687e-002
1,191793e+003;6,326821e-002
1,192275e+003;6,398969e-002
1,192757e+003;6,473610e-002
1,193239e+003;6,550598e-002
1,193721e+003;6,628758e-002
1,194203e+003;6,706119e-002
1,194685e+003;6,780244e-002
1,195167e+003;6,849200e-002
1,195650e+003;6,912119e-002
1,196132e+003;6,969228e-002
1,196614e+003;7,021441e-002
1,197096e+003;7,069651e-002
1,197578e+003;7,114187e-002
1,198060e+003;7,154728e-002
1,198542e+003;7,190647e-002
1,199024e+003;7,221618e-002
1,199506e+003;7,248049e-002
1,199989e+003;7,271127e-002
1,200471e+003;7,292341e-002
1,200953e+003;7,312737e-002
1,201435e+003;7,332653e-002
1,201917e+003;7,351549e-002
1,202399e+003;7,368527e-002
1,202881e+003;7,382702e-002
1,203363e+003;7,393707e-002
1,203846e+003;7,401440e-002
1,204328e+003;7,405698e-002
1,204810e+003;7,405710e-002
1,205292e+003;7,399966e-002
1,205774e+003;7,386515e-002
1,206256e+003;7,364000e-002
1,206738e+003;7,332229e-002
1,207220e+003;7,292701e-002
1,207703e+003;7,248209e-002
1,208185e+003;7,202195e-002
1,208667e+003;7,157565e-002
1,209149e+003;7,115947e-002
1,209631e+003;7,077681e-002
1,210113e+003;7,041976e-002
1,210595e+003;7,007590e-002
1,211077e+003;6,973254e-002
1,211559e+003;6,937974e-002
1,212042e+003;6,900834e-002
1,212524e+003;6,860847e-002
1,213006e+003;6,816977e-002
1,213488e+003;6,768343e-002
1,213970e+003;6,714668e-002
1,214452e+003;6,656653e-002
1,214934e+003;6,596016e-002
1,215416e+003;6,534970e-002
1,215898e+003;6,475579e-002
1,216381e+003;6,419203e-002
1,216863e+003;6,366062e-002
1,217345e+003;6,315369e-002
1,217827e+003;6,265724e-002
1,218309e+003;6,215794e-002
1,218791e+003;6,164527e-002
1,219273e+003;6,111403e-002
1,219755e+003;6,056382e-002
1,220238e+003;5,999665e-002
1,220720e+003;5,941765e-002
1,221202e+003;5,883418e-002
1,221684e+003;5,825786e-002
1,222166e+003;5,770281e-002
1,222648e+003;5,718200e-002
1,223130e+003;5,670428e-002
1,223612e+003;5,627110e-002
1,224094e+003;5,587510e-002
1,224577e+003;5,550381e-002
1,225059e+003;5,514657e-002
1,225541e+003;5,479858e-002
1,226023e+003;5,446445e-002
1,226505e+003;5,415529e-002
1,226987e+003;5,388437e-002
1,227469e+003;5,365970e-002
1,227951e+003;5,348030e-002
1,228434e+003;5,333604e-002
1,228916e+003;5,321281e-002
1,229398e+003;5,309825e-002
1,229880e+003;5,298702e-002
1,230362e+003;5,288293e-002
1,230844e+003;5,279593e-002
1,231326e+003;5,273906e-002
1,231808e+003;5,272185e-002
1,232291e+003;5,274987e-002
1,232773e+003;5,282343e-002
1,233255e+003;5,294031e-002
1,233737e+003;5,309694e-002
1,234219e+003;5,328862e-002
1,234701e+003;5,350890e-002
1,235183e+003;5,374774e-002
1,235665e+003;5,399257e-002
1,236147e+003;5,423073e-002
1,236630e+003;5,445356e-002
1,237112e+003;5,465966e-002
1,237594e+003;5,485617e-002
1,238076e+003;5,505588e-002
1,238558e+003;5,526999e-002
1,239040e+003;5,550490e-002
1,239522e+003;5,575856e-002
1,240004e+003;5,602311e-002
1,240486e+003;5,629053e-002
1,240969e+003;5,655925e-002
1,241451e+003;5,683550e-002
1,241933e+003;5,713328e-002
1,242415e+003;5,746576e-002
1,242897e+003;5,783880e-002
1,243379e+003;5,824562e-002
1,243861e+003;5,866913e-002
1,244343e+003;5,908637e-002
1,244826e+003;5,947844e-002
1,245308e+003;5,983793e-002
1,245790e+003;6,016928e-002
1,246272e+003;6,048574e-002
1,246754e+003;6,080074e-002
1,247236e+003;6,112280e-002
1,247718e+003;6,145106e-002
1,248200e+003;6,177926e-002
1,248682e+003;6,209830e-002
1,249165e+003;6,240334e-002
1,249647e+003;6,269318e-002
1,250129e+003;6,296842e-002
1,250611e+003;6,322766e-002
1,251093e+003;6,346370e-002
1,251575e+003;6,366453e-002
1,252057e+003;6,381841e-002
1,252539e+003;6,391951e-002
1,253021e+003;6,397183e-002
1,253504e+003;6,398919e-002
1,253986e+003;6,399015e-002
1,254468e+003;6,399038e-002
1,254950e+003;6,399675e-002
1,255432e+003;6,400562e-002
1,255914e+003;6,400654e-002
1,256396e+003;6,398635e-002
1,256878e+003;6,393479e-002
1,257361e+003;6,384735e-002
1,257843e+003;6,372412e-002
1,258325e+003;6,356633e-002
1,258807e+003;6,337478e-002
1,259289e+003;6,315055e-002
1,259771e+003;6,289733e-002
1,260253e+003;6,262370e-002
1,260735e+003;6,234348e-002
1,261218e+003;6,207070e-002
1,261700e+003;6,181421e-002
1,262182e+003;6,157257e-002
1,262664e+003;6,133439e-002
1,263146e+003;6,108146e-002
1,263628e+003;6,079739e-002
1,264110e+003;6,047473e-002
1,264592e+003;6,011787e-002
1,265074e+003;5,974096e-002
1,265557e+003;5,936059e-002
1,266039e+003;5,899098e-002
1,266521e+003;5,863856e-002
1,267003e+003;5,830246e-002
1,267485e+003;5,797820e-002
1,267967e+003;5,766134e-002
1,268449e+003;5,735061e-002
1,268931e+003;5,704708e-002
1,269413e+003;5,675257e-002
1,269896e+003;5,646652e-002
1,270378e+003;5,618576e-002
1,270860e+003;5,590596e-002
1,271342e+003;5,562397e-002
1,271824e+003;5,534066e-002
1,272306e+003;5,506092e-002
1,272788e+003;5,479166e-002
1,273270e+003;5,453868e-002
1,273753e+003;5,430399e-002
1,274235e+003;5,408521e-002
1,274717e+003;5,387897e-002
1,275199e+003;5,368246e-002
1,275681e+003;5,349750e-002
1,276163e+003;5,332896e-002
1,276645e+003;5,318356e-002
1,277127e+003;5,306590e-002
1,277609e+003;5,297538e-002
1,278092e+003;5,290681e-002
1,278574e+003;5,285161e-002
1,279056e+003;5,280296e-002
1,279538e+003;5,275851e-002
1,280020e+003;5,272181e-002
1,280502e+003;5,270030e-002
1,280984e+003;5,270266e-002
1,281466e+003;5,273420e-002
1,281948e+003;5,279642e-002
1,282431e+003;5,288652e-002
1,282913e+003;5,299971e-002
1,283395e+003;5,313128e-002
1,283877e+003;5,327749e-002
1,284359e+003;5,343552e-002
1,284841e+003;5,360118e-002
1,285323e+003;5,376915e-002
1,285805e+003;5,393325e-002
1,286288e+003;5,408822e-002
1,286770e+003;5,423198e-002
1,287252e+003;5,436763e-002
1,287734e+003;5,450243e-002
1,288216e+003;5,464456e-002
1,288698e+003;5,480019e-002
1,289180e+003;5,497137e-002
1,289662e+003;5,515553e-002
1,290145e+003;5,534717e-002
1,290627e+003;5,554109e-002
1,291109e+003;5,573328e-002
1,291591e+003;5,592205e-002
1,292073e+003;5,610608e-002
1,292555e+003;5,628404e-002
1,293037e+003;5,645373e-002
1,293519e+003;5,661447e-002
1,294001e+003;5,676847e-002
1,294484e+003;5,692294e-002
1,294966e+003;5,708767e-002
1,295448e+003;5,727302e-002
1,295930e+003;5,748474e-002
1,296412e+003;5,772079e-002
1,296894e+003;5,797203e-002
1,297376e+003;5,822546e-002
1,297858e+003;5,847158e-002
1,298340e+003;5,870789e-002
1,298823e+003;5,894115e-002
1,299305e+003;5,918375e-002
1,299787e+003;5,944911e-002
1,300269e+003;5,974462e-002
1,300751e+003;6,007019e-002
1,301233e+003;6,041924e-002
1,301715e+003;6,078462e-002
1,302197e+003;6,116308e-002
1,302680e+003;6,155764e-002
1,303162e+003;6,197584e-002
1,303644e+003;6,242381e-002
1,304126e+003;6,290166e-002
1,304608e+003;6,340031e-002
1,305090e+003;6,390415e-002
1,305572e+003;6,439789e-002
1,306054e+003;6,487331e-002
1,306536e+003;6,533345e-002
1,307019e+003;6,579099e-002
1,307501e+003;6,626237e-002
1,307983e+003;6,676050e-002
1,308465e+003;6,728841e-002
1,308947e+003;6,783931e-002
1,309429e+003;6,840111e-002
1,309911e+003;6,896380e-002
1,310393e+003;6,952266e-002
1,310875e+003;7,008085e-002
1,311358e+003;7,064512e-002
1,311840e+003;7,122127e-002
1,312322e+003;7,180963e-002
1,312804e+003;7,240442e-002
1,313286e+003;7,299662e-002
1,313768e+003;7,357900e-002
1,314250e+003;7,414930e-002
1,314732e+003;7,471004e-002
1,315215e+003;7,526547e-002
1,315697e+003;7,581820e-002
1,316179e+003;7,636723e-002
1,316661e+003;7,691008e-002
1,317143e+003;7,744560e-002
1,317625e+003;7,797692e-002
1,318107e+003;7,851047e-002
1,318589e+003;7,905310e-002
1,319072e+003;7,960457e-002
1,319554e+003;8,015440e-002
1,320036e+003;8,068221e-002
1,320518e+003;8,116681e-002
1,321000e+003;8,159233e-002
1,321482e+003;8,195652e-002
1,321964e+003;8,227056e-002
1,322446e+003;8,255397e-002
1,322928e+003;8,282629e-002
1,323411e+003;8,309811e-002
1,323893e+003;8,336958e-002
1,324375e+003;8,363157e-002
1,324857e+003;8,387354e-002
1,325339e+003;8,408859e-002
1,325821e+003;8,427714e-002
1,326303e+003;8,444558e-002
1,326785e+003;8,460051e-002
1,327267e+003;8,474422e-002
1,327750e+003;8,487267e-002
1,328232e+003;8,497892e-002
1,328714e+003;8,505750e-002
1,329196e+003;8,510893e-002
1,329678e+003;8,513993e-002
1,330160e+003;8,515936e-002
1,330642e+003;8,517387e-002
1,331124e+003;8,518246e-002
1,331607e+003;8,517798e-002
1,332089e+003;8,514928e-002
1,332571e+003;8,508866e-002
1,333053e+003;8,499419e-002
1,333535e+003;8,487054e-002
1,334017e+003;8,472445e-002
1,334499e+003;8,456086e-002
1,334981e+003;8,437958e-002
1,335464e+003;8,417658e-002
1,335946e+003;8,394843e-002
1,336428e+003;8,369725e-002
1,336910e+003;8,343237e-002
1,337392e+003;8,316993e-002
1,337874e+003;8,292534e-002
1,338356e+003;8,270686e-002
1,338838e+003;8,251105e-002
1,339320e+003;8,232490e-002
1,339802e+003;8,213375e-002
1,340285e+003;8,192863e-002
1,340767e+003;8,171161e-002
1,341249e+003;8,149239e-002
1,341731e+003;8,128031e-002
1,342213e+003;8,107775e-002
1,342695e+003;8,087940e-002
1,343177e+003;8,067447e-002
1,343659e+003;8,045322e-002
1,344142e+003;8,021290e-002
1,344624e+003;7,996057e-002
1,345106e+003;7,971069e-002
1,345588e+003;7,948026e-002
1,346070e+003;7,928053e-002
1,346552e+003;7,911368e-002
1,347034e+003;7,897425e-002
1,347516e+003;7,885452e-002
1,347999e+003;7,874893e-002
1,348481e+003;7,865893e-002
1,348963e+003;7,859150e-002
1,349445e+003;7,855505e-002
1,349927e+003;7,855466e-002
1,350409e+003;7,858884e-002
1,350891e+003;7,865087e-002
1,351373e+003;7,873391e-002
1,351855e+003;7,883441e-002
1,352338e+003;7,895525e-002
1,352820e+003;7,910264e-002
1,353302e+003;7,928351e-002
1,353784e+003;7,950019e-002
1,354266e+003;7,974891e-002
1,354748e+003;8,002104e-002
1,355230e+003;8,030952e-002
1,355712e+003;8,061203e-002
1,356194e+003;8,093373e-002
1,356677e+003;8,128250e-002
1,357159e+003;8,166403e-002
1,357641e+003;8,207527e-002
1,358123e+003;8,250380e-002
1,358605e+003;8,293112e-002
1,359087e+003;8,333802e-002
1,359569e+003;8,371380e-002
1,360051e+003;8,405846e-002
1,360534e+003;8,438135e-002
1,361016e+003;8,469404e-002
1,361498e+003;8,500262e-002
1,361980e+003;8,530076e-002
1,362462e+003;8,557191e-002
1,362944e+003;8,579765e-002
1,363426e+003;8,596962e-002
1,363908e+003;8,609318e-002
1,364391e+003;8,618291e-002
1,364873e+003;8,625189e-002
1,365355e+003;8,630525e-002
1,365837e+003;8,633738e-002
1,366319e+003;8,633613e-002
1,366801e+003;8,628798e-002
1,367283e+003;8,618368e-002
1,367765e+003;8,602221e-002
1,368247e+003;8,580903e-002
1,368729e+003;8,555100e-002
1,369212e+003;8,525116e-002
1,369694e+003;8,490555e-002
1,370176e+003;8,450595e-002
1,370658e+003;8,404323e-002
1,371140e+003;8,350886e-002
1,371622e+003;8,289567e-002
1,372104e+003;8,219548e-002
1,372586e+003;8,140102e-002
1,373069e+003;8,050972e-002
1,373551e+003;7,953560e-002
1,374033e+003;7,851912e-002
1,374515e+003;7,752343e-002
1,374997e+003;7,662219e-002
1,375479e+003;7,587612e-002
1,375961e+003;7,532080e-002
1,376443e+003;7,497150e-002
1,376926e+003;7,483087e-002
1,377408e+003;7,489795e-002
1,377890e+003;7,517068e-002
1,378372e+003;7,564234e-002
1,378854e+003;7,629503e-002
1,379336e+003;7,709697e-002
1,379818e+003;7,800896e-002
1,380300e+003;7,898562e-002
1,380782e+003;7,998411e-002
1,381265e+003;8,096989e-002
1,381747e+003;8,191327e-002
1,382229e+003;8,279478e-002
1,382711e+003;8,360638e-002
1,383193e+003;8,435109e-002
1,383675e+003;8,504207e-002
1,384157e+003;8,569753e-002
1,384639e+003;8,633698e-002
1,385121e+003;8,697695e-002
1,385604e+003;8,762968e-002
1,386086e+003;8,830225e-002
1,386568e+003;8,899435e-002
1,387050e+003;8,969870e-002
1,387532e+003;9,039935e-002
1,388014e+003;9,107481e-002
1,388496e+003;9,170303e-002
1,388978e+003;9,226654e-002
1,389461e+003;9,275703e-002
1,389943e+003;9,317662e-002
1,390425e+003;9,353936e-002
1,390907e+003;9,386682e-002
1,391389e+003;9,418416e-002
1,391871e+003;9,451108e-002
1,392353e+003;9,485783e-002
1,392835e+003;9,522024e-002
1,393318e+003;9,558275e-002
1,393800e+003;9,592242e-002
1,394282e+003;9,621980e-002
1,394764e+003;9,646840e-002
1,395246e+003;9,667706e-002
1,395728e+003;9,686176e-002
1,396210e+003;9,703507e-002
1,396692e+003;9,720190e-002
1,397174e+003;9,736033e-002
1,397656e+003;9,750779e-002
1,398139e+003;9,764588e-002
1,398621e+003;9,778091e-002
1,399103e+003;9,792028e-002
1,399585e+003;9,806582e-002
1,400067e+003;9,821089e-002
1,400549e+003;9,834385e-002
1,401031e+003;9,845494e-002
1,401513e+003;9,854294e-002
1,401996e+003;9,861524e-002
1,402478e+003;9,868552e-002
1,402960e+003;9,876796e-002
1,403442e+003;9,886958e-002
1,403924e+003;9,898484e-002
1,404406e+003;9,909631e-002
1,404888e+003;9,918257e-002
1,405370e+003;9,923194e-002
1,405853e+003;9,924852e-002
1,406335e+003;9,925002e-002
1,406817e+003;9,925573e-002
1,407299e+003;9,927767e-002
1,407781e+003;9,931407e-002
1,408263e+003;9,935268e-002
1,408745e+003;9,937587e-002
1,409227e+003;9,937125e-002
1,409709e+003;9,933689e-002
1,410192e+003;9,928175e-002
1,410674e+003;9,921979e-002
1,411156e+003;9,916208e-002
1,411638e+003;9,911092e-002
1,412120e+003;9,906034e-002
1,412602e+003;9,900149e-002
1,413084e+003;9,893046e-002
1,413566e+003;9,885053e-002
1,414048e+003;9,877128e-002
1,414531e+003;9,870149e-002
1,415013e+003;9,864178e-002
1,415495e+003;9,858152e-002
1,415977e+003;9,850150e-002
1,416459e+003;9,838004e-002
1,416941e+003;9,820221e-002
1,417423e+003;9,796774e-002
1,417905e+003;9,769583e-002
1,418388e+003;9,742004e-002
1,418870e+003;9,717032e-002
1,419352e+003;9,695669e-002
1,419834e+003;9,676677e-002
1,420316e+003;9,658062e-002
1,420798e+003;9,638433e-002
1,421280e+003;9,617584e-002
1,421762e+003;9,595866e-002
1,422245e+003;9,573477e-002
1,422727e+003;9,549897e-002
1,423209e+003;9,523761e-002
1,423691e+003;9,493496e-002
1,424173e+003;9,458420e-002
1,424655e+003;9,419362e-002
1,425137e+003;9,378506e-002
1,425619e+003;9,337959e-002
1,426101e+003;9,298797e-002
1,426584e+003;9,260466e-002
1,427066e+003;9,221041e-002
1,427548e+003;9,178120e-002
1,428030e+003;9,129839e-002
1,428512e+003;9,075985e-002
1,428994e+003;9,018315e-002
1,429476e+003;8,959643e-002
1,429958e+003;8,902526e-002
1,430441e+003;8,847786e-002
1,430923e+003;8,794548e-002
1,431405e+003;8,741023e-002
1,431887e+003;8,686014e-002
1,432369e+003;8,629623e-002
1,432851e+003;8,573075e-002
1,433333e+003;8,517649e-002
1,433815e+003;8,463429e-002
1,434297e+003;8,408657e-002
1,434780e+003;8,349541e-002
1,435262e+003;8,281298e-002
1,435744e+003;8,200639e-002
1,436226e+003;8,109472e-002
1,436708e+003;8,015774e-002
1,437190e+003;7,929624e-002
1,437672e+003;7,857101e-002
1,438154e+003;7,797735e-002
1,438636e+003;7,746584e-002
1,439119e+003;7,697906e-002
1,439601e+003;7,646821e-002
1,440083e+003;7,590619e-002
1,440565e+003;7,528703e-002
1,441047e+003;7,462182e-002
1,441529e+003;7,392941e-002
1,442011e+003;7,322964e-002
1,442493e+003;7,253902e-002
1,442976e+003;7,186909e-002
1,443458e+003;7,123196e-002
1,443940e+003;7,064306e-002
1,444422e+003;7,011748e-002
1,444904e+003;6,966870e-002
1,445386e+003;6,930072e-002
1,445868e+003;6,900655e-002
1,446350e+003;6,876737e-002
1,446833e+003;6,856102e-002
1,447315e+003;6,837032e-002
1,447797e+003;6,818830e-002
1,448279e+003;6,801951e-002
1,448761e+003;6,787053e-002
1,449243e+003;6,773954e-002
1,449725e+003;6,761307e-002
1,450207e+003;6,746629e-002
1,450689e+003;6,727212e-002
1,451172e+003;6,701134e-002
1,451654e+003;6,667925e-002
1,452136e+003;6,628889e-002
1,452618e+003;6,586502e-002
1,453100e+003;6,543544e-002
1,453582e+003;6,501587e-002
1,454064e+003;6,460369e-002
1,454546e+003;6,417598e-002
1,455028e+003;6,369147e-002
1,455511e+003;6,309518e-002
1,455993e+003;6,233380e-002
1,456475e+003;6,139179e-002
1,456957e+003;6,032181e-002
1,457439e+003;5,923187e-002
1,457921e+003;5,822016e-002
1,458403e+003;5,731979e-002
1,458885e+003;5,651830e-002
1,459368e+003;5,579220e-002
1,459850e+003;5,512197e-002
1,460332e+003;5,449247e-002
1,460814e+003;5,388696e-002
1,461296e+003;5,328367e-002
1,461778e+003;5,265418e-002
1,462260e+003;5,196797e-002
1,462742e+003;5,119805e-002
1,463224e+003;5,032967e-002
1,463707e+003;4,937366e-002
1,464189e+003;4,837289e-002
1,464671e+003;4,739596e-002
1,465153e+003;4,651733e-002
1,465635e+003;4,579232e-002
1,466117e+003;4,524859e-002
1,466599e+003;4,489509e-002
1,467081e+003;4,473037e-002
1,467563e+003;4,474620e-002
1,468046e+003;4,492464e-002
1,468528e+003;4,523734e-002
1,469010e+003;4,564606e-002
1,469492e+003;4,610874e-002
1,469974e+003;4,659216e-002
1,470456e+003;4,707081e-002
1,470938e+003;4,752817e-002
1,471420e+003;4,794868e-002
1,471903e+003;4,830689e-002
1,472385e+003;4,856620e-002
1,472867e+003;4,869468e-002
1,473349e+003;4,868664e-002
1,473831e+003;4,856579e-002
1,474313e+003;4,837111e-002
1,474795e+003;4,814031e-002
1,475277e+003;4,789739e-002
1,475760e+003;4,765210e-002
1,476242e+003;4,740095e-002
1,476724e+003;4,713525e-002
1,477206e+003;4,684768e-002
1,477688e+003;4,653854e-002
1,478170e+003;4,621472e-002
1,478652e+003;4,588581e-002
1,479134e+003;4,555685e-002
1,479616e+003;4,522580e-002
1,480099e+003;4,488249e-002
1,480581e+003;4,451358e-002
1,481063e+003;4,411061e-002
1,481545e+003;4,367680e-002
1,482027e+003;4,322831e-002
1,482509e+003;4,278745e-002
1,482991e+003;4,237118e-002
1,483473e+003;4,198296e-002
1,483955e+003;4,161151e-002
1,484438e+003;4,123414e-002
1,484920e+003;4,082547e-002
1,485402e+003;4,036500e-002
1,485884e+003;3,984575e-002
1,486366e+003;3,927546e-002
1,486848e+003;3,867307e-002
1,487330e+003;3,805596e-002
1,487812e+003;3,743098e-002
1,488295e+003;3,679053e-002
1,488777e+003;3,612275e-002
1,489259e+003;3,542520e-002
1,489741e+003;3,472000e-002
1,490223e+003;3,405131e-002
1,490705e+003;3,346120e-002
1,491187e+003;3,296764e-002
1,491669e+003;3,256010e-002
1,492151e+003;3,220968e-002
1,492634e+003;3,188435e-002
1,493116e+003;3,155756e-002
1,493598e+003;3,121254e-002
1,494080e+003;3,083969e-002
1,494562e+003;3,043637e-002
1,495044e+003;3,000496e-002
1,495526e+003;2,954947e-002
1,496008e+003;2,907716e-002
1,496490e+003;2,859968e-002
1,496973e+003;2,813325e-002
1,497455e+003;2,769666e-002
1,497937e+003;2,730628e-002
1,498419e+003;2,697121e-002
1,498901e+003;2,668970e-002
1,499383e+003;2,645105e-002
1,499865e+003;2,623915e-002
1,500347e+003;2,603881e-002
1,500830e+003;2,584153e-002
1,501312e+003;2,564770e-002
1,501794e+003;2,546342e-002
1,502276e+003;2,529543e-002
1,502758e+003;2,514813e-002
1,503240e+003;2,501792e-002
1,503722e+003;2,489415e-002
1,504204e+003;2,475803e-002
1,504687e+003;2,458565e-002
1,505169e+003;2,435159e-002
1,505651e+003;2,403893e-002
1,506133e+003;2,365672e-002
1,506615e+003;2,325603e-002
1,507097e+003;2,290462e-002
1,507579e+003;2,263628e-002
1,508061e+003;2,243233e-002
1,508543e+003;2,225969e-002
1,509026e+003;2,209984e-002
1,509508e+003;2,194894e-002
1,509990e+003;2,181022e-002
1,510472e+003;2,168610e-002
1,510954e+003;2,157605e-002
1,511436e+003;2,147571e-002
1,511918e+003;2,138019e-002
1,512400e+003;2,128765e-002
1,512882e+003;2,120115e-002
1,513365e+003;2,112646e-002
1,513847e+003;2,106851e-002
1,514329e+003;2,102716e-002
1,514811e+003;2,099339e-002
1,515293e+003;2,095055e-002
1,515775e+003;2,088105e-002
1,516257e+003;2,077506e-002
1,516739e+003;2,064216e-002
1,517222e+003;2,050778e-002
1,517704e+003;2,039997e-002
1,518186e+003;2,033188e-002
1,518668e+003;2,029817e-002
1,519150e+003;2,027831e-002
1,519632e+003;2,024387e-002
1,520114e+003;2,016542e-002
1,520596e+003;2,002442e-002
1,521078e+003;1,982787e-002
1,521561e+003;1,961133e-002
1,522043e+003;1,941604e-002
1,522525e+003;1,925922e-002
1,523007e+003;1,912928e-002
1,523489e+003;1,900097e-002
1,523971e+003;1,885205e-002
1,524453e+003;1,867031e-002
1,524935e+003;1,845850e-002
1,525417e+003;1,823308e-002
1,525900e+003;1,802010e-002
1,526382e+003;1,784316e-002
1,526864e+003;1,771569e-002
1,527346e+003;1,763666e-002
1,527828e+003;1,759553e-002
1,528310e+003;1,757897e-002
1,528792e+003;1,757507e-002
1,529274e+003;1,757541e-002
1,529757e+003;1,757144e-002
1,530239e+003;1,755440e-002
1,530721e+003;1,751483e-002
1,531203e+003;1,744284e-002
1,531685e+003;1,733103e-002
1,532167e+003;1,717833e-002
1,532649e+003;1,699650e-002
1,533131e+003;1,681030e-002
1,533614e+003;1,665039e-002
1,534096e+003;1,653582e-002
1,534578e+003;1,646465e-002
1,535060e+003;1,642184e-002
1,535542e+003;1,639090e-002
1,536024e+003;1,636097e-002
1,536506e+003;1,632629e-002
1,536988e+003;1,628422e-002
1,537470e+003;1,623262e-002
1,537953e+003;1,616964e-002
1,538435e+003;1,609602e-002
1,538917e+003;1,601787e-002
1,539399e+003;1,595194e-002
1,539881e+003;1,591763e-002
1,540363e+003;1,591928e-002
1,540845e+003;1,593509e-002
1,541327e+003;1,593124e-002
1,541809e+003;1,587952e-002
1,542292e+003;1,577137e-002
1,542774e+003;1,561774e-002
1,543256e+003;1,544580e-002
1,543738e+003;1,528951e-002
1,544220e+003;1,517939e-002
1,544702e+003;1,513128e-002
1,545184e+003;1,513691e-002
1,545666e+003;1,517067e-002
1,546149e+003;1,520269e-002
1,546631e+003;1,521277e-002
1,547113e+003;1,519270e-002
1,547595e+003;1,514477e-002
1,548077e+003;1,507701e-002
1,548559e+003;1,499969e-002
1,549041e+003;1,492023e-002
1,549523e+003;1,484054e-002
1,550005e+003;1,475700e-002
1,550488e+003;1,466462e-002
1,550970e+003;1,456031e-002
1,551452e+003;1,444548e-002
1,551934e+003;1,432457e-002
1,552416e+003;1,420336e-002
1,552898e+003;1,408811e-002
1,553380e+003;1,398346e-002
1,553862e+003;1,389309e-002
1,554344e+003;1,381948e-002
1,554827e+003;1,376472e-002
1,555309e+003;1,373079e-002
1,555791e+003;1,371934e-002
1,556273e+003;1,373131e-002
1,556755e+003;1,376291e-002
1,557237e+003;1,380166e-002
1,557719e+003;1,381838e-002
1,558201e+003;1,376568e-002
1,558684e+003;1,361248e-002
1,559166e+003;1,339592e-002
1,559648e+003;1,319947e-002
1,560130e+003;1,306713e-002
1,560612e+003;1,299181e-002
1,561094e+003;1,294801e-002
1,561576e+003;1,291507e-002
1,562058e+003;1,288060e-002
1,562541e+003;1,283937e-002
1,563023e+003;1,279057e-002
1,563505e+003;1,273656e-002
1,563987e+003;1,268077e-002
1,564469e+003;1,262524e-002
1,564951e+003;1,257097e-002
1,565433e+003;1,251735e-002
1,565915e+003;1,246440e-002
1,566397e+003;1,241346e-002
1,566880e+003;1,236767e-002
1,567362e+003;1,233085e-002
1,567844e+003;1,230593e-002
1,568326e+003;1,229186e-002
1,568808e+003;1,228310e-002
1,569290e+003;1,227018e-002
1,569772e+003;1,224618e-002
1,570254e+003;1,221132e-002
1,570736e+003;1,217319e-002
1,571219e+003;1,214133e-002
1,571701e+003;1,212272e-002
1,572183e+003;1,211966e-002
1,572665e+003;1,213090e-002
1,573147e+003;1,215250e-002
1,573629e+003;1,217898e-002
1,574111e+003;1,220338e-002
1,574593e+003;1,221677e-002
1,575076e+003;1,220914e-002
1,575558e+003;1,217053e-002
1,576040e+003;1,209751e-002
1,576522e+003;1,199688e-002
1,577004e+003;1,188415e-002
1,577486e+003;1,177441e-002
1,577968e+003;1,167658e-002
1,578450e+003;1,159343e-002
1,578932e+003;1,152248e-002
1,579415e+003;1,145964e-002
1,579897e+003;1,139971e-002
1,580379e+003;1,133828e-002
1,580861e+003;1,127305e-002
1,581343e+003;1,120447e-002
1,581825e+003;1,113508e-002
1,582307e+003;1,106937e-002
1,582789e+003;1,101047e-002
1,583271e+003;1,095960e-002
1,583754e+003;1,091702e-002
1,584236e+003;1,088152e-002
1,584718e+003;1,085315e-002
1,585200e+003;1,083270e-002
1,585682e+003;1,082210e-002
1,586164e+003;1,082234e-002
1,586646e+003;1,083168e-002
1,587128e+003;1,084558e-002
1,587611e+003;1,085675e-002
1,588093e+003;1,085764e-002
1,588575e+003;1,084384e-002
1,589057e+003;1,081541e-002
1,589539e+003;1,077791e-002
1,590021e+003;1,073902e-002
1,590503e+003;1,070563e-002
1,590985e+003;1,068071e-002
1,591468e+003;1,066115e-002
1,591950e+003;1,063972e-002
1,592432e+003;1,060865e-002
1,592914e+003;1,056231e-002
1,593396e+003;1,049978e-002
1,593878e+003;1,042545e-002
1,594360e+003;1,034763e-002
1,594842e+003;1,027448e-002
1,595324e+003;1,021256e-002
1,595807e+003;1,016412e-002
1,596289e+003;1,012763e-002
1,596771e+003;1,009857e-002
1,597253e+003;1,007154e-002
1,597735e+003;1,004176e-002
1,598217e+003;1,000650e-002
1,598699e+003;9,964662e-003
1,599181e+003;9,917539e-003
1,599663e+003;9,868252e-003
1,600146e+003;9,820665e-003
1,600628e+003;9,778404e-003
1,601110e+003;9,742619e-003
1,601592e+003;9,711852e-003
1,602074e+003;9,681256e-003
1,602556e+003;9,644971e-003
1,603038e+003;9,599036e-003
1,603520e+003;9,543587e-003
1,604003e+003;9,483810e-003
1,604485e+003;9,428442e-003
1,604967e+003;9,386863e-003
1,605449e+003;9,365025e-003
1,605931e+003;9,363333e-003
1,606413e+003;9,375622e-003
1,606895e+003;9,391570e-003
1,607377e+003;9,399898e-003
1,607859e+003;9,392247e-003
1,608342e+003;9,366549e-003
1,608824e+003;9,327481e-003
1,609306e+003;9,283642e-003
1,609788e+003;9,242584e-003
1,610270e+003;9,209551e-003
1,610752e+003;9,186165e-003
1,611234e+003;9,171275e-003
1,611716e+003;9,163423e-003
1,612198e+003;9,162273e-003
1,612681e+003;9,168196e-003
1,613163e+003;9,181292e-003
1,613645e+003;9,199770e-003
1,614127e+003;9,217674e-003
1,614609e+003;9,224341e-003
1,615091e+003;9,206031e-003
1,615573e+003;9,151174e-003
1,616055e+003;9,059749e-003
1,616538e+003;8,949672e-003
1,617020e+003;8,851357e-003
1,617502e+003;8,791134e-003
1,617984e+003;8,777474e-003
1,618466e+003;8,801954e-003
1,618948e+003;8,847975e-003
1,619430e+003;8,898905e-003
1,619912e+003;8,940742e-003
1,620395e+003;8,964318e-003
1,620877e+003;8,964656e-003
1,621359e+003;8,941588e-003
1,621841e+003;8,899480e-003
1,622323e+003;8,848042e-003
1,622805e+003;8,800060e-003
1,623287e+003;8,765574e-003
1,623769e+003;8,747587e-003
1,624251e+003;8,740859e-003
1,624734e+003;8,735788e-003
1,625216e+003;8,723009e-003
1,625698e+003;8,696912e-003
1,626180e+003;8,657058e-003
1,626662e+003;8,608623e-003
1,627144e+003;8,561647e-003
1,627626e+003;8,528024e-003
1,628108e+003;8,517313e-003
1,628590e+003;8,531437e-003
1,629073e+003;8,564656e-003
1,629555e+003;8,606055e-003
1,630037e+003;8,645633e-003
1,630519e+003;8,676291e-003
1,631001e+003;8,695863e-003
1,631483e+003;8,706275e-003
1,631965e+003;8,711110e-003
1,632447e+003;8,713104e-003
1,632930e+003;8,712867e-003
1,633412e+003;8,706342e-003
1,633894e+003;8,686669e-003
1,634376e+003;8,645498e-003
1,634858e+003;8,580235e-003
1,635340e+003;8,501262e-003
1,635822e+003;8,431494e-003
1,636304e+003;8,393287e-003
1,636786e+003;8,393252e-003
1,637269e+003;8,422102e-003
1,637751e+003;8,464772e-003
1,638233e+003;8,508393e-003
1,638715e+003;8,543940e-003
1,639197e+003;8,566751e-003
1,639679e+003;8,575706e-003
1,640161e+003;8,571786e-003
1,640643e+003;8,557829e-003
1,641125e+003;8,536980e-003
1,641608e+003;8,513123e-003
1,642090e+003;8,489606e-003
1,642572e+003;8,469401e-003
1,643054e+003;8,454670e-003
1,643536e+003;8,446832e-003
1,644018e+003;8,445649e-003
1,644500e+003;8,448589e-003
1,644982e+003;8,450751e-003
1,645465e+003;8,444433e-003
1,645947e+003;8,421022e-003
1,646429e+003;8,376430e-003
1,646911e+003;8,316138e-003
1,647393e+003;8,252748e-003
1,647875e+003;8,199429e-003
1,648357e+003;8,163133e-003
1,648839e+003;8,144563e-003
1,649322e+003;8,141491e-003
1,649804e+003;8,152430e-003
1,650286e+003;8,176773e-003
1,650768e+003;8,214556e-003
1,651250e+003;8,264433e-003
1,651732e+003;8,318739e-003
1,652214e+003;8,354744e-003
1,652696e+003;8,336336e-003
1,653178e+003;8,242347e-003
1,653661e+003;8,100642e-003
1,654143e+003;7,963269e-003
1,654625e+003;7,860285e-003
1,655107e+003;7,795578e-003
1,655589e+003;7,761677e-003
1,656071e+003;7,749871e-003
1,656553e+003;7,754188e-003
1,657035e+003;7,770042e-003
1,657517e+003;7,794431e-003
1,658000e+003;7,825029e-003
1,658482e+003;7,859982e-003
1,658964e+003;7,896927e-003
1,659446e+003;7,933066e-003
1,659928e+003;7,965025e-003
1,660410e+003;7,989121e-003
1,660892e+003;8,001169e-003
1,661374e+003;7,997963e-003
1,661857e+003;7,977679e-003
1,662339e+003;7,942279e-003
1,662821e+003;7,896860e-003
1,663303e+003;7,849995e-003
1,663785e+003;7,809747e-003
1,664267e+003;7,782354e-003
1,664749e+003;7,771662e-003
1,665231e+003;7,779352e-003
1,665714e+003;7,804788e-003
1,666196e+003;7,845879e-003
1,666678e+003;7,896624e-003
1,667160e+003;7,946632e-003
1,667642e+003;7,982168e-003
1,668124e+003;7,987568e-003
1,668606e+003;7,952369e-003
1,669088e+003;7,878673e-003
1,669570e+003;7,784210e-003
1,670052e+003;7,694151e-003
1,670535e+003;7,627244e-003
1,671017e+003;7,589140e-003
1,671499e+003;7,572551e-003
1,671981e+003;7,564763e-003
1,672463e+003;7,552659e-003
1,672945e+003;7,525957e-003
1,673427e+003;7,478997e-003
1,673909e+003;7,411347e-003
1,674392e+003;7,329521e-003
1,674874e+003;7,247204e-003
1,675356e+003;7,181208e-003
1,675838e+003;7,142167e-003
1,676320e+003;7,130849e-003
1,676802e+003;7,140079e-003
1,677284e+003;7,160525e-003
1,677766e+003;7,184004e-003
1,678249e+003;7,205193e-003
1,678731e+003;7,221027e-003
1,679213e+003;7,231707e-003
1,679695e+003;7,239995e-003
1,680177e+003;7,251450e-003
1,680659e+003;7,273552e-003
1,681141e+003;7,313043e-003
1,681623e+003;7,374881e-003
1,682105e+003;7,460592e-003
1,682588e+003;7,565740e-003
1,683070e+003;7,673848e-003
1,683552e+003;7,754458e-003
1,684034e+003;7,777565e-003
1,684516e+003;7,738031e-003
1,684998e+003;7,662045e-003
1,685480e+003;7,579160e-003
1,685962e+003;7,503538e-003
1,686444e+003;7,434638e-003
1,686927e+003;7,366152e-003
1,687409e+003;7,292792e-003
1,687891e+003;7,213548e-003
1,688373e+003;7,134824e-003
1,688855e+003;7,067632e-003
1,689337e+003;7,024459e-003
1,689819e+003;7,012875e-003
1,690301e+003;7,032407e-003
1,690784e+003;7,074165e-003
1,691266e+003;7,124484e-003
1,691748e+003;7,170226e-003
1,692230e+003;7,201656e-003
1,692712e+003;7,211762e-003
1,693194e+003;7,196636e-003
1,693676e+003;7,153013e-003
1,694158e+003;7,079486e-003
1,694641e+003;6,978968e-003
1,695123e+003;6,864872e-003
1,695605e+003;6,762316e-003
1,696087e+003;6,697571e-003
1,696569e+003;6,683573e-003
1,697051e+003;6,715035e-003
1,697533e+003;6,777831e-003
1,698015e+003;6,856389e-003
1,698497e+003;6,937757e-003
1,698979e+003;7,009306e-003
1,699462e+003;7,057630e-003
1,699944e+003;7,072313e-003
1,700426e+003;7,054666e-003
1,700908e+003;7,017320e-003
1,701390e+003;6,973782e-003
1,701872e+003;6,930350e-003
1,702354e+003;6,886719e-003
1,702836e+003;6,840098e-003
1,703319e+003;6,789106e-003
1,703801e+003;6,734418e-003
1,704283e+003;6,679502e-003
1,704765e+003;6,629672e-003
1,705247e+003;6,589470e-003
1,705729e+003;6,559464e-003
1,706211e+003;6,536220e-003
1,706693e+003;6,515131e-003
1,707176e+003;6,492663e-003
1,707658e+003;6,468314e-003
1,708140e+003;6,443427e-003
1,708622e+003;6,420257e-003
1,709104e+003;6,400115e-003
1,709586e+003;6,382899e-003
1,710068e+003;6,367634e-003
1,710550e+003;6,353579e-003
1,711032e+003;6,341172e-003
1,711515e+003;6,332095e-003
1,711997e+003;6,329203e-003
1,712479e+003;6,334650e-003
1,712961e+003;6,348636e-003
1,713443e+003;6,368978e-003
1,713925e+003;6,390363e-003
1,714407e+003;6,406537e-003
1,714889e+003;6,412725e-003
1,715371e+003;6,407647e-003
1,715854e+003;6,394936e-003
1,716336e+003;6,380276e-003
1,716818e+003;6,370323e-003
1,717300e+003;6,366927e-003
1,717782e+003;6,366927e-003
1,718264e+003;6,363363e-003
1,718746e+003;6,350990e-003
1,719229e+003;6,328161e-003
1,719711e+003;6,295618e-003
1,720193e+003;6,255716e-003
1,720675e+003;6,210741e-003
1,721157e+003;6,163083e-003
1,721639e+003;6,115397e-003
1,722121e+003;6,071579e-003
1,722603e+003;6,036367e-003
1,723085e+003;6,013992e-003
1,723568e+003;6,007440e-003
1,724050e+003;6,017082e-003
1,724532e+003;6,042012e-003
1,725014e+003;6,080752e-003
1,725496e+003;6,132770e-003
1,725978e+003;6,198137e-003
1,726460e+003;6,276557e-003
1,726942e+003;6,365381e-003
1,727424e+003;6,458090e-003
1,727907e+003;6,543250e-003
1,728389e+003;6,607502e-003
1,728871e+003;6,637041e-003
1,729353e+003;6,624929e-003
1,729835e+003;6,574635e-003
1,730317e+003;6,501374e-003
1,730799e+003;6,425974e-003
1,731281e+003;6,368138e-003
1,731764e+003;6,341610e-003
1,732246e+003;6,350284e-003
1,732728e+003;6,386059e-003
1,733210e+003;6,428328e-003
1,733692e+003;6,451498e-003
1,734174e+003;6,438820e-003
1,734656e+003;6,396752e-003
1,735138e+003;6,346283e-003
1,735620e+003;6,305838e-003
1,736103e+003;6,282743e-003
1,736585e+003;6,275817e-003
1,737067e+003;6,280120e-003
1,737549e+003;6,289735e-003
1,738031e+003;6,300190e-003
1,738513e+003;6,308628e-003
1,738995e+003;6,315386e-003
1,739477e+003;6,322883e-003
1,739959e+003;6,334549e-003
1,740442e+003;6,352436e-003
1,740924e+003;6,376375e-003
1,741406e+003;6,404654e-003
1,741888e+003;6,434549e-003
1,742370e+003;6,462428e-003
1,742852e+003;6,484726e-003
1,743334e+003;6,497473e-003
1,743816e+003;6,497103e-003
1,744299e+003;6,481397e-003
1,744781e+003;6,450153e-003
1,745263e+003;6,405125e-003
1,745745e+003;6,350351e-003
1,746227e+003;6,291819e-003
1,746709e+003;6,236992e-003
1,747191e+003;6,193566e-003
1,747673e+003;6,168897e-003
1,748156e+003;6,167788e-003
1,748638e+003;6,191046e-003
1,749120e+003;6,233698e-003
1,749602e+003;6,285869e-003
1,750084e+003;6,333809e-003
1,750566e+003;6,362691e-003
1,751048e+003;6,363094e-003
1,751530e+003;6,334482e-003
1,752012e+003;6,286239e-003
1,752495e+003;6,233194e-003
1,752977e+003;6,191281e-003
1,753459e+003;6,173300e-003
1,753941e+003;6,184895e-003
1,754423e+003;6,226572e-003
1,754905e+003;6,291046e-003
1,755387e+003;6,363868e-003
1,755869e+003;6,424192e-003
1,756351e+003;6,451162e-003
1,756834e+003;6,432397e-003
1,757316e+003;6,369852e-003
1,757798e+003;6,277162e-003
1,758280e+003;6,173199e-003
1,758762e+003;6,074402e-003
1,759244e+003;5,991281e-003
1,759726e+003;5,929741e-003
1,760208e+003;5,892257e-003
1,760691e+003;5,878319e-003
1,761173e+003;5,883256e-003
1,761655e+003;5,898537e-003
1,762137e+003;5,913853e-003
1,762619e+003;5,919194e-003
1,763101e+003;5,910025e-003
1,763583e+003;5,887118e-003
1,764065e+003;5,855649e-003
1,764547e+003;5,822268e-003
1,765030e+003;5,793456e-003
1,765512e+003;5,773309e-003
1,765994e+003;5,761087e-003
1,766476e+003;5,752760e-003
1,766958e+003;5,741277e-003
1,767440e+003;5,720965e-003
1,767922e+003;5,690918e-003
1,768404e+003;5,657381e-003
1,768886e+003;5,631065e-003
1,769369e+003;5,622673e-003
1,769851e+003;5,638651e-003
1,770333e+003;5,677154e-003
1,770815e+003;5,727411e-003
1,771297e+003;5,771261e-003
1,771779e+003;5,789124e-003
1,772261e+003;5,770925e-003
1,772743e+003;5,722946e-003
1,773226e+003;5,663524e-003
1,773708e+003;5,610522e-003
1,774190e+003;5,573065e-003
1,774672e+003;5,551486e-003
1,775154e+003;5,539874e-003
1,775636e+003;5,531719e-003
1,776118e+003;5,521988e-003
1,776600e+003;5,509906e-003
1,777083e+003;5,498128e-003
1,777565e+003;5,491182e-003
1,778047e+003;5,491954e-003
1,778529e+003;5,500544e-003
1,779011e+003;5,512994e-003
1,779493e+003;5,522625e-003
1,779975e+003;5,522323e-003
1,780457e+003;5,508363e-003
1,780939e+003;5,481887e-003
1,781422e+003;5,449273e-003
1,781904e+003;5,418406e-003
1,782386e+003;5,396465e-003
1,782868e+003;5,388111e-003
1,783350e+003;5,394955e-003
1,783832e+003;5,415319e-003
1,784314e+003;5,444207e-003
1,784796e+003;5,474304e-003
1,785278e+003;5,498027e-003
1,785761e+003;5,508531e-003
1,786243e+003;5,503329e-003
1,786725e+003;5,482156e-003
1,787207e+003;5,447730e-003
1,787689e+003;5,403611e-003
1,788171e+003;5,353190e-003
1,788653e+003;5,297743e-003
1,789135e+003;5,237073e-003
1,789618e+003;5,169000e-003
1,790100e+003;5,091014e-003
1,790582e+003;5,002887e-003
1,791064e+003;4,909248e-003
1,791546e+003;4,820521e-003
1,792028e+003;4,750269e-003
1,792510e+003;4,709101e-003
1,792992e+003;4,699454e-003
1,793474e+003;4,717608e-003
1,793957e+003;4,757270e-003
1,794439e+003;4,813920e-003
1,794921e+003;4,885187e-003
1,795403e+003;4,970476e-003
1,795885e+003;5,067414e-003
1,796367e+003;5,170140e-003
1,796849e+003;5,269436e-003
1,797331e+003;5,353291e-003
1,797813e+003;5,410119e-003
1,798296e+003;5,433538e-003
1,798778e+003;5,423506e-003
1,799260e+003;5,387910e-003
1,799742e+003;5,340107e-003
1,800224e+003;5,295731e-003
1,800706e+003;5,265110e-003
1,801188e+003;5,250521e-003
1,801670e+003;5,245389e-003
1,802153e+003;5,238682e-003
1,802635e+003;5,220439e-003
1,803117e+003;5,184826e-003
1,803599e+003;5,132050e-003
1,804081e+003;5,066408e-003
1,804563e+003;4,995245e-003
1,805045e+003;4,925333e-003
1,805527e+003;4,863575e-003
1,806010e+003;4,815495e-003
1,806492e+003;4,785343e-003
1,806974e+003;4,776498e-003
1,807456e+003;4,790234e-003
1,807938e+003;4,824508e-003
1,808420e+003;4,872588e-003
1,808902e+003;4,924462e-003
1,809384e+003;4,967024e-003
1,809866e+003;4,987670e-003
1,810349e+003;4,978955e-003
1,810831e+003;4,940615e-003
1,811313e+003;4,881166e-003
1,811795e+003;4,814289e-003
1,812277e+003;4,755193e-003
1,812759e+003;4,715431e-003
1,813241e+003;4,699890e-003
1,813723e+003;4,707627e-003
1,814205e+003;4,733285e-003
1,814688e+003;4,768928e-003
1,815170e+003;4,805143e-003
1,815652e+003;4,833922e-003
1,816134e+003;4,848865e-003
1,816616e+003;4,846956e-003
1,817098e+003;4,828997e-003
1,817580e+003;4,799313e-003
1,818062e+003;4,763434e-003
1,818545e+003;4,727121e-003
1,819027e+003;4,693894e-003
1,819509e+003;4,664889e-003
1,819991e+003;4,638365e-003
1,820473e+003;4,611339e-003
1,820955e+003;4,581369e-003
1,821437e+003;4,547349e-003
1,821919e+003;4,510586e-003
1,822401e+003;4,473994e-003
1,822884e+003;4,441489e-003
1,823366e+003;4,416919e-003
1,823848e+003;4,403095e-003
1,824330e+003;4,401020e-003
1,824812e+003;4,409455e-003
1,825294e+003;4,426125e-003
1,825776e+003;4,448184e-003
1,826258e+003;4,472454e-003
1,826740e+003;4,496893e-003
1,827223e+003;4,519358e-003
1,827705e+003;4,537840e-003
1,828187e+003;4,550999e-003
1,828669e+003;4,558532e-003
1,829151e+003;4,561412e-003
1,829633e+003;4,563220e-003
1,830115e+003;4,568075e-003
1,830597e+003;4,578154e-003
1,831080e+003;4,593658e-003
1,831562e+003;4,612578e-003
1,832044e+003;4,632638e-003
1,832526e+003;4,651961e-003
1,833008e+003;4,670650e-003
1,833490e+003;4,688870e-003
1,833972e+003;4,707661e-003
1,834454e+003;4,727825e-003
1,834937e+003;4,748962e-003
1,835419e+003;4,770234e-003
1,835901e+003;4,791406e-003
1,836383e+003;4,812144e-003
1,836865e+003;4,832950e-003
1,837347e+003;4,853892e-003
1,837829e+003;4,873158e-003
1,838311e+003;4,886562e-003
1,838793e+003;4,889209e-003
1,839276e+003;4,876107e-003
1,839758e+003;4,845113e-003
1,840240e+003;4,798174e-003
1,840722e+003;4,741391e-003
1,841204e+003;4,682339e-003
1,841686e+003;4,629423e-003
1,842168e+003;4,588869e-003
1,842650e+003;4,561948e-003
1,843132e+003;4,546110e-003
1,843615e+003;4,536032e-003
1,844097e+003;4,528331e-003
1,844579e+003;4,524548e-003
1,845061e+003;4,529804e-003
1,845543e+003;4,548454e-003
1,846025e+003;4,580665e-003
1,846507e+003;4,620548e-003
1,846989e+003;4,658861e-003
1,847472e+003;4,685286e-003
1,847954e+003;4,693358e-003
1,848436e+003;4,683210e-003
1,848918e+003;4,661674e-003
1,849400e+003;4,638499e-003
1,849882e+003;4,621921e-003
1,850364e+003;4,613516e-003
1,850846e+003;4,606852e-003
1,851328e+003;4,590577e-003
1,851811e+003;4,553041e-003
1,852293e+003;4,489160e-003
1,852775e+003;4,404066e-003
1,853257e+003;4,312597e-003
1,853739e+003;4,235568e-003
1,854221e+003;4,192777e-003
1,854703e+003;4,194784e-003
1,855185e+003;4,241257e-003
1,855667e+003;4,320160e-003
1,856150e+003;4,412468e-003
1,856632e+003;4,494951e-003
1,857114e+003;4,547650e-003
1,857596e+003;4,558666e-003
1,858078e+003;4,526824e-003
1,858560e+003;4,461005e-003
1,859042e+003;4,376453e-003
1,859524e+003;4,293255e-003
1,860007e+003;4,229078e-003
1,860489e+003;4,196691e-003
1,860971e+003;4,200639e-003
1,861453e+003;4,236003e-003
1,861935e+003;4,291415e-003
1,862417e+003;4,352757e-003
1,862899e+003;4,409790e-003
1,863381e+003;4,457222e-003
1,863864e+003;4,496123e-003
1,864346e+003;4,531277e-003
1,864828e+003;4,567606e-003
1,865310e+003;4,605043e-003
1,865792e+003;4,637293e-003
1,866274e+003;4,650320e-003
1,866756e+003;4,628720e-003
1,867238e+003;4,560273e-003
1,867720e+003;4,446008e-003
1,868203e+003;4,304265e-003
1,868685e+003;4,168589e-003
1,869167e+003;4,073993e-003
1,869649e+003;4,039444e-003
1,870131e+003;4,063959e-003
1,870613e+003;4,128948e-003
1,871095e+003;4,209806e-003
1,871577e+003;4,282949e-003
1,872059e+003;4,332576e-003
1,872542e+003;4,353895e-003
1,873024e+003;4,351251e-003
1,873506e+003;4,337194e-003
1,873988e+003;4,327088e-003
1,874470e+003;4,335153e-003
1,874952e+003;4,369893e-003
1,875434e+003;4,431313e-003
1,875916e+003;4,511524e-003
1,876399e+003;4,598279e-003
1,876881e+003;4,676679e-003
1,877363e+003;4,735161e-003
1,877845e+003;4,768123e-003
1,878327e+003;4,775695e-003
1,878809e+003;4,763132e-003
1,879291e+003;4,738176e-003
1,879773e+003;4,708699e-003
1,880255e+003;4,679994e-003
1,880738e+003;4,655579e-003
1,881220e+003;4,637628e-003
1,881702e+003;4,628887e-003
1,882184e+003;4,634714e-003
1,882666e+003;4,662578e-003
1,883148e+003;4,719149e-003
1,883630e+003;4,807353e-003
1,884112e+003;4,922049e-003
1,884594e+003;5,049814e-003
1,885077e+003;5,171179e-003
1,885559e+003;5,267155e-003
1,886041e+003;5,323939e-003
1,886523e+003;5,337994e-003
1,887005e+003;5,316258e-003
1,887487e+003;5,276412e-003
1,887969e+003;5,242136e-003
1,888451e+003;5,236133e-003
1,888934e+003;5,273528e-003
1,889416e+003;5,354666e-003
1,889898e+003;5,464842e-003
1,890380e+003;5,577395e-003
1,890862e+003;5,664666e-003
1,891344e+003;5,705891e-003
1,891826e+003;5,690448e-003
1,892308e+003;5,620592e-003
1,892791e+003;5,509336e-003
1,893273e+003;5,378953e-003
1,893755e+003;5,255652e-003
1,894237e+003;5,166787e-003
1,894719e+003;5,132251e-003
1,895201e+003;5,157566e-003
1,895683e+003;5,232512e-003
1,896165e+003;5,335948e-003
1,896647e+003;5,444475e-003
1,897130e+003;5,539371e-003
1,897612e+003;5,612872e-003
1,898094e+003;5,666680e-003
1,898576e+003;5,709920e-003
1,899058e+003;5,751451e-003
1,899540e+003;5,796679e-003
1,900022e+003;5,843760e-003
1,900504e+003;5,886278e-003
1,900986e+003;5,916238e-003
1,901469e+003;5,929573e-003
1,901951e+003;5,930446e-003
1,902433e+003;5,929573e-003
1,902915e+003;5,940725e-003
1,903397e+003;5,974854e-003
1,903879e+003;6,035393e-003
1,904361e+003;6,115632e-003
1,904843e+003;6,201700e-003
1,905326e+003;6,275616e-003
1,905808e+003;6,321975e-003
1,906290e+003;6,330414e-003
1,906772e+003;6,297534e-003
1,907254e+003;6,225732e-003
1,907736e+003;6,122588e-003
1,908218e+003;5,998672e-003
1,908700e+003;5,865858e-003
1,909182e+003;5,740001e-003
1,909665e+003;5,637208e-003
1,910147e+003;5,570918e-003
1,910629e+003;5,549237e-003
1,911111e+003;5,571858e-003
1,911593e+003;5,629890e-003
1,912075e+003;5,709752e-003
1,912557e+003;5,799903e-003
1,913039e+003;5,893331e-003
1,913521e+003;5,991483e-003
1,914004e+003;6,102224e-003
1,914486e+003;6,236186e-003
1,914968e+003;6,400350e-003
1,915450e+003;6,593776e-003
1,915932e+003;6,803915e-003
1,916414e+003;7,008195e-003
1,916896e+003;7,180837e-003
1,917378e+003;7,298082e-003
1,917861e+003;7,349976e-003
1,918343e+003;7,343843e-003
1,918825e+003;7,299228e-003
1,919307e+003;7,234705e-003
1,919789e+003;7,161098e-003
1,920271e+003;7,077567e-003
1,920753e+003;6,975567e-003
1,921235e+003;6,847537e-003
1,921718e+003;6,695081e-003
1,922200e+003;6,532453e-003
1,922682e+003;6,387505e-003
1,923164e+003;6,290239e-003
1,923646e+003;6,260186e-003
1,924128e+003;6,301333e-003
1,924610e+003;6,401527e-003
1,925092e+003;6,538003e-003
1,925574e+003;6,683876e-003
1,926057e+003;6,816536e-003
1,926539e+003;6,918398e-003
1,927021e+003;6,978429e-003
1,927503e+003;6,991830e-003
1,927985e+003;6,957924e-003
1,928467e+003;6,879044e-003
1,928949e+003;6,762182e-003
1,929431e+003;6,621026e-003
1,929913e+003;6,475982e-003
1,930396e+003;6,353377e-003
1,930878e+003;6,281398e-003
1,931360e+003;6,281936e-003
1,931842e+003;6,366557e-003
1,932324e+003;6,530637e-003
1,932806e+003;6,754374e-003
1,933288e+003;7,002234e-003
1,933770e+003;7,232785e-003
1,934253e+003;7,408988e-003
1,934735e+003;7,503404e-003
1,935217e+003;7,504583e-003
1,935699e+003;7,414617e-003
1,936181e+003;7,248519e-003
1,936663e+003;7,028163e-003
1,937145e+003;6,779918e-003
1,937627e+003;6,532689e-003
1,938109e+003;6,313032e-003
1,938592e+003;6,142751e-003
1,939074e+003;6,038417e-003
1,939556e+003;6,010430e-003
1,940038e+003;6,061197e-003
1,940520e+003;6,184458e-003
1,941002e+003;6,364036e-003
1,941484e+003;6,571977e-003
1,941966e+003;6,775778e-003
1,942448e+003;6,947924e-003
1,942931e+003;7,072111e-003
1,943413e+003;7,148095e-003
1,943895e+003;7,186833e-003
1,944377e+003;7,203408e-003
1,944859e+003;7,209539e-003
1,945341e+003;7,210011e-003
1,945823e+003;7,204014e-003
1,946305e+003;7,188248e-003
1,946788e+003;7,160794e-003
1,947270e+003;7,123776e-003
1,947752e+003;7,082753e-003
1,948234e+003;7,042677e-003
1,948716e+003;7,005737e-003
1,949198e+003;6,968631e-003
1,949680e+003;6,923179e-003
1,950162e+003;6,861944e-003
1,950645e+003;6,783687e-003
1,951127e+003;6,694912e-003
1,951609e+003;6,609386e-003
1,952091e+003;6,543923e-003
1,952573e+003;6,509682e-003
1,953055e+003;6,508135e-003
1,953537e+003;6,528988e-003
1,954019e+003;6,555494e-003
1,954501e+003;6,573155e-003
1,954984e+003;6,573357e-003
1,955466e+003;6,558993e-003
1,955948e+003;6,539483e-003
1,956430e+003;6,525457e-003
1,956912e+003;6,519470e-003
1,957394e+003;6,516039e-003
1,957876e+003;6,500265e-003
1,958358e+003;6,459065e-003
1,958840e+003;6,387102e-003
1,959323e+003;6,292962e-003
1,959805e+003;6,197499e-003
1,960287e+003;6,127326e-003
1,960769e+003;6,102123e-003
1,961251e+003;6,124974e-003
1,961733e+003;6,182542e-003
1,962215e+003;6,249093e-003
1,962697e+003;6,295820e-003
1,963180e+003;6,300526e-003
1,963662e+003;6,255345e-003
1,964144e+003;6,165368e-003
1,964626e+003;6,047051e-003
1,965108e+003;5,920739e-003
1,965590e+003;5,803563e-003
1,966072e+003;5,708409e-003
1,966554e+003;5,638147e-003
1,967036e+003;5,587598e-003
1,967519e+003;5,542961e-003
1,968001e+003;5,488364e-003
1,968483e+003;5,406362e-003
1,968965e+003;5,288252e-003
1,969447e+003;5,136543e-003
1,969929e+003;4,968063e-003
1,970411e+003;4,811173e-003
1,970893e+003;4,699789e-003
1,971375e+003;4,662679e-003
1,971858e+003;4,712484e-003
1,972340e+003;4,839651e-003
1,972822e+003;5,015356e-003
1,973304e+003;5,205684e-003
1,973786e+003;5,380630e-003
1,974268e+003;5,525846e-003
1,974750e+003;5,643484e-003
1,975232e+003;5,748698e-003
1,975715e+003;5,856891e-003
1,976197e+003;5,977239e-003
1,976679e+003;6,104811e-003
1,977161e+003;6,225799e-003
1,977643e+003;6,319857e-003
1,978125e+003;6,367465e-003
1,978607e+003;6,357479e-003
1,979089e+003;6,282339e-003
1,979572e+003;6,140398e-003
1,980054e+003;5,935216e-003
1,980536e+003;5,674334e-003
1,981018e+003;5,372847e-003
1,981500e+003;5,057591e-003
1,981982e+003;4,767085e-003
1,982464e+003;4,541322e-003
1,982946e+003;4,413104e-003
1,983428e+003;4,393656e-003
1,983911e+003;4,464888e-003
1,984393e+003;4,584349e-003
1,984875e+003;4,697980e-003
1,985357e+003;4,757906e-003
1,985839e+003;4,732715e-003
1,986321e+003;4,618338e-003
1,986803e+003;4,434192e-003
1,987285e+003;4,219140e-003
1,987767e+003;4,014763e-003
1,988250e+003;3,853303e-003
1,988732e+003;3,753996e-003
1,989214e+003;3,719873e-003
1,989696e+003;3,742733e-003
1,990178e+003;3,803697e-003
1,990660e+003;3,880281e-003
1,991142e+003;3,944140e-003
1,991624e+003;3,971391e-003
1,992107e+003;3,947550e-003
1,992589e+003;3,873562e-003
1,993071e+003;3,767732e-003
1,993553e+003;3,659690e-003
1,994035e+003;3,583812e-003
1,994517e+003;3,564670e-003
1,994999e+003;3,613013e-003
1,995481e+003;3,719506e-003
1,995964e+003;3,863900e-003
1,996446e+003;4,020917e-003
1,996928e+003;4,170496e-003
1,997410e+003;4,305269e-003
1,997892e+003;4,427698e-003
1,998374e+003;4,546110e-003
1,998856e+003;4,664789e-003
1,999338e+003;4,777906e-003
1,999820e+003;4,870176e-003
2,000302e+003;4,922619e-003
2,000785e+003;4,921814e-003
2,001267e+003;4,868702e-003
2,001749e+003;4,781457e-003
2,002231e+003;4,691784e-003
2,002713e+003;4,631198e-003
2,003195e+003;4,623696e-003
2,003677e+003;4,674166e-003
2,004159e+003;4,771976e-003
2,004642e+003;4,892493e-003
2,005124e+003;5,007043e-003
2,005606e+003;5,093897e-003
2,006088e+003;5,140701e-003
2,006570e+003;5,145126e-003
2,007052e+003;5,116762e-003
2,007534e+003;5,070766e-003
2,008016e+003;5,023735e-003
2,008499e+003;4,994742e-003
2,008981e+003;5,003557e-003
2,009463e+003;5,066106e-003
2,009945e+003;5,192707e-003
2,010427e+003;5,384623e-003
2,010909e+003;5,630494e-003
2,011391e+003;5,909655e-003
2,011873e+003;6,194306e-003
2,012355e+003;6,456778e-003
2,012838e+003;6,669307e-003
2,013320e+003;6,811690e-003
2,013802e+003;6,866993e-003
2,014284e+003;6,824547e-003
2,014766e+003;6,677180e-003
2,015248e+003;6,422611e-003
2,015730e+003;6,069597e-003
2,016212e+003;5,640665e-003
2,016694e+003;5,177114e-003
2,017177e+003;4,735194e-003
2,017659e+003;4,369056e-003
2,018141e+003;4,117341e-003
2,018623e+003;3,992659e-003
2,019105e+003;3,979885e-003
2,019587e+003;4,042755e-003
2,020069e+003;4,138482e-003
2,020551e+003;4,230015e-003
2,021034e+003;4,293121e-003
2,021516e+003;4,322168e-003
2,021998e+003;4,327255e-003
2,022480e+003;4,325448e-003
2,022962e+003;4,328995e-003
2,023444e+003;4,340106e-003
2,023926e+003;4,346264e-003
2,024408e+003;4,324042e-003
2,024891e+003;4,248350e-003
2,025373e+003;4,104096e-003
2,025855e+003;3,894022e-003
2,026337e+003;3,643317e-003
2,026819e+003;3,395629e-003
2,027301e+003;3,201753e-003
2,027783e+003;3,110036e-003
2,028265e+003;3,150485e-003
2,028747e+003;3,326976e-003
2,029229e+003;3,611142e-003
2,029712e+003;3,956344e-003
2,030194e+003;4,302223e-003
2,030676e+003;4,590644e-003
2,031158e+003;4,780251e-003
2,031640e+003;4,844275e-003
2,032122e+003;4,778609e-003
2,032604e+003;4,602164e-003
2,033086e+003;4,356204e-003
2,033569e+003;4,093793e-003
2,034051e+003;3,875668e-003
2,034533e+003;3,755299e-003
2,035015e+003;3,765493e-003
2,035497e+003;3,911474e-003
2,035979e+003;4,165411e-003
2,036461e+003;4,474329e-003
2,036943e+003;4,774287e-003
2,037426e+003;5,012506e-003
2,037908e+003;5,162260e-003
2,038390e+003;5,228823e-003
2,038872e+003;5,239621e-003
2,039354e+003;5,225536e-003
2,039836e+003;5,208165e-003
2,040318e+003;5,185497e-003
2,040800e+003;5,131715e-003
2,041282e+003;5,013546e-003
2,041765e+003;4,809799e-003
2,042247e+003;4,523476e-003
2,042729e+003;4,189264e-003
2,043211e+003;3,858719e-003
2,043693e+003;3,589392e-003
2,044175e+003;3,419674e-003
2,044657e+003;3,359398e-003
2,045139e+003;3,390086e-003
2,045622e+003;3,478789e-003
2,046104e+003;3,593200e-003
2,046586e+003;3,711987e-003
2,047068e+003;3,827162e-003
2,047550e+003;3,936249e-003
2,048032e+003;4,032722e-003
2,048514e+003;4,102423e-003
2,048996e+003;4,126071e-003
2,049479e+003;4,090850e-003
2,049960e+003;4,001420e-003
2,050443e+003;3,881786e-003
2,050925e+003;3,772144e-003
2,051407e+003;3,710617e-003
2,051889e+003;3,723817e-003
2,052371e+003;3,812354e-003
2,052853e+003;3,951295e-003
2,053335e+003;4,097406e-003
2,053817e+003;4,208066e-003
2,054300e+003;4,252666e-003
2,054782e+003;4,224460e-003
2,055264e+003;4,139954e-003
2,055746e+003;4,031250e-003
2,056228e+003;3,932003e-003
2,056710e+003;3,865505e-003
2,057192e+003;3,840767e-003
2,057674e+003;3,852166e-003
2,058156e+003;3,885597e-003
2,058639e+003;3,923176e-003
2,059121e+003;3,948687e-003
2,059603e+003;3,952566e-003
2,060085e+003;3,932137e-003
2,060567e+003;3,893420e-003
2,061049e+003;3,851999e-003
2,061531e+003;3,829034e-003
2,062013e+003;3,845514e-003
2,062496e+003;3,916489e-003
2,062978e+003;4,043524e-003
2,063460e+003;4,209371e-003
2,063942e+003;4,381674e-003
2,064424e+003;4,523610e-003
2,064906e+003;4,608258e-003
2,065388e+003;4,628351e-003
2,065870e+003;4,601762e-003
2,066353e+003;4,565062e-003
2,066835e+003;4,560641e-003
2,067317e+003;4,618673e-003
2,067799e+003;4,747253e-003
2,068281e+003;4,929489e-003
2,068763e+003;5,133224e-003
2,069245e+003;5,318405e-003
2,069727e+003;5,451857e-003
2,070209e+003;5,516618e-003
2,070692e+003;5,510209e-003
2,071174e+003;5,441657e-003
2,071656e+003;5,324644e-003
2,072138e+003;5,173157e-003
2,072620e+003;4,998596e-003
2,073102e+003;4,812614e-003
2,073584e+003;4,630160e-003
2,074066e+003;4,467533e-003
2,074549e+003;4,342984e-003
2,075031e+003;4,269798e-003
2,075513e+003;4,253135e-003
2,075995e+003;4,290544e-003
2,076477e+003;4,372671e-003
2,076959e+003;4,488758e-003
2,077441e+003;4,627748e-003
2,077923e+003;4,780652e-003
2,078406e+003;4,938168e-003
2,078887e+003;5,088265e-003
2,079370e+003;5,217589e-003
2,079852e+003;5,312501e-003
2,080334e+003;5,364830e-003
2,080816e+003;5,375464e-003
2,081298e+003;5,356410e-003
2,081780e+003;5,327025e-003
2,082262e+003;5,308107e-003
2,082744e+003;5,314749e-003
2,083227e+003;5,349466e-003
2,083709e+003;5,404450e-003
2,084191e+003;5,463969e-003
2,084673e+003;5,512860e-003
2,085155e+003;5,543834e-003
2,085637e+003;5,559037e-003
2,086119e+003;5,567394e-003
2,086601e+003;5,580751e-003
2,087083e+003;5,607401e-003
2,087566e+003;5,647546e-003
2,088048e+003;5,694241e-003
2,088530e+003;5,736577e-003
2,089012e+003;5,764042e-003
2,089494e+003;5,769851e-003
2,089976e+003;5,753935e-003
2,090458e+003;5,719924e-003
2,090940e+003;5,676315e-003
2,091423e+003;5,631635e-003
2,091905e+003;5,594781e-003
2,092387e+003;5,572965e-003
2,092869e+003;5,570616e-003
2,093351e+003;5,586256e-003
2,093833e+003;5,612402e-003
2,094315e+003;5,635965e-003
2,094797e+003;5,639893e-003
2,095280e+003;5,611093e-003
2,095762e+003;5,545344e-003
2,096244e+003;5,451454e-003
2,096726e+003;5,348896e-003
2,097208e+003;5,260951e-003
2,097690e+003;5,206590e-003
2,098172e+003;5,191365e-003
2,098654e+003;5,205919e-003
2,099136e+003;5,228588e-003
2,099619e+003;5,237039e-003
2,100101e+003;5,216012e-003
2,100583e+003;5,164708e-003
2,101065e+003;5,095674e-003
2,101547e+003;5,031378e-003
2,102029e+003;4,992127e-003
2,102511e+003;4,988943e-003
2,102993e+003;5,020316e-003
2,103476e+003;5,073582e-003
2,103958e+003;5,131145e-003
2,104440e+003;5,176477e-003
2,104922e+003;5,200386e-003
2,105404e+003;5,201425e-003
2,105886e+003;5,184692e-003
2,106368e+003;5,159142e-003
2,106850e+003;5,135705e-003
2,107333e+003;5,125177e-003
2,107814e+003;5,137247e-003
2,108297e+003;5,179931e-003
2,108779e+003;5,256021e-003
2,109261e+003;5,362750e-003
2,109743e+003;5,488498e-003
2,110225e+003;5,616027e-003
2,110707e+003;5,727008e-003
2,111189e+003;5,806048e-003
2,111671e+003;5,846078e-003
2,112154e+003;5,850174e-003
2,112636e+003;5,828581e-003
2,113118e+003;5,792415e-003
2,113600e+003;5,751484e-003
2,114082e+003;5,709382e-003
2,114564e+003;5,665069e-003
2,115046e+003;5,616329e-003
2,115528e+003;5,564877e-003
2,116010e+003;5,515913e-003
2,116493e+003;5,478397e-003
2,116975e+003;5,459238e-003
2,117457e+003;5,458903e-003
2,117939e+003;5,469305e-003
2,118421e+003;5,476116e-003
2,118903e+003;5,463869e-003
2,119385e+003;5,421593e-003
2,119867e+003;5,349231e-003
2,120350e+003;5,255652e-003
2,120832e+003;5,156795e-003
2,121314e+003;5,069023e-003
2,121796e+003;5,004797e-003
2,122278e+003;4,970677e-003
2,122760e+003;4,967862e-003
2,123242e+003;4,995010e-003
2,123724e+003;5,049043e-003
2,124207e+003;5,125546e-003
2,124689e+003;5,214638e-003
2,125171e+003;5,300896e-003
2,125653e+003;5,361811e-003
2,126135e+003;5,373150e-003
2,126617e+003;5,316996e-003
2,127099e+003;5,189287e-003
2,127581e+003;5,006004e-003
2,128063e+003;4,800653e-003
2,128546e+003;4,620079e-003
2,129028e+003;4,510653e-003
2,129510e+003;4,505966e-003
2,129992e+003;4,619912e-003
2,130474e+003;4,843471e-003
2,130956e+003;5,147038e-003
2,131438e+003;5,484740e-003
2,131920e+003;5,808902e-003
2,132403e+003;6,073528e-003
2,132885e+003;6,244387e-003
2,133367e+003;6,306141e-003
2,133849e+003;6,263682e-003
2,134331e+003;6,140633e-003
2,134813e+003;5,974988e-003
2,135295e+003;5,812731e-003
2,135777e+003;5,691488e-003
2,136260e+003;5,634723e-003
2,136741e+003;5,642847e-003
2,137224e+003;5,697531e-003
2,137706e+003;5,769616e-003
2,138188e+003;5,829487e-003
2,138670e+003;5,858907e-003
2,139152e+003;5,855447e-003
2,139634e+003;5,829286e-003
2,140116e+003;5,793456e-003
2,140598e+003;5,757159e-003
2,141081e+003;5,717641e-003
2,141563e+003;5,663156e-003
2,142045e+003;5,581523e-003
2,142527e+003;5,470680e-003
2,143009e+003;5,346380e-003
2,143491e+003;5,244786e-003
2,143973e+003;5,209306e-003
2,144455e+003;5,278056e-003
2,144938e+003;5,467593e-003
2,145420e+003;5,764579e-003
2,145902e+003;6,122117e-003
2,146384e+003;6,471307e-003
2,146866e+003;6,744346e-003
2,147348e+003;6,884026e-003
2,147830e+003;6,866925e-003
2,148312e+003;6,704402e-003
2,148794e+003;6,441241e-003
2,149277e+003;6,134517e-003
2,149759e+003;5,843693e-003
2,150241e+003;5,613476e-003
2,150723e+003;5,462627e-003
2,151205e+003;5,383214e-003
2,151687e+003;5,346213e-003
2,152169e+003;5,317131e-003
2,152651e+003;5,265479e-003
2,153134e+003;5,178657e-003
2,153616e+003;5,062988e-003
2,154098e+003;4,941888e-003
2,154580e+003;4,843505e-003
2,155062e+003;4,789966e-003
2,155544e+003;4,792009e-003
2,156026e+003;4,846587e-003
2,156508e+003;4,940849e-003
2,156990e+003;5,060776e-003
2,157473e+003;5,193511e-003
2,157955e+003;5,326220e-003
2,158437e+003;5,440214e-003
2,158919e+003;5,514168e-003
2,159401e+003;5,524135e-003
2,159883e+003;5,458164e-003
2,160365e+003;5,328300e-003
2,160847e+003;5,171582e-003
2,161330e+003;5,042540e-003
2,161812e+003;4,996920e-003
2,162294e+003;5,071838e-003
2,162776e+003;5,265512e-003
2,163258e+003;5,542559e-003
2,163740e+003;5,842249e-003
2,164222e+003;6,108508e-003
2,164704e+003;6,307250e-003
2,165187e+003;6,438854e-003
2,165668e+003;6,528719e-003
2,166151e+003;6,612582e-003
2,166633e+003;6,712242e-003
2,167115e+003;6,821215e-003
2,167597e+003;6,907254e-003
2,168079e+003;6,930619e-003
2,168561e+003;6,862213e-003
2,169043e+003;6,701037e-003
2,169525e+003;6,477495e-003
2,170008e+003;6,238841e-003
2,170490e+003;6,031193e-003
2,170972e+003;5,876001e-003
2,171454e+003;5,766661e-003
2,171936e+003;5,674771e-003
2,172418e+003;5,573234e-003
2,172900e+003;5,450213e-003
2,173382e+003;5,321323e-003
2,173865e+003;5,219366e-003
2,174347e+003;5,180467e-003
2,174829e+003;5,219467e-003
2,175311e+003;5,320954e-003
2,175793e+003;5,442630e-003
2,176275e+003;5,536384e-003
2,176757e+003;5,566689e-003
2,177239e+003;5,525813e-003
2,177721e+003;5,433571e-003
2,178204e+003;5,326824e-003
2,178686e+003;5,238884e-003
2,179168e+003;5,184156e-003
2,179650e+003;5,156493e-003
2,180132e+003;5,135638e-003
2,180614e+003;5,101742e-003
2,181096e+003;5,044417e-003
2,181578e+003;4,968063e-003
2,182061e+003;4,882574e-003
2,182543e+003;4,793785e-003
2,183025e+003;4,697612e-003
2,183507e+003;4,578623e-003
2,183989e+003;4,422108e-003
2,184471e+003;4,227605e-003
2,184953e+003;4,015967e-003
2,185435e+003;3,826694e-003
2,185917e+003;3,705370e-003
2,186400e+003;3,690666e-003
2,186882e+003;3,797112e-003
2,187364e+003;4,014562e-003
2,187846e+003;4,310857e-003
2,188328e+003;4,642316e-003
2,188810e+003;4,966991e-003
2,189292e+003;5,247301e-003
2,189774e+003;5,457024e-003
2,190257e+003;5,579174e-003
2,190739e+003;5,606629e-003
2,191221e+003;5,544036e-003
2,191703e+003;5,411428e-003
2,192185e+003;5,245423e-003
2,192667e+003;5,088567e-003
2,193149e+003;4,984485e-003
2,193631e+003;4,955126e-003
2,194114e+003;4,993233e-003
2,194595e+003;5,059368e-003
2,195078e+003;5,100233e-003
2,195560e+003;5,063123e-003
2,196042e+003;4,921446e-003
2,196524e+003;4,686626e-003
2,197006e+003;4,405606e-003
2,197488e+003;4,144303e-003
2,197970e+003;3,958217e-003
2,198452e+003;3,879044e-003
2,198935e+003;3,901076e-003
2,199417e+003;3,991254e-003
2,199899e+003;4,100650e-003
2,200381e+003;4,189766e-003
2,200863e+003;4,239952e-003
2,201345e+003;4,256815e-003
2,201827e+003;4,261433e-003
2,202309e+003;4,280439e-003
2,202792e+003;4,331740e-003
2,203274e+003;4,416986e-003
2,203756e+003;4,523979e-003
2,204238e+003;4,631499e-003
2,204720e+003;4,718111e-003
2,205202e+003;4,766515e-003
2,205684e+003;4,768928e-003
2,206166e+003;4,725012e-003
2,206648e+003;4,643991e-003
2,207131e+003;4,540719e-003
2,207613e+003;4,434660e-003
2,208095e+003;4,346532e-003
2,208577e+003;4,291749e-003
2,209059e+003;4,275386e-003
2,209541e+003;4,288303e-003
2,210023e+003;4,311192e-003
2,210505e+003;4,318119e-003
2,210988e+003;4,287031e-003
2,211470e+003;4,211914e-003
2,211952e+003;4,105500e-003
2,212434e+003;3,996070e-003
2,212916e+003;3,919231e-003
2,213398e+003;3,905523e-003
2,213880e+003;3,967579e-003
2,214362e+003;4,095566e-003
2,214844e+003;4,259358e-003
2,215327e+003;4,417924e-003
2,215809e+003;4,529302e-003
2,216291e+003;4,560843e-003
2,216773e+003;4,498735e-003
2,217255e+003;4,347502e-003
2,217737e+003;4,128948e-003
2,218219e+003;3,873361e-003
2,218701e+003;3,619795e-003
2,219184e+003;3,402375e-003
2,219666e+003;3,247685e-003
2,220148e+003;3,170444e-003
2,220630e+003;3,172013e-003
2,221112e+003;3,241009e-003
2,221594e+003;3,362036e-003
2,222076e+003;3,520775e-003
2,222558e+003;3,708177e-003
2,223041e+003;3,921972e-003
2,223522e+003;4,162400e-003
2,224005e+003;4,423681e-003
2,224487e+003;4,688468e-003
2,224969e+003;4,928383e-003
2,225451e+003;5,104257e-003
2,225933e+003;5,181641e-003
2,226415e+003;5,143517e-003
2,226897e+003;4,999032e-003
2,227379e+003;4,783065e-003
2,227862e+003;4,550328e-003
2,228344e+003;4,359651e-003
2,228826e+003;4,252098e-003
2,229308e+003;4,244368e-003
2,229790e+003;4,325214e-003
2,230272e+003;4,462712e-003
2,230754e+003;4,614554e-003
2,231236e+003;4,743100e-003
2,231719e+003;4,824608e-003
2,232201e+003;4,849602e-003
2,232683e+003;4,823737e-003
2,233165e+003;4,760720e-003
2,233647e+003;4,680831e-003
2,234129e+003;4,605646e-003
2,234611e+003;4,557528e-003
2,235093e+003;4,557260e-003
2,235575e+003;4,618673e-003
2,236058e+003;4,744976e-003
2,236540e+003;4,926405e-003
2,237022e+003;5,141673e-003
2,237504e+003;5,361173e-003
2,237986e+003;5,556956e-003
2,238468e+003;5,710457e-003
2,238950e+003;5,814679e-003
2,239432e+003;5,874053e-003
2,239915e+003;5,897933e-003
2,240397e+003;5,893331e-003
2,240879e+003;5,859276e-003
2,241361e+003;5,788285e-003
2,241843e+003;5,671414e-003
2,242325e+003;5,506417e-003
2,242807e+003;5,303211e-003
2,243289e+003;5,084779e-003
2,243771e+003;4,878854e-003
2,244254e+003;4,712752e-003
2,244736e+003;4,602197e-003
2,245218e+003;4,547918e-003
2,245700e+003;4,537605e-003
2,246182e+003;4,553342e-003
2,246664e+003;4,577719e-003
2,247146e+003;4,599283e-003
2,247628e+003;4,615827e-003
2,248111e+003;4,629858e-003
2,248593e+003;4,645230e-003
2,249075e+003;4,664354e-003
2,249557e+003;4,686727e-003
2,250039e+003;4,711981e-003
2,250521e+003;4,742329e-003
2,251003e+003;4,783098e-003
2,251485e+003;4,841427e-003
2,251968e+003;4,922820e-003
2,252449e+003;5,026182e-003
2,252932e+003;5,142075e-003
2,253414e+003;5,254311e-003
2,253896e+003;5,343898e-003
2,254378e+003;5,397270e-003
2,254860e+003;5,409616e-003
2,255342e+003;5,387340e-003
2,255824e+003;5,344435e-003
2,256306e+003;5,298448e-003
2,256789e+003;5,262997e-003
2,257271e+003;5,245021e-003
2,257753e+003;5,243109e-003
2,258235e+003;5,249850e-003
2,258717e+003;5,255283e-003
2,259199e+003;5,249816e-003
2,259681e+003;5,228420e-003
2,260163e+003;5,190259e-003
2,260646e+003;5,139963e-003
2,261128e+003;5,086321e-003
2,261610e+003;5,040864e-003
2,262092e+003;5,015624e-003
2,262574e+003;5,019546e-003
2,263056e+003;5,056686e-003
2,263538e+003;5,123266e-003
2,264020e+003;5,209306e-003
2,264502e+003;5,298817e-003
2,264985e+003;5,376202e-003
2,265467e+003;5,430954e-003
2,265949e+003;5,460279e-003
2,266431e+003;5,469506e-003
2,266913e+003;5,469640e-003
2,267395e+003;5,471787e-003
2,267877e+003;5,480210e-003
2,268359e+003;5,490746e-003
2,268842e+003;5,490645e-003
2,269324e+003;5,463533e-003
2,269806e+003;5,395224e-003
2,270288e+003;5,280571e-003
2,270770e+003;5,125982e-003
2,271252e+003;4,950334e-003
2,271734e+003;4,779346e-003
2,272216e+003;4,639470e-003
2,272698e+003;4,553844e-003
2,273181e+003;4,533822e-003
2,273663e+003;4,579426e-003
2,274145e+003;4,678353e-003
2,274627e+003;4,811039e-003
2,275109e+003;4,952512e-003
2,275591e+003;5,079281e-003
2,276073e+003;5,174834e-003
2,276555e+003;5,230499e-003
2,277038e+003;5,249582e-003
2,277520e+003;5,243813e-003
2,278002e+003;5,231338e-003
2,278484e+003;5,229326e-003
2,278966e+003;5,249481e-003
2,279448e+003;5,293484e-003
2,279930e+003;5,353693e-003
2,280412e+003;5,414883e-003
2,280895e+003;5,460782e-003
2,281376e+003;5,480210e-003
2,281859e+003;5,470076e-003
2,282341e+003;5,436322e-003
2,282823e+003;5,390527e-003
2,283305e+003;5,346078e-003
2,283787e+003;5,311965e-003
2,284269e+003;5,291438e-003
2,284751e+003;5,281779e-003
2,285233e+003;5,277720e-003
2,285716e+003;5,274567e-003
2,286198e+003;5,270442e-003
2,286680e+003;5,266820e-003
2,287162e+003;5,266149e-003
2,287644e+003;5,268698e-003
2,288126e+003;5,270341e-003
2,288608e+003;5,261924e-003
2,289090e+003;5,232478e-003
2,289573e+003;5,173023e-003
2,290055e+003;5,081259e-003
2,290537e+003;4,963036e-003
2,291019e+003;4,832917e-003
2,291501e+003;4,711278e-003
2,291983e+003;4,617501e-003
2,292465e+003;4,566937e-003
2,292947e+003;4,566200e-003
2,293429e+003;4,612511e-003
2,293912e+003;4,694731e-003
2,294394e+003;4,796264e-003
2,294876e+003;4,900099e-003
2,295358e+003;4,990317e-003
2,295840e+003;5,055379e-003
2,296322e+003;5,090143e-003
2,296804e+003;5,094870e-003
2,297286e+003;5,075425e-003
2,297769e+003;5,041199e-003
2,298251e+003;5,003624e-003
2,298733e+003;4,972554e-003
2,299215e+003;4,954422e-003
2,299697e+003;4,951674e-003
2,300179e+003;4,961561e-003
2,300661e+003;4,977950e-003
2,301143e+003;4,993971e-003
2,301625e+003;5,004596e-003
2,302108e+003;5,007478e-003
2,302590e+003;5,003859e-003
2,303072e+003;4,997792e-003
2,303554e+003;4,993736e-003
2,304036e+003;4,995043e-003
2,304518e+003;5,002719e-003
2,305000e+003;5,015456e-003
2,305482e+003;5,030003e-003
2,305965e+003;5,042272e-003
2,306447e+003;5,048540e-003
2,306929e+003;5,045993e-003
2,307411e+003;5,033456e-003
2,307893e+003;5,011132e-003
2,308375e+003;4,981268e-003
2,308857e+003;4,947552e-003
2,309339e+003;4,915346e-003
2,309822e+003;4,889008e-003
2,310303e+003;4,871482e-003
2,310786e+003;4,862469e-003
2,311268e+003;4,857343e-003
2,311750e+003;4,848229e-003
2,312232e+003;4,827523e-003
2,312714e+003;4,790334e-003
2,313196e+003;4,738243e-003
2,313678e+003;4,679726e-003
2,314160e+003;4,629289e-003
2,314643e+003;4,602700e-003
2,315125e+003;4,611942e-003
2,315607e+003;4,661372e-003
2,316089e+003;4,745713e-003
2,316571e+003;4,852183e-003
2,317053e+003;4,962633e-003
2,317535e+003;5,060206e-003
2,318017e+003;5,132251e-003
2,318500e+003;5,173258e-003
2,318982e+003;5,185329e-003
2,319464e+003;5,176947e-003
2,319946e+003;5,159377e-003
2,320428e+003;5,144322e-003
2,320910e+003;5,142210e-003
2,321392e+003;5,159645e-003
2,321874e+003;5,198172e-003
2,322356e+003;5,254344e-003
2,322839e+003;5,319646e-003
2,323321e+003;5,381737e-003
2,323803e+003;5,426727e-003
2,324285e+003;5,444240e-003
2,324767e+003;5,428572e-003
2,325249e+003;5,382006e-003
2,325731e+003;5,312938e-003
2,326213e+003;5,235195e-003
2,326696e+003;5,163601e-003
2,327178e+003;5,109755e-003
2,327660e+003;5,079683e-003
2,328142e+003;5,072878e-003
2,328624e+003;5,084142e-003
2,329106e+003;5,105162e-003
2,329588e+003;5,129435e-003
2,330070e+003;5,152805e-003
2,330552e+003;5,173727e-003
2,331035e+003;5,191533e-003
2,331517e+003;5,205349e-003
2,331999e+003;5,212659e-003
2,332481e+003;5,211284e-003
2,332963e+003;5,200453e-003
2,333445e+003;5,183687e-003
2,333927e+003;5,167390e-003
2,334409e+003;5,161053e-003
2,334892e+003;5,172587e-003
2,335374e+003;5,205349e-003
2,335856e+003;5,255618e-003
2,336338e+003;5,313407e-003
2,336820e+003;5,363689e-003
2,337302e+003;5,390426e-003
2,337784e+003;5,381804e-003
2,338266e+003;5,331755e-003
2,338749e+003;5,242975e-003
2,339230e+003;5,124540e-003
2,339713e+003;4,991993e-003
2,340195e+003;4,863642e-003
2,340677e+003;4,757203e-003
2,341159e+003;4,688468e-003
2,341641e+003;4,665927e-003
2,342123e+003;4,690076e-003
2,342605e+003;4,752077e-003
2,343087e+003;4,836133e-003
2,343570e+003;4,922987e-003
2,344052e+003;4,994306e-003
2,344534e+003;5,038685e-003
2,345016e+003;5,054541e-003
2,345498e+003;5,048842e-003
2,345980e+003;5,032450e-003
2,346462e+003;5,015456e-003
2,346944e+003;5,003255e-003
2,347427e+003;4,994038e-003
2,347909e+003;4,982307e-003
2,348391e+003;4,961092e-003
2,348873e+003;4,924328e-003
2,349355e+003;4,869271e-003
2,349837e+003;4,797504e-003
2,350319e+003;4,714594e-003
2,350801e+003;4,629958e-003
2,351283e+003;4,553242e-003
2,351766e+003;4,493478e-003
2,352248e+003;4,455917e-003
2,352730e+003;4,441690e-003
2,353212e+003;4,449021e-003
2,353694e+003;4,474128e-003
2,354176e+003;4,513097e-003
2,354658e+003;4,561713e-003
2,355140e+003;4,615324e-003
2,355623e+003;4,668540e-003
2,356105e+003;4,715934e-003
2,356587e+003;4,753384e-003
2,357069e+003;4,779446e-003
2,357551e+003;4,795427e-003
2,358033e+003;4,804271e-003
2,358515e+003;4,808593e-003
2,358997e+003;4,809163e-003
2,359479e+003;4,804338e-003
2,359962e+003;4,791474e-003
2,360444e+003;4,770870e-003
2,360926e+003;4,746784e-003
2,361408e+003;4,729801e-003
2,361890e+003;4,734357e-003
2,362372e+003;4,774421e-003
2,362854e+003;4,859655e-003
2,363336e+003;4,990686e-003
2,363819e+003;5,157499e-003
2,364301e+003;5,341315e-003
2,364783e+003;5,520511e-003
2,365265e+003;5,672186e-003
2,365747e+003;5,778044e-003
2,366229e+003;5,828144e-003
2,366711e+003;5,819111e-003
2,367193e+003;5,754540e-003
2,367676e+003;5,644424e-003
2,368157e+003;5,503028e-003
2,368640e+003;5,346581e-003
2,369122e+003;5,192271e-003
2,369604e+003;5,056988e-003
2,370086e+003;4,952847e-003
2,370568e+003;4,888472e-003
2,371050e+003;4,866188e-003
2,371532e+003;4,881468e-003
2,372014e+003;4,924763e-003
2,372497e+003;4,983514e-003
2,372979e+003;5,044417e-003
2,373461e+003;5,096110e-003
2,373943e+003;5,132553e-003
2,374425e+003;5,152235e-003
2,374907e+003;5,159377e-003
2,375389e+003;5,161020e-003
2,375872e+003;5,165312e-003
2,376354e+003;5,178422e-003
2,376836e+003;5,202465e-003
2,377318e+003;5,235061e-003
2,377800e+003;5,269269e-003
2,378282e+003;5,297341e-003
2,378764e+003;5,311663e-003
2,379246e+003;5,307772e-003
2,379729e+003;5,286273e-003
2,380210e+003;5,252433e-003
2,380693e+003;5,213397e-003
2,381175e+003;5,177382e-003
2,381657e+003;5,150458e-003
2,382139e+003;5,134800e-003
2,382621e+003;5,129335e-003
2,383103e+003;5,130508e-003
2,383585e+003;5,134431e-003
2,384067e+003;5,139159e-003
2,384550e+003;5,145797e-003
2,385032e+003;5,157935e-003
2,385514e+003;5,181004e-003
2,385996e+003;5,219031e-003
2,386478e+003;5,272924e-003
2,386960e+003;5,338497e-003
2,387442e+003;5,408006e-003
2,387924e+003;5,470445e-003
2,388406e+003;5,514806e-003
2,388889e+003;5,533934e-003
2,389371e+003;5,525880e-003
2,389853e+003;5,494941e-003
2,390335e+003;5,450011e-003
2,390817e+003;5,403242e-003
2,391299e+003;5,366071e-003
2,391781e+003;5,346648e-003
2,392263e+003;5,349164e-003
2,392746e+003;5,372982e-003
2,393228e+003;5,414816e-003
2,393710e+003;5,470311e-003
2,394192e+003;5,535679e-003
2,394674e+003;5,608341e-003
2,395156e+003;5,686822e-003
2,395638e+003;5,768978e-003
2,396120e+003;5,851182e-003
2,396603e+003;5,927423e-003
2,397085e+003;5,990307e-003
2,397567e+003;6,032638e-003
2,398049e+003;6,049639e-003
2,398531e+003;6,040970e-003
2,399013e+003;6,011640e-003
2,399495e+003;5,970453e-003
2,399977e+003;5,927524e-003
2,400459e+003;5,892761e-003
2,400942e+003;5,871635e-003
2,401424e+003;5,865489e-003
2,401906e+003;5,872004e-003
2,402388e+003;5,887118e-003
2,402870e+003;5,906867e-003
2,403352e+003;5,929338e-003
2,403834e+003;5,955236e-003
2,404316e+003;5,986813e-003
2,404799e+003;6,026221e-003
2,405281e+003;6,073830e-003
2,405763e+003;6,127326e-003
2,406245e+003;6,182072e-003
2,406727e+003;6,232724e-003
2,407209e+003;6,274002e-003
2,407691e+003;6,303216e-003
2,408173e+003;6,320462e-003
2,408656e+003;6,328531e-003
2,409137e+003;6,331389e-003
2,409620e+003;6,333843e-003
2,410102e+003;6,340635e-003
2,410584e+003;6,354857e-003
2,411066e+003;6,379133e-003
2,411548e+003;6,415583e-003
2,412030e+003;6,465085e-003
2,412512e+003;6,527912e-003
2,412994e+003;6,602018e-003
2,413477e+003;6,683674e-003
2,413959e+003;6,766658e-003
2,414441e+003;6,843599e-003
2,414923e+003;6,907457e-003
2,415405e+003;6,952739e-003
2,415887e+003;6,977756e-003
2,416369e+003;6,984860e-003
2,416851e+003;6,979776e-003
2,417333e+003;6,970180e-003
2,417816e+003;6,963446e-003
2,418298e+003;6,965095e-003
2,418780e+003;6,977217e-003
2,419262e+003;6,999238e-003
2,419744e+003;7,028635e-003
2,420226e+003;7,063085e-003
2,420708e+003;7,101041e-003
2,421190e+003;7,142739e-003
2,421673e+003;7,188956e-003
2,422155e+003;7,239894e-003
2,422637e+003;7,293735e-003
2,423119e+003;7,346707e-003
2,423601e+003;7,393552e-003
2,424083e+003;7,429413e-003
2,424565e+003;7,451761e-003
2,425047e+003;7,461401e-003
2,425530e+003;7,462311e-003
2,426012e+003;7,460390e-003
2,426494e+003;7,460929e-003
2,426976e+003;7,466424e-003
2,427458e+003;7,476705e-003
2,427940e+003;7,489515e-003
2,428422e+003;7,502426e-003
2,428904e+003;7,514630e-003
2,429386e+003;7,527676e-003
2,429869e+003;7,544500e-003
2,430351e+003;7,566988e-003
2,430833e+003;7,594131e-003
2,431315e+003;7,619892e-003
2,431797e+003;7,635876e-003
2,432279e+003;7,633448e-003
2,432761e+003;7,608327e-003
2,433243e+003;7,562875e-003
2,433726e+003;7,508090e-003
2,434208e+003;7,460491e-003
2,434690e+003;7,435918e-003
2,435172e+003;7,446738e-003
2,435654e+003;7,496257e-003
2,436136e+003;7,579193e-003
2,436618e+003;7,682887e-003
2,437100e+003;7,792879e-003
2,437583e+003;7,897062e-003
2,438064e+003;7,987737e-003
2,438547e+003;8,062598e-003
2,439029e+003;8,122856e-003
2,439511e+003;8,170493e-003
2,439993e+003;8,206924e-003
2,440475e+003;8,232250e-003
2,440957e+003;8,246703e-003
2,441439e+003;8,252545e-003
2,441921e+003;8,254402e-003
2,442404e+003;8,258894e-003
2,442886e+003;8,272233e-003
2,443368e+003;8,298576e-003
2,443850e+003;8,337788e-003
2,444332e+003;8,386733e-003
2,444814e+003;8,439839e-003
2,445296e+003;8,492309e-003
2,445778e+003;8,542183e-003
2,446260e+003;8,589664e-003
2,446743e+003;8,636677e-003
2,447225e+003;8,684438e-003
2,447707e+003;8,731866e-003
2,448189e+003;8,775074e-003
2,448671e+003;8,809798e-003
2,449153e+003;8,833028e-003
2,449635e+003;8,845202e-003
2,450117e+003;8,851357e-003
2,450600e+003;8,859067e-003
2,451082e+003;8,875231e-003
2,451564e+003;8,903775e-003
2,452046e+003;8,943414e-003
2,452528e+003;8,987928e-003
2,453010e+003;9,028083e-003
2,453492e+003;9,055757e-003
2,453974e+003;9,065568e-003
2,454457e+003;9,056535e-003
2,454939e+003;9,031703e-003
2,455421e+003;8,996791e-003
2,455903e+003;8,958263e-003
2,456385e+003;8,921802e-003
2,456867e+003;8,892716e-003
2,457349e+003;8,875536e-003
2,457831e+003;8,874352e-003
2,458313e+003;8,892479e-003
2,458796e+003;8,931205e-003
2,459278e+003;8,988808e-003
2,459760e+003;9,060493e-003
2,460242e+003;9,138924e-003
2,460724e+003;9,215880e-003
2,461206e+003;9,284793e-003
2,461688e+003;9,342037e-003
2,462170e+003;9,388014e-003
2,462653e+003;9,425260e-003
2,463135e+003;9,457124e-003
2,463617e+003;9,486484e-003
2,464099e+003;9,514458e-003
2,464581e+003;9,540876e-003
2,465063e+003;9,565331e-003
2,465545e+003;9,589415e-003
2,466027e+003;9,615803e-003
2,466510e+003;9,648698e-003
2,466992e+003;9,691692e-003
2,467474e+003;9,745737e-003
2,467956e+003;9,808193e-003
2,468438e+003;9,873336e-003
2,468920e+003;9,932726e-003
2,469402e+003;9,978155e-003
2,469884e+003;1,000321e-002
2,470366e+003;1,000480e-002
2,470849e+003;9,983377e-003
2,471331e+003;9,942320e-003
2,471813e+003;9,887844e-003
2,472295e+003;9,826969e-003
2,472777e+003;9,767729e-003
2,473259e+003;9,718595e-003
2,473741e+003;9,686542e-003
2,474223e+003;9,677326e-003
2,474706e+003;9,693996e-003
2,475188e+003;9,735944e-003
2,475670e+003;9,799483e-003
2,476152e+003;9,878420e-003
2,476634e+003;9,965509e-003
2,477116e+003;1,005373e-002
2,477598e+003;1,013780e-002
2,478080e+003;1,021419e-002
2,478563e+003;1,028028e-002
2,479044e+003;1,033541e-002
2,479527e+003;1,037878e-002
2,480009e+003;1,041055e-002
2,480491e+003;1,043200e-002
2,480973e+003;1,044557e-002
2,481455e+003;1,045514e-002
2,481937e+003;1,046509e-002
2,482419e+003;1,047931e-002
2,482901e+003;1,049951e-002
2,483384e+003;1,052490e-002
2,483866e+003;1,055172e-002
2,484348e+003;1,057480e-002
2,484830e+003;1,058852e-002
2,485312e+003;1,058886e-002
2,485794e+003;1,057494e-002
2,486276e+003;1,054863e-002
2,486758e+003;1,051495e-002
2,487240e+003;1,048009e-002
2,487723e+003;1,045063e-002
2,488205e+003;1,043206e-002
2,488687e+003;1,042714e-002
2,489169e+003;1,043617e-002
2,489651e+003;1,045711e-002
2,490133e+003;1,048637e-002
2,490615e+003;1,051923e-002
2,491097e+003;1,055253e-002
2,491580e+003;1,058377e-002
2,492062e+003;1,061242e-002
2,492544e+003;1,063887e-002
2,493026e+003;1,066329e-002
2,493508e+003;1,068478e-002
2,493990e+003;1,070173e-002
2,494472e+003;1,071124e-002
2,494954e+003;1,071080e-002
2,495437e+003;1,069993e-002
2,495919e+003;1,068074e-002
2,496401e+003;1,065711e-002
2,496883e+003;1,063422e-002
2,497365e+003;1,061616e-002
2,497847e+003;1,060451e-002
2,498329e+003;1,059803e-002
2,498811e+003;1,059392e-002
2,499293e+003;1,058913e-002
2,499776e+003;1,058329e-002
2,500258e+003;1,057833e-002
2,500740e+003;1,057854e-002
2,501222e+003;1,058815e-002
2,501704e+003;1,060876e-002
2,502186e+003;1,063738e-002
2,502668e+003;1,066692e-002
2,503150e+003;1,068859e-002
2,503633e+003;1,069456e-002
2,504115e+003;1,068108e-002
2,504597e+003;1,065021e-002
2,505079e+003;1,060899e-002
2,505561e+003;1,056723e-002
2,506043e+003;1,053386e-002
2,506525e+003;1,051451e-002
2,507007e+003;1,051074e-002
2,507490e+003;1,052004e-002
2,507971e+003;1,053770e-002
2,508454e+003;1,055868e-002
2,508936e+003;1,057935e-002
2,509418e+003;1,059752e-002
2,509900e+003;1,061249e-002
2,510382e+003;1,062485e-002
2,510864e+003;1,063582e-002
2,511346e+003;1,064726e-002
2,511828e+003;1,066139e-002
2,512311e+003;1,068061e-002
2,512793e+003;1,070523e-002
2,513275e+003;1,073376e-002
2,513757e+003;1,076133e-002
2,514239e+003;1,078127e-002
2,514721e+003;1,078606e-002
2,515203e+003;1,077105e-002
2,515685e+003;1,073589e-002
2,516167e+003;1,068617e-002
2,516650e+003;1,063120e-002
2,517132e+003;1,058203e-002
2,517614e+003;1,054802e-002
2,518096e+003;1,053338e-002
2,518578e+003;1,053685e-002
2,519060e+003;1,055311e-002
2,519542e+003;1,057538e-002
2,520024e+003;1,059741e-002
2,520507e+003;1,061650e-002
2,520989e+003;1,063242e-002
2,521471e+003;1,064736e-002
2,521953e+003;1,066288e-002
2,522435e+003;1,067932e-002
2,522917e+003;1,069609e-002
2,523399e+003;1,071165e-002
2,523881e+003;1,072615e-002
2,524364e+003;1,074119e-002
2,524846e+003;1,075936e-002
2,525328e+003;1,078365e-002
2,525810e+003;1,081490e-002
2,526292e+003;1,085115e-002
2,526774e+003;1,088784e-002
2,527256e+003;1,091900e-002
2,527738e+003;1,094016e-002
2,528220e+003;1,094965e-002
2,528703e+003;1,094934e-002
2,529185e+003;1,094370e-002
2,529667e+003;1,093731e-002
2,530149e+003;1,093337e-002
2,530631e+003;1,093211e-002
2,531113e+003;1,093096e-002
2,531595e+003;1,092742e-002
2,532077e+003;1,092012e-002
2,532560e+003;1,091047e-002
2,533042e+003;1,090316e-002
2,533524e+003;1,090401e-002
2,534006e+003;1,091733e-002
2,534488e+003;1,094360e-002
2,534970e+003;1,097866e-002
2,535452e+003;1,101445e-002
2,535934e+003;1,104184e-002
2,536417e+003;1,105353e-002
2,536898e+003;1,104745e-002
2,537381e+003;1,102767e-002
2,537863e+003;1,100327e-002
2,538345e+003;1,098522e-002
2,538827e+003;1,098352e-002
2,539309e+003;1,100419e-002
2,539791e+003;1,104663e-002
2,540273e+003;1,110516e-002
2,540755e+003;1,117088e-002
2,541238e+003;1,123412e-002
2,541720e+003;1,128686e-002
2,542202e+003;1,132478e-002
2,542684e+003;1,134658e-002
2,543166e+003;1,135311e-002
2,543648e+003;1,134607e-002
2,544130e+003;1,132644e-002
2,544612e+003;1,129454e-002
2,545094e+003;1,125047e-002
2,545577e+003;1,119437e-002
2,546059e+003;1,112876e-002
2,546541e+003;1,105754e-002
2,547023e+003;1,098692e-002
2,547505e+003;1,092372e-002
2,547987e+003;1,087415e-002
2,548469e+003;1,084344e-002
2,548951e+003;1,083413e-002
2,549434e+003;1,084660e-002
2,549916e+003;1,087877e-002
2,550398e+003;1,092705e-002
2,550880e+003;1,098617e-002
2,551362e+003;1,105000e-002
2,551844e+003;1,111200e-002
2,552326e+003;1,116619e-002
2,552808e+003;1,120800e-002
2,553291e+003;1,123493e-002
2,553773e+003;1,124731e-002
2,554255e+003;1,124806e-002
2,554737e+003;1,124190e-002
2,555219e+003;1,123408e-002
2,555701e+003;1,122908e-002
2,556183e+003;1,122908e-002
2,556665e+003;1,123327e-002
2,557147e+003;1,123840e-002
2,557630e+003;1,123912e-002
2,558112e+003;1,122908e-002
2,558594e+003;1,120396e-002
2,559076e+003;1,116143e-002
2,559558e+003;1,110323e-002
2,560040e+003;1,103511e-002
2,560522e+003;1,096677e-002
2,561004e+003;1,090935e-002
2,561487e+003;1,087357e-002
2,561969e+003;1,086746e-002
2,562451e+003;1,089334e-002
2,562933e+003;1,094754e-002
2,563415e+003;1,102057e-002
2,563897e+003;1,110071e-002
2,564379e+003;1,117537e-002
2,564861e+003;1,123527e-002
2,565344e+003;1,127611e-002
2,565825e+003;1,129913e-002
2,566308e+003;1,130900e-002
2,566790e+003;1,131223e-002
2,567272e+003;1,131434e-002
2,567754e+003;1,131835e-002
2,568236e+003;1,132396e-002
2,568718e+003;1,132896e-002
2,569200e+003;1,133063e-002
2,569682e+003;1,132685e-002
2,570165e+003;1,131712e-002
2,570647e+003;1,130270e-002
2,571129e+003;1,128577e-002
2,571611e+003;1,126843e-002
2,572093e+003;1,125214e-002
2,572575e+003;1,123782e-002
2,573057e+003;1,122545e-002
2,573539e+003;1,121497e-002
2,574021e+003;1,120637e-002
2,574504e+003;1,119961e-002
2,574986e+003;1,119468e-002
2,575468e+003;1,119206e-002
2,575950e+003;1,119168e-002
2,576432e+003;1,119393e-002
2,576914e+003;1,119893e-002
2,577396e+003;1,120709e-002
2,577878e+003;1,121841e-002
2,578361e+003;1,123286e-002
2,578843e+003;1,124959e-002
2,579325e+003;1,126768e-002
2,579807e+003;1,128604e-002
2,580289e+003;1,130447e-002
2,580771e+003;1,132328e-002
2,581253e+003;1,134396e-002
2,581735e+003;1,136804e-002
2,582218e+003;1,139729e-002
2,582700e+003;1,143263e-002
2,583182e+003;1,147414e-002
2,583664e+003;1,152126e-002
2,584146e+003;1,157301e-002
2,584628e+003;1,162814e-002
2,585110e+003;1,168560e-002
2,585592e+003;1,174377e-002
2,586074e+003;1,180049e-002
2,586557e+003;1,185282e-002
2,587039e+003;1,189825e-002
2,587521e+003;1,193441e-002
2,588003e+003;1,196132e-002
2,588485e+003;1,198087e-002
2,588967e+003;1,199760e-002
2,589449e+003;1,201616e-002
2,589931e+003;1,204103e-002
2,590414e+003;1,207380e-002
2,590896e+003;1,211277e-002
2,591378e+003;1,215278e-002
2,591860e+003;1,218753e-002
2,592342e+003;1,221152e-002
2,592824e+003;1,222165e-002
2,593306e+003;1,221964e-002
2,593788e+003;1,221091e-002
2,594271e+003;1,220393e-002
2,594752e+003;1,220699e-002
2,595235e+003;1,222700e-002
2,595717e+003;1,226660e-002
2,596199e+003;1,232414e-002
2,596681e+003;1,239399e-002
2,597163e+003;1,246784e-002
2,597645e+003;1,253809e-002
2,598127e+003;1,259795e-002
2,598609e+003;1,264400e-002
2,599092e+003;1,267654e-002
2,599574e+003;1,269841e-002
2,600056e+003;1,271434e-002
2,600538e+003;1,272922e-002
2,601020e+003;1,274723e-002
2,601502e+003;1,277085e-002
2,601984e+003;1,280135e-002
2,602466e+003;1,283848e-002
2,602948e+003;1,288156e-002
2,603431e+003;1,292962e-002
2,603913e+003;1,298181e-002
2,604395e+003;1,303640e-002
2,604877e+003;1,309203e-002
2,605359e+003;1,314677e-002
2,605841e+003;1,319892e-002
2,606323e+003;1,324722e-002
2,606805e+003;1,329140e-002
2,607288e+003;1,333168e-002
2,607770e+003;1,336872e-002
2,608252e+003;1,340254e-002
2,608734e+003;1,343282e-002
2,609216e+003;1,345876e-002
2,609698e+003;1,347947e-002
2,610180e+003;1,349571e-002
2,610662e+003;1,350965e-002
2,611145e+003;1,352511e-002
2,611627e+003;1,354657e-002
2,612109e+003;1,357775e-002
2,612591e+003;1,361946e-002
2,613073e+003;1,367013e-002
2,613555e+003;1,372583e-002
2,614037e+003;1,378285e-002
2,614519e+003;1,383857e-002
2,615001e+003;1,389333e-002
2,615484e+003;1,395051e-002
2,615966e+003;1,401395e-002
2,616448e+003;1,408619e-002
2,616930e+003;1,416601e-002
2,617412e+003;1,424876e-002
2,617894e+003;1,432677e-002
2,618376e+003;1,439228e-002
2,618858e+003;1,444037e-002
2,619341e+003;1,447052e-002
2,619823e+003;1,448669e-002
2,620305e+003;1,449539e-002
2,620787e+003;1,450310e-002
2,621269e+003;1,451444e-002
2,621751e+003;1,453160e-002
2,622233e+003;1,455418e-002
2,622715e+003;1,458190e-002
2,623198e+003;1,461541e-002
2,623679e+003;1,465661e-002
2,624162e+003;1,470784e-002
2,624644e+003;1,476989e-002
2,625126e+003;1,484072e-002
2,625608e+003;1,491471e-002
2,626090e+003;1,498501e-002
2,626572e+003;1,504470e-002
2,627054e+003;1,508991e-002
2,627536e+003;1,512137e-002
2,628019e+003;1,514353e-002
2,628501e+003;1,516233e-002
2,628983e+003;1,518374e-002
2,629465e+003;1,521075e-002
2,629947e+003;1,524338e-002
2,630429e+003;1,527935e-002
2,630911e+003;1,531590e-002
2,631393e+003;1,535129e-002
2,631875e+003;1,538507e-002
2,632358e+003;1,541837e-002
2,632840e+003;1,545109e-002
2,633322e+003;1,548234e-002
2,633804e+003;1,550998e-002
2,634286e+003;1,553096e-002
2,634768e+003;1,554377e-002
2,635250e+003;1,554888e-002
2,635732e+003;1,554937e-002
2,636215e+003;1,554913e-002
2,636697e+003;1,555153e-002
2,637179e+003;1,555802e-002
2,637661e+003;1,556729e-002
2,638143e+003;1,557684e-002
2,638625e+003;1,558477e-002
2,639107e+003;1,559120e-002
2,639589e+003;1,559930e-002
2,640072e+003;1,561431e-002
2,640554e+003;1,564048e-002
2,641036e+003;1,567961e-002
2,641518e+003;1,572929e-002
2,642000e+003;1,578343e-002
2,642482e+003;1,583484e-002
2,642964e+003;1,587769e-002
2,643446e+003;1,591076e-002
2,643928e+003;1,593647e-002
2,644411e+003;1,595988e-002
2,644893e+003;1,598569e-002
2,645375e+003;1,601543e-002
2,645857e+003;1,604634e-002
2,646339e+003;1,607209e-002
2,646821e+003;1,608595e-002
2,647303e+003;1,608450e-002
2,647785e+003;1,606954e-002
2,648268e+003;1,604878e-002
2,648750e+003;1,603279e-002
2,649232e+003;1,603245e-002
2,649714e+003;1,605417e-002
2,650196e+003;1,609839e-002
2,650678e+003;1,615940e-002
2,651160e+003;1,622774e-002
2,651642e+003;1,629326e-002
2,652125e+003;1,634817e-002
2,652606e+003;1,638884e-002
2,653089e+003;1,641564e-002
2,653571e+003;1,643158e-002
2,654053e+003;1,644059e-002
2,654535e+003;1,644582e-002
2,655017e+003;1,644951e-002
2,655499e+003;1,645271e-002
2,655981e+003;1,645628e-002
2,656463e+003;1,646165e-002
2,656946e+003;1,647036e-002
2,657428e+003;1,648406e-002
2,657910e+003;1,650398e-002
2,658392e+003;1,653042e-002
2,658874e+003;1,656260e-002
2,659356e+003;1,659940e-002
2,659838e+003;1,663934e-002
2,660320e+003;1,668072e-002
2,660802e+003;1,672173e-002
2,661285e+003;1,675992e-002
2,661767e+003;1,679243e-002
2,662249e+003;1,681650e-002
2,662731e+003;1,682983e-002
2,663213e+003;1,683173e-002
2,663695e+003;1,682381e-002
2,664177e+003;1,680975e-002
2,664659e+003;1,679453e-002
2,665142e+003;1,678303e-002
2,665624e+003;1,677903e-002
2,666106e+003;1,678372e-002
2,666588e+003;1,679642e-002
2,667070e+003;1,681513e-002
2,667552e+003;1,683744e-002
2,668034e+003;1,686169e-002
2,668516e+003;1,688725e-002
2,668999e+003;1,691374e-002
2,669481e+003;1,694106e-002
2,669963e+003;1,696825e-002
2,670445e+003;1,699371e-002
2,670927e+003;1,701549e-002
2,671409e+003;1,703275e-002
2,671891e+003;1,704605e-002
2,672373e+003;1,705798e-002
2,672855e+003;1,707231e-002
2,673338e+003;1,709327e-002
2,673820e+003;1,712373e-002
2,674302e+003;1,716482e-002
2,674784e+003;1,721529e-002
2,675266e+003;1,727234e-002
2,675748e+003;1,733313e-002
2,676230e+003;1,739500e-002
2,676712e+003;1,745650e-002
2,677195e+003;1,751755e-002
2,677677e+003;1,757886e-002
2,678159e+003;1,764090e-002
2,678641e+003;1,770361e-002
2,679123e+003;1,776577e-002
2,679605e+003;1,782552e-002
2,680087e+003;1,787997e-002
2,680569e+003;1,792651e-002
2,681052e+003;1,796308e-002
2,681533e+003;1,798874e-002
2,682016e+003;1,800414e-002
2,682498e+003;1,801205e-002
2,682980e+003;1,801665e-002
2,683462e+003;1,802352e-002
2,683944e+003;1,803785e-002
2,684426e+003;1,806417e-002
2,684908e+003;1,810469e-002
2,685390e+003;1,815872e-002
2,685873e+003;1,822299e-002
2,686355e+003;1,829317e-002
2,686837e+003;1,836427e-002
2,687319e+003;1,843268e-002
2,687801e+003;1,849667e-002
2,688283e+003;1,855663e-002
2,688765e+003;1,861438e-002
2,689247e+003;1,867187e-002
2,689729e+003;1,873033e-002
2,690212e+003;1,879046e-002
2,690694e+003;1,885149e-002
2,691176e+003;1,891209e-002
2,691658e+003;1,897117e-002
2,692140e+003;1,902839e-002
2,692622e+003;1,908437e-002
2,693104e+003;1,914039e-002
2,693586e+003;1,919885e-002
2,694069e+003;1,926226e-002
2,694551e+003;1,933244e-002
2,695033e+003;1,941078e-002
2,695515e+003;1,949678e-002
2,695997e+003;1,958839e-002
2,696479e+003;1,968136e-002
2,696961e+003;1,977075e-002
2,697443e+003;1,985173e-002
2,697926e+003;1,992107e-002
2,698408e+003;1,997824e-002
2,698890e+003;2,002633e-002
2,699372e+003;2,007106e-002
2,699854e+003;2,011884e-002
2,700336e+003;2,017576e-002
2,700818e+003;2,024467e-002
2,701300e+003;2,032521e-002
2,701782e+003;2,041348e-002
2,702265e+003;2,050466e-002
2,702747e+003;2,059366e-002
2,703229e+003;2,067761e-002
2,703711e+003;2,075622e-002
2,704193e+003;2,083175e-002
2,704675e+003;2,090768e-002
2,705157e+003;2,098720e-002
2,705639e+003;2,107275e-002
2,706122e+003;2,116511e-002
2,706604e+003;2,126347e-002
2,707086e+003;2,136620e-002
2,707568e+003;2,147111e-002
2,708050e+003;2,157564e-002
2,708532e+003;2,167740e-002
2,709014e+003;2,177437e-002
2,709496e+003;2,186548e-002
2,709979e+003;2,195111e-002
2,710461e+003;2,203298e-002
2,710943e+003;2,211421e-002
2,711425e+003;2,219817e-002
2,711907e+003;2,228661e-002
2,712389e+003;2,237888e-002
2,712871e+003;2,247123e-002
2,713353e+003;2,255771e-002
2,713835e+003;2,263132e-002
2,714318e+003;2,268735e-002
2,714800e+003;2,272428e-002
2,715282e+003;2,274555e-002
2,715764e+003;2,275794e-002
2,716246e+003;2,276992e-002
2,716728e+003;2,278923e-002
2,717210e+003;2,282027e-002
2,717692e+003;2,286344e-002
2,718175e+003;2,291531e-002
2,718656e+003;2,297036e-002
2,719139e+003;2,302266e-002
2,719621e+003;2,306769e-002
2,720103e+003;2,310334e-002
2,720585e+003;2,312996e-002
2,721067e+003;2,314905e-002
2,721549e+003;2,316320e-002
2,722031e+003;2,317466e-002
2,722513e+003;2,318441e-002
2,722996e+003;2,319284e-002
2,723478e+003;2,319885e-002
2,723960e+003;2,320144e-002
2,724442e+003;2,319937e-002
2,724924e+003;2,319203e-002
2,725406e+003;2,318057e-002
2,725888e+003;2,316739e-002
2,726370e+003;2,315628e-002
2,726853e+003;2,315128e-002
2,727335e+003;2,315558e-002
2,727817e+003;2,317113e-002
2,728299e+003;2,319717e-002
2,728781e+003;2,323094e-002
2,729263e+003;2,326879e-002
2,729745e+003;2,330795e-002
2,730227e+003;2,334672e-002
2,730709e+003;2,338536e-002
2,731192e+003;2,342561e-002
2,731674e+003;2,346883e-002
2,732156e+003;2,351518e-002
2,732638e+003;2,356254e-002
2,733120e+003;2,360690e-002
2,733602e+003;2,364416e-002
2,734084e+003;2,367057e-002
2,734566e+003;2,368565e-002
2,735049e+003;2,369174e-002
2,735531e+003;2,369412e-002
2,736013e+003;2,369857e-002
2,736495e+003;2,371057e-002
2,736977e+003;2,373370e-002
2,737459e+003;2,376891e-002
2,737941e+003;2,381546e-002
2,738423e+003;2,387111e-002
2,738906e+003;2,393364e-002
2,739388e+003;2,400080e-002
2,739870e+003;2,407059e-002
2,740352e+003;2,414106e-002
2,740834e+003;2,420979e-002
2,741316e+003;2,427422e-002
2,741798e+003;2,433250e-002
2,742280e+003;2,438384e-002
2,742762e+003;2,442916e-002
2,743245e+003;2,447136e-002
2,743727e+003;2,451430e-002
2,744209e+003;2,456192e-002
2,744691e+003;2,461742e-002
2,745173e+003;2,468230e-002
2,745655e+003;2,475564e-002
2,746137e+003;2,483492e-002
2,746619e+003;2,491654e-002
2,747102e+003;2,499701e-002
2,747583e+003;2,507335e-002
2,748066e+003;2,514455e-002
2,748548e+003;2,521080e-002
2,749030e+003;2,527422e-002
2,749512e+003;2,533751e-002
2,749994e+003;2,540369e-002
2,750476e+003;2,547494e-002
2,750958e+003;2,555123e-002
2,751440e+003;2,563090e-002
2,751923e+003;2,571027e-002
2,752405e+003;2,578523e-002
2,752887e+003;2,585194e-002
2,753369e+003;2,590845e-002
2,753851e+003;2,595583e-002
2,754333e+003;2,599748e-002
2,754815e+003;2,603846e-002
2,755297e+003;2,608420e-002
2,755780e+003;2,613839e-002
2,756262e+003;2,620251e-002
2,756744e+003;2,627558e-002
2,757226e+003;2,635521e-002
2,757708e+003;2,643862e-002
2,758190e+003;2,652417e-002
2,758672e+003;2,661131e-002
2,759154e+003;2,670101e-002
2,759636e+003;2,679429e-002
2,760119e+003;2,689164e-002
2,760601e+003;2,699205e-002
2,761083e+003;2,709286e-002
2,761565e+003;2,719130e-002
2,762047e+003;2,728447e-002
2,762529e+003;2,737110e-002
2,763011e+003;2,745182e-002
2,763493e+003;2,752894e-002
2,763976e+003;2,760541e-002
2,764458e+003;2,768437e-002
2,764940e+003;2,776755e-002
2,765422e+003;2,785579e-002
2,765904e+003;2,794854e-002
2,766386e+003;2,804484e-002
2,766868e+003;2,814343e-002
2,767350e+003;2,824359e-002
2,767833e+003;2,834459e-002
2,768315e+003;2,844562e-002
2,768797e+003;2,854574e-002
2,769279e+003;2,864356e-002
2,769761e+003;2,873807e-002
2,770243e+003;2,882885e-002
2,770725e+003;2,891681e-002
2,771207e+003;2,900398e-002
2,771689e+003;2,909343e-002
2,772172e+003;2,918800e-002
2,772654e+003;2,928993e-002
2,773136e+003;2,939936e-002
2,773618e+003;2,951454e-002
2,774100e+003;2,963261e-002
2,774582e+003;2,974987e-002
2,775064e+003;2,986389e-002
2,775546e+003;2,997379e-002
2,776029e+003;3,008024e-002
2,776510e+003;3,018504e-002
2,776993e+003;3,029044e-002
2,777475e+003;3,039753e-002
2,777957e+003;3,050643e-002
2,778439e+003;3,061610e-002
2,778921e+003;3,072534e-002
2,779403e+003;3,083321e-002
2,779885e+003;3,094062e-002
2,780367e+003;3,104912e-002
2,780850e+003;3,116095e-002
2,781332e+003;3,127770e-002
2,781814e+003;3,139921e-002
2,782296e+003;3,152322e-002
2,782778e+003;3,164601e-002
2,783260e+003;3,176370e-002
2,783742e+003;3,187312e-002
2,784224e+003;3,197351e-002
2,784707e+003;3,206678e-002
2,785189e+003;3,215697e-002
2,785671e+003;3,224925e-002
2,786153e+003;3,234791e-002
2,786635e+003;3,245615e-002
2,787117e+003;3,257471e-002
2,787599e+003;3,270277e-002
2,788081e+003;3,283826e-002
2,788563e+003;3,297897e-002
2,789046e+003;3,312303e-002
2,789528e+003;3,326960e-002
2,790010e+003;3,341858e-002
2,790492e+003;3,356994e-002
2,790974e+003;3,372350e-002
2,791456e+003;3,387858e-002
2,791938e+003;3,403347e-002
2,792420e+003;3,418618e-002
2,792903e+003;3,433448e-002
2,793385e+003;3,447679e-002
2,793867e+003;3,461223e-002
2,794349e+003;3,474186e-002
2,794831e+003;3,486818e-002
2,795313e+003;3,499487e-002
2,795795e+003;3,512663e-002
2,796277e+003;3,526737e-002
2,796760e+003;3,541930e-002
2,797242e+003;3,558265e-002
2,797724e+003;3,575556e-002
2,798206e+003;3,593390e-002
2,798688e+003;3,611336e-002
2,799170e+003;3,629030e-002
2,799652e+003;3,646259e-002
2,800134e+003;3,663033e-002
2,800616e+003;3,679508e-002
2,801099e+003;3,695927e-002
2,801581e+003;3,712443e-002
2,802063e+003;3,729138e-002
2,802545e+003;3,745922e-002
2,803027e+003;3,762667e-002
2,803509e+003;3,779215e-002
2,803991e+003;3,795509e-002
2,804473e+003;3,811625e-002
2,804956e+003;3,827747e-002
2,805438e+003;3,844118e-002
2,805920e+003;3,860943e-002
2,806402e+003;3,878319e-002
2,806884e+003;3,896238e-002
2,807366e+003;3,914614e-002
2,807848e+003;3,933270e-002
2,808330e+003;3,952071e-002
2,808813e+003;3,970900e-002
2,809294e+003;3,989681e-002
2,809777e+003;4,008355e-002
2,810259e+003;4,026877e-002
2,810741e+003;4,045213e-002
2,811223e+003;4,063354e-002
2,811705e+003;4,081306e-002
2,812187e+003;4,099145e-002
2,812669e+003;4,116948e-002
2,813151e+003;4,134809e-002
2,813634e+003;4,152736e-002
2,814116e+003;4,170684e-002
2,814598e+003;4,188509e-002
2,815080e+003;4,206042e-002
2,815562e+003;4,223158e-002
2,816044e+003;4,239894e-002
2,816526e+003;4,256435e-002
2,817008e+003;4,273103e-002
2,817490e+003;4,290268e-002
2,817973e+003;4,308189e-002
2,818455e+003;4,326912e-002
2,818937e+003;4,346204e-002
2,819419e+003;4,365585e-002
2,819901e+003;4,384520e-002
2,820383e+003;4,402513e-002
2,820865e+003;4,419351e-002
2,821347e+003;4,435176e-002
2,821830e+003;4,450382e-002
2,822312e+003;4,465439e-002
2,822794e+003;4,480703e-002
2,823276e+003;4,496190e-002
2,823758e+003;4,511513e-002
2,824240e+003;4,525904e-002
2,824722e+003;4,538552e-002
2,825204e+003;4,548757e-002
2,825687e+003;4,556226e-002
2,826169e+003;4,561055e-002
2,826651e+003;4,563745e-002
2,827133e+003;4,564882e-002
2,827615e+003;4,564890e-002
2,828097e+003;4,563852e-002
2,828579e+003;4,561456e-002
2,829061e+003;4,557091e-002
2,829543e+003;4,550056e-002
2,830026e+003;4,539696e-002
2,830508e+003;4,525624e-002
2,830990e+003;4,507594e-002
2,831472e+003;4,485446e-002
2,831954e+003;4,458972e-002
2,832436e+003;4,427785e-002
2,832918e+003;4,391349e-002
2,833400e+003;4,349090e-002
2,833883e+003;4,300492e-002
2,834365e+003;4,245246e-002
2,834847e+003;4,183204e-002
2,835329e+003;4,114329e-002
2,835811e+003;4,038526e-002
2,836293e+003;3,955530e-002
2,836775e+003;3,864923e-002
2,837257e+003;3,766132e-002
2,837740e+003;3,658668e-002
2,838221e+003;3,542160e-002
2,838704e+003;3,416521e-002
2,839186e+003;3,281935e-002
2,839668e+003;3,138731e-002
2,840150e+003;2,987330e-002
2,840632e+003;2,828097e-002
2,841114e+003;2,661413e-002
2,841596e+003;2,487640e-002
2,842078e+003;2,307105e-002
2,842561e+003;2,120209e-002
2,843043e+003;1,927220e-002
2,843525e+003;1,728317e-002
2,844007e+003;1,523408e-002
2,844489e+003;1,312225e-002
2,844971e+003;1,094434e-002
2,845453e+003;8,698568e-003
2,845935e+003;6,388178e-003
2,846417e+003;4,023157e-003
2,846900e+003;1,623052e-003
2,847382e+003;-7,820870e-004
2,847864e+003;-3,155460e-003
2,848346e+003;-5,451250e-003
2,848828e+003;-7,619858e-003
2,849310e+003;-9,611790e-003
2,849792e+003;-1,137558e-002
2,850274e+003;-1,286457e-002
2,850757e+003;-1,403605e-002
2,851239e+003;-1,485160e-002
2,851721e+003;-1,528199e-002
2,852203e+003;-1,530685e-002
2,852685e+003;-1,491781e-002
2,853167e+003;-1,412061e-002
2,853649e+003;-1,293475e-002
2,854131e+003;-1,139379e-002
2,854614e+003;-9,537957e-003
2,855096e+003;-7,415054e-003
2,855578e+003;-5,072178e-003
2,856060e+003;-2,552091e-003
2,856542e+003;1,042191e-004
2,857024e+003;2,862319e-003
2,857506e+003;5,690011e-003
2,857988e+003;8,556072e-003
2,858470e+003;1,143131e-002
2,858953e+003;1,428653e-002
2,859435e+003;1,709354e-002
2,859917e+003;1,982846e-002
2,860399e+003;2,246924e-002
2,860881e+003;2,499841e-002
2,861363e+003;2,740205e-002
2,861845e+003;2,966873e-002
2,862327e+003;3,178987e-002
2,862810e+003;3,375938e-002
2,863292e+003;3,557345e-002
2,863774e+003;3,723167e-002
2,864256e+003;3,873711e-002
2,864738e+003;4,009685e-002
2,865220e+003;4,131985e-002
2,865702e+003;4,241713e-002
2,866184e+003;4,340081e-002
2,866667e+003;4,428237e-002
2,867148e+003;4,507583e-002
2,867631e+003;4,579718e-002
2,868113e+003;4,646625e-002
2,868595e+003;4,710748e-002
2,869077e+003;4,774729e-002
2,869559e+003;4,841111e-002
2,870041e+003;4,912133e-002
2,870523e+003;4,989206e-002
2,871005e+003;5,072907e-002
2,871488e+003;5,162885e-002
2,871970e+003;5,258140e-002
2,872452e+003;5,357157e-002
2,872934e+003;5,458140e-002
2,873416e+003;5,559234e-002
2,873898e+003;5,658469e-002
2,874380e+003;5,753778e-002
2,874862e+003;5,843208e-002
2,875344e+003;5,924695e-002
2,875827e+003;5,996458e-002
2,876309e+003;6,056984e-002
2,876791e+003;6,105046e-002
2,877273e+003;6,139858e-002
2,877755e+003;6,160766e-002
2,878237e+003;6,167395e-002
2,878719e+003;6,159579e-002
2,879201e+003;6,137423e-002
2,879684e+003;6,101419e-002
2,880166e+003;6,052375e-002
2,880648e+003;5,991429e-002
2,881130e+003;5,919670e-002
2,881612e+003;5,837855e-002
2,882094e+003;5,746345e-002
2,882576e+003;5,644951e-002
2,883058e+003;5,533246e-002
2,883541e+003;5,410901e-002
2,884023e+003;5,278025e-002
2,884505e+003;5,135414e-002
2,884987e+003;4,984546e-002
2,885469e+003;4,827071e-002
2,885951e+003;4,664765e-002
2,886433e+003;4,499027e-002
2,886915e+003;4,330668e-002
2,887397e+003;4,160145e-002
2,887880e+003;3,987593e-002
2,888362e+003;3,813159e-002
2,888844e+003;3,637146e-002
2,889326e+003;3,459971e-002
2,889808e+003;3,282178e-002
2,890290e+003;3,104303e-002
2,890772e+003;2,926703e-002
2,891254e+003;2,749686e-002
2,891737e+003;2,573520e-002
2,892219e+003;2,398462e-002
2,892701e+003;2,224863e-002
2,893183e+003;2,053106e-002
2,893665e+003;1,883582e-002
2,894147e+003;1,716672e-002
2,894629e+003;1,552670e-002
2,895111e+003;1,391889e-002
2,895594e+003;1,234605e-002
2,896075e+003;1,081161e-002
2,896558e+003;9,317967e-003
2,897040e+003;7,866628e-003
2,897522e+003;6,456677e-003
2,898004e+003;5,084544e-003
2,898486e+003;3,744771e-003
2,898968e+003;2,431710e-003
2,899450e+003;1,140313e-003
2,899932e+003;-1,318866e-004
2,900415e+003;-1,385276e-003
2,900897e+003;-2,619152e-003
2,901379e+003;-3,832585e-003
2,901861e+003;-5,026785e-003
2,902343e+003;-6,205887e-003
2,902825e+003;-7,374954e-003
2,903307e+003;-8,541078e-003
2,903789e+003;-9,710464e-003
2,904271e+003;-1,088834e-002
2,904754e+003;-1,207853e-002
2,905236e+003;-1,328495e-002
2,905718e+003;-1,451205e-002
2,906200e+003;-1,576609e-002
2,906682e+003;-1,705494e-002
2,907164e+003;-1,838584e-002
2,907646e+003;-1,976612e-002
2,908128e+003;-2,120041e-002
2,908611e+003;-2,269155e-002
2,909093e+003;-2,424083e-002
2,909575e+003;-2,584939e-002
2,910057e+003;-2,751941e-002
2,910539e+003;-2,925478e-002
2,911021e+003;-3,106111e-002
2,911503e+003;-3,294424e-002
2,911985e+003;-3,490982e-002
2,912468e+003;-3,696097e-002
2,912950e+003;-3,909779e-002
2,913432e+003;-4,131728e-002
2,913914e+003;-4,361333e-002
2,914396e+003;-4,597505e-002
2,914878e+003;-4,838903e-002
2,915360e+003;-5,083774e-002
2,915842e+003;-5,329822e-002
2,916324e+003;-5,574457e-002
2,916807e+003;-5,814587e-002
2,917289e+003;-6,046624e-002
2,917771e+003;-6,266887e-002
2,918253e+003;-6,471185e-002
2,918735e+003;-6,655209e-002
2,919217e+003;-6,814760e-002
2,919699e+003;-6,945553e-002
2,920181e+003;-7,043757e-002
2,920664e+003;-7,106235e-002
2,921146e+003;-7,130548e-002
2,921628e+003;-7,115408e-002
2,922110e+003;-7,060424e-002
2,922592e+003;-6,966079e-002
2,923074e+003;-6,833361e-002
2,923556e+003;-6,663679e-002
2,924038e+003;-6,458748e-002
2,924521e+003;-6,220694e-002
2,925002e+003;-5,952368e-002
2,925485e+003;-5,657434e-002
2,925967e+003;-5,340178e-002
2,926449e+003;-5,005536e-002
2,926931e+003;-4,658210e-002
2,927413e+003;-4,302277e-002
2,927895e+003;-3,941088e-002
2,928377e+003;-3,576947e-002
2,928859e+003;-3,211529e-002
2,929342e+003;-2,846270e-002
2,929824e+003;-2,482428e-002
2,930306e+003;-2,121372e-002
2,930788e+003;-1,764385e-002
2,931270e+003;-1,412494e-002
2,931752e+003;-1,066461e-002
2,932234e+003;-7,268385e-003
2,932716e+003;-3,940658e-003
2,933198e+003;-6,878809e-004
2,933681e+003;2,481560e-003
2,934163e+003;5,557426e-003
2,934645e+003;8,528835e-003
2,935127e+003;1,138709e-002
2,935609e+003;1,412590e-002
2,936091e+003;1,674060e-002
2,936573e+003;1,922780e-002
2,937055e+003;2,158222e-002
2,937538e+003;2,379691e-002
2,938020e+003;2,586358e-002
2,938502e+003;2,777362e-002
2,938984e+003;2,952057e-002
2,939466e+003;3,110108e-002
2,939948e+003;3,251439e-002
2,940430e+003;3,376189e-002
2,940912e+003;3,484517e-002
2,941395e+003;3,576495e-002
2,941877e+003;3,652043e-002
2,942359e+003;3,710938e-002
2,942841e+003;3,752847e-002
2,943323e+003;3,777476e-002
2,943805e+003;3,784536e-002
2,944287e+003;3,773844e-002
2,944769e+003;3,745468e-002
2,945251e+003;3,699784e-002
2,945734e+003;3,637546e-002
2,946216e+003;3,559898e-002
2,946698e+003;3,468472e-002
2,947180e+003;3,364956e-002
2,947662e+003;3,251143e-002
2,948144e+003;3,128695e-002
2,948626e+003;2,998994e-002
2,949108e+003;2,863358e-002
2,949591e+003;2,723201e-002
2,950073e+003;2,580211e-002
2,950555e+003;2,436649e-002
2,951037e+003;2,295293e-002
2,951519e+003;2,159037e-002
2,952001e+003;2,030820e-002
2,952483e+003;1,912938e-002
2,952965e+003;1,806797e-002
2,953448e+003;1,712825e-002
2,953929e+003;1,630579e-002
2,954412e+003;1,559140e-002
2,954894e+003;1,497359e-002
2,955376e+003;1,444325e-002
2,955858e+003;1,399345e-002
2,956340e+003;1,361942e-002
2,956822e+003;1,331804e-002
2,957304e+003;1,308629e-002
2,957786e+003;1,292105e-002
2,958269e+003;1,282033e-002
2,958751e+003;1,278381e-002
2,959233e+003;1,281316e-002
2,959715e+003;1,291200e-002
2,960197e+003;1,308421e-002
2,960679e+003;1,333144e-002
2,961161e+003;1,365167e-002
2,961643e+003;1,403893e-002
2,962125e+003;1,448384e-002
2,962608e+003;1,497483e-002
2,963090e+003;1,549992e-002
2,963572e+003;1,604950e-002
2,964054e+003;1,661575e-002
2,964536e+003;1,719333e-002
2,965018e+003;1,777930e-002
2,965500e+003;1,837187e-002
2,965982e+003;1,896968e-002
2,966465e+003;1,957106e-002
2,966947e+003;2,017281e-002
2,967429e+003;2,076998e-002
2,967911e+003;2,135541e-002
2,968393e+003;2,191984e-002
2,968875e+003;2,245378e-002
2,969357e+003;2,294838e-002
2,969839e+003;2,339697e-002
2,970322e+003;2,379701e-002
2,970804e+003;2,414947e-002
2,971286e+003;2,445867e-002
2,971768e+003;2,473060e-002
2,972250e+003;2,497149e-002
2,972732e+003;2,518594e-002
2,973214e+003;2,537713e-002
2,973696e+003;2,554575e-002
2,974178e+003;2,569129e-002
2,974661e+003;2,581326e-002
2,975143e+003;2,591137e-002
2,975625e+003;2,598626e-002
2,976107e+003;2,603931e-002
2,976589e+003;2,607263e-002
2,977071e+003;2,608814e-002
2,977553e+003;2,608761e-002
2,978035e+003;2,607273e-002
2,978518e+003;2,604532e-002
2,979000e+003;2,600719e-002
2,979482e+003;2,596125e-002
2,979964e+003;2,591074e-002
2,980446e+003;2,585918e-002
2,980928e+003;2,580981e-002
2,981410e+003;2,576484e-002
2,981892e+003;2,572476e-002
2,982375e+003;2,568865e-002
2,982856e+003;2,565329e-002
2,983339e+003;2,561452e-002
2,983821e+003;2,556894e-002
2,984303e+003;2,551373e-002
2,984785e+003;2,544824e-002
2,985267e+003;2,537482e-002
2,985749e+003;2,529796e-002
2,986231e+003;2,522292e-002
2,986713e+003;2,515532e-002
2,987196e+003;2,509905e-002
2,987678e+003;2,505527e-002
2,988160e+003;2,502337e-002
2,988642e+003;2,500031e-002
2,989124e+003;2,498279e-002
2,989606e+003;2,496784e-002
2,990088e+003;2,495366e-002
2,990570e+003;2,493980e-002
2,991052e+003;2,492664e-002
2,991535e+003;2,491534e-002
2,992017e+003;2,490587e-002
2,992499e+003;2,489836e-002
2,992981e+003;2,489225e-002
2,993463e+003;2,488706e-002
2,993945e+003;2,488303e-002
2,994427e+003;2,488085e-002
2,994909e+003;2,488169e-002
2,995392e+003;2,488646e-002
2,995874e+003;2,489559e-002
2,996356e+003;2,490836e-002
2,996838e+003;2,492373e-002
2,997320e+003;2,494061e-002
2,997802e+003;2,495924e-002
2,998284e+003;2,498034e-002
2,998766e+003;2,500662e-002
2,999249e+003;2,504053e-002
2,999731e+003;2,508406e-002
3,000213e+003;2,513710e-002
3,000695e+003;2,519760e-002
3,001177e+003;2,526179e-002
3,001659e+003;2,532564e-002
3,002141e+003;2,538602e-002
3,002623e+003;2,544223e-002
3,003105e+003;2,549602e-002
3,003588e+003;2,555045e-002
3,004070e+003;2,560939e-002
3,004552e+003;2,567449e-002
3,005034e+003;2,574501e-002
3,005516e+003;2,581811e-002
3,005998e+003;2,588886e-002
3,006480e+003;2,595347e-002
3,006962e+003;2,600997e-002
3,007445e+003;2,605968e-002
3,007927e+003;2,610612e-002
3,008409e+003;2,615486e-002
3,008891e+003;2,621050e-002
3,009373e+003;2,627572e-002
3,009855e+003;2,635003e-002
3,010337e+003;2,643063e-002
3,010819e+003;2,651307e-002
3,011302e+003;2,659306e-002
3,011783e+003;2,666772e-002
3,012266e+003;2,673671e-002
3,012748e+003;2,680179e-002
3,013230e+003;2,686538e-002
3,013712e+003;2,693154e-002
3,014194e+003;2,700298e-002
3,014676e+003;2,708225e-002
3,015158e+003;2,717031e-002
3,015640e+003;2,726683e-002
3,016123e+003;2,736986e-002
3,016605e+003;2,747592e-002
3,017087e+003;2,758028e-002
3,017569e+003;2,767816e-002
3,018051e+003;2,776507e-002
3,018533e+003;2,783911e-002
3,019015e+003;2,790091e-002
3,019497e+003;2,795472e-002
3,019979e+003;2,800745e-002
3,020462e+003;2,806750e-002
3,020944e+003;2,814240e-002
3,021426e+003;2,823747e-002
3,021908e+003;2,835396e-002
3,022390e+003;2,848942e-002
3,022872e+003;2,863765e-002
3,023354e+003;2,879032e-002
3,023836e+003;2,893909e-002
3,024319e+003;2,907727e-002
3,024801e+003;2,920104e-002
3,025283e+003;2,931060e-002
3,025765e+003;2,940961e-002
3,026247e+003;2,950418e-002
3,026729e+003;2,960072e-002
3,027211e+003;2,970474e-002
3,027693e+003;2,981843e-002
3,028176e+003;2,994074e-002
3,028658e+003;3,006792e-002
3,029140e+003;3,019428e-002
3,029622e+003;3,031531e-002
3,030104e+003;3,042852e-002
3,030586e+003;3,053487e-002
3,031068e+003;3,063811e-002
3,031550e+003;3,074358e-002
3,032032e+003;3,085545e-002
3,032515e+003;3,097552e-002
3,032997e+003;3,110272e-002
3,033479e+003;3,123376e-002
3,033961e+003;3,136441e-002
3,034443e+003;3,149197e-002
3,034925e+003;3,161604e-002
3,035407e+003;3,173893e-002
3,035889e+003;3,186378e-002
3,036372e+003;3,199401e-002
3,036854e+003;3,213086e-002
3,037336e+003;3,227288e-002
3,037818e+003;3,241663e-002
3,038300e+003;3,255792e-002
3,038782e+003;3,269301e-002
3,039264e+003;3,282064e-002
3,039746e+003;3,294187e-002
3,040229e+003;3,305984e-002
3,040711e+003;3,317839e-002
3,041193e+003;3,330086e-002
3,041675e+003;3,342867e-002
3,042157e+003;3,356138e-002
3,042639e+003;3,369682e-002
3,043121e+003;3,383205e-002
3,043603e+003;3,396445e-002
3,044085e+003;3,409313e-002
3,044568e+003;3,421820e-002
3,045050e+003;3,434194e-002
3,045532e+003;3,446700e-002
3,046014e+003;3,459594e-002
3,046496e+003;3,473094e-002
3,046978e+003;3,487213e-002
3,047460e+003;3,501865e-002
3,047942e+003;3,516863e-002
3,048425e+003;3,531981e-002
3,048906e+003;3,547068e-002
3,049389e+003;3,562066e-002
3,049871e+003;3,576970e-002
3,050353e+003;3,591878e-002
3,050835e+003;3,606792e-002
3,051317e+003;3,621711e-002
3,051799e+003;3,636545e-002
3,052281e+003;3,651225e-002
3,052763e+003;3,665737e-002
3,053246e+003;3,680178e-002
3,053728e+003;3,694805e-002
3,054210e+003;3,709902e-002
3,054692e+003;3,725712e-002
3,055174e+003;3,742336e-002
3,055656e+003;3,759643e-002
3,056138e+003;3,777357e-002
3,056620e+003;3,795137e-002
3,057103e+003;3,812754e-002
3,057585e+003;3,830139e-002
3,058067e+003;3,847452e-002
3,058549e+003;3,864967e-002
3,059031e+003;3,882975e-002
3,059513e+003;3,901581e-002
3,059995e+003;3,920717e-002
3,060477e+003;3,940134e-002
3,060959e+003;3,959515e-002
3,061442e+003;3,978583e-002
3,061924e+003;3,997222e-002
3,062406e+003;4,015481e-002
3,062888e+003;4,033410e-002
3,063370e+003;4,051142e-002
3,063852e+003;4,068641e-002
3,064334e+003;4,085838e-002
3,064816e+003;4,102575e-002
3,065299e+003;4,118849e-002
3,065781e+003;4,134787e-002
3,066263e+003;4,150785e-002
3,066745e+003;4,167311e-002
3,067227e+003;4,184820e-002
3,067709e+003;4,203629e-002
3,068191e+003;4,223750e-002
3,068673e+003;4,244917e-002
3,069156e+003;4,266640e-002
3,069638e+003;4,288421e-002
3,070120e+003;4,309880e-002
3,070602e+003;4,330840e-002
3,071084e+003;4,351427e-002
3,071566e+003;4,371927e-002
3,072048e+003;4,392713e-002
3,072530e+003;4,414142e-002
3,073012e+003;4,436386e-002
3,073495e+003;4,459421e-002
3,073977e+003;4,482996e-002
3,074459e+003;4,506727e-002
3,074941e+003;4,530173e-002
3,075423e+003;4,552951e-002
3,075905e+003;4,574773e-002
3,076387e+003;4,595608e-002
3,076869e+003;4,615565e-002
3,077352e+003;4,634970e-002
3,077833e+003;4,654215e-002
3,078316e+003;4,673675e-002
3,078798e+003;4,693627e-002
3,079280e+003;4,714194e-002
3,079762e+003;4,735336e-002
3,080244e+003;4,756913e-002
3,080726e+003;4,778719e-002
3,081208e+003;4,800655e-002
3,081690e+003;4,822665e-002
3,082173e+003;4,844823e-002
3,082655e+003;4,867285e-002
3,083137e+003;4,890230e-002
3,083619e+003;4,913773e-002
3,084101e+003;4,937949e-002
3,084583e+003;4,962688e-002
3,085065e+003;4,987846e-002
3,085547e+003;5,013141e-002
3,086030e+003;5,038333e-002
3,086512e+003;5,063121e-002
3,086994e+003;5,087317e-002
3,087476e+003;5,110833e-002
3,087958e+003;5,133709e-002
3,088440e+003;5,156120e-002
3,088922e+003;5,178400e-002
3,089404e+003;5,200961e-002
3,089886e+003;5,224228e-002
3,090369e+003;5,248589e-002
3,090851e+003;5,274310e-002
3,091333e+003;5,301450e-002
3,091815e+003;5,329884e-002
3,092297e+003;5,359282e-002
3,092779e+003;5,389146e-002
3,093261e+003;5,418896e-002
3,093743e+003;5,447876e-002
3,094226e+003;5,475558e-002
3,094708e+003;5,501515e-002
3,095190e+003;5,525659e-002
3,095672e+003;5,548205e-002
3,096154e+003;5,569772e-002
3,096636e+003;5,591199e-002
3,097118e+003;5,613398e-002
3,097600e+003;5,637258e-002
3,098083e+003;5,663263e-002
3,098565e+003;5,691485e-002
3,099047e+003;5,721545e-002
3,099529e+003;5,752771e-002
3,100011e+003;5,784232e-002
3,100493e+003;5,815220e-002
3,100975e+003;5,845243e-002
3,101457e+003;5,874203e-002
3,101939e+003;5,902297e-002
3,102422e+003;5,929905e-002
3,102904e+003;5,957397e-002
3,103386e+003;5,985067e-002
3,103868e+003;6,013081e-002
3,104350e+003;6,041582e-002
3,104832e+003;6,070714e-002
3,105314e+003;6,100752e-002
3,105796e+003;6,131931e-002
3,106279e+003;6,164489e-002
3,106760e+003;6,198386e-002
3,107243e+003;6,233269e-002
3,107725e+003;6,268529e-002
3,108207e+003;6,303415e-002
3,108689e+003;6,337310e-002
3,109171e+003;6,369884e-002
3,109653e+003;6,401161e-002
3,110135e+003;6,431520e-002
3,110617e+003;6,461485e-002
3,111100e+003;6,491486e-002
3,111582e+003;6,521792e-002
3,112064e+003;6,552394e-002
3,112546e+003;6,583205e-002
3,113028e+003;6,614128e-002
3,113510e+003;6,645253e-002
3,113992e+003;6,676796e-002
3,114474e+003;6,709103e-002
3,114957e+003;6,742387e-002
3,115439e+003;6,776669e-002
3,115921e+003;6,811706e-002
3,116403e+003;6,847051e-002
3,116885e+003;6,882238e-002
3,117367e+003;6,916972e-002
3,117849e+003;6,951181e-002
3,118331e+003;6,985024e-002
3,118813e+003;7,018809e-002
3,119296e+003;7,052748e-002
3,119778e+003;7,086916e-002
3,120260e+003;7,121214e-002
3,120742e+003;7,155420e-002
3,121224e+003;7,189282e-002
3,121706e+003;7,222600e-002
3,122188e+003;7,255331e-002
3,122670e+003;7,287497e-002
3,123153e+003;7,319227e-002
3,123635e+003;7,350717e-002
3,124117e+003;7,382282e-002
3,124599e+003;7,414387e-002
3,125081e+003;7,447587e-002
3,125563e+003;7,482462e-002
3,126045e+003;7,519472e-002
3,126527e+003;7,558697e-002
3,127010e+003;7,599802e-002
3,127492e+003;7,642045e-002
3,127974e+003;7,684422e-002
3,128456e+003;7,725995e-002
3,128938e+003;7,766181e-002
3,129420e+003;7,804849e-002
3,129902e+003;7,842334e-002
3,130384e+003;7,879259e-002
3,130866e+003;7,916239e-002
3,131349e+003;7,953676e-002
3,131831e+003;7,991692e-002
3,132313e+003;8,030119e-002
3,132795e+003;8,068684e-002
3,133277e+003;8,107112e-002
3,133759e+003;8,145294e-002
3,134241e+003;8,183229e-002
3,134723e+003;8,221009e-002
3,135206e+003;8,258726e-002
3,135688e+003;8,296497e-002
3,136170e+003;8,334332e-002
3,136652e+003;8,372349e-002
3,137134e+003;8,410664e-002
3,137616e+003;8,449456e-002
3,138098e+003;8,488823e-002
3,138580e+003;8,528797e-002
3,139063e+003;8,569212e-002
3,139544e+003;8,609827e-002
3,140027e+003;8,650371e-002
3,140509e+003;8,690681e-002
3,140991e+003;8,730793e-002
3,141473e+003;8,770898e-002
3,141955e+003;8,811308e-002
3,142437e+003;8,852267e-002
3,142919e+003;8,893949e-002
3,143401e+003;8,936317e-002
3,143884e+003;8,979281e-002
3,144366e+003;9,022663e-002
3,144848e+003;9,066280e-002
3,145330e+003;9,109974e-002
3,145812e+003;9,153461e-002
3,146294e+003;9,196481e-002
3,146776e+003;9,238667e-002
3,147258e+003;9,279728e-002
3,147740e+003;9,319583e-002
3,148223e+003;9,358452e-002
3,148705e+003;9,396916e-002
3,149187e+003;9,435730e-002
3,149669e+003;9,475697e-002
3,150151e+003;9,517329e-002
3,150633e+003;9,560740e-002
3,151115e+003;9,605571e-002
3,151597e+003;9,651171e-002
3,152080e+003;9,696850e-002
3,152562e+003;9,742070e-002
3,153044e+003;9,786636e-002
3,153526e+003;9,830733e-002
3,154008e+003;9,874783e-002
3,154490e+003;9,919301e-002
3,154972e+003;9,964721e-002
3,155454e+003;1,001125e-001
3,155937e+003;1,005888e-001
3,156419e+003;1,010735e-001
3,156901e+003;1,015618e-001
3,157383e+003;1,020480e-001
3,157865e+003;1,025256e-001
3,158347e+003;1,029887e-001
3,158829e+003;1,034338e-001
3,159311e+003;1,038607e-001
3,159793e+003;1,042722e-001
3,160276e+003;1,046752e-001
3,160758e+003;1,050787e-001
3,161240e+003;1,054911e-001
3,161722e+003;1,059194e-001
3,162204e+003;1,063667e-001
3,162686e+003;1,068330e-001
3,163168e+003;1,073145e-001
3,163650e+003;1,078059e-001
3,164133e+003;1,083015e-001
3,164615e+003;1,087958e-001
3,165097e+003;1,092844e-001
3,165579e+003;1,097636e-001
3,166061e+003;1,102317e-001
3,166543e+003;1,106875e-001
3,167025e+003;1,111327e-001
3,167507e+003;1,115709e-001
3,167990e+003;1,120070e-001
3,168471e+003;1,124462e-001
3,168954e+003;1,128930e-001
3,169436e+003;1,133487e-001
3,169918e+003;1,138118e-001
3,170400e+003;1,142787e-001
3,170882e+003;1,147450e-001
3,171364e+003;1,152071e-001
3,171846e+003;1,156641e-001
3,172328e+003;1,161172e-001
3,172811e+003;1,165704e-001
3,173293e+003;1,170272e-001
3,173775e+003;1,174908e-001
3,174257e+003;1,179617e-001
3,174739e+003;1,184387e-001
3,175221e+003;1,189186e-001
3,175703e+003;1,193979e-001
3,176185e+003;1,198739e-001
3,176667e+003;1,203451e-001
3,177150e+003;1,208117e-001
3,177632e+003;1,212754e-001
3,178114e+003;1,217384e-001
3,178596e+003;1,222033e-001
3,179078e+003;1,226713e-001
3,179560e+003;1,231426e-001
3,180042e+003;1,236161e-001
3,180524e+003;1,240891e-001
3,181007e+003;1,245586e-001
3,181489e+003;1,250220e-001
3,181971e+003;1,254778e-001
3,182453e+003;1,259265e-001
3,182935e+003;1,263707e-001
3,183417e+003;1,268147e-001
3,183899e+003;1,272632e-001
3,184381e+003;1,277203e-001
3,184864e+003;1,281883e-001
3,185346e+003;1,286676e-001
3,185828e+003;1,291557e-001
3,186310e+003;1,296478e-001
3,186792e+003;1,301392e-001
3,187274e+003;1,306243e-001
3,187756e+003;1,310992e-001
3,188238e+003;1,315622e-001
3,188720e+003;1,320143e-001
3,189203e+003;1,324589e-001
3,189685e+003;1,329004e-001
3,190167e+003;1,333440e-001
3,190649e+003;1,337933e-001
3,191131e+003;1,342492e-001
3,191613e+003;1,347103e-001
3,192095e+003;1,351733e-001
3,192577e+003;1,356345e-001
3,193060e+003;1,360912e-001
3,193542e+003;1,365431e-001
3,194024e+003;1,369917e-001
3,194506e+003;1,374404e-001
3,194988e+003;1,378922e-001
3,195470e+003;1,383496e-001
3,195952e+003;1,388129e-001
3,196434e+003;1,392813e-001
3,196917e+003;1,397530e-001
3,197398e+003;1,402250e-001
3,197881e+003;1,406955e-001
3,198363e+003;1,411617e-001
3,198845e+003;1,416208e-001
3,199327e+003;1,420698e-001
3,199809e+003;1,425060e-001
3,200291e+003;1,429286e-001
3,200773e+003;1,433384e-001
3,201255e+003;1,437387e-001
3,201738e+003;1,441346e-001
3,202220e+003;1,445320e-001
3,202702e+003;1,449355e-001
3,203184e+003;1,453483e-001
3,203666e+003;1,457717e-001
3,204148e+003;1,462053e-001
3,204630e+003;1,466492e-001
3,205112e+003;1,471025e-001
3,205594e+003;1,475645e-001
3,206077e+003;1,480329e-001
3,206559e+003;1,485037e-001
3,207041e+003;1,489707e-001
3,207523e+003;1,494270e-001
3,208005e+003;1,498664e-001
3,208487e+003;1,502864e-001
3,208969e+003;1,506881e-001
3,209451e+003;1,510766e-001
3,209934e+003;1,514585e-001
3,210416e+003;1,518413e-001
3,210898e+003;1,522301e-001
3,211380e+003;1,526281e-001
3,211862e+003;1,530369e-001
3,212344e+003;1,534570e-001
3,212826e+003;1,538887e-001
3,213308e+003;1,543313e-001
3,213791e+003;1,547824e-001
3,214273e+003;1,552369e-001
3,214755e+003;1,556870e-001
3,215237e+003;1,561252e-001
3,215719e+003;1,565446e-001
3,216201e+003;1,569430e-001
3,216683e+003;1,573225e-001
3,217165e+003;1,576901e-001
3,217647e+003;1,580534e-001
3,218130e+003;1,584194e-001
3,218612e+003;1,587918e-001
3,219094e+003;1,591701e-001
3,219576e+003;1,595513e-001
3,220058e+003;1,599316e-001
3,220540e+003;1,603083e-001
3,221022e+003;1,606807e-001
3,221504e+003;1,610500e-001
3,221987e+003;1,614176e-001
3,222469e+003;1,617854e-001
3,222951e+003;1,621545e-001
3,223433e+003;1,625257e-001
3,223915e+003;1,629011e-001
3,224397e+003;1,632822e-001
3,224879e+003;1,636704e-001
3,225361e+003;1,640657e-001
3,225844e+003;1,644655e-001
3,226325e+003;1,648652e-001
3,226808e+003;1,652596e-001
3,227290e+003;1,656434e-001
3,227772e+003;1,660147e-001
3,228254e+003;1,663729e-001
3,228736e+003;1,667196e-001
3,229218e+003;1,670566e-001
3,229700e+003;1,673850e-001
3,230182e+003;1,677050e-001
3,230665e+003;1,680179e-001
3,231147e+003;1,683267e-001
3,231629e+003;1,686365e-001
3,232111e+003;1,689547e-001
3,232593e+003;1,692864e-001
3,233075e+003;1,696336e-001
3,233557e+003;1,699930e-001
3,234039e+003;1,703577e-001
3,234521e+003;1,707180e-001
3,235004e+003;1,710669e-001
3,235486e+003;1,714006e-001
3,235968e+003;1,717194e-001
3,236450e+003;1,720260e-001
3,236932e+003;1,723221e-001
3,237414e+003;1,726079e-001
3,237896e+003;1,728816e-001
3,238378e+003;1,731425e-001
3,238861e+003;1,733936e-001
3,239343e+003;1,736429e-001
3,239825e+003;1,739027e-001
3,240307e+003;1,741856e-001
3,240789e+003;1,744995e-001
3,241271e+003;1,748441e-001
3,241753e+003;1,752111e-001
3,242235e+003;1,755871e-001
3,242718e+003;1,759575e-001
3,243200e+003;1,763121e-001
3,243682e+003;1,766470e-001
3,244164e+003;1,769632e-001
3,244646e+003;1,772635e-001
3,245128e+003;1,775509e-001
3,245610e+003;1,778253e-001
3,246092e+003;1,780854e-001
3,246574e+003;1,783305e-001
3,247057e+003;1,785630e-001
3,247539e+003;1,787878e-001
3,248021e+003;1,790119e-001
3,248503e+003;1,792405e-001
3,248985e+003;1,794754e-001
3,249467e+003;1,797146e-001
3,249949e+003;1,799543e-001
3,250431e+003;1,801918e-001
3,250914e+003;1,804267e-001
3,251396e+003;1,806614e-001
3,251878e+003;1,808991e-001
3,252360e+003;1,811407e-001
3,252842e+003;1,813833e-001
3,253324e+003;1,816214e-001
3,253806e+003;1,818494e-001
3,254288e+003;1,820661e-001
3,254771e+003;1,822760e-001
3,255252e+003;1,824884e-001
3,255735e+003;1,827135e-001
3,256217e+003;1,829571e-001
3,256699e+003;1,832174e-001
3,257181e+003;1,834852e-001
3,257663e+003;1,837468e-001
3,258145e+003;1,839915e-001
3,258627e+003;1,842136e-001
3,259109e+003;1,844163e-001
3,259592e+003;1,846073e-001
3,260074e+003;1,847965e-001
3,260556e+003;1,849902e-001
3,261038e+003;1,851894e-001
3,261520e+003;1,853913e-001
3,262002e+003;1,855915e-001
3,262484e+003;1,857874e-001
3,262966e+003;1,859789e-001
3,263448e+003;1,861676e-001
3,263931e+003;1,863543e-001
3,264413e+003;1,865381e-001
3,264895e+003;1,867150e-001
3,265377e+003;1,868820e-001
3,265859e+003;1,870373e-001
3,266341e+003;1,871842e-001
3,266823e+003;1,873280e-001
3,267305e+003;1,874742e-001
3,267788e+003;1,876247e-001
3,268270e+003;1,877759e-001
3,268752e+003;1,879204e-001
3,269234e+003;1,880506e-001
3,269716e+003;1,881624e-001
3,270198e+003;1,882587e-001
3,270680e+003;1,883478e-001
3,271162e+003;1,884407e-001
3,271645e+003;1,885448e-001
3,272127e+003;1,886629e-001
3,272609e+003;1,887905e-001
3,273091e+003;1,889210e-001
3,273573e+003;1,890480e-001
3,274055e+003;1,891700e-001
3,274537e+003;1,892898e-001
3,275019e+003;1,894135e-001
3,275501e+003;1,895452e-001
3,275984e+003;1,896854e-001
3,276466e+003;1,898305e-001
3,276948e+003;1,899754e-001
3,277430e+003;1,901166e-001
3,277912e+003;1,902538e-001
3,278394e+003;1,903902e-001
3,278876e+003;1,905288e-001
3,279358e+003;1,906702e-001
3,279841e+003;1,908101e-001
3,280323e+003;1,909407e-001
3,280805e+003;1,910539e-001
3,281287e+003;1,911461e-001
3,281769e+003;1,912190e-001
3,282251e+003;1,912795e-001
3,282733e+003;1,913366e-001
3,283215e+003;1,913959e-001
3,283698e+003;1,914580e-001
3,284179e+003;1,915178e-001
3,284662e+003;1,915678e-001
3,285144e+003;1,916018e-001
3,285626e+003;1,916180e-001
3,286108e+003;1,916191e-001
3,286590e+003;1,916107e-001
3,287072e+003;1,915990e-001
3,287554e+003;1,915882e-001
3,288036e+003;1,915818e-001
3,288519e+003;1,915823e-001
3,289001e+003;1,915934e-001
3,289483e+003;1,916196e-001
3,289965e+003;1,916640e-001
3,290447e+003;1,917258e-001
3,290929e+003;1,917982e-001
3,291411e+003;1,918692e-001
3,291893e+003;1,919265e-001
3,292375e+003;1,919600e-001
3,292858e+003;1,919681e-001
3,293340e+003;1,919570e-001
3,293822e+003;1,919389e-001
3,294304e+003;1,919253e-001
3,294786e+003;1,919239e-001
3,295268e+003;1,919352e-001
3,295750e+003;1,919549e-001
3,296232e+003;1,919767e-001
3,296715e+003;1,919961e-001
3,297197e+003;1,920124e-001
3,297679e+003;1,920272e-001
3,298161e+003;1,920418e-001
3,298643e+003;1,920541e-001
3,299125e+003;1,920582e-001
3,299607e+003;1,920477e-001
3,300089e+003;1,920188e-001
3,300572e+003;1,919734e-001
3,301054e+003;1,919194e-001
3,301536e+003;1,918664e-001
3,302018e+003;1,918233e-001
3,302500e+003;1,917917e-001
3,302982e+003;1,917671e-001
3,303464e+003;1,917401e-001
3,303946e+003;1,917022e-001
3,304428e+003;1,916504e-001
3,304911e+003;1,915874e-001
3,305393e+003;1,915205e-001
3,305875e+003;1,914570e-001
3,306357e+003;1,914002e-001
3,306839e+003;1,913474e-001
3,307321e+003;1,912918e-001
3,307803e+003;1,912275e-001
3,308285e+003;1,911518e-001
3,308768e+003;1,910681e-001
3,309250e+003;1,909827e-001
3,309732e+003;1,909024e-001
3,310214e+003;1,908301e-001
3,310696e+003;1,907640e-001
3,311178e+003;1,906995e-001
3,311660e+003;1,906320e-001
3,312142e+003;1,905604e-001
3,312625e+003;1,904876e-001
3,313106e+003;1,904186e-001
3,313589e+003;1,903568e-001
3,314071e+003;1,903010e-001
3,314553e+003;1,902454e-001
3,315035e+003;1,901816e-001
3,315517e+003;1,901018e-001
3,315999e+003;1,900031e-001
3,316481e+003;1,898874e-001
3,316963e+003;1,897599e-001
3,317446e+003;1,896257e-001
3,317928e+003;1,894876e-001
3,318410e+003;1,893452e-001
3,318892e+003;1,891961e-001
3,319374e+003;1,890394e-001
3,319856e+003;1,888759e-001
3,320338e+003;1,887093e-001
3,320820e+003;1,885437e-001
3,321302e+003;1,883808e-001
3,321785e+003;1,882194e-001
3,322267e+003;1,880564e-001
3,322749e+003;1,878893e-001
3,323231e+003;1,877193e-001
3,323713e+003;1,875524e-001
3,324195e+003;1,873963e-001
3,324677e+003;1,872578e-001
3,325159e+003;1,871375e-001
3,325642e+003;1,870292e-001
3,326124e+003;1,869208e-001
3,326606e+003;1,867994e-001
3,327088e+003;1,866562e-001
3,327570e+003;1,864893e-001
3,328052e+003;1,863030e-001
3,328534e+003;1,861052e-001
3,329016e+003;1,859026e-001
3,329499e+003;1,856983e-001
3,329981e+003;1,854924e-001
3,330463e+003;1,852839e-001
3,330945e+003;1,850741e-001
3,331427e+003;1,848673e-001
3,331909e+003;1,846689e-001
3,332391e+003;1,844832e-001
3,332873e+003;1,843085e-001
3,333355e+003;1,841380e-001
3,333838e+003;1,839613e-001
3,334320e+003;1,837697e-001
3,334802e+003;1,835607e-001
3,335284e+003;1,833389e-001
3,335766e+003;1,831158e-001
3,336248e+003;1,829018e-001
3,336730e+003;1,827037e-001
3,337212e+003;1,825198e-001
3,337695e+003;1,823423e-001
3,338177e+003;1,821597e-001
3,338659e+003;1,819641e-001
3,339141e+003;1,817522e-001
3,339623e+003;1,815266e-001
3,340105e+003;1,812921e-001
3,340587e+003;1,810530e-001
3,341069e+003;1,808100e-001
3,341552e+003;1,805622e-001
3,342033e+003;1,803081e-001
3,342516e+003;1,800488e-001
3,342998e+003;1,797889e-001
3,343480e+003;1,795340e-001
3,343962e+003;1,792883e-001
3,344444e+003;1,790511e-001
3,344926e+003;1,788162e-001
3,345408e+003;1,785756e-001
3,345890e+003;1,783232e-001
3,346373e+003;1,780593e-001
3,346855e+003;1,777902e-001
3,347337e+003;1,775273e-001
3,347819e+003;1,772814e-001
3,348301e+003;1,770572e-001
3,348783e+003;1,768520e-001
3,349265e+003;1,766558e-001
3,349747e+003;1,764571e-001
3,350229e+003;1,762454e-001
3,350712e+003;1,760159e-001
3,351194e+003;1,757682e-001
3,351676e+003;1,755054e-001
3,352158e+003;1,752292e-001
3,352640e+003;1,749404e-001
3,353122e+003;1,746377e-001
3,353604e+003;1,743207e-001
3,354086e+003;1,739919e-001
3,354569e+003;1,736573e-001
3,355051e+003;1,733246e-001
3,355533e+003;1,730008e-001
3,356015e+003;1,726898e-001
3,356497e+003;1,723920e-001
3,356979e+003;1,721046e-001
3,357461e+003;1,718254e-001
3,357943e+003;1,715535e-001
3,358426e+003;1,712891e-001
3,358908e+003;1,710325e-001
3,359390e+003;1,707809e-001
3,359872e+003;1,705276e-001
3,360354e+003;1,702642e-001
3,360836e+003;1,699828e-001
3,361318e+003;1,696809e-001
3,361800e+003;1,693613e-001
3,362282e+003;1,690336e-001
3,362765e+003;1,687087e-001
3,363247e+003;1,683934e-001
3,363729e+003;1,680891e-001
3,364211e+003;1,677909e-001
3,364693e+003;1,674908e-001
3,365175e+003;1,671821e-001
3,365657e+003;1,668623e-001
3,366139e+003;1,665347e-001
3,366622e+003;1,662052e-001
3,367104e+003;1,658799e-001
3,367586e+003;1,655610e-001
3,368068e+003;1,652477e-001
3,368550e+003;1,649369e-001
3,369032e+003;1,646254e-001
3,369514e+003;1,643123e-001
3,369996e+003;1,639977e-001
3,370479e+003;1,636813e-001
3,370961e+003;1,633604e-001
3,371443e+003;1,630298e-001
3,371925e+003;1,626830e-001
3,372407e+003;1,623169e-001
3,372889e+003;1,619340e-001
3,373371e+003;1,615436e-001
3,373853e+003;1,611591e-001
3,374335e+003;1,607934e-001
3,374818e+003;1,604537e-001
3,375300e+003;1,601389e-001
3,375782e+003;1,598394e-001
3,376264e+003;1,595431e-001
3,376746e+003;1,592384e-001
3,377228e+003;1,589195e-001
3,377710e+003;1,585861e-001
3,378192e+003;1,582430e-001
3,378675e+003;1,578961e-001
3,379156e+003;1,575488e-001
3,379639e+003;1,572024e-001
3,380121e+003;1,568566e-001
3,380603e+003;1,565114e-001
3,381085e+003;1,561676e-001
3,381567e+003;1,558276e-001
3,382049e+003;1,554925e-001
3,382531e+003;1,551616e-001
3,383013e+003;1,548312e-001
3,383496e+003;1,544958e-001
3,383978e+003;1,541512e-001
3,384460e+003;1,537960e-001
3,384942e+003;1,534325e-001
3,385424e+003;1,530652e-001
3,385906e+003;1,526980e-001
3,386388e+003;1,523330e-001
3,386870e+003;1,519688e-001
3,387353e+003;1,516030e-001
3,387835e+003;1,512340e-001
3,388317e+003;1,508632e-001
3,388799e+003;1,504941e-001
3,389281e+003;1,501308e-001
3,389763e+003;1,497756e-001
3,390245e+003;1,494256e-001
3,390727e+003;1,490738e-001
3,391209e+003;1,487120e-001
3,391692e+003;1,483340e-001
3,392174e+003;1,479383e-001
3,392656e+003;1,475293e-001
3,393138e+003;1,471150e-001
3,393620e+003;1,467030e-001
3,394102e+003;1,462978e-001
3,394584e+003;1,458998e-001
3,395066e+003;1,455067e-001
3,395549e+003;1,451158e-001
3,396031e+003;1,447265e-001
3,396513e+003;1,443396e-001
3,396995e+003;1,439575e-001
3,397477e+003;1,435806e-001
3,397959e+003;1,432071e-001
3,398441e+003;1,428333e-001
3,398923e+003;1,424551e-001
3,399406e+003;1,420713e-001
3,399888e+003;1,416844e-001
3,400370e+003;1,413004e-001
3,400852e+003;1,409249e-001
3,401334e+003;1,405618e-001
3,401816e+003;1,402108e-001
3,402298e+003;1,398674e-001
3,402780e+003;1,395260e-001
3,403262e+003;1,391815e-001
3,403745e+003;1,388312e-001
3,404227e+003;1,384743e-001
3,404709e+003;1,381104e-001
3,405191e+003;1,377379e-001
3,405673e+003;1,373539e-001
3,406155e+003;1,369560e-001
3,406637e+003;1,365441e-001
3,407119e+003;1,361230e-001
3,407602e+003;1,357002e-001
3,408083e+003;1,352851e-001
3,408566e+003;1,348833e-001
3,409048e+003;1,344946e-001
3,409530e+003;1,341125e-001
3,410012e+003;1,337275e-001
3,410494e+003;1,333324e-001
3,410976e+003;1,329253e-001
3,411458e+003;1,325112e-001
3,411940e+003;1,320990e-001
3,412423e+003;1,316979e-001
3,412905e+003;1,313119e-001
3,413387e+003;1,309384e-001
3,413869e+003;1,305696e-001
3,414351e+003;1,301979e-001
3,414833e+003;1,298181e-001
3,415315e+003;1,294311e-001
3,415797e+003;1,290419e-001
3,416280e+003;1,286562e-001
3,416762e+003;1,282767e-001
3,417244e+003;1,279015e-001
3,417726e+003;1,275244e-001
3,418208e+003;1,271392e-001
3,418690e+003;1,267413e-001
3,419172e+003;1,263306e-001
3,419654e+003;1,259095e-001
3,420136e+003;1,254808e-001
3,420619e+003;1,250452e-001
3,421101e+003;1,246013e-001
3,421583e+003;1,241474e-001
3,422065e+003;1,236853e-001
3,422547e+003;1,232216e-001
3,423029e+003;1,227676e-001
3,423511e+003;1,223341e-001
3,423993e+003;1,219272e-001
3,424476e+003;1,215444e-001
3,424958e+003;1,211750e-001
3,425440e+003;1,208033e-001
3,425922e+003;1,204155e-001
3,426404e+003;1,200057e-001
3,426886e+003;1,195770e-001
3,427368e+003;1,191405e-001
3,427850e+003;1,187082e-001
3,428333e+003;1,182882e-001
3,428815e+003;1,178815e-001
3,429297e+003;1,174815e-001
3,429779e+003;1,170789e-001
3,430261e+003;1,166671e-001
3,430743e+003;1,162449e-001
3,431225e+003;1,158174e-001
3,431707e+003;1,153923e-001
3,432189e+003;1,149773e-001
3,432672e+003;1,145754e-001
3,433154e+003;1,141851e-001
3,433636e+003;1,138020e-001
3,434118e+003;1,134206e-001
3,434600e+003;1,130369e-001
3,435082e+003;1,126486e-001
3,435564e+003;1,122542e-001
3,436046e+003;1,118520e-001
3,436529e+003;1,114396e-001
3,437010e+003;1,110152e-001
3,437493e+003;1,105788e-001
3,437975e+003;1,101332e-001
3,438457e+003;1,096839e-001
3,438939e+003;1,092367e-001
3,439421e+003;1,087966e-001
3,439903e+003;1,083646e-001
3,440385e+003;1,079395e-001
3,440867e+003;1,075185e-001
3,441350e+003;1,070999e-001
3,441832e+003;1,066838e-001
3,442314e+003;1,062717e-001
3,442796e+003;1,058645e-001
3,443278e+003;1,054601e-001
3,443760e+003;1,050536e-001
3,444242e+003;1,046390e-001
3,444724e+003;1,042111e-001
3,445207e+003;1,037700e-001
3,445689e+003;1,033209e-001
3,446171e+003;1,028738e-001
3,446653e+003;1,024379e-001
3,447135e+003;1,020180e-001
3,447617e+003;1,016117e-001
3,448099e+003;1,012112e-001
3,448581e+003;1,008061e-001
3,449063e+003;1,003903e-001
3,449546e+003;9,996288e-002
3,450028e+003;9,952927e-002
3,450510e+003;9,909706e-002
3,450992e+003;9,867359e-002
3,451474e+003;9,826270e-002
3,451956e+003;9,786350e-002
3,452438e+003;9,747192e-002
3,452920e+003;9,708342e-002
3,453403e+003;9,669498e-002
3,453885e+003;9,630549e-002
3,454367e+003;9,591477e-002
3,454849e+003;9,552243e-002
3,455331e+003;9,512610e-002
3,455813e+003;9,472309e-002
3,456295e+003;9,431090e-002
3,456777e+003;9,388882e-002
3,457260e+003;9,345869e-002
3,457742e+003;9,302343e-002
3,458224e+003;9,258555e-002
3,458706e+003;9,214596e-002
3,459188e+003;9,170405e-002
3,459670e+003;9,125923e-002
3,460152e+003;9,081298e-002
3,460634e+003;9,036985e-002
3,461116e+003;8,993573e-002
3,461599e+003;8,951527e-002
3,462081e+003;8,910844e-002
3,462563e+003;8,870926e-002
3,463045e+003;8,830693e-002
3,463527e+003;8,788978e-002
3,464009e+003;8,745079e-002
3,464491e+003;8,699007e-002
3,464973e+003;8,651487e-002
3,465456e+003;8,603590e-002
3,465938e+003;8,556396e-002
3,466420e+003;8,510494e-002
3,466902e+003;8,465905e-002
3,467384e+003;8,422348e-002
3,467866e+003;8,379614e-002
3,468348e+003;8,337820e-002
3,468830e+003;8,297536e-002
3,469313e+003;8,259356e-002
3,469794e+003;8,223568e-002
3,470277e+003;8,189750e-002
3,470759e+003;8,156814e-002
3,471241e+003;8,123204e-002
3,471723e+003;8,087572e-002
3,472205e+003;8,049253e-002
3,472687e+003;8,008467e-002
3,473169e+003;7,966109e-002
3,473651e+003;7,923368e-002
3,474134e+003;7,881213e-002
3,474616e+003;7,840055e-002
3,475098e+003;7,799786e-002
3,475580e+003;7,760016e-002
3,476062e+003;7,720438e-002
3,476544e+003;7,681018e-002
3,477026e+003;7,641934e-002
3,477508e+003;7,603370e-002
3,477990e+003;7,565295e-002
3,478473e+003;7,527308e-002
3,478955e+003;7,488890e-002
3,479437e+003;7,449518e-002
3,479919e+003;7,409055e-002
3,480401e+003;7,367792e-002
3,480883e+003;7,326428e-002
3,481365e+003;7,285604e-002
3,481847e+003;7,245751e-002
3,482330e+003;7,206821e-002
3,482812e+003;7,168440e-002
3,483294e+003;7,130118e-002
3,483776e+003;7,091523e-002
3,484258e+003;7,052608e-002
3,484740e+003;7,013465e-002
3,485222e+003;6,974246e-002
3,485704e+003;6,934950e-002
3,486187e+003;6,895432e-002
3,486669e+003;6,855531e-002
3,487151e+003;6,815175e-002
3,487633e+003;6,774531e-002
3,488115e+003;6,733917e-002
3,488597e+003;6,693623e-002
3,489079e+003;6,653695e-002
3,489561e+003;6,613873e-002
3,490043e+003;6,573705e-002
3,490526e+003;6,532836e-002
3,491008e+003;6,491270e-002
3,491490e+003;6,449521e-002
3,491972e+003;6,408488e-002
3,492454e+003;6,369059e-002
3,492936e+003;6,331842e-002
3,493418e+003;6,296781e-002
3,493900e+003;6,263220e-002
3,494383e+003;6,230057e-002
3,494865e+003;6,196280e-002
3,495347e+003;6,161228e-002
3,495829e+003;6,124781e-002
3,496311e+003;6,087259e-002
3,496793e+003;6,049236e-002
3,497275e+003;6,011159e-002
3,497757e+003;5,973310e-002
3,498240e+003;5,935740e-002
3,498721e+003;5,898494e-002
3,499204e+003;5,861634e-002
3,499686e+003;5,825346e-002
3,500168e+003;5,789790e-002
3,500650e+003;5,754999e-002
3,501132e+003;5,720812e-002
3,501614e+003;5,686866e-002
3,502096e+003;5,652856e-002
3,502578e+003;5,618621e-002
3,503061e+003;5,584367e-002
3,503543e+003;5,550426e-002
3,504025e+003;5,517110e-002
3,504507e+003;5,484485e-002
3,504989e+003;5,452264e-002
3,505471e+003;5,419988e-002
3,505953e+003;5,387162e-002
3,506435e+003;5,353570e-002
3,506917e+003;5,319243e-002
3,507400e+003;5,284413e-002
3,507882e+003;5,249381e-002
3,508364e+003;5,214211e-002
3,508846e+003;5,178699e-002
3,509328e+003;5,142463e-002
3,509810e+003;5,105306e-002
3,510292e+003;5,067422e-002
3,510774e+003;5,029507e-002
3,511257e+003;4,992551e-002
3,511739e+003;4,957584e-002
3,512221e+003;4,925202e-002
3,512703e+003;4,895366e-002
3,513185e+003;4,867370e-002
3,513667e+003;4,840145e-002
3,514149e+003;4,812499e-002
3,514631e+003;4,783580e-002
3,515114e+003;4,753065e-002
3,515596e+003;4,721156e-002
3,516078e+003;4,688411e-002
3,516560e+003;4,655469e-002
3,517042e+003;4,622880e-002
3,517524e+003;4,590978e-002
3,518006e+003;4,559822e-002
3,518488e+003;4,529272e-002
3,518970e+003;4,498987e-002
3,519453e+003;4,468615e-002
3,519935e+003;4,437763e-002
3,520417e+003;4,406129e-002
3,520899e+003;4,373551e-002
3,521381e+003;4,340070e-002
3,521863e+003;4,305994e-002
3,522345e+003;4,271761e-002
3,522827e+003;4,237848e-002
3,523310e+003;4,204575e-002
3,523792e+003;4,171990e-002
3,524274e+003;4,139948e-002
3,524756e+003;4,108199e-002
3,525238e+003;4,076622e-002
3,525720e+003;4,045257e-002
3,526202e+003;4,014366e-002
3,526684e+003;3,984237e-002
3,527167e+003;3,955073e-002
3,527648e+003;3,926828e-002
3,528131e+003;3,899232e-002
3,528613e+003;3,871900e-002
3,529095e+003;3,844527e-002
3,529577e+003;3,816914e-002
3,530059e+003;3,789121e-002
3,530541e+003;3,761261e-002
3,531023e+003;3,733460e-002
3,531505e+003;3,705705e-002
3,531988e+003;3,677964e-002
3,532470e+003;3,650104e-002
3,532952e+003;3,622071e-002
3,533434e+003;3,593912e-002
3,533916e+003;3,565714e-002
3,534398e+003;3,537606e-002
3,534880e+003;3,509645e-002
3,535362e+003;3,481806e-002
3,535844e+003;3,454025e-002
3,536327e+003;3,426280e-002
3,536809e+003;3,398674e-002
3,537291e+003;3,371354e-002
3,537773e+003;3,344449e-002
3,538255e+003;3,317971e-002
3,538737e+003;3,291674e-002
3,539219e+003;3,265204e-002
3,539701e+003;3,238196e-002
3,540184e+003;3,210453e-002
3,540666e+003;3,182082e-002
3,541148e+003;3,153604e-002
3,541630e+003;3,125719e-002
3,542112e+003;3,099068e-002
3,542594e+003;3,074113e-002
3,543076e+003;3,050860e-002
3,543558e+003;3,028934e-002
3,544041e+003;3,007630e-002
3,544523e+003;2,986269e-002
3,545005e+003;2,964372e-002
3,545487e+003;2,941784e-002
3,545969e+003;2,918733e-002
3,546451e+003;2,895577e-002
3,546933e+003;2,872702e-002
3,547415e+003;2,850350e-002
3,547897e+003;2,828613e-002
3,548380e+003;2,807414e-002
3,548862e+003;2,786582e-002
3,549344e+003;2,765806e-002
3,549826e+003;2,744645e-002
3,550308e+003;2,722570e-002
3,550790e+003;2,699102e-002
3,551272e+003;2,673967e-002
3,551754e+003;2,647384e-002
3,552237e+003;2,620004e-002
3,552719e+003;2,592804e-002
3,553201e+003;2,566711e-002
3,553683e+003;2,542347e-002
3,554165e+003;2,519855e-002
3,554647e+003;2,498988e-002
3,555129e+003;2,479314e-002
3,555611e+003;2,460378e-002
3,556094e+003;2,441920e-002
3,556575e+003;2,423831e-002
3,557058e+003;2,406106e-002
3,557540e+003;2,388659e-002
3,558022e+003;2,371246e-002
3,558504e+003;2,353452e-002
3,558986e+003;2,334798e-002
3,559468e+003;2,314992e-002
3,559950e+003;2,294066e-002
3,560432e+003;2,272439e-002
3,560915e+003;2,250721e-002
3,561397e+003;2,229579e-002
3,561879e+003;2,209468e-002
3,562361e+003;2,190496e-002
3,562843e+003;2,172529e-002
3,563325e+003;2,155251e-002
3,563807e+003;2,138339e-002
3,564289e+003;2,121514e-002
3,564771e+003;2,104514e-002
3,565254e+003;2,087044e-002
3,565736e+003;2,068709e-002
3,566218e+003;2,049073e-002
3,566700e+003;2,027862e-002
3,567182e+003;2,005187e-002
3,567664e+003;1,981680e-002
3,568146e+003;1,958156e-002
3,568628e+003;1,935378e-002
3,569111e+003;1,913825e-002
3,569593e+003;1,893708e-002
3,570075e+003;1,875060e-002
3,570557e+003;1,857748e-002
3,571039e+003;1,841601e-002
3,571521e+003;1,826438e-002
3,572003e+003;1,811937e-002
3,572485e+003;1,797707e-002
3,572968e+003;1,783329e-002
3,573450e+003;1,768276e-002
3,573932e+003;1,752145e-002
3,574414e+003;1,734775e-002
3,574896e+003;1,716347e-002
3,575378e+003;1,697338e-002
3,575860e+003;1,678427e-002
3,576342e+003;1,660294e-002
3,576824e+003;1,643337e-002
3,577307e+003;1,627627e-002
3,577789e+003;1,612872e-002
3,578271e+003;1,598576e-002
3,578753e+003;1,584209e-002
3,579235e+003;1,569387e-002
3,579717e+003;1,554030e-002
3,580199e+003;1,538342e-002
3,580681e+003;1,522767e-002
3,581164e+003;1,507756e-002
3,581646e+003;1,493803e-002
3,582128e+003;1,481154e-002
3,582610e+003;1,469849e-002
3,583092e+003;1,459640e-002
3,583574e+003;1,450008e-002
3,584056e+003;1,440146e-002
3,584538e+003;1,429078e-002
3,585021e+003;1,415787e-002
3,585502e+003;1,399379e-002
3,585985e+003;1,379588e-002
3,586467e+003;1,357009e-002
3,586949e+003;1,333260e-002
3,587431e+003;1,310483e-002
3,587913e+003;1,290367e-002
3,588395e+003;1,273608e-002
3,588877e+003;1,259866e-002
3,589359e+003;1,248359e-002
3,589842e+003;1,238246e-002
3,590324e+003;1,228954e-002
3,590806e+003;1,220137e-002
3,591288e+003;1,211581e-002
3,591770e+003;1,203013e-002
3,592252e+003;1,193983e-002
3,592734e+003;1,183913e-002
3,593216e+003;1,172270e-002
3,593698e+003;1,158754e-002
3,594181e+003;1,143644e-002
3,594663e+003;1,127768e-002
3,595145e+003;1,112274e-002
3,595627e+003;1,098284e-002
3,596109e+003;1,086480e-002
3,596591e+003;1,076972e-002
3,597073e+003;1,069358e-002
3,597555e+003;1,062756e-002
3,598038e+003;1,056102e-002
3,598520e+003;1,048355e-002
3,599002e+003;1,038638e-002
3,599484e+003;1,026457e-002
3,599966e+003;1,011807e-002
3,600448e+003;9,952457e-003
3,600930e+003;9,777353e-003
3,601412e+003;9,604387e-003
3,601895e+003;9,444222e-003
3,602377e+003;9,303885e-003
3,602859e+003;9,185082e-003
3,603341e+003;9,085259e-003
3,603823e+003;8,998110e-003
3,604305e+003;8,915984e-003
3,604787e+003;8,831845e-003
3,605269e+003;8,740420e-003
3,605751e+003;8,640733e-003
3,606234e+003;8,535053e-003
3,606716e+003;8,428589e-003
3,607198e+003;8,327014e-003
3,607680e+003;8,234952e-003
3,608162e+003;8,152767e-003
3,608644e+003;8,077519e-003
3,609126e+003;8,005320e-003
3,609608e+003;7,932054e-003
3,610091e+003;7,855056e-003
3,610573e+003;7,773112e-003
3,611055e+003;7,685180e-003
3,611537e+003;7,590860e-003
3,612019e+003;7,490223e-003
3,612501e+003;7,384654e-003
3,612983e+003;7,277898e-003
3,613465e+003;7,174774e-003
3,613948e+003;7,081541e-003
3,614429e+003;7,001258e-003
3,614912e+003;6,935467e-003
3,615394e+003;6,882175e-003
3,615876e+003;6,837674e-003
3,616358e+003;6,796005e-003
3,616840e+003;6,749629e-003
3,617322e+003;6,690673e-003
3,617804e+003;6,611875e-003
3,618286e+003;6,509379e-003
3,618769e+003;6,384815e-003
3,619251e+003;6,245665e-003
3,619733e+003;6,103097e-003
3,620215e+003;5,967766e-003
3,620697e+003;5,848361e-003
3,621179e+003;5,749436e-003
3,621661e+003;5,671615e-003
3,622143e+003;5,613946e-003
3,622625e+003;5,573368e-003
3,623108e+003;5,546586e-003
3,623590e+003;5,529806e-003
3,624072e+003;5,519839e-003
3,624554e+003;5,514001e-003
3,625036e+003;5,510175e-003
3,625518e+003;5,506551e-003
3,626000e+003;5,500310e-003
3,626482e+003;5,486887e-003
3,626965e+003;5,459876e-003
3,627447e+003;5,411126e-003
3,627929e+003;5,335479e-003
3,628411e+003;5,237274e-003
3,628893e+003;5,131950e-003
3,629375e+003;5,036372e-003
3,629857e+003;4,960623e-003
3,630339e+003;4,904556e-003
3,630822e+003;4,862436e-003
3,631304e+003;4,827489e-003
3,631786e+003;4,793752e-003
3,632268e+003;4,756566e-003
3,632750e+003;4,712685e-003
3,633232e+003;4,660368e-003
3,633714e+003;4,599083e-003
3,634196e+003;4,529503e-003
3,634678e+003;4,453841e-003
3,635161e+003;4,375348e-003
3,635643e+003;4,298910e-003
3,636125e+003;4,230282e-003
3,636607e+003;4,175915e-003
3,637089e+003;4,140924e-003
3,637571e+003;4,127510e-003
3,638053e+003;4,132896e-003
3,638535e+003;4,149923e-003
3,639018e+003;4,169927e-003
3,639500e+003;4,184145e-003
3,639982e+003;4,187257e-003
3,640464e+003;4,178893e-003
3,640946e+003;4,163003e-003
3,641428e+003;4,146243e-003
3,641910e+003;4,135338e-003
3,642392e+003;4,135036e-003
3,642875e+003;4,146744e-003
3,643356e+003;4,168689e-003
3,643839e+003;4,197260e-003
3,644321e+003;4,229178e-003
3,644803e+003;4,261466e-003
3,645285e+003;4,292419e-003
3,645767e+003;4,321030e-003
3,646249e+003;4,346632e-003
3,646731e+003;4,367985e-003
3,647213e+003;4,382611e-003
3,647696e+003;4,385891e-003
3,648178e+003;4,371332e-003
3,648660e+003;4,332275e-003
3,649142e+003;4,264009e-003
3,649624e+003;4,167954e-003
3,650106e+003;4,052019e-003
3,650588e+003;3,928693e-003
3,651070e+003;3,809713e-003
3,651552e+003;3,703098e-003
3,652035e+003;3,611476e-003
3,652517e+003;3,533803e-003
3,652999e+003;3,467733e-003
3,653481e+003;3,410189e-003
3,653963e+003;3,358931e-003
3,654445e+003;3,313621e-003
3,654927e+003;3,275427e-003
3,655409e+003;3,247151e-003
3,655892e+003;3,231261e-003
3,656374e+003;3,227556e-003
3,656856e+003;3,233331e-003
3,657338e+003;3,243913e-003
3,657820e+003;3,254295e-003
3,658302e+003;3,261138e-003
3,658784e+003;3,262274e-003
3,659266e+003;3,257166e-003
3,659749e+003;3,246584e-003
3,660231e+003;3,231962e-003
3,660713e+003;3,214771e-003
3,661195e+003;3,196279e-003
3,661677e+003;3,176853e-003
3,662159e+003;3,156827e-003
3,662641e+003;3,136702e-003
3,663123e+003;3,117312e-003
3,663605e+003;3,100726e-003
3,664088e+003;3,089813e-003
3,664570e+003;3,087311e-003
3,665052e+003;3,095186e-003
3,665534e+003;3,114842e-003
3,666016e+003;3,146213e-003
3,666498e+003;3,187867e-003
3,666980e+003;3,236903e-003
3,667462e+003;3,288514e-003
3,667945e+003;3,335090e-003
3,668427e+003;3,366945e-003
3,668909e+003;3,373823e-003
3,669391e+003;3,350383e-003
3,669873e+003;3,301101e-003
3,670355e+003;3,239406e-003
3,670837e+003;3,181459e-003
3,671319e+003;3,138337e-003
3,671802e+003;3,115476e-003
3,672283e+003;3,113240e-003
3,672766e+003;3,128258e-003
3,673248e+003;3,154057e-003
3,673730e+003;3,180524e-003
3,674212e+003;3,193241e-003
3,674694e+003;3,178822e-003
3,675176e+003;3,135100e-003
3,675658e+003;3,076332e-003
3,676140e+003;3,023278e-003
3,676623e+003;2,989413e-003
3,677105e+003;2,977970e-003
3,677587e+003;2,983307e-003
3,678069e+003;2,996352e-003
3,678551e+003;3,005761e-003
3,679033e+003;3,001624e-003
3,679515e+003;2,977736e-003
3,679997e+003;2,933934e-003
3,680479e+003;2,876127e-003
3,680962e+003;2,814560e-003
3,681444e+003;2,761004e-003
3,681926e+003;2,725359e-003
3,682408e+003;2,714256e-003
3,682890e+003;2,729627e-003
3,683372e+003;2,767740e-003
3,683854e+003;2,820496e-003
3,684336e+003;2,877628e-003
3,684819e+003;2,929898e-003
3,685301e+003;2,970363e-003
3,685783e+003;2,995652e-003
3,686265e+003;3,006228e-003
3,686747e+003;3,005360e-003
3,687229e+003;2,999055e-003
3,687711e+003;2,992816e-003
3,688193e+003;2,990714e-003
3,688676e+003;2,991181e-003
3,689158e+003;2,987945e-003
3,689640e+003;2,972265e-003
3,690122e+003;2,937870e-003
3,690604e+003;2,882631e-003
3,691086e+003;2,809557e-003
3,691568e+003;2,725392e-003
3,692050e+003;2,639244e-003
3,692532e+003;2,559244e-003
3,693015e+003;2,491524e-003
3,693497e+003;2,440240e-003
3,693979e+003;2,406221e-003
3,694461e+003;2,388063e-003
3,694943e+003;2,381833e-003
3,695425e+003;2,382399e-003
3,695907e+003;2,384165e-003
3,696389e+003;2,382832e-003
3,696872e+003;2,377002e-003
3,697354e+003;2,368373e-003
3,697836e+003;2,361144e-003
3,698318e+003;2,360744e-003
3,698800e+003;2,372071e-003
3,699282e+003;2,397991e-003
3,699764e+003;2,438107e-003
3,700246e+003;2,487291e-003
3,700729e+003;2,536847e-003
3,701211e+003;2,576010e-003
3,701693e+003;2,596076e-003
3,702175e+003;2,594242e-003
3,702657e+003;2,573177e-003
3,703139e+003;2,540114e-003
3,703621e+003;2,503287e-003
3,704103e+003;2,470929e-003
3,704585e+003;2,449870e-003
3,705068e+003;2,444405e-003
3,705550e+003;2,456701e-003
3,706032e+003;2,485558e-003
3,706514e+003;2,526616e-003
3,706996e+003;2,571677e-003
3,707478e+003;2,611609e-003
3,707960e+003;2,636643e-003
3,708442e+003;2,640144e-003
3,708925e+003;2,620676e-003
3,709406e+003;2,584409e-003
3,709889e+003;2,544813e-003
3,710371e+003;2,517018e-003
3,710853e+003;2,512852e-003
3,711335e+003;2,533948e-003
3,711817e+003;2,570910e-003
3,712299e+003;2,608242e-003
3,712781e+003;2,633777e-003
3,713263e+003;2,641877e-003
3,713746e+003;2,634543e-003
3,714228e+003;2,617609e-003
3,714710e+003;2,597942e-003
3,715192e+003;2,580776e-003
3,715674e+003;2,567844e-003
3,716156e+003;2,557945e-003
3,716638e+003;2,547146e-003
3,717120e+003;2,531315e-003
3,717603e+003;2,506786e-003
3,718085e+003;2,472862e-003
3,718567e+003;2,431043e-003
3,719049e+003;2,384898e-003
3,719531e+003;2,337524e-003
3,720013e+003;2,291355e-003
3,720495e+003;2,247589e-003
3,720977e+003;2,207523e-003
3,721459e+003;2,173090e-003
3,721942e+003;2,148015e-003
3,722424e+003;2,136627e-003
3,722906e+003;2,142821e-003
3,723388e+003;2,167828e-003
3,723870e+003;2,209688e-003
3,724352e+003;2,262144e-003
3,724834e+003;2,316005e-003
3,725316e+003;2,361710e-003
3,725799e+003;2,390761e-003
3,726281e+003;2,399890e-003
3,726763e+003;2,391561e-003
3,727245e+003;2,373037e-003
3,727727e+003;2,352715e-003
3,728209e+003;2,338157e-003
3,728691e+003;2,334826e-003
3,729173e+003;2,345752e-003
3,729656e+003;2,372038e-003
3,730138e+003;2,412884e-003
3,730620e+003;2,465664e-003
3,731102e+003;2,524649e-003
3,731584e+003;2,582109e-003
3,732066e+003;2,629576e-003
3,732548e+003;2,659712e-003
3,733030e+003;2,667180e-003
3,733512e+003;2,649711e-003
3,733995e+003;2,607542e-003
3,734477e+003;2,544180e-003
3,734959e+003;2,467630e-003
3,735441e+003;2,390495e-003
3,735923e+003;2,324499e-003
3,736405e+003;2,277732e-003
3,736887e+003;2,252285e-003
3,737369e+003;2,245257e-003
3,737852e+003;2,252052e-003
3,738333e+003;2,267306e-003
3,738816e+003;2,285992e-003
3,739298e+003;2,303047e-003
3,739780e+003;2,314839e-003
3,740262e+003;2,319236e-003
3,740744e+003;2,315905e-003
3,741226e+003;2,307310e-003
3,741708e+003;2,297351e-003
3,742190e+003;2,292088e-003
3,742673e+003;2,298150e-003
3,743155e+003;2,322367e-003
3,743637e+003;2,366241e-003
3,744119e+003;2,423413e-003
3,744601e+003;2,481193e-003
3,745083e+003;2,529249e-003
3,745565e+003;2,564477e-003
3,746047e+003;2,588676e-003
3,746530e+003;2,604675e-003
3,747012e+003;2,614476e-003
3,747494e+003;2,618342e-003
3,747976e+003;2,615809e-003
3,748458e+003;2,606976e-003
3,748940e+003;2,593009e-003
3,749422e+003;2,577276e-003
3,749904e+003;2,562444e-003
3,750386e+003;2,548946e-003
3,750869e+003;2,533848e-003
3,751351e+003;2,512152e-003
3,751833e+003;2,481193e-003
3,752315e+003;2,442006e-003
3,752797e+003;2,399557e-003
3,753279e+003;2,360011e-003
3,753761e+003;2,328896e-003
3,754243e+003;2,310042e-003
3,754726e+003;2,304612e-003
3,755208e+003;2,312041e-003
3,755690e+003;2,329962e-003
3,756172e+003;2,354747e-003
3,756654e+003;2,381733e-003
3,757136e+003;2,406554e-003
3,757618e+003;2,425246e-003
3,758100e+003;2,434942e-003
3,758583e+003;2,433809e-003
3,759065e+003;2,422047e-003
3,759547e+003;2,401423e-003
3,760029e+003;2,375802e-003
3,760511e+003;2,350150e-003
3,760993e+003;2,328896e-003
3,761475e+003;2,314772e-003
3,761957e+003;2,308076e-003
3,762439e+003;2,307111e-003
3,762922e+003;2,308376e-003
3,763404e+003;2,307477e-003
3,763886e+003;2,301281e-003
3,764368e+003;2,288657e-003
3,764850e+003;2,272736e-003
3,765332e+003;2,259446e-003
3,765814e+003;2,255316e-003
3,766296e+003;2,265108e-003
3,766779e+003;2,289623e-003
3,767260e+003;2,326065e-003
3,767743e+003;2,368739e-003
3,768225e+003;2,410485e-003
3,768707e+003;2,443305e-003
3,769189e+003;2,460933e-003
3,769671e+003;2,460699e-003
3,770153e+003;2,444405e-003
3,770635e+003;2,416316e-003
3,771117e+003;2,381233e-003
3,771600e+003;2,342887e-003
3,772082e+003;2,303746e-003
3,772564e+003;2,265508e-003
3,773046e+003;2,230270e-003
3,773528e+003;2,200563e-003
3,774010e+003;2,179184e-003
3,774492e+003;2,168627e-003
3,774974e+003;2,169593e-003
3,775457e+003;2,180449e-003
3,775939e+003;2,197999e-003
3,776421e+003;2,216615e-003
3,776903e+003;2,230003e-003
3,777385e+003;2,231602e-003
3,777867e+003;2,217215e-003
3,778349e+003;2,186277e-003
3,778831e+003;2,143753e-003
3,779313e+003;2,099036e-003
3,779796e+003;2,062547e-003
3,780278e+003;2,041008e-003
3,780760e+003;2,036314e-003
3,781242e+003;2,045569e-003
3,781724e+003;2,063646e-003
3,782206e+003;2,084986e-003
3,782688e+003;2,105229e-003
3,783170e+003;2,123408e-003
3,783653e+003;2,140590e-003
3,784135e+003;2,159470e-003
3,784617e+003;2,181381e-003
3,785099e+003;2,204426e-003
3,785581e+003;2,223143e-003
3,786063e+003;2,229737e-003
3,786545e+003;2,217415e-003
3,787027e+003;2,183513e-003
3,787510e+003;2,131766e-003
3,787992e+003;2,071836e-003
3,788474e+003;2,016640e-003
3,788956e+003;1,979459e-003
3,789438e+003;1,968475e-003
3,789920e+003;1,984818e-003
3,790402e+003;2,021900e-003
3,790884e+003;2,069006e-003
3,791366e+003;2,113786e-003
3,791849e+003;2,147549e-003
3,792331e+003;2,166863e-003
3,792813e+003;2,174089e-003
3,793295e+003;2,174055e-003
3,793777e+003;2,172324e-003
3,794259e+003;2,172257e-003
3,794741e+003;2,173956e-003
3,795223e+003;2,174821e-003
3,795706e+003;2,171624e-003
3,796188e+003;2,163133e-003
3,796670e+003;2,151412e-003
3,797152e+003;2,141356e-003
3,797634e+003;2,137759e-003
3,798116e+003;2,144086e-003
3,798598e+003;2,161068e-003
3,799080e+003;2,187442e-003
3,799563e+003;2,219180e-003
3,800044e+003;2,250720e-003
3,800527e+003;2,275933e-003
3,801009e+003;2,290922e-003
3,801491e+003;2,296085e-003
3,801973e+003;2,295785e-003
3,802455e+003;2,294953e-003
3,802937e+003;2,296385e-003
3,803419e+003;2,300215e-003
3,803901e+003;2,304945e-003
3,804384e+003;2,308476e-003
3,804866e+003;2,308276e-003
3,805348e+003;2,302880e-003
3,805830e+003;2,292354e-003
3,806312e+003;2,279297e-003
3,806794e+003;2,268239e-003
3,807276e+003;2,263110e-003
3,807758e+003;2,265641e-003
3,808240e+003;2,274367e-003
3,808723e+003;2,286059e-003
3,809205e+003;2,296551e-003
3,809687e+003;2,302214e-003
3,810169e+003;2,300082e-003
3,810651e+003;2,289123e-003
3,811133e+003;2,269571e-003
3,811615e+003;2,243559e-003
3,812097e+003;2,213685e-003
3,812580e+003;2,182014e-003
3,813062e+003;2,150047e-003
3,813544e+003;2,118281e-003
3,814026e+003;2,087117e-003
3,814508e+003;2,057986e-003
3,814990e+003;2,033817e-003
3,815472e+003;2,018604e-003
3,815954e+003;2,015841e-003
3,816437e+003;2,026660e-003
3,816919e+003;2,050129e-003
3,817401e+003;2,084953e-003
3,817883e+003;2,130767e-003
3,818365e+003;2,188042e-003
3,818847e+003;2,256215e-003
3,819329e+003;2,332661e-003
3,819811e+003;2,407887e-003
3,820293e+003;2,467031e-003
3,820776e+003;2,495356e-003
3,821258e+003;2,487924e-003
3,821740e+003;2,453035e-003
3,822222e+003;2,405121e-003
3,822704e+003;2,357013e-003
3,823186e+003;2,314672e-003
3,823668e+003;2,278731e-003
3,824150e+003;2,245590e-003
3,824633e+003;2,209688e-003
3,825115e+003;2,165897e-003
3,825597e+003;2,112221e-003
3,826079e+003;2,051328e-003
3,826561e+003;1,991209e-003
3,827043e+003;1,940849e-003
3,827525e+003;1,907169e-003
3,828007e+003;1,892592e-003
3,828490e+003;1,895122e-003
3,828971e+003;1,909166e-003
3,829454e+003;1,927836e-003
3,829936e+003;1,944943e-003
3,830418e+003;1,955527e-003
3,830900e+003;1,957258e-003
3,831382e+003;1,950535e-003
3,831864e+003;1,937388e-003
3,832346e+003;1,920181e-003
3,832828e+003;1,901345e-003
3,833311e+003;1,882975e-003
3,833793e+003;1,868033e-003
3,834275e+003;1,860247e-003
3,834757e+003;1,864539e-003
3,835239e+003;1,884739e-003
3,835721e+003;1,922877e-003
3,836203e+003;1,976530e-003
3,836685e+003;2,039210e-003
3,837167e+003;2,101034e-003
3,837650e+003;2,152644e-003
3,838132e+003;2,188874e-003
3,838614e+003;2,209688e-003
3,839096e+003;2,219346e-003
3,839578e+003;2,221911e-003
3,840060e+003;2,219346e-003
3,840542e+003;2,210387e-003
3,841024e+003;2,192205e-003
3,841507e+003;2,162067e-003
3,841989e+003;2,120379e-003
3,842471e+003;2,070803e-003
3,842953e+003;2,020235e-003
3,843435e+003;1,975731e-003
3,843917e+003;1,941848e-003
3,844399e+003;1,919116e-003
3,844881e+003;1,904240e-003
3,845364e+003;1,891960e-003
3,845846e+003;1,878316e-003
3,846328e+003;1,861910e-003
3,846810e+003;1,845140e-003
3,847292e+003;1,832695e-003
3,847774e+003;1,830798e-003
3,848256e+003;1,845006e-003
3,848738e+003;1,878216e-003
3,849220e+003;1,930266e-003
3,849703e+003;1,997433e-003
3,850185e+003;2,074998e-003
3,850667e+003;2,156740e-003
3,851149e+003;2,235765e-003
3,851631e+003;2,304512e-003
3,852113e+003;2,353315e-003
3,852595e+003;2,373137e-003
3,853077e+003;2,361577e-003
3,853560e+003;2,324699e-003
3,854042e+003;2,274634e-003
3,854524e+003;2,220578e-003
3,855006e+003;2,167462e-003
3,855488e+003;2,117648e-003
3,855970e+003;2,072468e-003
3,856452e+003;2,033817e-003
3,856934e+003;2,003491e-003
3,857417e+003;1,982521e-003
3,857898e+003;1,970571e-003
3,858381e+003;1,965279e-003
3,858863e+003;1,962583e-003
3,859345e+003;1,957524e-003
3,859827e+003;1,945742e-003
3,860309e+003;1,924508e-003
3,860791e+003;1,894223e-003
3,861273e+003;1,859115e-003
3,861755e+003;1,826340e-003
3,862238e+003;1,803914e-003
3,862720e+003;1,799056e-003
3,863202e+003;1,814993e-003
3,863684e+003;1,850164e-003
3,864166e+003;1,897218e-003
3,864648e+003;1,946175e-003
3,865130e+003;1,987514e-003
3,865612e+003;2,015808e-003
3,866094e+003;2,029989e-003
3,866577e+003;2,032153e-003
3,867059e+003;2,025495e-003
3,867541e+003;2,013045e-003
3,868023e+003;1,997500e-003
3,868505e+003;1,980956e-003
3,868987e+003;1,965146e-003
3,869469e+003;1,951134e-003
3,869951e+003;1,938919e-003
3,870434e+003;1,927570e-003
3,870916e+003;1,915822e-003
3,871398e+003;1,903175e-003
3,871880e+003;1,889830e-003
3,872362e+003;1,877185e-003
3,872844e+003;1,867568e-003
3,873326e+003;1,864306e-003
3,873808e+003;1,870263e-003
3,874291e+003;1,886735e-003
3,874773e+003;1,912893e-003
3,875255e+003;1,946041e-003
3,875737e+003;1,983253e-003
3,876219e+003;2,021267e-003
3,876701e+003;2,057120e-003
3,877183e+003;2,087916e-003
3,877665e+003;2,110423e-003
3,878147e+003;2,122276e-003
3,878630e+003;2,122443e-003
3,879112e+003;2,113453e-003
3,879594e+003;2,100901e-003
3,880076e+003;2,092511e-003
3,880558e+003;2,094275e-003
3,881040e+003;2,107460e-003
3,881522e+003;2,128703e-003
3,882004e+003;2,151911e-003
3,882487e+003;2,170792e-003
3,882969e+003;2,180183e-003
3,883451e+003;2,176853e-003
3,883933e+003;2,160369e-003
3,884415e+003;2,133897e-003
3,884897e+003;2,103831e-003
3,885379e+003;2,078328e-003
3,885861e+003;2,064078e-003
3,886344e+003;2,063013e-003
3,886825e+003;2,073500e-003
3,887308e+003;2,092710e-003
3,887790e+003;2,118081e-003
3,888272e+003;2,147216e-003
3,888754e+003;2,177818e-003
3,889236e+003;2,206691e-003
3,889718e+003;2,228139e-003
3,890200e+003;2,235665e-003
3,890682e+003;2,223709e-003
3,891165e+003;2,190373e-003
3,891647e+003;2,139591e-003
3,892129e+003;2,078993e-003
3,892611e+003;2,018671e-003
3,893093e+003;1,966145e-003
3,893575e+003;1,927303e-003
3,894057e+003;1,905006e-003
3,894539e+003;1,900346e-003
3,895021e+003;1,912793e-003
3,895504e+003;1,940650e-003
3,895986e+003;1,981855e-003
3,896468e+003;2,032852e-003
3,896950e+003;2,088981e-003
3,897432e+003;2,145451e-003
3,897914e+003;2,196101e-003
3,898396e+003;2,236032e-003
3,898878e+003;2,262210e-003
3,899361e+003;2,274201e-003
3,899843e+003;2,274234e-003
3,900325e+003;2,266241e-003
3,900807e+003;2,254983e-003
3,901289e+003;2,244291e-003
3,901771e+003;2,237131e-003
3,902253e+003;2,235266e-003
3,902735e+003;2,239429e-003
3,903218e+003;2,248355e-003
3,903700e+003;2,259179e-003
3,904182e+003;2,268006e-003
3,904664e+003;2,271004e-003
3,905146e+003;2,266540e-003
3,905628e+003;2,255482e-003
3,906110e+003;2,241594e-003
3,906592e+003;2,229437e-003
3,907074e+003;2,224209e-003
3,907557e+003;2,230270e-003
3,908039e+003;2,249021e-003
3,908521e+003;2,279197e-003
3,909003e+003;2,316637e-003
3,909485e+003;2,355513e-003
3,909967e+003;2,389262e-003
3,910449e+003;2,413018e-003
3,910931e+003;2,424346e-003
3,911414e+003;2,423747e-003
3,911896e+003;2,414150e-003
3,912378e+003;2,399657e-003
3,912860e+003;2,384298e-003
3,913342e+003;2,370805e-003
3,913824e+003;2,361077e-003
3,914306e+003;2,355713e-003
3,914788e+003;2,353981e-003
3,915271e+003;2,354614e-003
3,915752e+003;2,355414e-003
3,916235e+003;2,353748e-003
3,916717e+003;2,347318e-003
3,917199e+003;2,334893e-003
3,917681e+003;2,317104e-003
3,918163e+003;2,296651e-003
3,918645e+003;2,278065e-003
3,919127e+003;2,265674e-003
3,919609e+003;2,263609e-003
3,920092e+003;2,273402e-003
3,920574e+003;2,294153e-003
3,921056e+003;2,322034e-003
3,921538e+003;2,352449e-003
3,922020e+003;2,380267e-003
3,922502e+003;2,400723e-003
3,922984e+003;2,411452e-003
3,923466e+003;2,411952e-003
3,923948e+003;2,405188e-003
3,924431e+003;2,395526e-003
3,924913e+003;2,388696e-003
3,925395e+003;2,388729e-003
3,925877e+003;2,397258e-003
3,926359e+003;2,413118e-003
3,926841e+003;2,433076e-003
3,927323e+003;2,453035e-003
3,927805e+003;2,468730e-003
3,928288e+003;2,477661e-003
3,928770e+003;2,478694e-003
3,929252e+003;2,473129e-003
3,929734e+003;2,463598e-003
3,930216e+003;2,453202e-003
3,930698e+003;2,443605e-003
3,931180e+003;2,435175e-003
3,931662e+003;2,426745e-003
3,932145e+003;2,417916e-003
3,932627e+003;2,409253e-003
3,933109e+003;2,403989e-003
3,933591e+003;2,406321e-003
3,934073e+003;2,419748e-003
3,934555e+003;2,445671e-003
3,935037e+003;2,481293e-003
3,935519e+003;2,520650e-003
3,936001e+003;2,555145e-003
3,936484e+003;2,576676e-003
3,936966e+003;2,579743e-003
3,937448e+003;2,563744e-003
3,937930e+003;2,533315e-003
3,938412e+003;2,497022e-003
3,938894e+003;2,463332e-003
3,939376e+003;2,439840e-003
3,939858e+003;2,429344e-003
3,940341e+003;2,431310e-003
3,940823e+003;2,442039e-003
3,941305e+003;2,456801e-003
3,941787e+003;2,472096e-003
3,942269e+003;2,486192e-003
3,942751e+003;2,499855e-003
3,943233e+003;2,514618e-003
3,943715e+003;2,531448e-003
3,944198e+003;2,549979e-003
3,944679e+003;2,567877e-003
3,945162e+003;2,581609e-003
3,945644e+003;2,588309e-003
3,946126e+003;2,585476e-003
3,946608e+003;2,572943e-003
3,947090e+003;2,552412e-003
3,947572e+003;2,527949e-003
3,948054e+003;2,504487e-003
3,948536e+003;2,486125e-003
3,949019e+003;2,475161e-003
3,949501e+003;2,471596e-003
3,949983e+003;2,472995e-003
3,950465e+003;2,475695e-003
3,950947e+003;2,476228e-003
3,951429e+003;2,472596e-003
3,951911e+003;2,464665e-003
3,952393e+003;2,454235e-003
3,952875e+003;2,444871e-003
3,953358e+003;2,440906e-003
3,953840e+003;2,445538e-003
3,954322e+003;2,460533e-003
3,954804e+003;2,485459e-003
3,955286e+003;2,517584e-003
3,955768e+003;2,552778e-003
3,956250e+003;2,586043e-003
3,956732e+003;2,613076e-003
3,957215e+003;2,630210e-003
3,957697e+003;2,635410e-003
3,958179e+003;2,628109e-003
3,958661e+003;2,609476e-003
3,959143e+003;2,582109e-003
3,959625e+003;2,550245e-003
3,960107e+003;2,519217e-003
3,960589e+003;2,494556e-003
3,961072e+003;2,480926e-003
3,961554e+003;2,480993e-003
3,962036e+003;2,494023e-003
3,962518e+003;2,516318e-003
3,963000e+003;2,542480e-003
3,963482e+003;2,566511e-003
3,963964e+003;2,583643e-003
3,964446e+003;2,591542e-003
3,964928e+003;2,589742e-003
3,965411e+003;2,579976e-003
3,965893e+003;2,564877e-003
3,966375e+003;2,547746e-003
3,966857e+003;2,531415e-003
3,967339e+003;2,517984e-003
3,967821e+003;2,509619e-003
3,968303e+003;2,507853e-003
3,968785e+003;2,513318e-003
3,969268e+003;2,526216e-003
3,969750e+003;2,545513e-003
3,970232e+003;2,569210e-003
3,970714e+003;2,594076e-003
3,971196e+003;2,617676e-003
3,971678e+003;2,637377e-003
3,972160e+003;2,652612e-003
3,972642e+003;2,663880e-003
3,973125e+003;2,672914e-003
3,973606e+003;2,682049e-003
3,974089e+003;2,693385e-003
3,974571e+003;2,707621e-003
3,975053e+003;2,724559e-003
3,975535e+003;2,742131e-003
3,976017e+003;2,757736e-003
3,976499e+003;2,768473e-003
3,976981e+003;2,771541e-003
3,977463e+003;2,765472e-003
3,977946e+003;2,750367e-003
3,978428e+003;2,728560e-003
3,978910e+003;2,704020e-003
3,979392e+003;2,682116e-003
3,979874e+003;2,668714e-003
3,980356e+003;2,668147e-003
3,980838e+003;2,683149e-003
3,981320e+003;2,712856e-003
3,981802e+003;2,753368e-003
3,982285e+003;2,798586e-003
3,982767e+003;2,841140e-003
3,983249e+003;2,874593e-003
3,983731e+003;2,894739e-003
3,984213e+003;2,899676e-003
3,984695e+003;2,890670e-003
3,985177e+003;2,870757e-003
3,985659e+003;2,844342e-003
3,986142e+003;2,815727e-003
3,986624e+003;2,788381e-003
3,987106e+003;2,764405e-003
3,987588e+003;2,744231e-003
3,988070e+003;2,727493e-003
3,988552e+003;2,713156e-003
3,989034e+003;2,700553e-003
3,989516e+003;2,690051e-003
3,989999e+003;2,682116e-003
3,990481e+003;2,678649e-003
3,990963e+003;2,680616e-003
3,991445e+003;2,689017e-003
3,991927e+003;2,703120e-003
3,992409e+003;2,721625e-003
3,992891e+003;2,741564e-003
3,993373e+003;2,760303e-003
3,993855e+003;2,774976e-003
3,994338e+003;2,783712e-003
3,994820e+003;2,784880e-003
3,995302e+003;2,778210e-003
3,995784e+003;2,764205e-003
3,996266e+003;2,744231e-003
3,996748e+003;2,720824e-003
3,997230e+003;2,697586e-003
3,997712e+003;2,679149e-003
3,998195e+003;2,669647e-003
3,998677e+003;2,671647e-003
3,999159e+003;2,685016e-003
3,999641e+003;2,706054e-003
4,000123e+003;2,728627e-003
