3,996748e+002;0,000000e+000
4,001569e+002;1,884971e-001
4,006390e+002;1,883519e-001
4,011211e+002;1,891542e-001
4,016032e+002;1,900345e-001
4,020854e+002;1,905512e-001
4,025675e+002;1,907968e-001
4,030496e+002;1,911281e-001
4,035317e+002;1,918420e-001
4,040138e+002;1,928932e-001
4,044959e+002;1,938737e-001
4,049781e+002;1,941562e-001
4,054602e+002;1,932977e-001
4,059423e+002;1,913368e-001
4,064244e+002;1,888473e-001
4,069065e+002;1,866170e-001
4,073886e+002;1,853032e-001
4,078708e+002;1,851479e-001
4,083529e+002;1,859670e-001
4,088350e+002;1,873280e-001
4,093171e+002;1,888305e-001
4,097992e+002;1,903288e-001
4,102813e+002;1,919446e-001
4,107635e+002;1,938932e-001
4,112456e+002;1,962364e-001
4,117277e+002;1,987194e-001
4,122098e+002;2,008288e-001
4,126919e+002;2,020115e-001
4,131740e+002;2,019688e-001
4,136562e+002;2,008725e-001
4,141383e+002;1,993100e-001
4,146204e+002;1,980072e-001
4,151025e+002;1,974608e-001
4,155846e+002;1,978294e-001
4,160667e+002;1,989101e-001
4,165489e+002;2,003111e-001
4,170310e+002;2,015961e-001
4,175131e+002;2,025121e-001
4,179952e+002;2,030862e-001
4,184773e+002;2,035393e-001
4,189594e+002;2,039463e-001
4,194416e+002;2,040154e-001
4,199237e+002;2,032965e-001
4,204058e+002;2,016444e-001
4,208879e+002;1,993666e-001
4,213700e+002;1,971121e-001
4,218521e+002;1,955551e-001
4,223343e+002;1,952541e-001
4,228164e+002;1,964053e-001
4,232985e+002;1,987551e-001
4,237806e+002;2,016318e-001
4,242627e+002;2,042400e-001
4,247448e+002;2,060277e-001
4,252270e+002;2,069186e-001
4,257091e+002;2,072707e-001
4,261912e+002;2,075861e-001
4,266733e+002;2,082074e-001
4,271554e+002;2,091564e-001
4,276375e+002;2,101894e-001
4,281197e+002;2,109841e-001
4,286018e+002;2,113708e-001
4,290839e+002;2,114239e-001
4,295660e+002;2,114304e-001
4,300481e+002;2,116960e-001
4,305302e+002;2,123746e-001
4,310124e+002;2,133540e-001
4,314945e+002;2,143237e-001
4,319766e+002;2,149438e-001
4,324587e+002;2,150698e-001
4,329408e+002;2,148213e-001
4,334229e+002;2,145099e-001
4,339051e+002;2,144320e-001
4,343872e+002;2,147305e-001
4,348693e+002;2,153032e-001
4,353514e+002;2,158930e-001
4,358335e+002;2,162401e-001
4,363156e+002;2,162849e-001
4,367978e+002;2,162114e-001
4,372799e+002;2,163383e-001
4,377620e+002;2,168851e-001
4,382441e+002;2,178437e-001
4,387262e+002;2,189706e-001
4,392083e+002;2,199426e-001
4,396905e+002;2,205165e-001
4,401726e+002;2,206876e-001
4,406547e+002;2,206977e-001
4,411368e+002;2,209395e-001
4,416189e+002;2,217254e-001
4,421010e+002;2,230930e-001
4,425832e+002;2,247594e-001
4,430653e+002;2,262662e-001
4,435474e+002;2,272561e-001
4,440295e+002;2,276656e-001
4,445116e+002;2,277461e-001
4,449937e+002;2,278766e-001
4,454759e+002;2,283337e-001
4,459580e+002;2,291159e-001
4,464401e+002;2,299568e-001
4,469222e+002;2,304878e-001
4,474043e+002;2,304949e-001
4,478864e+002;2,300713e-001
4,483686e+002;2,296055e-001
4,488507e+002;2,295437e-001
4,493328e+002;2,301915e-001
4,498149e+002;2,315406e-001
4,502970e+002;2,333029e-001
4,507791e+002;2,350358e-001
4,512613e+002;2,363929e-001
4,517434e+002;2,372693e-001
4,522255e+002;2,378539e-001
4,527076e+002;2,384612e-001
4,531897e+002;2,393108e-001
4,536718e+002;2,403430e-001
4,541540e+002;2,412617e-001
4,546361e+002;2,416833e-001
4,551182e+002;2,413890e-001
4,556003e+002;2,404708e-001
4,560824e+002;2,393646e-001
4,565645e+002;2,386893e-001
4,570467e+002;2,389648e-001
4,575288e+002;2,403149e-001
4,580109e+002;2,423370e-001
4,584930e+002;2,443197e-001
4,589751e+002;2,456786e-001
4,594572e+002;2,462953e-001
4,599394e+002;2,464549e-001
4,604215e+002;2,466041e-001
4,609036e+002;2,470641e-001
4,613857e+002;2,479144e-001
4,618678e+002;2,489677e-001
4,623499e+002;2,499285e-001
4,628321e+002;2,505854e-001
4,633142e+002;2,509893e-001
4,637963e+002;2,514380e-001
4,642784e+002;2,523273e-001
4,647606e+002;2,539106e-001
4,652427e+002;2,561930e-001
4,657248e+002;2,589007e-001
4,662069e+002;2,616301e-001
4,666890e+002;2,639862e-001
4,671711e+002;2,657769e-001
4,676533e+002;2,670563e-001
4,681354e+002;2,680307e-001
4,686175e+002;2,688705e-001
4,690996e+002;2,695906e-001
4,695817e+002;2,700639e-001
4,700638e+002;2,701458e-001
4,705460e+002;2,698251e-001
4,710281e+002;2,693230e-001
4,715102e+002;2,690165e-001
4,719923e+002;2,692885e-001
4,724744e+002;2,702909e-001
4,729565e+002;2,718396e-001
4,734387e+002;2,735097e-001
4,739208e+002;2,749080e-001
4,744029e+002;2,759030e-001
4,748850e+002;2,766492e-001
4,753671e+002;2,774524e-001
4,758492e+002;2,785541e-001
4,763314e+002;2,799909e-001
4,768135e+002;2,815562e-001
4,772956e+002;2,829083e-001
4,777777e+002;2,837695e-001
4,782598e+002;2,841221e-001
4,787419e+002;2,842306e-001
4,792241e+002;2,845053e-001
4,797062e+002;2,852397e-001
4,801883e+002;2,864603e-001
4,806704e+002;2,878698e-001
4,811525e+002;2,890080e-001
4,816346e+002;2,894470e-001
4,821168e+002;2,890564e-001
4,825989e+002;2,880565e-001
4,830810e+002;2,869134e-001
4,835631e+002;2,860554e-001
4,840452e+002;2,856777e-001
4,845273e+002;2,856514e-001
4,850095e+002;2,856586e-001
4,854916e+002;2,854036e-001
4,859737e+002;2,848363e-001
4,864558e+002;2,841845e-001
4,869379e+002;2,838342e-001
4,874200e+002;2,840908e-001
4,879022e+002;2,850171e-001
4,883843e+002;2,864026e-001
4,888664e+002;2,878808e-001
4,893485e+002;2,891242e-001
4,898306e+002;2,900058e-001
4,903127e+002;2,906649e-001
4,907949e+002;2,914089e-001
4,912770e+002;2,925191e-001
4,917591e+002;2,940618e-001
4,922412e+002;2,958468e-001
4,927233e+002;2,975273e-001
4,932054e+002;2,988271e-001
4,936876e+002;2,996873e-001
4,941697e+002;3,003049e-001
4,946518e+002;3,009858e-001
4,951339e+002;3,019882e-001
4,956160e+002;3,033705e-001
4,960981e+002;3,049971e-001
4,965803e+002;3,066400e-001
4,970624e+002;3,081529e-001
4,975445e+002;3,095737e-001
4,980266e+002;3,111202e-001
4,985087e+002;3,130275e-001
4,989908e+002;3,154004e-001
4,994730e+002;3,180952e-001
4,999551e+002;3,207707e-001
5,004372e+002;3,230075e-001
5,009193e+002;3,245659e-001
5,014014e+002;3,255417e-001
5,018835e+002;3,263821e-001
5,023657e+002;3,276314e-001
5,028478e+002;3,296458e-001
5,033299e+002;3,323976e-001
5,038120e+002;3,355196e-001
5,042941e+002;3,384934e-001
5,047762e+002;3,409324e-001
5,052584e+002;3,427658e-001
5,057405e+002;3,442364e-001
5,062226e+002;3,457610e-001
5,067047e+002;3,476849e-001
5,071868e+002;3,501248e-001
5,076689e+002;3,529038e-001
5,081511e+002;3,556870e-001
5,086332e+002;3,581611e-001
5,091153e+002;3,602099e-001
5,095974e+002;3,619093e-001
5,100795e+002;3,634093e-001
5,105616e+002;3,647833e-001
5,110438e+002;3,659514e-001
5,115259e+002;3,667147e-001
5,120080e+002;3,669144e-001
5,124901e+002;3,665650e-001
5,129722e+002;3,659178e-001
5,134543e+002;3,653491e-001
5,139365e+002;3,652160e-001
5,144186e+002;3,656528e-001
5,149007e+002;3,665172e-001
5,153828e+002;3,674218e-001
5,158649e+002;3,679361e-001
5,163470e+002;3,677622e-001
5,168292e+002;3,668728e-001
5,173113e+002;3,654692e-001
5,177934e+002;3,638246e-001
5,182755e+002;3,620822e-001
5,187576e+002;3,601812e-001
5,192397e+002;3,579318e-001
5,197219e+002;3,551977e-001
5,202040e+002;3,520393e-001
5,206861e+002;3,487358e-001
5,211682e+002;3,456486e-001
5,216503e+002;3,430498e-001
5,221324e+002;3,409990e-001
5,226146e+002;3,393104e-001
5,230967e+002;3,376372e-001
5,235788e+002;3,356260e-001
5,240609e+002;3,330854e-001
5,245430e+002;3,300441e-001
5,250251e+002;3,267235e-001
5,255073e+002;3,233871e-001
5,259894e+002;3,202151e-001
5,264715e+002;3,172162e-001
5,269536e+002;3,142804e-001
5,274357e+002;3,112944e-001
5,279178e+002;3,082604e-001
5,284000e+002;3,053105e-001
5,288821e+002;3,026495e-001
5,293642e+002;3,004254e-001
5,298463e+002;2,986597e-001
5,303284e+002;2,972125e-001
5,308105e+002;2,958566e-001
5,312927e+002;2,943628e-001
5,317748e+002;2,926210e-001
5,322569e+002;2,906719e-001
5,327390e+002;2,886583e-001
5,332211e+002;2,867225e-001
5,337032e+002;2,849214e-001
5,341854e+002;2,832061e-001
5,346675e+002;2,814712e-001
5,351496e+002;2,796428e-001
5,356317e+002;2,777504e-001
5,361138e+002;2,759301e-001
5,365959e+002;2,743693e-001
5,370781e+002;2,732063e-001
5,375602e+002;2,724567e-001
5,380423e+002;2,720100e-001
5,385244e+002;2,716892e-001
5,390065e+002;2,713564e-001
5,394886e+002;2,709717e-001
5,399708e+002;2,706087e-001
5,404529e+002;2,703881e-001
5,409350e+002;2,703936e-001
5,414171e+002;2,706006e-001
5,418992e+002;2,708810e-001
5,423813e+002;2,710667e-001
5,428635e+002;2,710573e-001
5,433456e+002;2,708816e-001
5,438277e+002;2,706974e-001
5,443098e+002;2,706995e-001
5,447919e+002;2,710327e-001
5,452740e+002;2,716915e-001
5,457562e+002;2,725201e-001
5,462383e+002;2,732658e-001
5,467204e+002;2,737145e-001
5,472025e+002;2,737810e-001
5,476846e+002;2,735349e-001
5,481667e+002;2,731362e-001
5,486489e+002;2,727525e-001
5,491310e+002;2,724874e-001
5,496131e+002;2,723565e-001
5,500952e+002;2,723338e-001
5,505773e+002;2,724111e-001
5,510594e+002;2,726313e-001
5,515416e+002;2,730766e-001
5,520237e+002;2,738025e-001
5,525058e+002;2,747743e-001
5,529879e+002;2,758366e-001
5,534700e+002;2,767622e-001
5,539521e+002;2,773357e-001
5,544343e+002;2,774468e-001
5,549164e+002;2,771501e-001
5,553985e+002;2,766351e-001
5,558806e+002;2,761390e-001
5,563627e+002;2,758261e-001
5,568448e+002;2,757459e-001
5,573270e+002;2,758319e-001
5,578091e+002;2,759788e-001
5,582912e+002;2,761112e-001
5,587733e+002;2,762379e-001
5,592554e+002;2,764286e-001
5,597375e+002;2,767533e-001
5,602197e+002;2,772126e-001
5,607018e+002;2,777164e-001
5,611839e+002;2,781157e-001
5,616660e+002;2,782964e-001
5,621481e+002;2,782435e-001
5,626302e+002;2,780693e-001
5,631124e+002;2,779470e-001
5,635945e+002;2,780321e-001
5,640766e+002;2,783622e-001
5,645587e+002;2,788406e-001
5,650408e+002;2,792753e-001
5,655229e+002;2,794926e-001
5,660051e+002;2,794350e-001
5,664872e+002;2,791982e-001
5,669693e+002;2,789798e-001
5,674514e+002;2,789807e-001
5,679335e+002;2,792979e-001
5,684156e+002;2,798710e-001
5,688978e+002;2,805139e-001
5,693799e+002;2,810111e-001
5,698620e+002;2,812372e-001
5,703441e+002;2,811985e-001
5,708262e+002;2,810162e-001
5,713083e+002;2,808374e-001
5,717905e+002;2,807631e-001
5,722726e+002;2,807964e-001
5,727547e+002;2,808691e-001
5,732368e+002;2,808998e-001
5,737189e+002;2,808601e-001
5,742010e+002;2,807948e-001
5,746832e+002;2,807923e-001
5,751653e+002;2,809137e-001
5,756474e+002;2,811423e-001
5,761295e+002;2,813694e-001
5,766116e+002;2,814589e-001
5,770938e+002;2,813180e-001
5,775759e+002;2,809711e-001
5,780580e+002;2,805426e-001
5,785401e+002;2,802051e-001
5,790222e+002;2,800804e-001
5,795043e+002;2,801845e-001
5,799865e+002;2,804224e-001
5,804686e+002;2,806531e-001
5,809507e+002;2,807695e-001
5,814328e+002;2,807726e-001
5,819149e+002;2,807704e-001
5,823970e+002;2,809167e-001
5,828792e+002;2,813135e-001
5,833613e+002;2,819429e-001
5,838434e+002;2,826589e-001
5,843255e+002;2,832541e-001
5,848076e+002;2,835637e-001
5,852897e+002;2,835329e-001
5,857719e+002;2,832445e-001
5,862540e+002;2,828604e-001
5,867361e+002;2,825374e-001
5,872182e+002;2,823446e-001
5,877003e+002;2,822572e-001
5,881824e+002;2,821936e-001
5,886646e+002;2,820917e-001
5,891467e+002;2,819557e-001
5,896288e+002;2,818621e-001
5,901109e+002;2,819075e-001
5,905930e+002;2,821478e-001
5,910751e+002;2,825432e-001
5,915573e+002;2,829716e-001
5,920394e+002;2,832795e-001
5,925215e+002;2,833784e-001
5,930036e+002;2,832884e-001
5,934857e+002;2,831258e-001
5,939678e+002;2,830183e-001
5,944500e+002;2,830334e-001
5,949321e+002;2,831248e-001
5,954142e+002;2,831606e-001
5,958963e+002;2,829804e-001
5,963784e+002;2,824912e-001
5,968605e+002;2,817188e-001
5,973427e+002;2,808018e-001
5,978248e+002;2,799198e-001
5,983069e+002;2,792107e-001
5,987890e+002;2,787260e-001
5,992711e+002;2,784224e-001
5,997532e+002;2,782118e-001
6,002354e+002;2,780257e-001
6,007175e+002;2,778628e-001
6,011996e+002;2,777809e-001
6,016817e+002;2,778508e-001
6,021638e+002;2,780950e-001
6,026459e+002;2,784600e-001
6,031281e+002;2,788313e-001
6,036102e+002;2,790914e-001
6,040923e+002;2,791671e-001
6,045744e+002;2,790709e-001
6,050565e+002;2,788770e-001
6,055386e+002;2,786769e-001
6,060208e+002;2,785178e-001
6,065029e+002;2,783827e-001
6,069850e+002;2,782081e-001
6,074671e+002;2,779374e-001
6,079492e+002;2,775597e-001
6,084313e+002;2,771263e-001
6,089135e+002;2,767155e-001
6,093956e+002;2,763879e-001
6,098777e+002;2,761425e-001
6,103598e+002;2,759217e-001
6,108419e+002;2,756465e-001
6,113240e+002;2,752820e-001
6,118062e+002;2,748719e-001
6,122883e+002;2,745317e-001
6,127704e+002;2,743804e-001
6,132525e+002;2,744732e-001
6,137346e+002;2,747448e-001
6,142167e+002;2,750315e-001
6,146989e+002;2,751178e-001
6,151810e+002;2,748428e-001
6,156631e+002;2,741764e-001
6,161452e+002;2,732345e-001
6,166273e+002;2,722229e-001
6,171094e+002;2,713351e-001
6,175916e+002;2,706820e-001
6,180737e+002;2,702517e-001
6,185558e+002;2,699522e-001
6,190379e+002;2,696823e-001
6,195200e+002;2,694034e-001
6,200021e+002;2,691525e-001
6,204843e+002;2,690091e-001
6,209664e+002;2,690284e-001
6,214485e+002;2,691939e-001
6,219306e+002;2,694082e-001
6,224127e+002;2,695408e-001
6,228948e+002;2,694796e-001
6,233770e+002;2,691931e-001
6,238591e+002;2,687312e-001
6,243412e+002;2,681918e-001
6,248233e+002;2,676513e-001
6,253054e+002;2,671281e-001
6,257875e+002;2,665818e-001
6,262697e+002;2,659626e-001
6,267518e+002;2,652675e-001
6,272339e+002;2,645775e-001
6,277160e+002;2,640261e-001
6,281981e+002;2,637486e-001
6,286802e+002;2,637989e-001
6,291624e+002;2,641091e-001
6,296445e+002;2,644963e-001
6,301266e+002;2,647410e-001
6,306087e+002;2,646764e-001
6,310908e+002;2,642496e-001
6,315729e+002;2,635382e-001
6,320551e+002;2,626986e-001
6,325372e+002;2,618909e-001
6,330193e+002;2,612006e-001
6,335014e+002;2,606274e-001
6,339835e+002;2,601086e-001
6,344656e+002;2,595805e-001
6,349478e+002;2,590217e-001
6,354299e+002;2,584705e-001
6,359120e+002;2,579941e-001
6,363941e+002;2,576460e-001
6,368762e+002;2,574279e-001
6,373583e+002;2,572933e-001
6,378405e+002;2,571729e-001
6,383226e+002;2,570252e-001
6,388047e+002;2,568544e-001
6,392868e+002;2,567036e-001
6,397689e+002;2,566150e-001
6,402510e+002;2,565917e-001
6,407332e+002;2,565760e-001
6,412153e+002;2,564758e-001
6,416974e+002;2,562024e-001
6,421795e+002;2,557242e-001
6,426616e+002;2,550825e-001
6,431437e+002;2,543727e-001
6,436259e+002;2,536871e-001
6,441080e+002;2,530729e-001
6,445901e+002;2,525111e-001
6,450722e+002;2,519409e-001
6,455543e+002;2,513055e-001
6,460364e+002;2,505983e-001
6,465186e+002;2,498723e-001
6,470007e+002;2,492194e-001
6,474828e+002;2,487124e-001
6,479649e+002;2,483577e-001
6,484470e+002;2,480836e-001
6,489291e+002;2,477738e-001
6,494113e+002;2,473295e-001
6,498934e+002;2,467175e-001
6,503755e+002;2,459883e-001
6,508576e+002;2,452417e-001
6,513397e+002;2,445727e-001
6,518218e+002;2,440148e-001
6,523040e+002;2,435324e-001
6,527861e+002;2,430499e-001
6,532682e+002;2,425103e-001
6,537503e+002;2,419157e-001
6,542324e+002;2,413367e-001
6,547145e+002;2,408669e-001
6,551967e+002;2,405719e-001
6,556788e+002;2,404339e-001
6,561609e+002;2,403514e-001
6,566431e+002;2,401716e-001
6,571251e+002;2,397739e-001
6,576073e+002;2,391182e-001
6,580894e+002;2,382671e-001
6,585715e+002;2,373449e-001
6,590536e+002;2,364844e-001
6,595358e+002;2,357645e-001
6,600178e+002;2,351854e-001
6,605000e+002;2,346904e-001
6,609821e+002;2,342150e-001
6,614642e+002;2,337304e-001
6,619463e+002;2,332556e-001
6,624285e+002;2,328333e-001
6,629105e+002;2,324913e-001
6,633927e+002;2,322107e-001
6,638748e+002;2,319317e-001
6,643569e+002;2,315808e-001
6,648390e+002;2,311101e-001
6,653212e+002;2,305209e-001
6,658032e+002;2,298675e-001
6,662854e+002;2,292372e-001
6,667675e+002;2,287086e-001
6,672496e+002;2,283094e-001
6,677317e+002;2,279670e-001
6,682139e+002;2,275464e-001
6,686959e+002;2,269541e-001
6,691781e+002;2,262420e-001
6,696602e+002;2,255451e-001
6,701423e+002;2,249726e-001
6,706244e+002;2,245482e-001
6,711066e+002;2,242236e-001
6,715886e+002;2,239042e-001
6,720708e+002;2,234957e-001
6,725529e+002;2,229381e-001
6,730350e+002;2,222386e-001
6,735171e+002;2,214645e-001
6,739993e+002;2,207143e-001
6,744813e+002;2,200564e-001
6,749635e+002;2,194957e-001
6,754456e+002;2,189743e-001
6,759277e+002;2,184102e-001
6,764098e+002;2,177449e-001
6,768920e+002;2,169801e-001
6,773740e+002;2,161750e-001
6,778562e+002;2,154169e-001
6,783383e+002;2,147759e-001
6,788204e+002;2,142720e-001
6,793025e+002;2,138776e-001
6,797847e+002;2,135428e-001
6,802667e+002;2,132299e-001
6,807489e+002;2,129277e-001
6,812310e+002;2,126484e-001
6,817131e+002;2,123989e-001
6,821952e+002;2,121540e-001
6,826774e+002;2,118552e-001
6,831594e+002;2,114304e-001
6,836416e+002;2,108344e-001
6,841237e+002;2,100846e-001
6,846058e+002;2,092636e-001
6,850879e+002;2,084871e-001
6,855701e+002;2,078421e-001
6,860521e+002;2,073496e-001
6,865343e+002;2,069498e-001
6,870164e+002;2,065369e-001
6,874985e+002;2,060055e-001
6,879806e+002;2,053127e-001
6,884628e+002;2,044992e-001
6,889448e+002;2,036710e-001
6,894270e+002;2,029383e-001
6,899091e+002;2,023678e-001
6,903912e+002;2,019520e-001
6,908733e+002;2,016269e-001
6,913555e+002;2,013052e-001
6,918375e+002;2,009233e-001
6,923197e+002;2,004661e-001
6,928018e+002;1,999555e-001
6,932839e+002;1,994203e-001
6,937660e+002;1,988652e-001
6,942482e+002;1,982599e-001
6,947302e+002;1,975576e-001
6,952124e+002;1,967309e-001
6,956945e+002;1,958004e-001
6,961766e+002;1,948358e-001
6,966587e+002;1,939338e-001
6,971409e+002;1,931738e-001
6,976229e+002;1,925778e-001
6,981051e+002;1,921061e-001
6,985872e+002;1,916784e-001
6,990693e+002;1,912218e-001
6,995514e+002;1,907038e-001
7,000336e+002;1,901494e-001
7,005156e+002;1,896189e-001
7,009978e+002;1,891749e-001
7,014799e+002;1,888391e-001
7,019620e+002;1,885817e-001
7,024441e+002;1,883319e-001
7,029263e+002;1,880175e-001
7,034083e+002;1,875910e-001
7,038905e+002;1,870497e-001
7,043726e+002;1,864230e-001
7,048547e+002;1,857477e-001
7,053368e+002;1,850416e-001
7,058190e+002;1,842962e-001
7,063010e+002;1,834903e-001
7,067832e+002;1,826177e-001
7,072653e+002;1,817046e-001
7,077474e+002;1,808117e-001
7,082295e+002;1,800077e-001
7,087117e+002;1,793400e-001
7,091937e+002;1,788132e-001
7,096759e+002;1,783885e-001
7,101580e+002;1,780018e-001
7,106401e+002;1,775957e-001
7,111222e+002;1,771479e-001
7,116044e+002;1,766716e-001
7,120864e+002;1,762015e-001
7,125686e+002;1,757648e-001
7,130507e+002;1,753624e-001
7,135328e+002;1,749664e-001
7,140149e+002;1,745384e-001
7,144971e+002;1,740519e-001
7,149791e+002;1,735135e-001
7,154613e+002;1,729596e-001
7,159434e+002;1,724382e-001
7,164255e+002;1,719795e-001
7,169076e+002;1,715811e-001
7,173898e+002;1,712077e-001
7,178718e+002;1,708141e-001
7,183540e+002;1,703653e-001
7,188361e+002;1,698562e-001
7,193182e+002;1,693105e-001
7,198003e+002;1,687616e-001
7,202825e+002;1,682266e-001
7,207645e+002;1,676945e-001
7,212467e+002;1,671300e-001
7,217288e+002;1,664991e-001
7,222109e+002;1,657923e-001
7,226930e+002;1,650369e-001
7,231752e+002;1,642836e-001
7,236572e+002;1,635874e-001
7,241394e+002;1,629775e-001
7,246215e+002;1,624450e-001
7,251036e+002;1,619498e-001
7,255857e+002;1,614447e-001
7,260679e+002;1,609041e-001
7,265499e+002;1,603376e-001
7,270321e+002;1,597851e-001
7,275142e+002;1,592939e-001
7,279963e+002;1,588939e-001
7,284784e+002;1,585803e-001
7,289606e+002;1,583163e-001
7,294426e+002;1,580517e-001
7,299248e+002;1,577500e-001
7,304069e+002;1,573993e-001
7,308890e+002;1,570134e-001
7,313711e+002;1,566120e-001
7,318533e+002;1,562040e-001
7,323353e+002;1,557746e-001
7,328175e+002;1,552927e-001
7,332996e+002;1,547256e-001
7,337817e+002;1,540622e-001
7,342638e+002;1,533205e-001
7,347460e+002;1,525457e-001
7,352280e+002;1,517880e-001
7,357102e+002;1,510885e-001
7,361923e+002;1,504687e-001
7,366744e+002;1,499311e-001
7,371565e+002;1,494707e-001
7,376387e+002;1,490832e-001
7,381207e+002;1,487664e-001
7,386029e+002;1,485111e-001
7,390850e+002;1,482899e-001
7,395671e+002;1,480540e-001
7,400492e+002;1,477375e-001
7,405314e+002;1,472841e-001
7,410134e+002;1,466694e-001
7,414956e+002;1,459171e-001
7,419777e+002;1,450907e-001
7,424598e+002;1,442740e-001
7,429419e+002;1,435369e-001
7,434241e+002;1,429082e-001
7,439061e+002;1,423746e-001
7,443883e+002;1,418926e-001
7,448704e+002;1,414174e-001
7,453525e+002;1,409226e-001
7,458346e+002;1,404110e-001
7,463168e+002;1,399045e-001
7,467988e+002;1,394254e-001
7,472810e+002;1,389770e-001
7,477631e+002;1,385400e-001
7,482452e+002;1,380789e-001
7,487273e+002;1,375637e-001
7,492095e+002;1,369829e-001
7,496915e+002;1,363494e-001
7,501737e+002;1,356896e-001
7,506558e+002;1,350320e-001
7,511379e+002;1,343908e-001
7,516200e+002;1,337646e-001
7,521022e+002;1,331457e-001
7,525842e+002;1,325327e-001
7,530664e+002;1,319373e-001
7,535485e+002;1,313830e-001
7,540306e+002;1,308910e-001
7,545127e+002;1,304661e-001
7,549949e+002;1,300890e-001
7,554769e+002;1,297226e-001
7,559591e+002;1,293248e-001
7,564412e+002;1,288671e-001
7,569233e+002;1,283465e-001
7,574054e+002;1,277830e-001
7,578876e+002;1,272054e-001
7,583696e+002;1,266345e-001
7,588518e+002;1,260754e-001
7,593339e+002;1,255184e-001
7,598160e+002;1,249504e-001
7,602981e+002;1,243689e-001
7,607803e+002;1,237882e-001
7,612623e+002;1,232345e-001
7,617445e+002;1,227331e-001
7,622266e+002;1,222931e-001
7,627087e+002;1,219026e-001
7,631908e+002;1,215343e-001
7,636730e+002;1,211606e-001
7,641550e+002;1,207646e-001
7,646372e+002;1,203489e-001
7,651193e+002;1,199280e-001
7,656014e+002;1,195164e-001
7,660835e+002;1,191147e-001
7,665657e+002;1,187080e-001
7,670477e+002;1,182717e-001
7,675299e+002;1,177899e-001
7,680120e+002;1,172659e-001
7,684941e+002;1,167278e-001
7,689762e+002;1,162138e-001
7,694584e+002;1,157601e-001
7,699404e+002;1,153805e-001
7,704226e+002;1,150633e-001
7,709047e+002;1,147776e-001
7,713868e+002;1,144896e-001
7,718689e+002;1,141786e-001
7,723511e+002;1,138414e-001
7,728331e+002;1,134878e-001
7,733153e+002;1,131282e-001
7,737974e+002;1,127625e-001
7,742795e+002;1,123778e-001
7,747616e+002;1,119554e-001
7,752438e+002;1,114849e-001
7,757258e+002;1,109726e-001
7,762080e+002;1,104430e-001
7,766901e+002;1,099259e-001
7,771722e+002;1,094400e-001
7,776543e+002;1,089850e-001
7,781365e+002;1,085416e-001
7,786185e+002;1,080861e-001
7,791007e+002;1,076062e-001
7,795828e+002;1,071138e-001
7,800649e+002;1,066423e-001
7,805470e+002;1,062326e-001
7,810292e+002;1,059086e-001
7,815112e+002;1,056641e-001
7,819934e+002;1,054607e-001
7,824755e+002;1,052453e-001
7,829576e+002;1,049660e-001
7,834397e+002;1,045971e-001
7,839219e+002;1,041439e-001
7,844039e+002;1,036348e-001
7,848861e+002;1,031025e-001
7,853682e+002;1,025668e-001
7,858503e+002;1,020286e-001
7,863324e+002;1,014767e-001
7,868146e+002;1,009000e-001
7,872966e+002;1,003029e-001
7,877788e+002;9,970556e-002
7,882609e+002;9,913864e-002
7,887430e+002;9,862810e-002
7,892251e+002;9,818194e-002
7,897073e+002;9,778916e-002
7,901893e+002;9,742763e-002
7,906715e+002;9,708065e-002
7,911536e+002;9,674665e-002
7,916357e+002;9,644195e-002
7,921178e+002;9,619193e-002
7,926000e+002;9,601449e-002
7,930820e+002;9,590684e-002
7,935642e+002;9,584139e-002
7,940463e+002;9,577227e-002
7,945284e+002;9,565645e-002
7,950105e+002;9,546579e-002
7,954927e+002;9,519742e-002
7,959747e+002;9,487209e-002
7,964569e+002;9,452352e-002
7,969390e+002;9,418461e-002
7,974211e+002;9,387821e-002
7,979032e+002;9,361613e-002
7,983854e+002;9,339833e-002
7,988674e+002;9,321575e-002
7,993496e+002;9,304934e-002
7,998317e+002;9,287175e-002
8,003138e+002;9,264727e-002
8,007959e+002;9,233863e-002
8,012781e+002;9,192243e-002
8,017601e+002;9,139968e-002
8,022423e+002;9,080338e-002
8,027244e+002;9,018964e-002
8,032065e+002;8,962531e-002
8,036886e+002;8,915889e-002
8,041708e+002;8,880389e-002
8,046528e+002;8,853547e-002
8,051350e+002;8,830323e-002
8,056171e+002;8,805143e-002
8,060992e+002;8,774154e-002
8,065813e+002;8,736635e-002
8,070635e+002;8,694720e-002
8,075455e+002;8,652032e-002
8,080277e+002;8,611609e-002
8,085098e+002;8,575097e-002
8,089919e+002;8,542223e-002
8,094740e+002;8,511607e-002
8,099562e+002;8,481652e-002
8,104382e+002;8,451360e-002
8,109204e+002;8,420361e-002
8,114025e+002;8,388467e-002
8,118846e+002;8,355372e-002
8,123668e+002;8,320489e-002
8,128489e+002;8,283480e-002
8,133310e+002;8,244912e-002
8,138131e+002;8,206534e-002
8,142952e+002;8,170945e-002
8,147773e+002;8,140446e-002
8,152595e+002;8,116142e-002
8,157416e+002;8,097277e-002
8,162237e+002;8,081669e-002
8,167058e+002;8,066589e-002
8,171879e+002;8,050378e-002
8,176700e+002;8,033101e-002
8,181522e+002;8,016527e-002
8,186343e+002;8,002809e-002
8,191164e+002;7,993340e-002
8,195985e+002;7,987713e-002
8,200806e+002;7,983989e-002
8,205627e+002;7,979534e-002
8,210449e+002;7,972442e-002
8,215270e+002;7,962595e-002
8,220091e+002;7,951571e-002
8,224912e+002;7,941584e-002
8,229733e+002;7,934234e-002
8,234554e+002;7,929607e-002
8,239376e+002;7,926363e-002
8,244197e+002;7,922712e-002
8,249018e+002;7,917630e-002
8,253839e+002;7,911643e-002
8,258660e+002;7,906773e-002
8,263481e+002;7,905430e-002
8,268303e+002;7,908943e-002
8,273124e+002;7,917121e-002
8,277945e+002;7,928351e-002
8,282766e+002;7,940865e-002
8,287587e+002;7,954026e-002
8,292408e+002;7,969163e-002
8,297230e+002;7,988979e-002
8,302051e+002;8,016396e-002
8,306872e+002;8,052580e-002
8,311693e+002;8,096107e-002
8,316514e+002;8,143239e-002
8,321335e+002;8,189778e-002
8,326157e+002;8,232967e-002
8,330978e+002;8,273412e-002
8,335799e+002;8,315015e-002
8,340620e+002;8,364121e-002
8,345441e+002;8,426966e-002
8,350262e+002;8,507358e-002
8,355084e+002;8,606022e-002
8,359905e+002;8,720759e-002
8,364726e+002;8,847962e-002
8,369547e+002;8,984220e-002
8,374368e+002;9,127849e-002
8,379189e+002;9,278797e-002
8,384011e+002;9,438160e-002
8,388832e+002;9,607071e-002
8,393653e+002;9,786370e-002
8,398474e+002;9,976809e-002
8,403295e+002;1,017977e-001
8,408116e+002;1,039818e-001
8,412938e+002;1,063632e-001
8,417759e+002;1,089877e-001
8,422580e+002;1,118943e-001
8,427401e+002;1,151000e-001
8,432222e+002;1,185988e-001
8,437043e+002;1,223711e-001
8,441865e+002;1,264012e-001
8,446686e+002;1,306938e-001
8,451507e+002;1,352796e-001
8,456328e+002;1,402055e-001
8,461149e+002;1,455179e-001
8,465970e+002;1,512423e-001
8,470792e+002;1,573752e-001
8,475613e+002;1,638878e-001
8,480434e+002;1,707463e-001
8,485255e+002;1,779318e-001
8,490076e+002;1,854464e-001
8,494897e+002;1,933046e-001
8,499719e+002;2,015111e-001
8,504540e+002;2,100337e-001
8,509361e+002;2,188021e-001
8,514182e+002;2,277164e-001
8,519003e+002;2,366782e-001
8,523824e+002;2,456264e-001
8,528646e+002;2,545395e-001
8,533467e+002;2,634169e-001
8,538288e+002;2,722387e-001
8,543109e+002;2,809260e-001
8,547930e+002;2,893354e-001
8,552751e+002;2,972914e-001
8,557573e+002;3,046264e-001
8,562394e+002;3,112374e-001
8,567215e+002;3,170904e-001
8,572036e+002;3,221910e-001
8,576857e+002;3,265325e-001
8,581678e+002;3,300621e-001
8,586500e+002;3,326877e-001
8,591321e+002;3,343311e-001
8,596142e+002;3,349831e-001
8,600963e+002;3,347383e-001
8,605784e+002;3,337586e-001
8,610605e+002;3,322249e-001
8,615427e+002;3,302512e-001
8,620248e+002;3,278570e-001
8,625069e+002;3,249918e-001
8,629890e+002;3,216035e-001
8,634711e+002;3,177027e-001
8,639532e+002;3,133996e-001
8,644354e+002;3,088653e-001
8,649175e+002;3,042819e-001
8,653996e+002;2,997717e-001
8,658817e+002;2,953638e-001
8,663638e+002;2,910206e-001
8,668459e+002;2,866922e-001
8,673281e+002;2,823745e-001
8,678102e+002;2,781389e-001
8,682923e+002;2,741150e-001
8,687744e+002;2,704448e-001
8,692565e+002;2,672461e-001
8,697386e+002;2,645775e-001
8,702208e+002;2,624579e-001
8,707029e+002;2,608983e-001
8,711850e+002;2,599324e-001
8,716671e+002;2,596333e-001
8,721492e+002;2,600937e-001
8,726313e+002;2,613831e-001
8,731135e+002;2,635176e-001
8,735956e+002;2,664379e-001
8,740777e+002;2,700302e-001
8,745598e+002;2,741499e-001
8,750419e+002;2,786742e-001
8,755240e+002;2,835172e-001
8,760062e+002;2,886125e-001
8,764883e+002;2,938863e-001
8,769704e+002;2,992130e-001
8,774525e+002;3,043990e-001
8,779346e+002;3,092301e-001
8,784167e+002;3,135044e-001
8,788989e+002;3,170998e-001
8,793810e+002;3,199929e-001
8,798631e+002;3,222241e-001
8,803452e+002;3,238352e-001
8,808273e+002;3,248112e-001
8,813094e+002;3,250631e-001
8,817916e+002;3,244708e-001
8,822737e+002;3,229453e-001
8,827558e+002;3,204848e-001
8,832379e+002;3,171805e-001
8,837200e+002;3,131754e-001
8,842021e+002;3,085942e-001
8,846843e+002;3,034879e-001
8,851664e+002;2,978367e-001
8,856485e+002;2,915940e-001
8,861306e+002;2,847517e-001
8,866127e+002;2,773818e-001
8,870948e+002;2,696319e-001
8,875770e+002;2,616757e-001
8,880591e+002;2,536652e-001
8,885412e+002;2,456777e-001
8,890233e+002;2,377221e-001
8,895054e+002;2,297691e-001
8,899875e+002;2,217973e-001
8,904697e+002;2,138190e-001
8,909518e+002;2,058848e-001
8,914339e+002;1,980557e-001
8,919160e+002;1,903826e-001
8,923981e+002;1,828865e-001
8,928802e+002;1,755655e-001
8,933624e+002;1,684164e-001
8,938445e+002;1,614542e-001
8,943266e+002;1,547182e-001
8,948087e+002;1,482630e-001
8,952908e+002;1,421322e-001
8,957729e+002;1,363435e-001
8,962551e+002;1,308818e-001
8,967372e+002;1,257122e-001
8,972193e+002;1,207980e-001
8,977014e+002;1,161188e-001
8,981835e+002;1,116761e-001
8,986656e+002;1,074861e-001
8,991478e+002;1,035627e-001
8,996299e+002;9,990345e-002
9,001120e+002;9,648619e-002
9,005941e+002;9,327600e-002
9,010762e+002;9,024090e-002
9,015583e+002;8,736186e-002
9,020405e+002;8,463924e-002
9,025226e+002;8,208688e-002
9,030047e+002;7,971965e-002
9,034868e+002;7,754122e-002
9,039689e+002;7,554041e-002
9,044510e+002;7,369245e-002
9,049332e+002;7,197099e-002
9,054153e+002;7,035368e-002
9,058974e+002;6,882921e-002
9,063795e+002;6,739625e-002
9,068616e+002;6,605593e-002
9,073438e+002;6,480679e-002
9,078259e+002;6,364075e-002
9,083080e+002;6,254449e-002
9,087901e+002;6,150515e-002
9,092722e+002;6,051343e-002
9,097543e+002;5,956493e-002
9,102365e+002;5,865885e-002
9,107186e+002;5,779447e-002
9,112007e+002;5,696873e-002
9,116829e+002;5,617697e-002
9,121649e+002;5,541587e-002
9,126471e+002;5,468755e-002
9,131292e+002;5,399999e-002
9,136113e+002;5,336609e-002
9,140934e+002;5,279638e-002
9,145756e+002;5,229457e-002
9,150576e+002;5,185490e-002
9,155398e+002;5,146409e-002
9,160219e+002;5,110643e-002
9,165040e+002;5,076940e-002
9,169861e+002;5,044882e-002
9,174683e+002;5,014599e-002
9,179503e+002;4,986437e-002
9,184325e+002;4,960414e-002
9,189146e+002;4,935833e-002
9,193967e+002;4,911458e-002
9,198788e+002;4,886043e-002
9,203610e+002;4,858832e-002
9,208430e+002;4,830037e-002
9,213252e+002;4,800844e-002
9,218073e+002;4,772909e-002
9,222894e+002;4,747701e-002
9,227715e+002;4,726139e-002
9,232537e+002;4,708248e-002
9,237357e+002;4,693483e-002
9,242179e+002;4,680985e-002
9,247000e+002;4,669926e-002
9,251821e+002;4,659807e-002
9,256642e+002;4,650265e-002
9,261464e+002;4,641080e-002
9,266284e+002;4,631973e-002
9,271106e+002;4,622747e-002
9,275927e+002;4,613310e-002
9,280748e+002;4,603789e-002
9,285569e+002;4,594544e-002
9,290391e+002;4,585856e-002
9,295211e+002;4,577840e-002
9,300033e+002;4,570227e-002
9,304854e+002;4,562538e-002
9,309675e+002;4,554346e-002
9,314496e+002;4,545545e-002
9,319318e+002;4,536558e-002
9,324138e+002;4,528132e-002
9,328960e+002;4,520954e-002
9,333781e+002;4,515281e-002
9,338602e+002;4,510686e-002
9,343423e+002;4,506267e-002
9,348245e+002;4,501078e-002
9,353065e+002;4,494591e-002
9,357887e+002;4,487169e-002
9,362708e+002;4,479950e-002
9,367529e+002;4,474485e-002
9,372350e+002;4,472027e-002
9,377172e+002;4,473217e-002
9,381992e+002;4,477757e-002
9,386814e+002;4,484575e-002
9,391635e+002;4,492148e-002
9,396456e+002;4,498909e-002
9,401277e+002;4,503467e-002
9,406099e+002;4,504661e-002
9,410919e+002;4,501787e-002
9,415741e+002;4,494514e-002
9,420562e+002;4,483194e-002
9,425383e+002;4,468983e-002
9,430204e+002;4,453906e-002
9,435026e+002;4,440504e-002
9,439846e+002;4,431029e-002
9,444668e+002;4,426975e-002
9,449489e+002;4,428538e-002
9,454310e+002;4,434710e-002
9,459131e+002;4,443800e-002
9,463953e+002;4,454457e-002
9,468773e+002;4,466214e-002
9,473595e+002;4,479686e-002
9,478416e+002;4,496164e-002
9,483237e+002;4,516744e-002
9,488058e+002;4,541425e-002
9,492880e+002;4,568689e-002
9,497700e+002;4,595593e-002
9,502522e+002;4,618664e-002
9,507343e+002;4,635107e-002
9,512164e+002;4,643561e-002
9,516985e+002;4,644649e-002
9,521807e+002;4,640777e-002
9,526627e+002;4,635590e-002
9,531449e+002;4,632829e-002
9,536270e+002;4,635763e-002
9,541091e+002;4,646647e-002
9,545912e+002;4,666200e-002
9,550734e+002;4,693505e-002
9,555554e+002;4,726069e-002
9,560376e+002;4,760440e-002
9,565197e+002;4,792555e-002
9,570018e+002;4,818948e-002
9,574839e+002;4,837707e-002
9,579661e+002;4,849072e-002
9,584481e+002;4,855330e-002
9,589303e+002;4,860025e-002
9,594124e+002;4,866907e-002
9,598945e+002;4,878161e-002
9,603766e+002;4,894024e-002
9,608588e+002;4,912712e-002
9,613408e+002;4,931683e-002
9,618230e+002;4,948757e-002
9,623051e+002;4,963394e-002
9,627872e+002;4,976861e-002
9,632693e+002;4,991790e-002
9,637515e+002;5,010810e-002
9,642335e+002;5,035308e-002
9,647157e+002;5,064964e-002
9,651978e+002;5,097969e-002
9,656799e+002;5,131949e-002
9,661620e+002;5,164870e-002
9,666442e+002;5,196050e-002
9,671262e+002;5,225902e-002
9,676084e+002;5,255649e-002
9,680905e+002;5,286351e-002
9,685726e+002;5,318584e-002
9,690547e+002;5,352359e-002
9,695369e+002;5,387492e-002
9,700189e+002;5,424110e-002
9,705011e+002;5,462803e-002
9,709832e+002;5,504385e-002
9,714653e+002;5,549402e-002
9,719474e+002;5,597663e-002
9,724296e+002;5,648286e-002
9,729116e+002;5,699971e-002
9,733938e+002;5,751920e-002
9,738759e+002;5,804258e-002
9,743580e+002;5,858111e-002
9,748401e+002;5,914882e-002
9,753223e+002;5,975507e-002
9,758043e+002;6,039605e-002
9,762865e+002;6,105461e-002
9,767686e+002;6,170603e-002
9,772507e+002;6,233009e-002
9,777328e+002;6,292135e-002
9,782150e+002;6,349273e-002
9,786970e+002;6,406921e-002
9,791792e+002;6,467798e-002
9,796613e+002;6,533672e-002
9,801434e+002;6,604695e-002
9,806255e+002;6,679787e-002
9,811077e+002;6,757455e-002
9,815897e+002;6,836931e-002
9,820719e+002;6,918611e-002
9,825540e+002;7,003782e-002
9,830361e+002;7,093719e-002
9,835182e+002;7,188692e-002
9,840004e+002;7,287520e-002
9,844824e+002;7,388000e-002
9,849646e+002;7,487859e-002
9,854467e+002;7,586116e-002
9,859288e+002;7,683798e-002
9,864109e+002;7,783749e-002
9,868931e+002;7,889350e-002
9,873751e+002;8,003455e-002
9,878573e+002;8,127339e-002
9,883394e+002;8,260478e-002
9,888215e+002;8,401243e-002
9,893036e+002;8,547907e-002
9,897858e+002;8,699456e-002
9,902678e+002;8,855777e-002
9,907500e+002;9,017206e-002
9,912321e+002;9,183937e-002
9,917142e+002;9,355608e-002
9,921963e+002;9,531617e-002
9,926785e+002;9,711765e-002
9,931605e+002;9,897065e-002
9,936427e+002;1,008974e-001
9,941248e+002;1,029282e-001
9,946069e+002;1,050886e-001
9,950890e+002;1,073879e-001
9,955712e+002;1,098159e-001
9,960532e+002;1,123492e-001
9,965354e+002;1,149668e-001
9,970175e+002;1,176624e-001
9,974996e+002;1,204538e-001
9,979817e+002;1,233760e-001
9,984639e+002;1,264676e-001
9,989459e+002;1,297520e-001
9,994281e+002;1,332277e-001
9,999102e+002;1,368706e-001
1,000392e+003;1,406513e-001
1,000874e+003;1,445494e-001
1,001357e+003;1,485682e-001
1,001839e+003;1,527320e-001
1,002321e+003;1,570752e-001
1,002803e+003;1,616228e-001
1,003285e+003;1,663822e-001
1,003767e+003;1,713435e-001
1,004249e+003;1,764960e-001
1,004731e+003;1,818439e-001
1,005214e+003;1,874165e-001
1,005696e+003;1,932588e-001
1,006178e+003;1,994149e-001
1,006660e+003;2,059041e-001
1,007142e+003;2,127125e-001
1,007624e+003;2,197984e-001
1,008106e+003;2,271183e-001
1,008588e+003;2,346543e-001
1,009070e+003;2,424250e-001
1,009552e+003;2,504755e-001
1,010035e+003;2,588463e-001
1,010517e+003;2,675437e-001
1,010999e+003;2,765284e-001
1,011481e+003;2,857291e-001
1,011963e+003;2,950807e-001
1,012445e+003;3,045685e-001
1,012927e+003;3,142411e-001
1,013409e+003;3,241897e-001
1,013892e+003;3,344895e-001
1,014374e+003;3,451536e-001
1,014856e+003;3,561075e-001
1,015338e+003;3,672226e-001
1,015820e+003;3,783704e-001
1,016302e+003;3,894995e-001
1,016784e+003;4,006563e-001
1,017266e+003;4,119579e-001
1,017749e+003;4,235019e-001
1,018231e+003;4,352928e-001
1,018713e+003;4,472050e-001
1,019195e+003;4,590405e-001
1,019677e+003;4,706110e-001
1,020159e+003;4,818503e-001
1,020641e+003;4,928427e-001
1,021123e+003;5,037796e-001
1,021605e+003;5,148263e-001
1,022088e+003;5,260075e-001
1,022570e+003;5,371611e-001
1,023052e+003;5,480104e-001
1,023534e+003;5,582998e-001
1,024016e+003;5,679289e-001
1,024498e+003;5,770028e-001
1,024980e+003;5,857633e-001
1,025462e+003;5,944321e-001
1,025944e+003;6,030536e-001
1,026427e+003;6,114554e-001
1,026909e+003;6,193203e-001
1,027391e+003;6,263692e-001
1,027873e+003;6,324846e-001
1,028355e+003;6,377669e-001
1,028837e+003;6,424225e-001
1,029319e+003;6,466120e-001
1,029801e+003;6,502997e-001
1,030284e+003;6,532522e-001
1,030766e+003;6,551491e-001
1,031248e+003;6,557909e-001
1,031730e+003;6,552148e-001
1,032212e+003;6,536965e-001
1,032694e+003;6,515731e-001
1,033176e+003;6,490882e-001
1,033658e+003;6,462492e-001
1,034141e+003;6,428701e-001
1,034623e+003;6,387017e-001
1,035105e+003;6,336303e-001
1,035587e+003;6,277686e-001
1,036069e+003;6,214219e-001
1,036551e+003;6,149101e-001
1,037033e+003;6,084155e-001
1,037515e+003;6,018965e-001
1,037997e+003;5,951425e-001
1,038479e+003;5,879068e-001
1,038962e+003;5,800708e-001
1,039444e+003;5,717182e-001
1,039926e+003;5,630901e-001
1,040408e+003;5,544438e-001
1,040890e+003;5,459130e-001
1,041372e+003;5,374655e-001
1,041854e+003;5,289459e-001
1,042336e+003;5,201954e-001
1,042819e+003;5,111579e-001
1,043301e+003;5,019255e-001
1,043783e+003;4,926846e-001
1,044265e+003;4,836138e-001
1,044747e+003;4,747820e-001
1,045229e+003;4,661335e-001
1,045711e+003;4,575376e-001
1,046193e+003;4,488946e-001
1,046676e+003;4,402016e-001
1,047158e+003;4,315742e-001
1,047640e+003;4,231736e-001
1,048122e+003;4,151293e-001
1,048604e+003;4,074556e-001
1,049086e+003;4,000499e-001
1,049568e+003;3,927431e-001
1,050050e+003;3,854004e-001
1,050532e+003;3,779795e-001
1,051015e+003;3,705487e-001
1,051497e+003;3,632278e-001
1,051979e+003;3,561218e-001
1,052461e+003;3,492563e-001
1,052943e+003;3,425739e-001
1,053425e+003;3,359759e-001
1,053907e+003;3,293929e-001
1,054389e+003;3,228322e-001
1,054871e+003;3,163802e-001
1,055354e+003;3,101518e-001
1,055836e+003;3,042336e-001
1,056318e+003;2,986435e-001
1,056800e+003;2,933317e-001
1,057282e+003;2,882245e-001
1,057764e+003;2,832796e-001
1,058246e+003;2,785228e-001
1,058728e+003;2,740456e-001
1,059211e+003;2,699583e-001
1,059693e+003;2,663292e-001
1,060175e+003;2,631554e-001
1,060657e+003;2,603597e-001
1,061139e+003;2,578367e-001
1,061621e+003;2,555006e-001
1,062103e+003;2,533340e-001
1,062585e+003;2,513891e-001
1,063068e+003;2,497586e-001
1,063550e+003;2,485172e-001
1,064032e+003;2,476903e-001
1,064514e+003;2,472421e-001
1,064996e+003;2,471055e-001
1,065478e+003;2,472199e-001
1,065960e+003;2,475724e-001
1,066442e+003;2,481994e-001
1,066924e+003;2,491680e-001
1,067406e+003;2,505302e-001
1,067889e+003;2,522931e-001
1,068371e+003;2,544143e-001
1,068853e+003;2,568328e-001
1,069335e+003;2,595053e-001
1,069817e+003;2,624401e-001
1,070299e+003;2,656951e-001
1,070781e+003;2,693485e-001
1,071263e+003;2,734491e-001
1,071746e+003;2,779823e-001
1,072228e+003;2,828636e-001
1,072710e+003;2,879774e-001
1,073192e+003;2,932370e-001
1,073674e+003;2,986197e-001
1,074156e+003;3,041791e-001
1,074638e+003;3,100027e-001
1,075120e+003;3,161548e-001
1,075603e+003;3,226214e-001
1,076085e+003;3,292997e-001
1,076567e+003;3,360297e-001
1,077049e+003;3,426706e-001
1,077531e+003;3,491402e-001
1,078013e+003;3,554322e-001
1,078495e+003;3,615730e-001
1,078977e+003;3,675543e-001
1,079459e+003;3,732820e-001
1,079942e+003;3,785822e-001
1,080424e+003;3,832383e-001
1,080906e+003;3,870851e-001
1,081388e+003;3,900561e-001
1,081870e+003;3,921770e-001
1,082352e+003;3,935032e-001
1,082834e+003;3,940501e-001
1,083316e+003;3,937480e-001
1,083798e+003;3,924778e-001
1,084281e+003;3,901332e-001
1,084763e+003;3,867065e-001
1,085245e+003;3,823105e-001
1,085727e+003;3,771457e-001
1,086209e+003;3,714041e-001
1,086691e+003;3,651921e-001
1,087173e+003;3,585121e-001
1,087655e+003;3,513003e-001
1,088138e+003;3,435038e-001
1,088620e+003;3,351438e-001
1,089102e+003;3,263278e-001
1,089584e+003;3,172117e-001
1,090066e+003;3,079312e-001
1,090548e+003;2,985463e-001
1,091030e+003;2,890455e-001
1,091512e+003;2,793860e-001
1,091995e+003;2,695541e-001
1,092477e+003;2,596028e-001
1,092959e+003;2,496481e-001
1,093441e+003;2,398216e-001
1,093923e+003;2,302283e-001
1,094405e+003;2,209045e-001
1,094887e+003;2,118271e-001
1,095369e+003;2,029454e-001
1,095851e+003;1,942251e-001
1,096333e+003;1,856691e-001
1,096816e+003;1,773150e-001
1,097298e+003;1,692052e-001
1,097780e+003;1,613627e-001
1,098262e+003;1,537766e-001
1,098744e+003;1,464159e-001
1,099226e+003;1,392549e-001
1,099708e+003;1,323003e-001
1,100190e+003;1,255960e-001
1,100673e+003;1,192127e-001
1,101155e+003;1,132128e-001
1,101637e+003;1,076295e-001
1,102119e+003;1,024547e-001
1,102601e+003;9,764895e-002
1,103083e+003;9,316200e-002
1,103565e+003;8,895392e-002
1,104047e+003;8,500753e-002
1,104530e+003;8,132254e-002
1,105012e+003;7,790203e-002
1,105494e+003;7,474003e-002
1,105976e+003;7,181451e-002
1,106458e+003;6,909415e-002
1,106940e+003;6,655124e-002
1,107422e+003;6,417067e-002
1,107904e+003;6,195547e-002
1,108386e+003;5,991916e-002
1,108869e+003;5,807382e-002
1,109351e+003;5,641808e-002
1,109833e+003;5,493245e-002
1,110315e+003;5,358341e-002
1,110797e+003;5,233575e-002
1,111279e+003;5,115981e-002
1,111761e+003;5,003979e-002
1,112243e+003;4,897284e-002
1,112725e+003;4,796333e-002
1,113208e+003;4,701590e-002
1,113690e+003;4,613442e-002
1,114172e+003;4,532155e-002
1,114654e+003;4,458256e-002
1,115136e+003;4,392676e-002
1,115618e+003;4,336398e-002
1,116100e+003;4,289756e-002
1,116582e+003;4,251644e-002
1,117065e+003;4,219159e-002
1,117547e+003;4,188133e-002
1,118029e+003;4,153833e-002
1,118511e+003;4,112744e-002
1,118993e+003;4,063685e-002
1,119475e+003;4,008279e-002
1,119957e+003;3,950322e-002
1,120439e+003;3,894701e-002
1,120922e+003;3,846098e-002
1,121404e+003;3,807321e-002
1,121886e+003;3,779176e-002
1,122368e+003;3,760293e-002
1,122850e+003;3,747920e-002
1,123332e+003;3,738396e-002
1,123814e+003;3,728174e-002
1,124296e+003;3,714521e-002
1,124778e+003;3,695754e-002
1,125260e+003;3,671596e-002
1,125743e+003;3,643221e-002
1,126225e+003;3,613003e-002
1,126707e+003;3,583759e-002
1,127189e+003;3,558139e-002
1,127671e+003;3,537728e-002
1,128153e+003;3,522690e-002
1,128635e+003;3,511847e-002
1,129117e+003;3,503316e-002
1,129600e+003;3,495479e-002
1,130082e+003;3,487569e-002
1,130564e+003;3,479975e-002
1,131046e+003;3,473769e-002
1,131528e+003;3,470151e-002
1,132010e+003;3,469545e-002
1,132492e+003;3,471325e-002
1,132974e+003;3,473977e-002
1,133457e+003;3,475779e-002
1,133939e+003;3,475481e-002
1,134421e+003;3,472822e-002
1,134903e+003;3,468407e-002
1,135385e+003;3,463444e-002
1,135867e+003;3,458862e-002
1,136349e+003;3,454955e-002
1,136831e+003;3,451227e-002
1,137313e+003;3,446682e-002
1,137796e+003;3,440401e-002
1,138278e+003;3,431956e-002
1,138760e+003;3,421630e-002
1,139242e+003;3,410292e-002
1,139724e+003;3,399215e-002
1,140206e+003;3,389613e-002
1,140688e+003;3,382589e-002
1,141170e+003;3,379079e-002
1,141652e+003;3,379641e-002
1,142135e+003;3,384405e-002
1,142617e+003;3,392855e-002
1,143099e+003;3,403830e-002
1,143581e+003;3,415468e-002
1,144063e+003;3,425785e-002
1,144545e+003;3,433276e-002
1,145027e+003;3,437403e-002
1,145509e+003;3,438902e-002
1,145992e+003;3,439490e-002
1,146474e+003;3,441259e-002
1,146956e+003;3,445721e-002
1,147438e+003;3,453236e-002
1,147920e+003;3,462902e-002
1,148402e+003;3,473127e-002
1,148884e+003;3,482205e-002
1,149366e+003;3,489213e-002
1,149849e+003;3,494284e-002
1,150331e+003;3,498428e-002
1,150813e+003;3,502968e-002
1,151295e+003;3,508869e-002
1,151777e+003;3,516485e-002
1,152259e+003;3,525508e-002
1,152741e+003;3,535474e-002
1,153223e+003;3,546172e-002
1,153705e+003;3,557906e-002
1,154188e+003;3,571429e-002
1,154670e+003;3,587545e-002
1,155152e+003;3,606670e-002
1,155634e+003;3,628612e-002
1,156116e+003;3,652605e-002
1,156598e+003;3,677730e-002
1,157080e+003;3,703128e-002
1,157562e+003;3,728361e-002
1,158044e+003;3,753338e-002
1,158527e+003;3,778011e-002
1,159009e+003;3,802214e-002
1,159491e+003;3,825511e-002
1,159973e+003;3,847343e-002
1,160455e+003;3,867430e-002
1,160937e+003;3,885993e-002
1,161419e+003;3,903941e-002
1,161901e+003;3,922516e-002
1,162384e+003;3,943091e-002
1,162866e+003;3,966692e-002
1,163348e+003;3,993735e-002
1,163830e+003;4,024208e-002
1,164312e+003;4,057762e-002
1,164794e+003;4,093949e-002
1,165276e+003;4,132261e-002
1,165758e+003;4,172121e-002
1,166240e+003;4,212719e-002
1,166723e+003;4,253044e-002
1,167205e+003;4,292107e-002
1,167687e+003;4,329325e-002
1,168169e+003;4,364900e-002
1,168651e+003;4,399906e-002
1,169133e+003;4,436130e-002
1,169615e+003;4,475399e-002
1,170097e+003;4,518840e-002
1,170579e+003;4,566528e-002
1,171062e+003;4,617437e-002
1,171544e+003;4,669878e-002
1,172026e+003;4,722165e-002
1,172508e+003;4,773371e-002
1,172990e+003;4,823565e-002
1,173472e+003;4,873690e-002
1,173954e+003;4,925039e-002
1,174436e+003;4,978752e-002
1,174919e+003;5,035527e-002
1,175401e+003;5,095420e-002
1,175883e+003;5,158213e-002
1,176365e+003;5,223597e-002
1,176847e+003;5,291295e-002
1,177329e+003;5,360980e-002
1,177811e+003;5,432140e-002
1,178293e+003;5,503997e-002
1,178776e+003;5,575558e-002
1,179258e+003;5,646105e-002
1,179740e+003;5,715460e-002
1,180222e+003;5,784202e-002
1,180704e+003;5,853409e-002
1,181186e+003;5,924182e-002
1,181668e+003;5,996972e-002
1,182150e+003;6,071305e-002
1,182632e+003;6,145774e-002
1,183115e+003;6,218741e-002
1,183597e+003;6,289040e-002
1,184079e+003;6,356480e-002
1,184561e+003;6,421965e-002
1,185043e+003;6,487138e-002
1,185525e+003;6,553777e-002
1,186007e+003;6,623022e-002
1,186489e+003;6,695277e-002
1,186971e+003;6,770290e-002
1,187454e+003;6,847555e-002
1,187936e+003;6,926671e-002
1,188418e+003;7,007450e-002
1,188900e+003;7,089748e-002
1,189382e+003;7,173228e-002
1,189864e+003;7,257094e-002
1,190346e+003;7,340244e-002
1,190828e+003;7,421576e-002
1,191311e+003;7,500376e-002
1,191793e+003;7,576493e-002
1,192275e+003;7,650290e-002
1,192757e+003;7,722127e-002
1,193239e+003;7,792097e-002
1,193721e+003;7,859953e-002
1,194203e+003;7,925273e-002
1,194685e+003;7,988083e-002
1,195167e+003;8,049078e-002
1,195650e+003;8,109500e-002
1,196132e+003;8,170710e-002
1,196614e+003;8,233292e-002
1,197096e+003;8,296593e-002
1,197578e+003;8,358702e-002
1,198060e+003;8,417401e-002
1,198542e+003;8,471011e-002
1,199024e+003;8,519266e-002
1,199506e+003;8,563389e-002
1,199989e+003;8,605319e-002
1,200471e+003;8,646367e-002
1,200953e+003;8,686204e-002
1,201435e+003;8,722465e-002
1,201917e+003;8,751581e-002
1,202399e+003;8,770269e-002
1,202881e+003;8,776730e-002
1,203363e+003;8,771648e-002
1,203846e+003;8,757722e-002
1,204328e+003;8,738742e-002
1,204810e+003;8,717795e-002
1,205292e+003;8,696768e-002
1,205774e+003;8,676011e-002
1,206256e+003;8,654964e-002
1,206738e+003;8,633035e-002
1,207220e+003;8,610000e-002
1,207703e+003;8,586051e-002
1,208185e+003;8,561210e-002
1,208667e+003;8,534846e-002
1,209149e+003;8,505589e-002
1,209631e+003;8,471704e-002
1,210113e+003;8,432011e-002
1,210595e+003;8,386486e-002
1,211077e+003;8,336432e-002
1,211559e+003;8,283728e-002
1,212042e+003;8,230136e-002
1,212524e+003;8,176253e-002
1,213006e+003;8,121450e-002
1,213488e+003;8,064263e-002
1,213970e+003;8,003363e-002
1,214452e+003;7,938267e-002
1,214934e+003;7,869662e-002
1,215416e+003;7,798874e-002
1,215898e+003;7,727131e-002
1,216381e+003;7,654970e-002
1,216863e+003;7,582045e-002
1,217345e+003;7,507669e-002
1,217827e+003;7,431645e-002
1,218309e+003;7,354709e-002
1,218791e+003;7,278775e-002
1,219273e+003;7,206200e-002
1,219755e+003;7,138811e-002
1,220238e+003;7,077239e-002
1,220720e+003;7,020690e-002
1,221202e+003;6,967411e-002
1,221684e+003;6,915340e-002
1,222166e+003;6,863055e-002
1,222648e+003;6,810152e-002
1,223130e+003;6,757049e-002
1,223612e+003;6,704556e-002
1,224094e+003;6,653433e-002
1,224577e+003;6,604181e-002
1,225059e+003;6,557121e-002
1,225541e+003;6,512679e-002
1,226023e+003;6,471664e-002
1,226505e+003;6,434967e-002
1,226987e+003;6,403477e-002
1,227469e+003;6,377566e-002
1,227951e+003;6,356971e-002
1,228434e+003;6,340906e-002
1,228916e+003;6,328557e-002
1,229398e+003;6,319397e-002
1,229880e+003;6,313404e-002
1,230362e+003;6,310859e-002
1,230844e+003;6,311925e-002
1,231326e+003;6,316178e-002
1,231808e+003;6,322639e-002
1,232291e+003;6,329937e-002
1,232773e+003;6,336949e-002
1,233255e+003;6,343402e-002
1,233737e+003;6,349979e-002
1,234219e+003;6,358029e-002
1,234701e+003;6,368890e-002
1,235183e+003;6,383345e-002
1,235665e+003;6,401211e-002
1,236147e+003;6,421704e-002
1,236630e+003;6,444006e-002
1,237112e+003;6,467864e-002
1,237594e+003;6,493956e-002
1,238076e+003;6,523513e-002
1,238558e+003;6,557653e-002
1,239040e+003;6,596695e-002
1,239522e+003;6,639794e-002
1,240004e+003;6,685263e-002
1,240486e+003;6,731127e-002
1,240969e+003;6,776042e-002
1,241451e+003;6,819738e-002
1,241933e+003;6,862857e-002
1,242415e+003;6,906307e-002
1,242897e+003;6,950555e-002
1,243379e+003;6,995152e-002
1,243861e+003;7,038921e-002
1,244343e+003;7,080407e-002
1,244826e+003;7,118746e-002
1,245308e+003;7,154095e-002
1,245790e+003;7,187464e-002
1,246272e+003;7,220209e-002
1,246754e+003;7,253291e-002
1,247236e+003;7,286905e-002
1,247718e+003;7,320599e-002
1,248200e+003;7,353814e-002
1,248682e+003;7,386398e-002
1,249165e+003;7,418868e-002
1,249647e+003;7,452134e-002
1,250129e+003;7,486792e-002
1,250611e+003;7,522532e-002
1,251093e+003;7,557806e-002
1,251575e+003;7,590303e-002
1,252057e+003;7,617876e-002
1,252539e+003;7,639295e-002
1,253021e+003;7,654689e-002
1,253504e+003;7,665302e-002
1,253986e+003;7,672647e-002
1,254468e+003;7,677656e-002
1,254950e+003;7,680164e-002
1,255432e+003;7,679214e-002
1,255914e+003;7,673778e-002
1,256396e+003;7,663507e-002
1,256878e+003;7,649212e-002
1,257361e+003;7,632441e-002
1,257843e+003;7,614792e-002
1,258325e+003;7,597031e-002
1,258807e+003;7,578786e-002
1,259289e+003;7,558785e-002
1,259771e+003;7,535809e-002
1,260253e+003;7,509623e-002
1,260735e+003;7,481217e-002
1,261218e+003;7,452457e-002
1,261700e+003;7,424945e-002
1,262182e+003;7,399224e-002
1,262664e+003;7,374377e-002
1,263146e+003;7,348390e-002
1,263628e+003;7,319156e-002
1,264110e+003;7,285487e-002
1,264592e+003;7,247560e-002
1,265074e+003;7,206614e-002
1,265557e+003;7,164227e-002
1,266039e+003;7,121713e-002
1,266521e+003;7,079595e-002
1,267003e+003;7,037842e-002
1,267485e+003;6,996401e-002
1,267967e+003;6,955498e-002
1,268449e+003;6,915779e-002
1,268931e+003;6,877975e-002
1,269413e+003;6,842306e-002
1,269896e+003;6,808179e-002
1,270378e+003;6,774209e-002
1,270860e+003;6,738905e-002
1,271342e+003;6,701347e-002
1,271824e+003;6,661779e-002
1,272306e+003;6,621622e-002
1,272788e+003;6,583089e-002
1,273270e+003;6,548140e-002
1,273753e+003;6,517927e-002
1,274235e+003;6,492505e-002
1,274717e+003;6,471086e-002
1,275199e+003;6,452577e-002
1,275681e+003;6,436039e-002
1,276163e+003;6,421132e-002
1,276645e+003;6,407881e-002
1,277127e+003;6,396473e-002
1,277609e+003;6,386930e-002
1,278092e+003;6,379104e-002
1,278574e+003;6,372807e-002
1,279056e+003;6,368149e-002
1,279538e+003;6,365698e-002
1,280020e+003;6,366254e-002
1,280502e+003;6,370535e-002
1,280984e+003;6,378690e-002
1,281466e+003;6,390062e-002
1,281948e+003;6,403396e-002
1,282431e+003;6,417218e-002
1,282913e+003;6,430528e-002
1,283395e+003;6,443064e-002
1,283877e+003;6,455403e-002
1,284359e+003;6,468429e-002
1,284841e+003;6,482925e-002
1,285323e+003;6,499132e-002
1,285805e+003;6,516745e-002
1,286288e+003;6,535120e-002
1,286770e+003;6,553803e-002
1,287252e+003;6,572838e-002
1,287734e+003;6,592695e-002
1,288216e+003;6,614012e-002
1,288698e+003;6,637195e-002
1,289180e+003;6,662180e-002
1,289662e+003;6,688475e-002
1,290145e+003;6,715531e-002
1,290627e+003;6,743103e-002
1,291109e+003;6,771348e-002
1,291591e+003;6,800687e-002
1,292073e+003;6,831292e-002
1,292555e+003;6,862745e-002
1,293037e+003;6,893785e-002
1,293519e+003;6,922804e-002
1,294001e+003;6,948354e-002
1,294484e+003;6,969804e-002
1,294966e+003;6,987718e-002
1,295448e+003;7,003677e-002
1,295930e+003;7,019778e-002
1,296412e+003;7,037752e-002
1,296894e+003;7,058669e-002
1,297376e+003;7,082731e-002
1,297858e+003;7,109632e-002
1,298340e+003;7,138952e-002
1,298823e+003;7,170476e-002
1,299305e+003;7,204115e-002
1,299787e+003;7,239714e-002
1,300269e+003;7,276761e-002
1,300751e+003;7,314368e-002
1,301233e+003;7,351612e-002
1,301715e+003;7,388094e-002
1,302197e+003;7,424336e-002
1,302680e+003;7,461894e-002
1,303162e+003;7,502699e-002
1,303644e+003;7,548560e-002
1,304126e+003;7,600284e-002
1,304608e+003;7,657444e-002
1,305090e+003;7,718593e-002
1,305572e+003;7,781953e-002
1,306054e+003;7,846121e-002
1,306536e+003;7,910438e-002
1,307019e+003;7,974911e-002
1,307501e+003;8,039851e-002
1,307983e+003;8,105271e-002
1,308465e+003;8,170806e-002
1,308947e+003;8,235966e-002
1,309429e+003;8,300500e-002
1,309911e+003;8,364964e-002
1,310393e+003;8,430579e-002
1,310875e+003;8,498734e-002
1,311358e+003;8,570125e-002
1,311840e+003;8,644083e-002
1,312322e+003;8,718552e-002
1,312804e+003;8,790682e-002
1,313286e+003;8,857960e-002
1,313768e+003;8,919392e-002
1,314250e+003;8,975965e-002
1,314732e+003;9,030168e-002
1,315215e+003;9,084734e-002
1,315697e+003;9,141669e-002
1,316179e+003;9,201584e-002
1,316661e+003;9,263677e-002
1,317143e+003;9,326306e-002
1,317625e+003;9,387883e-002
1,318107e+003;9,447422e-002
1,318589e+003;9,504621e-002
1,319072e+003;9,559476e-002
1,319554e+003;9,611904e-002
1,320036e+003;9,661539e-002
1,320518e+003;9,707990e-002
1,321000e+003;9,751235e-002
1,321482e+003;9,791975e-002
1,321964e+003;9,831373e-002
1,322446e+003;9,870628e-002
1,322928e+003;9,910242e-002
1,323411e+003;9,949652e-002
1,323893e+003;9,987301e-002
1,324375e+003;1,002140e-001
1,324857e+003;1,005078e-001
1,325339e+003;1,007541e-001
1,325821e+003;1,009643e-001
1,326303e+003;1,011549e-001
1,326785e+003;1,013393e-001
1,327267e+003;1,015209e-001
1,327750e+003;1,016936e-001
1,328232e+003;1,018464e-001
1,328714e+003;1,019717e-001
1,329196e+003;1,020702e-001
1,329678e+003;1,021498e-001
1,330160e+003;1,022209e-001
1,330642e+003;1,022884e-001
1,331124e+003;1,023486e-001
1,331607e+003;1,023906e-001
1,332089e+003;1,024024e-001
1,332571e+003;1,023790e-001
1,333053e+003;1,023258e-001
1,333535e+003;1,022559e-001
1,334017e+003;1,021819e-001
1,334499e+003;1,021098e-001
1,334981e+003;1,020347e-001
1,335464e+003;1,019449e-001
1,335946e+003;1,018282e-001
1,336428e+003;1,016813e-001
1,336910e+003;1,015122e-001
1,337392e+003;1,013381e-001
1,337874e+003;1,011735e-001
1,338356e+003;1,010201e-001
1,338838e+003;1,008607e-001
1,339320e+003;1,006667e-001
1,339802e+003;1,004120e-001
1,340285e+003;1,000885e-001
1,340767e+003;9,971282e-002
1,341249e+003;9,931723e-002
1,341731e+003;9,893449e-002
1,342213e+003;9,858431e-002
1,342695e+003;9,827288e-002
1,343177e+003;9,799481e-002
1,343659e+003;9,774160e-002
1,344142e+003;9,750895e-002
1,344624e+003;9,729939e-002
1,345106e+003;9,712084e-002
1,345588e+003;9,697980e-002
1,346070e+003;9,687473e-002
1,346552e+003;9,679352e-002
1,347034e+003;9,671780e-002
1,347516e+003;9,663198e-002
1,347999e+003;9,652960e-002
1,348481e+003;9,641883e-002
1,348963e+003;9,631786e-002
1,349445e+003;9,624834e-002
1,349927e+003;9,622455e-002
1,350409e+003;9,624850e-002
1,350891e+003;9,631111e-002
1,351373e+003;9,639922e-002
1,351855e+003;9,650191e-002
1,352338e+003;9,661534e-002
1,352820e+003;9,674201e-002
1,353302e+003;9,688760e-002
1,353784e+003;9,705562e-002
1,354266e+003;9,724583e-002
1,354748e+003;9,745698e-002
1,355230e+003;9,769152e-002
1,355712e+003;9,795894e-002
1,356194e+003;9,827571e-002
1,356677e+003;9,865887e-002
1,357159e+003;9,911791e-002
1,357641e+003;9,964938e-002
1,358123e+003;1,002377e-001
1,358605e+003;1,008609e-001
1,359087e+003;1,014991e-001
1,359569e+003;1,021457e-001
1,360051e+003;1,028086e-001
1,360534e+003;1,035050e-001
1,361016e+003;1,042495e-001
1,361498e+003;1,050377e-001
1,361980e+003;1,058367e-001
1,362462e+003;1,065918e-001
1,362944e+003;1,072460e-001
1,363426e+003;1,077685e-001
1,363908e+003;1,081647e-001
1,364391e+003;1,084674e-001
1,364873e+003;1,087117e-001
1,365355e+003;1,089199e-001
1,365837e+003;1,090953e-001
1,366319e+003;1,092266e-001
1,366801e+003;1,092980e-001
1,367283e+003;1,093013e-001
1,367765e+003;1,092430e-001
1,368247e+003;1,091448e-001
1,368729e+003;1,090341e-001
1,369212e+003;1,089327e-001
1,369694e+003;1,088506e-001
1,370176e+003;1,087874e-001
1,370658e+003;1,087396e-001
1,371140e+003;1,087072e-001
1,371622e+003;1,086952e-001
1,372104e+003;1,087109e-001
1,372586e+003;1,087560e-001
1,373069e+003;1,088208e-001
1,373551e+003;1,088819e-001
1,374033e+003;1,089115e-001
1,374515e+003;1,088932e-001
1,374997e+003;1,088312e-001
1,375479e+003;1,087475e-001
1,375961e+003;1,086673e-001
1,376443e+003;1,086071e-001
1,376926e+003;1,085678e-001
1,377408e+003;1,085381e-001
1,377890e+003;1,085029e-001
1,378372e+003;1,084545e-001
1,378854e+003;1,083982e-001
1,379336e+003;1,083523e-001
1,379818e+003;1,083366e-001
1,380300e+003;1,083651e-001
1,380782e+003;1,084364e-001
1,381265e+003;1,085371e-001
1,381747e+003;1,086481e-001
1,382229e+003;1,087563e-001
1,382711e+003;1,088610e-001
1,383193e+003;1,089743e-001
1,383675e+003;1,091139e-001
1,384157e+003;1,092943e-001
1,384639e+003;1,095185e-001
1,385121e+003;1,097779e-001
1,385604e+003;1,100530e-001
1,386086e+003;1,103222e-001
1,386568e+003;1,105707e-001
1,387050e+003;1,107956e-001
1,387532e+003;1,110050e-001
1,388014e+003;1,112088e-001
1,388496e+003;1,114115e-001
1,388978e+003;1,116094e-001
1,389461e+003;1,117969e-001
1,389943e+003;1,119721e-001
1,390425e+003;1,121417e-001
1,390907e+003;1,123197e-001
1,391389e+003;1,125234e-001
1,391871e+003;1,127664e-001
1,392353e+003;1,130541e-001
1,392835e+003;1,133806e-001
1,393318e+003;1,137314e-001
1,393800e+003;1,140844e-001
1,394282e+003;1,144195e-001
1,394764e+003;1,147249e-001
1,395246e+003;1,150000e-001
1,395728e+003;1,152520e-001
1,396210e+003;1,154890e-001
1,396692e+003;1,157176e-001
1,397174e+003;1,159405e-001
1,397656e+003;1,161590e-001
1,398139e+003;1,163714e-001
1,398621e+003;1,165722e-001
1,399103e+003;1,167505e-001
1,399585e+003;1,168924e-001
1,400067e+003;1,169879e-001
1,400549e+003;1,170360e-001
1,401031e+003;1,170481e-001
1,401513e+003;1,170445e-001
1,401996e+003;1,170510e-001
1,402478e+003;1,170901e-001
1,402960e+003;1,171733e-001
1,403442e+003;1,172952e-001
1,403924e+003;1,174326e-001
1,404406e+003;1,175527e-001
1,404888e+003;1,176291e-001
1,405370e+003;1,176586e-001
1,405853e+003;1,176620e-001
1,406335e+003;1,176724e-001
1,406817e+003;1,177147e-001
1,407299e+003;1,177962e-001
1,407781e+003;1,179032e-001
1,408263e+003;1,180097e-001
1,408745e+003;1,180867e-001
1,409227e+003;1,181160e-001
1,409709e+003;1,180951e-001
1,410192e+003;1,180357e-001
1,410674e+003;1,179560e-001
1,411156e+003;1,178714e-001
1,411638e+003;1,177887e-001
1,412120e+003;1,177086e-001
1,412602e+003;1,176315e-001
1,413084e+003;1,175632e-001
1,413566e+003;1,175150e-001
1,414048e+003;1,174989e-001
1,414531e+003;1,175190e-001
1,415013e+003;1,175663e-001
1,415495e+003;1,176170e-001
1,415977e+003;1,176414e-001
1,416459e+003;1,176116e-001
1,416941e+003;1,175110e-001
1,417423e+003;1,173400e-001
1,417905e+003;1,171171e-001
1,418388e+003;1,168707e-001
1,418870e+003;1,166248e-001
1,419352e+003;1,163882e-001
1,419834e+003;1,161573e-001
1,420316e+003;1,159269e-001
1,420798e+003;1,156976e-001
1,421280e+003;1,154735e-001
1,421762e+003;1,152562e-001
1,422245e+003;1,150380e-001
1,422727e+003;1,148012e-001
1,423209e+003;1,145222e-001
1,423691e+003;1,141850e-001
1,424173e+003;1,137967e-001
1,424655e+003;1,133894e-001
1,425137e+003;1,130088e-001
1,425619e+003;1,126890e-001
1,426101e+003;1,124424e-001
1,426584e+003;1,122551e-001
1,427066e+003;1,120971e-001
1,427548e+003;1,119304e-001
1,428030e+003;1,117251e-001
1,428512e+003;1,114680e-001
1,428994e+003;1,111664e-001
1,429476e+003;1,108409e-001
1,429958e+003;1,105113e-001
1,430441e+003;1,101851e-001
1,430923e+003;1,098569e-001
1,431405e+003;1,095188e-001
1,431887e+003;1,091720e-001
1,432369e+003;1,088311e-001
1,432851e+003;1,085207e-001
1,433333e+003;1,082630e-001
1,433815e+003;1,080674e-001
1,434297e+003;1,079238e-001
1,434780e+003;1,078012e-001
1,435262e+003;1,076515e-001
1,435744e+003;1,074223e-001
1,436226e+003;1,070882e-001
1,436708e+003;1,066684e-001
1,437190e+003;1,062163e-001
1,437672e+003;1,057809e-001
1,438154e+003;1,053810e-001
1,438636e+003;1,050082e-001
1,439119e+003;1,046450e-001
1,439601e+003;1,042812e-001
1,440083e+003;1,039192e-001
1,440565e+003;1,035731e-001
1,441047e+003;1,032630e-001
1,441529e+003;1,030036e-001
1,442011e+003;1,027999e-001
1,442493e+003;1,026470e-001
1,442976e+003;1,025372e-001
1,443458e+003;1,024678e-001
1,443940e+003;1,024450e-001
1,444422e+003;1,024816e-001
1,444904e+003;1,025915e-001
1,445386e+003;1,027825e-001
1,445868e+003;1,030539e-001
1,446350e+003;1,033960e-001
1,446833e+003;1,037955e-001
1,447315e+003;1,042405e-001
1,447797e+003;1,047252e-001
1,448279e+003;1,052488e-001
1,448761e+003;1,058126e-001
1,449243e+003;1,064157e-001
1,449725e+003;1,070525e-001
1,450207e+003;1,077128e-001
1,450689e+003;1,083831e-001
1,451172e+003;1,090494e-001
1,451654e+003;1,096962e-001
1,452136e+003;1,103112e-001
1,452618e+003;1,108878e-001
1,453100e+003;1,114245e-001
1,453582e+003;1,119236e-001
1,454064e+003;1,123873e-001
1,454546e+003;1,128086e-001
1,455028e+003;1,131652e-001
1,455511e+003;1,134072e-001
1,455993e+003;1,134545e-001
1,456475e+003;1,132198e-001
1,456957e+003;1,126688e-001
1,457439e+003;1,118685e-001
1,457921e+003;1,109499e-001
1,458403e+003;1,100197e-001
1,458885e+003;1,091268e-001
1,459368e+003;1,082837e-001
1,459850e+003;1,074921e-001
1,460332e+003;1,067517e-001
1,460814e+003;1,060586e-001
1,461296e+003;1,053993e-001
1,461778e+003;1,047429e-001
1,462260e+003;1,040405e-001
1,462742e+003;1,032263e-001
1,463224e+003;1,022304e-001
1,463707e+003;1,009986e-001
1,464189e+003;9,952273e-002
1,464671e+003;9,785897e-002
1,465153e+003;9,610891e-002
1,465635e+003;9,437180e-002
1,466117e+003;9,270617e-002
1,466599e+003;9,112597e-002
1,467081e+003;8,962270e-002
1,467563e+003;8,818711e-002
1,468046e+003;8,682089e-002
1,468528e+003;8,552595e-002
1,469010e+003;8,430184e-002
1,469492e+003;8,313354e-002
1,469974e+003;8,198278e-002
1,470456e+003;8,079075e-002
1,470938e+003;7,948710e-002
1,471420e+003;7,801811e-002
1,471903e+003;7,638248e-002
1,472385e+003;7,466235e-002
1,472867e+003;7,299274e-002
1,473349e+003;7,147998e-002
1,473831e+003;7,015152e-002
1,474313e+003;6,896830e-002
1,474795e+003;6,786670e-002
1,475277e+003;6,679999e-002
1,475760e+003;6,574808e-002
1,476242e+003;6,471798e-002
1,476724e+003;6,373084e-002
1,477206e+003;6,280998e-002
1,477688e+003;6,196854e-002
1,478170e+003;6,120619e-002
1,478652e+003;6,051281e-002
1,479134e+003;5,987044e-002
1,479616e+003;5,925538e-002
1,480099e+003;5,863909e-002
1,480581e+003;5,799460e-002
1,481063e+003;5,730364e-002
1,481545e+003;5,656687e-002
1,482027e+003;5,580535e-002
1,482509e+003;5,505310e-002
1,482991e+003;5,434247e-002
1,483473e+003;5,368947e-002
1,483955e+003;5,309279e-002
1,484438e+003;5,253259e-002
1,484920e+003;5,198081e-002
1,485402e+003;5,141068e-002
1,485884e+003;5,081007e-002
1,486366e+003;5,018601e-002
1,486848e+003;4,956188e-002
1,487330e+003;4,896045e-002
1,487812e+003;4,838485e-002
1,488295e+003;4,780132e-002
1,488777e+003;4,714969e-002
1,489259e+003;4,636379e-002
1,489741e+003;4,542149e-002
1,490223e+003;4,437370e-002
1,490705e+003;4,332118e-002
1,491187e+003;4,236208e-002
1,491669e+003;4,154967e-002
1,492151e+003;4,089111e-002
1,492634e+003;4,036111e-002
1,493116e+003;3,992420e-002
1,493598e+003;3,954757e-002
1,494080e+003;3,920517e-002
1,494562e+003;3,887761e-002
1,495044e+003;3,854733e-002
1,495526e+003;3,819675e-002
1,496008e+003;3,780545e-002
1,496490e+003;3,735821e-002
1,496973e+003;3,685570e-002
1,497455e+003;3,631764e-002
1,497937e+003;3,577704e-002
1,498419e+003;3,526751e-002
1,498901e+003;3,481189e-002
1,499383e+003;3,441574e-002
1,499865e+003;3,407041e-002
1,500347e+003;3,375974e-002
1,500830e+003;3,346979e-002
1,501312e+003;3,319570e-002
1,501794e+003;3,294405e-002
1,502276e+003;3,272781e-002
1,502758e+003;3,256489e-002
1,503240e+003;3,247297e-002
1,503722e+003;3,246554e-002
1,504204e+003;3,255292e-002
1,504687e+003;3,273896e-002
1,505169e+003;3,301358e-002
1,505651e+003;3,332322e-002
1,506133e+003;3,354932e-002
1,506615e+003;3,352326e-002
1,507097e+003;3,314863e-002
1,507579e+003;3,250778e-002
1,508061e+003;3,177426e-002
1,508543e+003;3,107549e-002
1,509026e+003;3,045823e-002
1,509508e+003;2,992668e-002
1,509990e+003;2,946812e-002
1,510472e+003;2,906618e-002
1,510954e+003;2,870717e-002
1,511436e+003;2,838063e-002
1,511918e+003;2,808256e-002
1,512400e+003;2,781576e-002
1,512882e+003;2,758875e-002
1,513365e+003;2,741179e-002
1,513847e+003;2,729301e-002
1,514329e+003;2,723289e-002
1,514811e+003;2,722026e-002
1,515293e+003;2,722898e-002
1,515775e+003;2,722337e-002
1,516257e+003;2,716601e-002
1,516739e+003;2,704067e-002
1,517222e+003;2,686245e-002
1,517704e+003;2,666997e-002
1,518186e+003;2,650131e-002
1,518668e+003;2,637926e-002
1,519150e+003;2,630951e-002
1,519632e+003;2,628192e-002
1,520114e+003;2,627255e-002
1,520596e+003;2,624337e-002
1,521078e+003;2,615560e-002
1,521561e+003;2,598481e-002
1,522043e+003;2,573900e-002
1,522525e+003;2,544887e-002
1,523007e+003;2,514602e-002
1,523489e+003;2,485092e-002
1,523971e+003;2,457503e-002
1,524453e+003;2,432755e-002
1,524935e+003;2,411482e-002
1,525417e+003;2,393826e-002
1,525900e+003;2,378882e-002
1,526382e+003;2,364713e-002
1,526864e+003;2,348912e-002
1,527346e+003;2,329854e-002
1,527828e+003;2,307587e-002
1,528310e+003;2,283829e-002
1,528792e+003;2,261229e-002
1,529274e+003;2,242165e-002
1,529757e+003;2,228386e-002
1,530239e+003;2,220319e-002
1,530721e+003;2,217275e-002
1,531203e+003;2,217624e-002
1,531685e+003;2,219158e-002
1,532167e+003;2,219259e-002
1,532649e+003;2,215218e-002
1,533131e+003;2,205393e-002
1,533614e+003;2,190225e-002
1,534096e+003;2,172459e-002
1,534578e+003;2,155457e-002
1,535060e+003;2,141917e-002
1,535542e+003;2,133411e-002
1,536024e+003;2,130846e-002
1,536506e+003;2,135088e-002
1,536988e+003;2,147094e-002
1,537470e+003;2,167691e-002
1,537953e+003;2,196540e-002
1,538435e+003;2,231173e-002
1,538917e+003;2,265244e-002
1,539399e+003;2,288646e-002
1,539881e+003;2,292369e-002
1,540363e+003;2,275138e-002
1,540845e+003;2,244545e-002
1,541327e+003;2,210113e-002
1,541809e+003;2,177908e-002
1,542292e+003;2,149200e-002
1,542774e+003;2,122617e-002
1,543256e+003;2,095736e-002
1,543738e+003;2,066471e-002
1,544220e+003;2,033900e-002
1,544702e+003;1,998563e-002
1,545184e+003;1,962430e-002
1,545666e+003;1,928059e-002
1,546149e+003;1,897764e-002
1,546631e+003;1,872898e-002
1,547113e+003;1,854186e-002
1,547595e+003;1,841802e-002
1,548077e+003;1,835317e-002
1,548559e+003;1,833585e-002
1,549041e+003;1,834529e-002
1,549523e+003;1,835566e-002
1,550005e+003;1,834405e-002
1,550488e+003;1,830361e-002
1,550970e+003;1,824445e-002
1,551452e+003;1,818691e-002
1,551934e+003;1,814974e-002
1,552416e+003;1,814494e-002
1,552898e+003;1,817493e-002
1,553380e+003;1,823346e-002
1,553862e+003;1,830969e-002
1,554344e+003;1,839735e-002
1,554827e+003;1,850082e-002
1,555309e+003;1,863645e-002
1,555791e+003;1,882793e-002
1,556273e+003;1,909743e-002
1,556755e+003;1,945544e-002
1,557237e+003;1,988374e-002
1,557719e+003;2,029459e-002
1,558201e+003;2,048274e-002
1,558684e+003;2,021665e-002
1,559166e+003;1,950150e-002
1,559648e+003;1,864745e-002
1,560130e+003;1,792762e-002
1,560612e+003;1,741142e-002
1,561094e+003;1,705560e-002
1,561576e+003;1,680197e-002
1,562058e+003;1,661052e-002
1,562541e+003;1,645931e-002
1,563023e+003;1,633929e-002
1,563505e+003;1,624737e-002
1,563987e+003;1,618165e-002
1,564469e+003;1,613773e-002
1,564951e+003;1,610909e-002
1,565433e+003;1,609035e-002
1,565915e+003;1,608027e-002
1,566397e+003;1,608213e-002
1,566880e+003;1,609970e-002
1,567362e+003;1,613233e-002
1,567844e+003;1,616785e-002
1,568326e+003;1,618137e-002
1,568808e+003;1,613673e-002
1,569290e+003;1,600742e-002
1,569772e+003;1,579835e-002
1,570254e+003;1,555043e-002
1,570736e+003;1,531522e-002
1,571219e+003;1,513111e-002
1,571701e+003;1,501513e-002
1,572183e+003;1,496615e-002
1,572665e+003;1,497634e-002
1,573147e+003;1,503636e-002
1,573629e+003;1,513832e-002
1,574111e+003;1,527214e-002
1,574593e+003;1,542119e-002
1,575076e+003;1,555486e-002
1,575558e+003;1,562451e-002
1,576040e+003;1,558350e-002
1,576522e+003;1,541878e-002
1,577004e+003;1,516439e-002
1,577486e+003;1,487898e-002
1,577968e+003;1,461449e-002
1,578450e+003;1,440088e-002
1,578932e+003;1,424469e-002
1,579415e+003;1,413907e-002
1,579897e+003;1,406805e-002
1,580379e+003;1,401206e-002
1,580861e+003;1,395215e-002
1,581343e+003;1,387640e-002
1,581825e+003;1,378223e-002
1,582307e+003;1,367581e-002
1,582789e+003;1,356701e-002
1,583271e+003;1,346498e-002
1,583754e+003;1,337500e-002
1,584236e+003;1,329731e-002
1,584718e+003;1,322939e-002
1,585200e+003;1,316819e-002
1,585682e+003;1,311187e-002
1,586164e+003;1,305973e-002
1,586646e+003;1,301107e-002
1,587128e+003;1,296474e-002
1,587611e+003;1,291832e-002
1,588093e+003;1,286951e-002
1,588575e+003;1,281773e-002
1,589057e+003;1,276518e-002
1,589539e+003;1,271584e-002
1,590021e+003;1,267361e-002
1,590503e+003;1,264055e-002
1,590985e+003;1,261504e-002
1,591468e+003;1,259327e-002
1,591950e+003;1,257029e-002
1,592432e+003;1,254286e-002
1,592914e+003;1,251019e-002
1,593396e+003;1,247251e-002
1,593878e+003;1,242996e-002
1,594360e+003;1,237984e-002
1,594842e+003;1,231742e-002
1,595324e+003;1,223797e-002
1,595807e+003;1,214071e-002
1,596289e+003;1,203084e-002
1,596771e+003;1,191963e-002
1,597253e+003;1,182102e-002
1,597735e+003;1,174639e-002
1,598217e+003;1,170197e-002
1,598699e+003;1,168689e-002
1,599181e+003;1,169506e-002
1,599663e+003;1,171708e-002
1,600146e+003;1,174425e-002
1,600628e+003;1,177012e-002
1,601110e+003;1,178990e-002
1,601592e+003;1,179923e-002
1,602074e+003;1,179273e-002
1,602556e+003;1,176471e-002
1,603038e+003;1,171242e-002
1,603520e+003;1,163934e-002
1,604003e+003;1,155808e-002
1,604485e+003;1,148598e-002
1,604967e+003;1,144189e-002
1,605449e+003;1,143791e-002
1,605931e+003;1,147441e-002
1,606413e+003;1,153837e-002
1,606895e+003;1,160589e-002
1,607377e+003;1,165139e-002
1,607859e+003;1,165421e-002
1,608342e+003;1,160837e-002
1,608824e+003;1,152385e-002
1,609306e+003;1,142131e-002
1,609788e+003;1,132260e-002
1,610270e+003;1,124462e-002
1,610752e+003;1,119590e-002
1,611234e+003;1,117768e-002
1,611716e+003;1,118703e-002
1,612198e+003;1,122086e-002
1,612681e+003;1,127757e-002
1,613163e+003;1,135647e-002
1,613645e+003;1,145536e-002
1,614127e+003;1,156896e-002
1,614609e+003;1,168386e-002
1,615091e+003;1,177853e-002
1,615573e+003;1,182565e-002
1,616055e+003;1,180086e-002
1,616538e+003;1,169955e-002
1,617020e+003;1,154389e-002
1,617502e+003;1,137151e-002
1,617984e+003;1,121416e-002
1,618466e+003;1,109018e-002
1,618948e+003;1,100585e-002
1,619430e+003;1,096225e-002
1,619912e+003;1,096154e-002
1,620395e+003;1,100524e-002
1,620877e+003;1,109432e-002
1,621359e+003;1,122181e-002
1,621841e+003;1,136994e-002
1,622323e+003;1,150826e-002
1,622805e+003;1,160106e-002
1,623287e+003;1,162624e-002
1,623769e+003;1,158785e-002
1,624251e+003;1,151214e-002
1,624734e+003;1,143029e-002
1,625216e+003;1,136532e-002
1,625698e+003;1,132617e-002
1,626180e+003;1,130889e-002
1,626662e+003;1,130151e-002
1,627144e+003;1,128924e-002
1,627626e+003;1,126054e-002
1,628108e+003;1,121123e-002
1,628590e+003;1,114460e-002
1,629073e+003;1,106903e-002
1,629555e+003;1,099369e-002
1,630037e+003;1,092559e-002
1,630519e+003;1,087065e-002
1,631001e+003;1,083538e-002
1,631483e+003;1,082703e-002
1,631965e+003;1,085478e-002
1,632447e+003;1,092844e-002
1,632930e+003;1,105683e-002
1,633412e+003;1,124466e-002
1,633894e+003;1,148829e-002
1,634376e+003;1,176838e-002
1,634858e+003;1,203946e-002
1,635340e+003;1,223913e-002
1,635822e+003;1,231561e-002
1,636304e+003;1,226340e-002
1,636786e+003;1,212027e-002
1,637269e+003;1,193496e-002
1,637751e+003;1,174118e-002
1,638233e+003;1,155433e-002
1,638715e+003;1,138090e-002
1,639197e+003;1,122504e-002
1,639679e+003;1,109177e-002
1,640161e+003;1,098740e-002
1,640643e+003;1,091696e-002
1,641125e+003;1,088261e-002
1,641608e+003;1,088251e-002
1,642090e+003;1,091329e-002
1,642572e+003;1,097228e-002
1,643054e+003;1,105955e-002
1,643536e+003;1,117982e-002
1,644018e+003;1,133991e-002
1,644500e+003;1,154579e-002
1,644982e+003;1,179695e-002
1,645465e+003;1,207462e-002
1,645947e+003;1,233487e-002
1,646429e+003;1,251626e-002
1,646911e+003;1,256848e-002
1,647393e+003;1,249031e-002
1,647875e+003;1,232881e-002
1,648357e+003;1,214593e-002
1,648839e+003;1,198533e-002
1,649322e+003;1,187162e-002
1,649804e+003;1,181615e-002
1,650286e+003;1,182562e-002
1,650768e+003;1,190761e-002
1,651250e+003;1,206876e-002
1,651732e+003;1,230576e-002
1,652214e+003;1,257168e-002
1,652696e+003;1,275188e-002
1,653178e+003;1,272004e-002
1,653661e+003;1,247350e-002
1,654143e+003;1,213922e-002
1,654625e+003;1,183209e-002
1,655107e+003;1,159466e-002
1,655589e+003;1,142250e-002
1,656071e+003;1,129920e-002
1,656553e+003;1,120913e-002
1,657035e+003;1,114096e-002
1,657517e+003;1,108946e-002
1,658000e+003;1,105415e-002
1,658482e+003;1,103736e-002
1,658964e+003;1,104232e-002
1,659446e+003;1,106968e-002
1,659928e+003;1,111631e-002
1,660410e+003;1,117336e-002
1,660892e+003;1,122854e-002
1,661374e+003;1,126564e-002
1,661857e+003;1,127084e-002
1,662339e+003;1,123721e-002
1,662821e+003;1,117040e-002
1,663303e+003;1,108807e-002
1,663785e+003;1,101068e-002
1,664267e+003;1,095613e-002
1,664749e+003;1,093449e-002
1,665231e+003;1,094995e-002
1,665714e+003;1,100340e-002
1,666196e+003;1,109425e-002
1,666678e+003;1,121977e-002
1,667160e+003;1,137290e-002
1,667642e+003;1,154123e-002
1,668124e+003;1,170421e-002
1,668606e+003;1,183467e-002
1,669088e+003;1,190850e-002
1,669570e+003;1,191419e-002
1,670052e+003;1,185990e-002
1,670535e+003;1,176689e-002
1,671017e+003;1,165997e-002
1,671499e+003;1,155784e-002
1,671981e+003;1,147074e-002
1,672463e+003;1,140304e-002
1,672945e+003;1,135406e-002
1,673427e+003;1,131889e-002
1,673909e+003;1,128696e-002
1,674392e+003;1,124360e-002
1,674874e+003;1,117322e-002
1,675356e+003;1,106988e-002
1,675838e+003;1,094315e-002
1,676320e+003;1,081436e-002
1,676802e+003;1,070553e-002
1,677284e+003;1,063079e-002
1,677766e+003;1,059724e-002
1,678249e+003;1,060465e-002
1,678731e+003;1,064719e-002
1,679213e+003;1,071324e-002
1,679695e+003;1,078888e-002
1,680177e+003;1,086209e-002
1,680659e+003;1,092827e-002
1,681141e+003;1,099161e-002
1,681623e+003;1,106254e-002
1,682105e+003;1,115174e-002
1,682588e+003;1,126010e-002
1,683070e+003;1,136729e-002
1,683552e+003;1,142447e-002
1,684034e+003;1,137930e-002
1,684516e+003;1,122551e-002
1,684998e+003;1,101564e-002
1,685480e+003;1,081011e-002
1,685962e+003;1,064203e-002
1,686444e+003;1,051648e-002
1,686927e+003;1,042619e-002
1,687409e+003;1,036002e-002
1,687891e+003;1,030634e-002
1,688373e+003;1,025470e-002
1,688855e+003;1,019648e-002
1,689337e+003;1,012760e-002
1,689819e+003;1,004878e-002
1,690301e+003;9,966051e-003
1,690784e+003;9,889302e-003
1,691266e+003;9,830087e-003
1,691748e+003;9,799483e-003
1,692230e+003;9,806431e-003
1,692712e+003;9,857710e-003
1,693194e+003;9,958085e-003
1,693676e+003;1,010871e-002
1,694158e+003;1,030389e-002
1,694641e+003;1,052690e-002
1,695123e+003;1,074415e-002
1,695605e+003;1,091601e-002
1,696087e+003;1,102030e-002
1,696569e+003;1,107029e-002
1,697051e+003;1,110211e-002
1,697533e+003;1,115017e-002
1,698015e+003;1,123589e-002
1,698497e+003;1,135940e-002
1,698979e+003;1,149646e-002
1,699462e+003;1,159119e-002
1,699944e+003;1,157934e-002
1,700426e+003;1,143457e-002
1,700908e+003;1,119937e-002
1,701390e+003;1,094648e-002
1,701872e+003;1,073009e-002
1,702354e+003;1,057100e-002
1,702836e+003;1,046835e-002
1,703319e+003;1,041377e-002
1,703801e+003;1,039344e-002
1,704283e+003;1,038947e-002
1,704765e+003;1,037766e-002
1,705247e+003;1,033552e-002
1,705729e+003;1,025083e-002
1,706211e+003;1,012855e-002
1,706693e+003;9,986971e-003
1,707176e+003;9,849068e-003
1,707658e+003;9,732792e-003
1,708140e+003;9,645412e-003
1,708622e+003;9,586264e-003
1,709104e+003;9,547312e-003
1,709586e+003;9,518726e-003
1,710068e+003;9,493088e-003
1,710550e+003;9,468807e-003
1,711032e+003;9,450927e-003
1,711515e+003;9,449775e-003
1,711997e+003;9,475682e-003
1,712479e+003;9,535525e-003
1,712961e+003;9,630574e-003
1,713443e+003;9,756139e-003
1,713925e+003;9,902759e-003
1,714407e+003;1,006150e-002
1,714889e+003;1,022684e-002
1,715371e+003;1,039551e-002
1,715854e+003;1,055993e-002
1,716336e+003;1,069901e-002
1,716818e+003;1,077027e-002
1,717300e+003;1,072550e-002
1,717782e+003;1,054279e-002
1,718264e+003;1,024913e-002
1,718746e+003;9,909640e-003
1,719229e+003;9,590262e-003
1,719711e+003;9,332863e-003
1,720193e+003;9,149110e-003
1,720675e+003;9,033902e-003
1,721157e+003;8,971353e-003
1,721639e+003;8,942569e-003
1,722121e+003;8,927315e-003
1,722603e+003;8,909254e-003
1,723085e+003;8,878884e-003
1,723568e+003;8,835058e-003
1,724050e+003;8,783527e-003
1,724532e+003;8,733557e-003
1,725014e+003;8,694139e-003
1,725496e+003;8,671322e-003
1,725978e+003;8,669023e-003
1,726460e+003;8,689339e-003
1,726942e+003;8,732712e-003
1,727424e+003;8,798674e-003
1,727907e+003;8,884633e-003
1,728389e+003;8,986576e-003
1,728871e+003;9,098692e-003
1,729353e+003;9,216185e-003
1,729835e+003;9,337366e-003
1,730317e+003;9,466199e-003
1,730799e+003;9,610451e-003
1,731281e+003;9,779285e-003
1,731764e+003;9,977071e-003
1,732246e+003;1,019604e-002
1,732728e+003;1,040596e-002
1,733210e+003;1,054900e-002
1,733692e+003;1,056299e-002
1,734174e+003;1,042762e-002
1,734656e+003;1,019601e-002
1,735138e+003;9,951744e-003
1,735620e+003;9,757258e-003
1,736103e+003;9,632979e-003
1,736585e+003;9,573190e-003
1,737067e+003;9,562587e-003
1,737549e+003;9,584164e-003
1,738031e+003;9,620884e-003
1,738513e+003;9,657371e-003
1,738995e+003;9,684407e-003
1,739477e+003;9,699993e-003
1,739959e+003;9,710531e-003
1,740442e+003;9,725067e-003
1,740924e+003;9,751294e-003
1,741406e+003;9,791485e-003
1,741888e+003;9,841983e-003
1,742370e+003;9,894996e-003
1,742852e+003;9,941676e-003
1,743334e+003;9,975850e-003
1,743816e+003;9,996362e-003
1,744299e+003;1,000925e-002
1,744781e+003;1,002522e-002
1,745263e+003;1,005641e-002
1,745745e+003;1,011159e-002
1,746227e+003;1,019269e-002
1,746709e+003;1,029236e-002
1,747191e+003;1,039575e-002
1,747673e+003;1,048169e-002
1,748156e+003;1,053053e-002
1,748638e+003;1,052941e-002
1,749120e+003;1,047554e-002
1,749602e+003;1,037444e-002
1,750084e+003;1,023567e-002
1,750566e+003;1,006920e-002
1,751048e+003;9,884251e-003
1,751530e+003;9,691590e-003
1,752012e+003;9,505348e-003
1,752495e+003;9,340683e-003
1,752977e+003;9,213138e-003
1,753459e+003;9,133815e-003
1,753941e+003;9,107354e-003
1,754423e+003;9,130600e-003
1,754905e+003;9,190768e-003
1,755387e+003;9,265533e-003
1,755869e+003;9,324264e-003
1,756351e+003;9,340581e-003
1,756834e+003;9,302937e-003
1,757316e+003;9,222751e-003
1,757798e+003;9,125761e-003
1,758280e+003;9,040092e-003
1,758762e+003;8,985188e-003
1,759244e+003;8,966449e-003
1,759726e+003;8,977577e-003
1,760208e+003;9,004199e-003
1,760691e+003;9,028692e-003
1,761173e+003;9,033123e-003
1,761655e+003;9,007345e-003
1,762137e+003;8,950721e-003
1,762619e+003;8,870700e-003
1,763101e+003;8,777339e-003
1,763583e+003;8,679131e-003
1,764065e+003;8,582127e-003
1,764547e+003;8,490991e-003
1,765030e+003;8,410549e-003
1,765512e+003;8,346064e-003
1,765994e+003;8,302527e-003
1,766476e+003;8,284155e-003
1,766958e+003;8,292497e-003
1,767440e+003;8,326372e-003
1,767922e+003;8,383051e-003
1,768404e+003;8,461258e-003
1,768886e+003;8,561749e-003
1,769369e+003;8,685959e-003
1,769851e+003;8,832995e-003
1,770333e+003;8,993307e-003
1,770815e+003;9,142071e-003
1,771297e+003;9,242449e-003
1,771779e+003;9,253280e-003
1,772261e+003;9,155234e-003
1,772743e+003;8,965535e-003
1,773226e+003;8,731089e-003
1,773708e+003;8,499371e-003
1,774190e+003;8,300129e-003
1,774672e+003;8,146218e-003
1,775154e+003;8,037857e-003
1,775636e+003;7,971639e-003
1,776118e+003;7,943123e-003
1,776600e+003;7,949400e-003
1,777083e+003;7,986859e-003
1,777565e+003;8,049806e-003
1,778047e+003;8,129506e-003
1,778529e+003;8,210977e-003
1,779011e+003;8,274834e-003
1,779493e+003;8,301886e-003
1,779975e+003;8,278752e-003
1,780457e+003;8,205676e-003
1,780939e+003;8,097199e-003
1,781422e+003;7,978220e-003
1,781904e+003;7,871048e-003
1,782386e+003;7,789675e-003
1,782868e+003;7,738031e-003
1,783350e+003;7,710037e-003
1,783832e+003;7,693882e-003
1,784314e+003;7,675535e-003
1,784796e+003;7,644813e-003
1,785278e+003;7,597536e-003
1,785761e+003;7,537757e-003
1,786243e+003;7,473839e-003
1,786725e+003;7,416201e-003
1,787207e+003;7,373297e-003
1,787689e+003;7,349942e-003
1,788171e+003;7,347348e-003
1,788653e+003;7,364602e-003
1,789135e+003;7,398708e-003
1,789618e+003;7,447244e-003
1,790100e+003;7,508932e-003
1,790582e+003;7,583813e-003
1,791064e+003;7,672129e-003
1,791546e+003;7,771256e-003
1,792028e+003;7,873140e-003
1,792510e+003;7,965429e-003
1,792992e+003;8,034785e-003
1,793474e+003;8,071037e-003
1,793957e+003;8,069349e-003
1,794439e+003;8,029486e-003
1,794921e+003;7,955170e-003
1,795403e+003;7,853841e-003
1,795885e+003;7,736547e-003
1,796367e+003;7,617026e-003
1,796849e+003;7,508899e-003
1,797331e+003;7,423548e-003
1,797813e+003;7,368511e-003
1,798296e+003;7,345157e-003
1,798778e+003;7,349605e-003
1,799260e+003;7,371645e-003
1,799742e+003;7,398237e-003
1,800224e+003;7,413808e-003
1,800706e+003;7,406629e-003
1,801188e+003;7,371544e-003
1,801670e+003;7,312066e-003
1,802153e+003;7,238108e-003
1,802635e+003;7,162377e-003
1,803117e+003;7,096191e-003
1,803599e+003;7,046045e-003
1,804081e+003;7,013178e-003
1,804563e+003;6,994726e-003
1,805045e+003;6,985298e-003
1,805527e+003;6,980112e-003
1,806010e+003;6,976442e-003
1,806492e+003;6,974624e-003
1,806974e+003;6,977183e-003
1,807456e+003;6,986779e-003
1,807938e+003;7,004626e-003
1,808420e+003;7,029342e-003
1,808902e+003;7,057326e-003
1,809384e+003;7,082922e-003
1,809866e+003;7,099762e-003
1,810349e+003;7,101984e-003
1,810831e+003;7,084269e-003
1,811313e+003;7,042846e-003
1,811795e+003;6,976644e-003
1,812277e+003;6,887696e-003
1,812759e+003;6,782644e-003
1,813241e+003;6,671426e-003
1,813723e+003;6,567268e-003
1,814205e+003;6,483179e-003
1,814688e+003;6,428732e-003
1,815170e+003;6,407513e-003
1,815652e+003;6,414608e-003
1,816134e+003;6,436466e-003
1,816616e+003;6,455299e-003
1,817098e+003;6,456543e-003
1,817580e+003;6,432834e-003
1,818062e+003;6,388010e-003
1,818545e+003;6,334112e-003
1,819027e+003;6,287415e-003
1,819509e+003;6,261732e-003
1,819991e+003;6,264758e-003
1,820473e+003;6,297668e-003
1,820955e+003;6,356739e-003
1,821437e+003;6,436836e-003
1,821919e+003;6,532117e-003
1,822401e+003;6,637512e-003
1,822884e+003;6,745961e-003
1,823366e+003;6,846561e-003
1,823848e+003;6,925434e-003
1,824330e+003;6,968496e-003
1,824812e+003;6,968496e-003
1,825294e+003;6,930754e-003
1,825776e+003;6,873221e-003
1,826258e+003;6,818690e-003
1,826740e+003;6,785976e-003
1,827223e+003;6,785538e-003
1,827705e+003;6,816065e-003
1,828187e+003;6,866286e-003
1,828669e+003;6,916041e-003
1,829151e+003;6,944658e-003
1,829633e+003;6,936814e-003
1,830115e+003;6,891601e-003
1,830597e+003;6,821181e-003
1,831080e+003;6,743908e-003
1,831562e+003;6,673378e-003
1,832044e+003;6,614500e-003
1,832526e+003;6,566023e-003
1,833008e+003;6,522799e-003
1,833490e+003;6,479816e-003
1,833972e+003;6,433103e-003
1,834454e+003;6,381587e-003
1,834937e+003;6,325875e-003
1,835419e+003;6,269766e-003
1,835901e+003;6,217598e-003
1,836383e+003;6,176291e-003
1,836865e+003;6,153706e-003
1,837347e+003;6,156798e-003
1,837829e+003;6,190306e-003
1,838311e+003;6,254808e-003
1,838793e+003;6,345644e-003
1,839276e+003;6,454626e-003
1,839758e+003;6,573390e-003
1,840240e+003;6,694374e-003
1,840722e+003;6,812666e-003
1,841204e+003;6,924862e-003
1,841686e+003;7,027254e-003
1,842168e+003;7,113671e-003
1,842650e+003;7,175313e-003
1,843132e+003;7,201353e-003
1,843615e+003;7,185890e-003
1,844097e+003;7,132129e-003
1,844579e+003;7,055912e-003
1,845061e+003;6,979371e-003
1,845543e+003;6,919879e-003
1,846025e+003;6,885642e-003
1,846507e+003;6,873692e-003
1,846989e+003;6,873288e-003
1,847472e+003;6,870056e-003
1,847954e+003;6,850633e-003
1,848436e+003;6,805362e-003
1,848918e+003;6,730548e-003
1,849400e+003;6,629639e-003
1,849882e+003;6,510792e-003
1,850364e+003;6,384479e-003
1,850846e+003;6,262304e-003
1,851328e+003;6,156933e-003
1,851811e+003;6,080584e-003
1,852293e+003;6,044364e-003
1,852775e+003;6,054880e-003
1,853257e+003;6,110389e-003
1,853739e+003;6,200187e-003
1,854221e+003;6,305468e-003
1,854703e+003;6,407311e-003
1,855185e+003;6,490410e-003
1,855667e+003;6,547791e-003
1,856150e+003;6,581565e-003
1,856632e+003;6,600639e-003
1,857114e+003;6,615710e-003
1,857596e+003;6,633744e-003
1,858078e+003;6,655612e-003
1,858560e+003;6,676373e-003
1,859042e+003;6,688519e-003
1,859524e+003;6,686803e-003
1,860007e+003;6,670956e-003
1,860489e+003;6,645553e-003
1,860971e+003;6,617998e-003
1,861453e+003;6,593036e-003
1,861935e+003;6,571607e-003
1,862417e+003;6,550146e-003
1,862899e+003;6,524212e-003
1,863381e+003;6,491385e-003
1,863864e+003;6,455265e-003
1,864346e+003;6,423620e-003
1,864828e+003;6,407143e-003
1,865310e+003;6,414204e-003
1,865792e+003;6,447429e-003
1,866274e+003;6,501980e-003
1,866756e+003;6,567874e-003
1,867238e+003;6,631086e-003
1,867720e+003;6,678593e-003
1,868203e+003;6,702282e-003
1,868685e+003;6,699825e-003
1,869167e+003;6,674522e-003
1,869649e+003;6,630783e-003
1,870131e+003;6,571439e-003
1,870613e+003;6,497776e-003
1,871095e+003;6,410808e-003
1,871577e+003;6,313436e-003
1,872059e+003;6,210472e-003
1,872542e+003;6,108743e-003
1,873024e+003;6,014999e-003
1,873506e+003;5,934376e-003
1,873988e+003;5,870224e-003
1,874470e+003;5,824484e-003
1,874952e+003;5,797754e-003
1,875434e+003;5,790635e-003
1,875916e+003;5,801817e-003
1,876399e+003;5,827976e-003
1,876881e+003;5,862130e-003
1,877363e+003;5,895111e-003
1,877845e+003;5,919496e-003
1,878327e+003;5,932159e-003
1,878809e+003;5,937198e-003
1,879291e+003;5,945764e-003
1,879773e+003;5,972939e-003
1,880255e+003;6,030185e-003
1,880738e+003;6,121647e-003
1,881220e+003;6,240387e-003
1,881702e+003;6,371197e-003
1,882184e+003;6,494008e-003
1,882666e+003;6,590311e-003
1,883148e+003;6,649186e-003
1,883630e+003;6,667725e-003
1,884112e+003;6,651743e-003
1,884594e+003;6,611303e-003
1,885077e+003;6,557984e-003
1,885559e+003;6,499491e-003
1,886041e+003;6,441409e-003
1,886523e+003;6,388043e-003
1,887005e+003;6,344064e-003
1,887487e+003;6,316260e-003
1,887969e+003;6,312057e-003
1,888451e+003;6,335154e-003
1,888934e+003;6,383571e-003
1,889416e+003;6,447463e-003
1,889898e+003;6,512911e-003
1,890380e+003;6,567402e-003
1,890862e+003;6,605753e-003
1,891344e+003;6,632162e-003
1,891826e+003;6,658809e-003
1,892308e+003;6,700296e-003
1,892791e+003;6,769686e-003
1,893273e+003;6,874163e-003
1,893755e+003;7,012000e-003
1,894237e+003;7,171236e-003
1,894719e+003;7,332520e-003
1,895201e+003;7,474918e-003
1,895683e+003;7,580981e-003
1,896165e+003;7,642621e-003
1,896647e+003;7,660494e-003
1,897130e+003;7,641541e-003
1,897612e+003;7,595581e-003
1,898094e+003;7,533071e-003
1,898576e+003;7,464199e-003
1,899058e+003;7,398776e-003
1,899540e+003;7,346808e-003
1,900022e+003;7,318098e-003
1,900504e+003;7,321434e-003
1,900986e+003;7,363456e-003
1,901469e+003;7,446199e-003
1,901951e+003;7,565471e-003
1,902433e+003;7,708182e-003
1,902915e+003;7,854684e-003
1,903397e+003;7,982404e-003
1,903879e+003;8,069349e-003
1,904361e+003;8,100845e-003
1,904843e+003;8,072185e-003
1,905326e+003;7,989559e-003
1,905808e+003;7,868045e-003
1,906290e+003;7,730375e-003
1,906772e+003;7,601616e-003
1,907254e+003;7,502594e-003
1,907736e+003;7,449705e-003
1,908218e+003;7,449401e-003
1,908700e+003;7,498684e-003
1,909182e+003;7,584217e-003
1,909665e+003;7,685281e-003
1,910147e+003;7,778408e-003
1,910629e+003;7,841324e-003
1,911111e+003;7,860926e-003
1,911593e+003;7,835859e-003
1,912075e+003;7,778509e-003
1,912557e+003;7,709396e-003
1,913039e+003;7,654659e-003
1,913521e+003;7,638068e-003
1,914004e+003;7,672028e-003
1,914486e+003;7,756010e-003
1,914968e+003;7,875704e-003
1,915450e+003;8,008830e-003
1,915932e+003;8,131397e-003
1,916414e+003;8,225463e-003
1,916896e+003;8,282737e-003
1,917378e+003;8,306175e-003
1,917861e+003;8,306411e-003
1,918343e+003;8,295232e-003
1,918825e+003;8,280204e-003
1,919307e+003;8,262744e-003
1,919789e+003;8,240119e-003
1,920271e+003;8,211247e-003
1,920753e+003;8,179575e-003
1,921235e+003;8,153004e-003
1,921718e+003;8,141829e-003
1,922200e+003;8,152193e-003
1,922682e+003;8,181264e-003
1,923164e+003;8,216987e-003
1,923646e+003;8,243563e-003
1,924128e+003;8,248392e-003
1,924610e+003;8,229346e-003
1,925092e+003;8,195140e-003
1,925574e+003;8,162018e-003
1,926057e+003;8,145205e-003
1,926539e+003;8,155603e-003
1,927021e+003;8,193925e-003
1,927503e+003;8,253085e-003
1,927985e+003;8,321036e-003
1,928467e+003;8,387408e-003
1,928949e+003;8,447372e-003
1,929431e+003;8,502040e-003
1,929913e+003;8,555260e-003
1,930396e+003;8,609536e-003
1,930878e+003;8,663109e-003
1,931360e+003;8,709791e-003
1,931842e+003;8,741705e-003
1,932324e+003;8,754518e-003
1,932806e+003;8,750190e-003
1,933288e+003;8,738256e-003
1,933770e+003;8,731528e-003
1,934253e+003;8,739540e-003
1,934735e+003;8,764018e-003
1,935217e+003;8,795834e-003
1,935699e+003;8,818455e-003
1,936181e+003;8,812266e-003
1,936663e+003;8,762632e-003
1,937145e+003;8,666387e-003
1,937627e+003;8,534783e-003
1,938109e+003;8,388016e-003
1,938592e+003;8,251633e-003
1,939074e+003;8,148379e-003
1,939556e+003;8,090245e-003
1,940038e+003;8,080387e-003
1,940520e+003;8,111276e-003
1,941002e+003;8,168501e-003
1,941484e+003;8,234175e-003
1,941966e+003;8,294118e-003
1,942448e+003;8,340963e-003
1,942931e+003;8,375417e-003
1,943413e+003;8,402306e-003
1,943895e+003;8,423183e-003
1,944377e+003;8,432947e-003
1,944859e+003;8,420109e-003
1,945341e+003;8,369235e-003
1,945823e+003;8,270984e-003
1,946305e+003;8,128460e-003
1,946788e+003;7,961582e-003
1,947270e+003;7,805867e-003
1,947752e+003;7,699952e-003
1,948234e+003;7,677491e-003
1,948716e+003;7,751186e-003
1,949198e+003;7,910222e-003
1,949680e+003;8,120594e-003
1,950162e+003;8,341368e-003
1,950645e+003;8,534918e-003
1,951127e+003;8,677238e-003
1,951609e+003;8,763206e-003
1,952091e+003;8,801108e-003
1,952573e+003;8,803476e-003
1,953055e+003;8,779097e-003
1,953537e+003;8,727674e-003
1,954019e+003;8,642355e-003
1,954501e+003;8,515217e-003
1,954984e+003;8,346806e-003
1,955466e+003;8,147332e-003
1,955948e+003;7,937352e-003
1,956430e+003;7,738908e-003
1,956912e+003;7,565909e-003
1,957394e+003;7,421796e-003
1,957876e+003;7,297509e-003
1,958358e+003;7,181578e-003
1,958840e+003;7,066655e-003
1,959323e+003;6,955668e-003
1,959805e+003;6,861641e-003
1,960287e+003;6,802501e-003
1,960769e+003;6,791159e-003
1,961251e+003;6,830606e-003
1,961733e+003;6,912338e-003
1,962215e+003;7,019879e-003
1,962697e+003;7,133409e-003
1,963180e+003;7,233728e-003
1,963662e+003;7,304922e-003
1,964144e+003;7,332924e-003
1,964626e+003;7,310516e-003
1,965108e+003;7,237097e-003
1,965590e+003;7,124484e-003
1,966072e+003;7,000349e-003
1,966554e+003;6,899714e-003
1,967036e+003;6,863155e-003
1,967519e+003;6,916715e-003
1,968001e+003;7,058572e-003
1,968483e+003;7,259637e-003
1,968965e+003;7,475626e-003
1,969447e+003;7,661641e-003
1,969929e+003;7,785863e-003
1,970411e+003;7,836027e-003
1,970893e+003;7,812750e-003
1,971375e+003;7,719514e-003
1,971858e+003;7,551984e-003
1,972340e+003;7,293129e-003
1,972822e+003;6,921731e-003
1,973304e+003;6,429505e-003
1,973786e+003;5,841611e-003
1,974268e+003;5,228152e-003
1,974750e+003;4,694866e-003
1,975232e+003;4,363668e-003
1,975715e+003;4,319960e-003
1,976197e+003;4,579493e-003
1,976679e+003;5,072107e-003
1,977161e+003;5,671010e-003
1,977643e+003;6,227178e-003
1,978125e+003;6,619176e-003
1,978607e+003;6,793818e-003
1,979089e+003;6,769081e-003
1,979572e+003;6,618402e-003
1,980054e+003;6,432498e-003
1,980536e+003;6,294105e-003
1,981018e+003;6,248791e-003
1,981500e+003;6,307048e-003
1,981982e+003;6,449312e-003
1,982464e+003;6,642928e-003
1,982946e+003;6,850532e-003
1,983428e+003;7,040623e-003
1,983911e+003;7,193470e-003
1,984393e+003;7,300676e-003
1,984875e+003;7,360221e-003
1,985357e+003;7,373027e-003
1,985839e+003;7,340473e-003
1,986321e+003;7,259839e-003
1,986803e+003;7,125494e-003
1,987285e+003;6,932235e-003
1,987767e+003;6,676743e-003
1,988250e+003;6,364910e-003
1,988732e+003;6,015604e-003
1,989214e+003;5,658187e-003
1,989696e+003;5,333164e-003
1,990178e+003;5,081929e-003
1,990660e+003;4,928617e-003
1,991142e+003;4,872354e-003
1,991624e+003;4,882205e-003
1,992107e+003;4,910923e-003
1,992589e+003;4,914810e-003
1,993071e+003;4,877916e-003
1,993553e+003;4,819683e-003
1,994035e+003;4,790267e-003
1,994517e+003;4,847056e-003
1,994999e+003;5,030607e-003
1,995481e+003;5,348896e-003
1,995964e+003;5,771429e-003
1,996446e+003;6,233799e-003
1,996928e+003;6,657295e-003
1,997410e+003;6,977284e-003
1,997892e+003;7,151531e-003
1,998374e+003;7,175380e-003
1,998856e+003;7,074468e-003
1,999338e+003;6,892678e-003
1,999820e+003;6,672772e-003
2,000302e+003;6,449548e-003
2,000785e+003;6,246135e-003
2,001267e+003;6,076586e-003
2,001749e+003;5,948283e-003
2,002231e+003;5,859981e-003
2,002713e+003;5,801347e-003
2,003195e+003;5,747925e-003
2,003677e+003;5,662887e-003
2,004159e+003;5,508967e-003
2,004642e+003;5,258569e-003
2,005124e+003;4,911325e-003
2,005606e+003;4,500308e-003
2,006088e+003;4,093726e-003
2,006570e+003;3,771777e-003
2,007052e+003;3,602188e-003
2,007534e+003;3,621599e-003
2,008016e+003;3,823886e-003
2,008499e+003;4,165077e-003
2,008981e+003;4,576781e-003
2,009463e+003;4,988005e-003
2,009945e+003;5,338262e-003
2,010427e+003;5,587632e-003
2,010909e+003;5,722979e-003
2,011391e+003;5,750108e-003
2,011873e+003;5,689575e-003
2,012355e+003;5,568703e-003
2,012838e+003;5,424814e-003
2,013320e+003;5,293417e-003
2,013802e+003;5,206421e-003
2,014284e+003;5,187073e-003
2,014766e+003;5,239923e-003
2,015248e+003;5,353492e-003
2,015730e+003;5,501518e-003
2,016212e+003;5,652917e-003
2,016694e+003;5,782241e-003
2,017177e+003;5,876639e-003
2,017659e+003;5,940489e-003
2,018141e+003;5,987855e-003
2,018623e+003;6,032336e-003
2,019105e+003;6,073427e-003
2,019587e+003;6,097788e-003
2,020069e+003;6,084011e-003
2,020551e+003;6,016579e-003
2,021034e+003;5,901627e-003
2,021516e+003;5,774249e-003
2,021998e+003;5,694543e-003
2,022480e+003;5,731239e-003
2,022962e+003;5,932865e-003
2,023444e+003;6,308964e-003
2,023926e+003;6,815190e-003
2,024408e+003;7,364366e-003
2,024891e+003;7,838456e-003
2,025373e+003;8,130249e-003
2,025855e+003;8,177718e-003
2,026337e+003;7,974979e-003
2,026819e+003;7,572686e-003
2,027301e+003;7,053252e-003
2,027783e+003;6,512238e-003
2,028265e+003;6,023029e-003
2,028747e+003;5,632072e-003
2,029229e+003;5,351244e-003
2,029712e+003;5,171213e-003
2,030194e+003;5,073179e-003
2,030676e+003;5,043747e-003
2,031158e+003;5,080689e-003
2,031640e+003;5,186101e-003
2,032122e+003;5,355907e-003
2,032604e+003;5,576724e-003
2,033086e+003;5,819816e-003
2,033569e+003;6,052797e-003
2,034051e+003;6,247345e-003
2,034533e+003;6,386261e-003
2,035015e+003;6,466296e-003
2,035497e+003;6,493739e-003
2,035979e+003;6,478033e-003
2,036461e+003;6,426277e-003
2,036943e+003;6,348771e-003
2,037426e+003;6,257430e-003
2,037908e+003;6,172056e-003
2,038390e+003;6,119765e-003
2,038872e+003;6,126553e-003
2,039354e+003;6,207817e-003
2,039836e+003;6,355496e-003
2,040318e+003;6,536288e-003
2,040800e+003;6,695990e-003
2,041282e+003;6,778269e-003
2,041765e+003;6,747408e-003
2,042247e+003;6,600807e-003
2,042729e+003;6,373719e-003
2,043211e+003;6,122688e-003
2,043693e+003;5,912745e-003
2,044175e+003;5,794161e-003
2,044657e+003;5,783685e-003
2,045139e+003;5,868041e-003
2,045622e+003;6,013454e-003
2,046104e+003;6,178475e-003
2,046586e+003;6,326884e-003
2,047068e+003;6,437004e-003
2,047550e+003;6,495825e-003
2,048032e+003;6,497977e-003
2,048514e+003;6,441409e-003
2,048996e+003;6,324799e-003
2,049479e+003;6,155689e-003
2,049960e+003;5,951944e-003
2,050443e+003;5,746179e-003
2,050925e+003;5,578838e-003
2,051407e+003;5,489102e-003
2,051889e+003;5,505376e-003
2,052371e+003;5,634723e-003
2,052853e+003;5,862097e-003
2,053335e+003;6,152497e-003
2,053817e+003;6,466733e-003
2,054300e+003;6,769619e-003
2,054782e+003;7,037492e-003
2,055264e+003;7,263107e-003
2,055746e+003;7,448087e-003
2,056228e+003;7,594738e-003
2,056710e+003;7,699143e-003
2,057192e+003;7,748893e-003
2,057674e+003;7,726665e-003
2,058156e+003;7,620972e-003
2,058639e+003;7,433155e-003
2,059121e+003;7,183296e-003
2,059603e+003;6,909140e-003
2,060085e+003;6,658708e-003
2,060567e+003;6,472618e-003
2,061049e+003;6,379536e-003
2,061531e+003;6,386160e-003
2,062013e+003;6,480387e-003
2,062496e+003;6,637209e-003
2,062978e+003;6,826364e-003
2,063460e+003;7,023516e-003
2,063942e+003;7,212739e-003
2,064424e+003;7,388025e-003
2,064906e+003;7,549894e-003
2,065388e+003;7,699076e-003
2,065870e+003;7,830225e-003
2,066353e+003;7,932527e-003
2,066835e+003;7,990909e-003
2,067317e+003;7,992900e-003
2,067799e+003;7,933843e-003
2,068281e+003;7,821723e-003
2,068763e+003;7,674119e-003
2,069245e+003;7,515506e-003
2,069727e+003;7,369826e-003
2,070209e+003;7,249866e-003
2,070692e+003;7,156719e-003
2,071174e+003;7,079722e-003
2,071656e+003;7,001325e-003
2,072138e+003;6,906615e-003
2,072620e+003;6,790048e-003
2,073102e+003;6,657732e-003
2,073584e+003;6,526701e-003
2,074066e+003;6,417432e-003
2,074549e+003;6,347393e-003
2,075031e+003;6,325875e-003
2,075513e+003;6,351494e-003
2,075995e+003;6,415078e-003
2,076477e+003;6,504939e-003
2,076959e+003;6,610597e-003
2,077441e+003;6,723717e-003
2,077923e+003;6,840232e-003
2,078406e+003;6,956577e-003
2,078887e+003;7,069383e-003
2,079370e+003;7,174875e-003
2,079852e+003;7,270789e-003
2,080334e+003;7,355536e-003
2,080816e+003;7,429413e-003
2,081298e+003;7,492650e-003
2,081780e+003;7,541567e-003
2,082262e+003;7,569955e-003
2,082744e+003;7,566920e-003
2,083227e+003;7,522080e-003
2,083709e+003;7,430323e-003
2,084191e+003;7,295117e-003
2,084673e+003;7,130748e-003
2,085155e+003;6,958799e-003
2,085637e+003;6,804621e-003
2,086119e+003;6,687039e-003
2,086601e+003;6,616215e-003
2,087083e+003;6,589908e-003
2,087566e+003;6,598856e-003
2,088048e+003;6,630783e-003
2,088530e+003;6,676373e-003
2,089012e+003;6,732904e-003
2,089494e+003;6,803847e-003
2,089976e+003;6,894294e-003
2,090458e+003;7,009374e-003
2,090940e+003;7,150453e-003
2,091423e+003;7,314964e-003
2,091905e+003;7,497201e-003
2,092387e+003;7,690104e-003
2,092869e+003;7,884949e-003
2,093351e+003;8,070868e-003
2,093833e+003;8,235492e-003
2,094315e+003;8,365689e-003
2,094797e+003;8,450346e-003
2,095280e+003;8,484976e-003
2,095762e+003;8,474806e-003
2,096244e+003;8,436156e-003
2,096726e+003;8,393084e-003
2,097208e+003;8,369370e-003
2,097690e+003;8,383322e-003
2,098172e+003;8,439636e-003
2,098654e+003;8,528532e-003
2,099136e+003;8,628192e-003
2,099619e+003;8,714997e-003
2,100101e+003;8,766791e-003
2,100583e+003;8,771862e-003
2,101065e+003;8,729433e-003
2,101547e+003;8,647560e-003
2,102029e+003;8,538669e-003
2,102511e+003;8,415143e-003
2,102993e+003;8,286181e-003
2,103476e+003;8,158237e-003
2,103958e+003;8,036001e-003
2,104440e+003;7,924327e-003
2,104922e+003;7,828943e-003
2,105404e+003;7,756954e-003
2,105886e+003;7,714421e-003
2,106368e+003;7,706124e-003
2,106850e+003;7,734119e-003
2,107333e+003;7,798311e-003
2,107814e+003;7,895409e-003
2,108297e+003;8,018719e-003
2,108779e+003;8,156616e-003
2,109261e+003;8,294658e-003
2,109743e+003;8,415041e-003
2,110225e+003;8,501972e-003
2,110707e+003;8,546069e-003
2,111189e+003;8,547590e-003
2,111671e+003;8,516908e-003
2,112154e+003;8,473185e-003
2,112636e+003;8,437373e-003
2,113118e+003;8,423926e-003
2,113600e+003;8,435683e-003
2,114082e+003;8,461765e-003
2,114564e+003;8,482544e-003
2,115046e+003;8,475516e-003
2,115528e+003;8,425852e-003
2,116010e+003;8,332587e-003
2,116493e+003;8,211112e-003
2,116975e+003;8,087005e-003
2,117457e+003;7,988581e-003
2,117939e+003;7,938061e-003
2,118421e+003;7,941773e-003
2,118903e+003;7,989323e-003
2,119385e+003;8,054666e-003
2,119867e+003;8,107259e-003
2,120350e+003;8,118129e-003
2,120832e+003;8,071780e-003
2,121314e+003;7,970356e-003
2,121796e+003;7,835859e-003
2,122278e+003;7,703494e-003
2,122760e+003;7,610923e-003
2,123242e+003;7,592243e-003
2,123724e+003;7,664473e-003
2,124207e+003;7,822465e-003
2,124689e+003;8,038397e-003
2,125171e+003;8,270950e-003
2,125653e+003;8,470076e-003
2,126135e+003;8,592739e-003
2,126617e+003;8,613524e-003
2,127099e+003;8,528329e-003
2,127581e+003;8,357278e-003
2,128063e+003;8,137001e-003
2,128546e+003;7,915789e-003
2,129028e+003;7,738065e-003
2,129510e+003;7,635202e-003
2,129992e+003;7,621106e-003
2,130474e+003;7,689261e-003
2,130956e+003;7,815516e-003
2,131438e+003;7,962763e-003
2,131920e+003;8,094802e-003
2,132403e+003;8,180859e-003
2,132885e+003;8,204865e-003
2,133367e+003;8,169986e-003
2,133849e+003;8,096490e-003
2,134331e+003;8,013184e-003
2,134813e+003;7,948184e-003
2,135295e+003;7,918894e-003
2,135777e+003;7,924833e-003
2,136260e+003;7,949872e-003
2,136741e+003;7,968972e-003
2,137224e+003;7,961683e-003
2,137706e+003;7,921526e-003
2,138188e+003;7,860015e-003
2,138670e+003;7,801380e-003
2,139152e+003;7,775203e-003
2,139634e+003;7,799491e-003
2,140116e+003;7,874085e-003
2,140598e+003;7,978186e-003
2,141081e+003;8,078700e-003
2,141563e+003;8,144733e-003
2,142045e+003;8,158170e-003
2,142527e+003;8,121167e-003
2,143009e+003;8,053552e-003
2,143491e+003;7,984362e-003
2,143973e+003;7,933336e-003
2,144455e+003;7,906172e-003
2,144938e+003;7,889740e-003
2,145420e+003;7,861331e-003
2,145902e+003;7,798142e-003
2,146384e+003;7,691082e-003
2,146866e+003;7,547770e-003
2,147348e+003;7,391260e-003
2,147830e+003;7,249967e-003
2,148312e+003;7,143750e-003
2,148794e+003;7,080699e-003
2,149277e+003;7,055575e-003
2,149759e+003;7,053285e-003
2,150241e+003;7,060054e-003
2,150723e+003;7,069316e-003
2,151205e+003;7,083124e-003
2,151687e+003;7,110640e-003
2,152169e+003;7,162377e-003
2,152651e+003;7,243027e-003
2,153134e+003;7,350111e-003
2,153616e+003;7,474312e-003
2,154098e+003;7,598952e-003
2,154580e+003;7,707946e-003
2,155062e+003;7,788393e-003
2,155544e+003;7,832754e-003
2,156026e+003;7,843720e-003
2,156508e+003;7,834205e-003
2,156990e+003;7,827356e-003
2,157473e+003;7,854010e-003
2,157955e+003;7,944101e-003
2,158437e+003;8,116474e-003
2,158919e+003;8,365114e-003
2,159401e+003;8,658072e-003
2,159883e+003;8,941148e-003
2,160365e+003;9,159228e-003
2,160847e+003;9,262927e-003
2,161330e+003;9,227658e-003
2,161812e+003;9,058395e-003
2,162294e+003;8,788869e-003
2,162776e+003;8,469502e-003
2,163258e+003;8,159284e-003
2,163740e+003;7,908804e-003
2,164222e+003;7,749938e-003
2,164704e+003;7,695399e-003
2,165187e+003;7,738908e-003
2,165668e+003;7,860656e-003
2,166151e+003;8,033773e-003
2,166633e+003;8,229549e-003
2,167115e+003;8,424906e-003
2,167597e+003;8,603013e-003
2,168079e+003;8,753369e-003
2,168561e+003;8,869381e-003
2,169043e+003;8,947778e-003
2,169525e+003;8,981197e-003
2,170008e+003;8,961679e-003
2,170490e+003;8,880406e-003
2,170972e+003;8,731562e-003
2,171454e+003;8,520422e-003
2,171936e+003;8,268383e-003
2,172418e+003;8,009235e-003
2,172900e+003;7,790687e-003
2,173382e+003;7,657965e-003
2,173865e+003;7,637090e-003
2,174347e+003;7,725248e-003
2,174829e+003;7,887176e-003
2,175311e+003;8,062261e-003
2,175793e+003;8,181399e-003
2,176275e+003;8,194533e-003
2,176757e+003;8,081367e-003
2,177239e+003;7,860589e-003
2,177721e+003;7,578351e-003
2,178204e+003;7,296936e-003
2,178686e+003;7,070831e-003
2,179168e+003;6,932740e-003
2,179650e+003;6,888234e-003
2,180132e+003;6,922101e-003
2,180614e+003;7,008431e-003
2,181096e+003;7,118959e-003
2,181578e+003;7,232482e-003
2,182061e+003;7,337137e-003
2,182543e+003;7,423751e-003
2,183025e+003;7,487560e-003
2,183507e+003;7,522855e-003
2,183989e+003;7,526159e-003
2,184471e+003;7,499257e-003
2,184953e+003;7,451120e-003
2,185435e+003;7,394361e-003
2,185917e+003;7,341079e-003
2,186400e+003;7,294240e-003
2,186882e+003;7,246733e-003
2,187364e+003;7,183128e-003
2,187846e+003;7,087030e-003
2,188328e+003;6,952974e-003
2,188810e+003;6,794356e-003
2,189292e+003;6,643029e-003
2,189774e+003;6,539012e-003
2,190257e+003;6,519705e-003
2,190739e+003;6,603465e-003
2,191221e+003;6,780624e-003
2,191703e+003;7,016175e-003
2,192185e+003;7,255863e-003
2,192667e+003;7,447076e-003
2,193149e+003;7,547096e-003
2,193631e+003;7,538768e-003
2,194114e+003;7,428166e-003
2,194595e+003;7,242218e-003
2,195078e+003;7,011023e-003
2,195560e+003;6,764403e-003
2,196042e+003;6,524683e-003
2,196524e+003;6,303720e-003
2,197006e+003;6,109751e-003
2,197488e+003;5,950735e-003
2,197970e+003;5,835868e-003
2,198452e+003;5,777305e-003
2,198935e+003;5,787210e-003
2,199417e+003;5,871601e-003
2,199899e+003;6,029245e-003
2,200381e+003;6,249765e-003
2,200863e+003;6,514189e-003
2,201345e+003;6,798933e-003
2,201827e+003;7,082484e-003
2,202309e+003;7,345326e-003
2,202792e+003;7,573361e-003
2,203274e+003;7,758911e-003
2,203756e+003;7,896894e-003
2,204238e+003;7,986691e-003
2,204720e+003;8,030634e-003
2,205202e+003;8,032254e-003
2,205684e+003;7,997727e-003
2,206166e+003;7,933371e-003
2,206648e+003;7,845812e-003
2,207131e+003;7,741607e-003
2,207613e+003;7,628660e-003
2,208095e+003;7,515945e-003
2,208577e+003;7,414583e-003
2,209059e+003;7,335789e-003
2,209541e+003;7,289422e-003
2,210023e+003;7,279381e-003
2,210505e+003;7,302698e-003
2,210988e+003;7,346640e-003
2,211470e+003;7,393349e-003
2,211952e+003;7,420852e-003
2,212434e+003;7,412797e-003
2,212916e+003;7,364063e-003
2,213398e+003;7,282481e-003
2,213880e+003;7,187305e-003
2,214362e+003;7,104780e-003
2,214844e+003;7,057966e-003
2,215327e+003;7,058236e-003
2,215809e+003;7,100604e-003
2,216291e+003;7,163321e-003
2,216773e+003;7,216715e-003
2,217255e+003;7,229988e-003
2,217737e+003;7,182825e-003
2,218219e+003;7,072145e-003
2,218701e+003;6,914526e-003
2,219184e+003;6,739533e-003
2,219666e+003;6,581935e-003
2,220148e+003;6,474434e-003
2,220630e+003;6,434986e-003
2,221112e+003;6,467473e-003
2,221594e+003;6,560708e-003
2,222076e+003;6,694677e-003
2,222558e+003;6,846022e-003
2,223041e+003;6,994086e-003
2,223522e+003;7,125797e-003
2,224005e+003;7,235244e-003
2,224487e+003;7,324298e-003
2,224969e+003;7,397158e-003
2,225451e+003;7,458671e-003
2,225933e+003;7,511933e-003
2,226415e+003;7,555424e-003
2,226897e+003;7,585769e-003
2,227379e+003;7,600773e-003
2,227862e+003;7,599256e-003
2,228344e+003;7,586578e-003
2,228826e+003;7,571911e-003
2,229308e+003;7,567157e-003
2,229790e+003;7,584555e-003
2,230272e+003;7,630919e-003
2,230754e+003;7,705585e-003
2,231236e+003;7,800470e-003
2,231719e+003;7,901415e-003
2,232201e+003;7,992056e-003
2,232683e+003;8,058548e-003
2,233165e+003;8,093317e-003
2,233647e+003;8,093924e-003
2,234129e+003;8,064692e-003
2,234611e+003;8,011935e-003
2,235093e+003;7,942043e-003
2,235575e+003;7,861433e-003
2,236058e+003;7,776721e-003
2,236540e+003;7,695534e-003
2,237022e+003;7,629604e-003
2,237504e+003;7,593625e-003
2,237986e+003;7,602695e-003
2,238468e+003;7,667643e-003
2,238950e+003;7,791092e-003
2,239432e+003;7,965025e-003
2,239915e+003;8,171303e-003
2,240397e+003;8,384571e-003
2,240879e+003;8,579830e-003
2,241361e+003;8,736396e-003
2,241843e+003;8,841178e-003
2,242325e+003;8,890484e-003
2,242807e+003;8,888962e-003
2,243289e+003;8,846555e-003
2,243771e+003;8,775750e-003
2,244254e+003;8,690996e-003
2,244736e+003;8,607001e-003
2,245218e+003;8,538196e-003
2,245700e+003;8,499539e-003
2,246182e+003;8,501127e-003
2,246664e+003;8,548502e-003
2,247146e+003;8,638637e-003
2,247628e+003;8,759927e-003
2,248111e+003;8,893257e-003
2,248593e+003;9,016919e-003
2,249075e+003;9,110670e-003
2,249557e+003;9,160175e-003
2,250039e+003;9,160581e-003
2,250521e+003;9,115406e-003
2,251003e+003;9,037183e-003
2,251485e+003;8,942772e-003
2,251968e+003;8,848719e-003
2,252449e+003;8,770340e-003
2,252932e+003;8,717667e-003
2,253414e+003;8,693430e-003
2,253896e+003;8,695120e-003
2,254378e+003;8,714118e-003
2,254860e+003;8,738729e-003
2,255342e+003;8,756681e-003
2,255824e+003;8,760299e-003
2,256306e+003;8,746911e-003
2,256789e+003;8,721826e-003
2,257271e+003;8,694647e-003
2,257753e+003;8,677711e-003
2,258235e+003;8,680753e-003
2,258717e+003;8,707526e-003
2,259199e+003;8,753875e-003
2,259681e+003;8,810373e-003
2,260163e+003;8,864512e-003
2,260646e+003;8,905094e-003
2,261128e+003;8,926334e-003
2,261610e+003;8,928769e-003
2,262092e+003;8,918250e-003
2,262574e+003;8,903301e-003
2,263056e+003;8,892175e-003
2,263538e+003;8,889774e-003
2,264020e+003;8,898127e-003
2,264502e+003;8,915816e-003
2,264985e+003;8,939626e-003
2,265467e+003;8,966347e-003
2,265949e+003;8,991954e-003
2,266431e+003;9,012623e-003
2,266913e+003;9,024091e-003
2,267395e+003;9,021756e-003
2,267877e+003;9,002305e-003
2,268359e+003;8,965265e-003
2,268842e+003;8,913042e-003
2,269324e+003;8,852033e-003
2,269806e+003;8,791810e-003
2,270288e+003;8,741840e-003
2,270770e+003;8,709183e-003
2,271252e+003;8,697723e-003
2,271734e+003;8,706242e-003
2,272216e+003;8,729906e-003
2,272698e+003;8,761381e-003
2,273181e+003;8,793400e-003
2,273663e+003;8,820179e-003
2,274145e+003;8,839149e-003
2,274627e+003;8,850748e-003
2,275109e+003;8,858390e-003
2,275591e+003;8,868333e-003
2,276073e+003;8,885817e-003
2,276555e+003;8,915883e-003
2,277038e+003;8,960056e-003
2,277520e+003;9,015667e-003
2,278002e+003;9,076056e-003
2,278484e+003;9,133341e-003
2,278966e+003;9,179025e-003
2,279448e+003;9,208468e-003
2,279930e+003;9,222616e-003
2,280412e+003;9,226609e-003
2,280895e+003;9,229655e-003
2,281376e+003;9,239910e-003
2,281859e+003;9,262047e-003
2,282341e+003;9,294373e-003
2,282823e+003;9,330493e-003
2,283305e+003;9,359540e-003
2,283787e+003;9,371898e-003
2,284269e+003;9,362350e-003
2,284751e+003;9,332322e-003
2,285233e+003;9,289363e-003
2,285716e+003;9,245258e-003
2,286198e+003;9,212157e-003
2,286680e+003;9,198654e-003
2,287162e+003;9,207927e-003
2,287644e+003;9,237067e-003
2,288126e+003;9,278700e-003
2,288608e+003;9,322572e-003
2,289090e+003;9,358931e-003
2,289573e+003;9,381006e-003
2,290055e+003;9,386152e-003
2,290537e+003;9,376130e-003
2,291019e+003;9,357272e-003
2,291501e+003;9,338652e-003
2,291983e+003;9,329850e-003
2,292465e+003;9,339126e-003
2,292947e+003;9,370882e-003
2,293429e+003;9,424481e-003
2,293912e+003;9,493562e-003
2,294394e+003;9,567804e-003
2,294876e+003;9,635926e-003
2,295358e+003;9,688541e-003
2,295840e+003;9,721305e-003
2,296322e+003;9,735470e-003
2,296804e+003;9,739569e-003
2,297286e+003;9,744415e-003
2,297769e+003;9,760952e-003
2,298251e+003;9,796671e-003
2,298733e+003;9,852626e-003
2,299215e+003;9,923505e-003
2,299697e+003;9,998396e-003
2,300179e+003;1,006418e-002
2,300661e+003;1,010840e-002
2,301143e+003;1,012353e-002
2,301625e+003;1,010823e-002
2,302108e+003;1,006893e-002
2,302590e+003;1,001837e-002
2,303072e+003;9,971815e-003
2,303554e+003;9,946355e-003
2,304036e+003;9,954660e-003
2,304518e+003;1,000270e-002
2,305000e+003;1,008897e-002
2,305482e+003;1,020527e-002
2,305965e+003;1,033755e-002
2,306447e+003;1,047059e-002
2,306929e+003;1,059185e-002
2,307411e+003;1,069219e-002
2,307893e+003;1,076823e-002
2,308375e+003;1,082006e-002
2,308857e+003;1,084986e-002
2,309339e+003;1,085957e-002
2,309822e+003;1,085033e-002
2,310303e+003;1,082282e-002
2,310786e+003;1,077930e-002
2,311268e+003;1,072465e-002
2,311750e+003;1,066753e-002
2,312232e+003;1,061809e-002
2,312714e+003;1,058699e-002
2,313196e+003;1,058091e-002
2,313678e+003;1,060152e-002
2,314160e+003;1,064512e-002
2,314643e+003;1,070387e-002
2,315125e+003;1,076959e-002
2,315607e+003;1,083576e-002
2,316089e+003;1,089966e-002
2,316571e+003;1,096300e-002
2,317053e+003;1,103019e-002
2,317535e+003;1,110636e-002
2,318017e+003;1,119607e-002
2,318500e+003;1,130148e-002
2,318982e+003;1,142260e-002
2,319464e+003;1,155828e-002
2,319946e+003;1,170520e-002
2,320428e+003;1,185950e-002
2,320910e+003;1,201579e-002
2,321392e+003;1,216647e-002
2,321874e+003;1,230215e-002
2,322356e+003;1,241202e-002
2,322839e+003;1,248666e-002
2,323321e+003;1,252042e-002
2,323803e+003;1,251333e-002
2,324285e+003;1,247156e-002
2,324767e+003;1,240704e-002
2,325249e+003;1,233607e-002
2,325731e+003;1,227440e-002
2,326213e+003;1,223671e-002
2,326696e+003;1,223306e-002
2,327178e+003;1,226626e-002
2,327660e+003;1,233187e-002
2,328142e+003;1,241894e-002
2,328624e+003;1,251336e-002
2,329106e+003;1,260033e-002
2,329588e+003;1,267061e-002
2,330070e+003;1,272093e-002
2,330552e+003;1,275542e-002
2,331035e+003;1,278194e-002
2,331517e+003;1,280760e-002
2,331999e+003;1,283548e-002
2,332481e+003;1,286244e-002
2,332963e+003;1,287968e-002
2,333445e+003;1,287787e-002
2,333927e+003;1,285094e-002
2,334409e+003;1,279951e-002
2,334892e+003;1,273164e-002
2,335374e+003;1,266119e-002
2,335856e+003;1,260313e-002
2,336338e+003;1,256926e-002
2,336820e+003;1,256418e-002
2,337302e+003;1,258563e-002
2,337784e+003;1,262639e-002
2,338266e+003;1,267726e-002
2,338749e+003;1,273062e-002
2,339230e+003;1,278184e-002
2,339713e+003;1,282923e-002
2,340195e+003;1,287142e-002
2,340677e+003;1,290695e-002
2,341159e+003;1,293337e-002
2,341641e+003;1,294778e-002
2,342123e+003;1,294863e-002
2,342605e+003;1,293579e-002
2,343087e+003;1,290917e-002
2,343570e+003;1,286736e-002
2,344052e+003;1,280579e-002
2,344534e+003;1,271864e-002
2,345016e+003;1,260030e-002
2,345498e+003;1,245161e-002
2,345980e+003;1,228119e-002
2,346462e+003;1,210623e-002
2,346944e+003;1,194729e-002
2,347427e+003;1,182306e-002
2,347909e+003;1,174877e-002
2,348391e+003;1,173226e-002
2,348873e+003;1,177526e-002
2,349355e+003;1,187301e-002
2,349837e+003;1,201657e-002
2,350319e+003;1,219196e-002
2,350801e+003;1,238246e-002
2,351283e+003;1,257223e-002
2,351766e+003;1,274720e-002
2,352248e+003;1,289951e-002
2,352730e+003;1,302732e-002
2,353212e+003;1,313519e-002
2,353694e+003;1,323107e-002
2,354176e+003;1,332187e-002
2,354658e+003;1,341338e-002
2,355140e+003;1,350730e-002
2,355623e+003;1,360192e-002
2,356105e+003;1,369348e-002
2,356587e+003;1,377871e-002
2,357069e+003;1,385567e-002
2,357551e+003;1,392577e-002
2,358033e+003;1,399314e-002
2,358515e+003;1,406316e-002
2,358997e+003;1,414000e-002
2,359479e+003;1,422346e-002
2,359962e+003;1,430786e-002
2,360444e+003;1,438372e-002
2,360926e+003;1,444030e-002
2,361408e+003;1,446815e-002
2,361890e+003;1,446387e-002
2,362372e+003;1,442975e-002
2,362854e+003;1,437297e-002
2,363336e+003;1,430125e-002
2,363819e+003;1,422124e-002
2,364301e+003;1,413401e-002
2,364783e+003;1,403701e-002
2,365265e+003;1,392395e-002
2,365747e+003;1,378883e-002
2,366229e+003;1,362910e-002
2,366711e+003;1,344601e-002
2,367193e+003;1,324470e-002
2,367676e+003;1,303347e-002
2,368157e+003;1,282183e-002
2,368640e+003;1,262036e-002
2,369122e+003;1,243923e-002
2,369604e+003;1,228858e-002
2,370086e+003;1,217574e-002
2,370568e+003;1,210439e-002
2,371050e+003;1,207107e-002
2,371532e+003;1,206562e-002
2,372014e+003;1,207087e-002
2,372497e+003;1,206675e-002
2,372979e+003;1,203592e-002
2,373461e+003;1,196738e-002
2,373943e+003;1,186004e-002
2,374425e+003;1,172229e-002
2,374907e+003;1,156937e-002
2,375389e+003;1,141784e-002
2,375872e+003;1,128077e-002
2,376354e+003;1,116523e-002
2,376836e+003;1,107033e-002
2,377318e+003;1,098971e-002
2,377800e+003;1,091465e-002
2,378282e+003;1,083715e-002
2,378764e+003;1,075250e-002
2,379246e+003;1,065979e-002
2,379729e+003;1,056095e-002
2,380210e+003;1,045983e-002
2,380693e+003;1,035974e-002
2,381175e+003;1,026294e-002
2,381657e+003;1,017067e-002
2,382139e+003;1,008364e-002
2,382621e+003;1,000274e-002
2,383103e+003;9,930285e-003
2,383585e+003;9,869743e-003
2,384067e+003;9,825816e-003
2,384550e+003;9,803245e-003
2,385032e+003;9,805176e-003
2,385514e+003;9,832019e-003
2,385996e+003;9,880386e-003
2,386478e+003;9,942930e-003
2,386960e+003;1,000864e-002
2,387442e+003;1,006591e-002
2,387924e+003;1,010392e-002
2,388406e+003;1,011613e-002
2,388889e+003;1,010219e-002
2,389371e+003;1,006869e-002
2,389853e+003;1,002837e-002
2,390335e+003;9,995887e-003
2,390817e+003;9,985987e-003
2,391299e+003;1,000792e-002
2,391781e+003;1,006330e-002
2,392263e+003;1,014588e-002
2,392746e+003;1,024279e-002
2,393228e+003;1,033932e-002
2,393710e+003;1,042158e-002
2,394192e+003;1,048111e-002
2,394674e+003;1,051604e-002
2,395156e+003;1,053077e-002
2,395638e+003;1,053250e-002
2,396120e+003;1,052945e-002
2,396603e+003;1,052738e-002
2,397085e+003;1,052799e-002
2,397567e+003;1,053016e-002
2,398049e+003;1,053114e-002
2,398531e+003;1,052901e-002
2,399013e+003;1,052449e-002
2,399495e+003;1,052069e-002
2,399977e+003;1,052208e-002
2,400459e+003;1,053332e-002
2,400942e+003;1,055640e-002
2,401424e+003;1,059056e-002
2,401906e+003;1,063235e-002
2,402388e+003;1,067724e-002
2,402870e+003;1,072163e-002
2,403352e+003;1,076388e-002
2,403834e+003;1,080502e-002
2,404316e+003;1,084768e-002
2,404799e+003;1,089436e-002
2,405281e+003;1,094570e-002
2,405763e+003;1,099997e-002
2,406245e+003;1,105340e-002
2,406727e+003;1,110183e-002
2,407209e+003;1,114256e-002
2,407691e+003;1,117587e-002
2,408173e+003;1,120474e-002
2,408656e+003;1,123368e-002
2,409137e+003;1,126662e-002
2,409620e+003;1,130498e-002
2,410102e+003;1,134664e-002
2,410584e+003;1,138712e-002
2,411066e+003;1,142066e-002
2,411548e+003;1,144345e-002
2,412030e+003;1,145526e-002
2,412512e+003;1,145958e-002
2,412994e+003;1,146291e-002
2,413477e+003;1,147182e-002
2,413959e+003;1,149115e-002
2,414441e+003;1,152170e-002
2,414923e+003;1,156080e-002
2,415405e+003;1,160316e-002
2,415887e+003;1,164411e-002
2,416369e+003;1,168042e-002
2,416851e+003;1,171208e-002
2,417333e+003;1,174064e-002
2,417816e+003;1,176842e-002
2,418298e+003;1,179627e-002
2,418780e+003;1,182289e-002
2,419262e+003;1,184526e-002
2,419744e+003;1,186007e-002
2,420226e+003;1,186593e-002
2,420708e+003;1,186471e-002
2,421190e+003;1,186031e-002
2,421673e+003;1,185888e-002
2,422155e+003;1,186464e-002
2,422637e+003;1,187890e-002
2,423119e+003;1,189920e-002
2,423601e+003;1,192069e-002
2,424083e+003;1,193833e-002
2,424565e+003;1,194995e-002
2,425047e+003;1,195785e-002
2,425530e+003;1,196858e-002
2,426012e+003;1,199146e-002
2,426494e+003;1,203428e-002
2,426976e+003;1,210129e-002
2,427458e+003;1,219132e-002
2,427940e+003;1,229758e-002
2,428422e+003;1,241028e-002
2,428904e+003;1,251831e-002
2,429386e+003;1,261371e-002
2,429869e+003;1,269135e-002
2,430351e+003;1,275061e-002
2,430833e+003;1,279402e-002
2,431315e+003;1,282562e-002
2,431797e+003;1,284992e-002
2,432279e+003;1,287026e-002
2,432761e+003;1,288889e-002
2,433243e+003;1,290661e-002
2,433726e+003;1,292289e-002
2,434208e+003;1,293658e-002
2,434690e+003;1,294685e-002
2,435172e+003;1,295372e-002
2,435654e+003;1,295959e-002
2,436136e+003;1,296877e-002
2,436618e+003;1,298768e-002
2,437100e+003;1,302237e-002
2,437583e+003;1,307752e-002
2,438064e+003;1,315370e-002
2,438547e+003;1,324750e-002
2,439029e+003;1,335105e-002
2,439511e+003;1,345415e-002
2,439993e+003;1,354811e-002
2,440475e+003;1,362616e-002
2,440957e+003;1,368552e-002
2,441439e+003;1,372676e-002
2,441921e+003;1,375251e-002
2,442404e+003;1,376537e-002
2,442886e+003;1,376749e-002
2,443368e+003;1,376062e-002
2,443850e+003;1,374700e-002
2,444332e+003;1,373100e-002
2,444814e+003;1,371889e-002
2,445296e+003;1,371732e-002
2,445778e+003;1,373179e-002
2,446260e+003;1,376393e-002
2,446743e+003;1,381086e-002
2,447225e+003;1,386556e-002
2,447707e+003;1,391882e-002
2,448189e+003;1,396440e-002
2,448671e+003;1,399937e-002
2,449153e+003;1,402685e-002
2,449635e+003;1,405347e-002
2,450117e+003;1,408777e-002
2,450600e+003;1,413531e-002
2,451082e+003;1,419744e-002
2,451564e+003;1,426941e-002
2,452046e+003;1,434248e-002
2,452528e+003;1,440609e-002
2,453010e+003;1,445068e-002
2,453492e+003;1,447035e-002
2,453974e+003;1,446401e-002
2,454457e+003;1,443626e-002
2,454939e+003;1,439523e-002
2,455421e+003;1,435307e-002
2,455903e+003;1,432297e-002
2,456385e+003;1,431625e-002
2,456867e+003;1,434132e-002
2,457349e+003;1,440081e-002
2,457831e+003;1,448994e-002
2,458313e+003;1,459766e-002
2,458796e+003;1,470925e-002
2,459278e+003;1,480893e-002
2,459760e+003;1,488399e-002
2,460242e+003;1,492867e-002
2,460724e+003;1,494386e-002
2,461206e+003;1,493704e-002
2,461688e+003;1,491814e-002
2,462170e+003;1,489709e-002
2,462653e+003;1,488118e-002
2,463135e+003;1,487336e-002
2,463617e+003;1,487319e-002
2,464099e+003;1,487970e-002
2,464581e+003;1,489150e-002
2,465063e+003;1,490878e-002
2,465545e+003;1,493258e-002
2,466027e+003;1,496348e-002
2,466510e+003;1,500007e-002
2,466992e+003;1,503873e-002
2,467474e+003;1,507427e-002
2,467956e+003;1,510102e-002
2,468438e+003;1,511629e-002
2,468920e+003;1,512075e-002
2,469402e+003;1,511924e-002
2,469884e+003;1,511921e-002
2,470366e+003;1,512864e-002
2,470849e+003;1,515341e-002
2,471331e+003;1,519452e-002
2,471813e+003;1,524894e-002
2,472295e+003;1,530962e-002
2,472777e+003;1,536832e-002
2,473259e+003;1,541799e-002
2,473741e+003;1,545538e-002
2,474223e+003;1,548189e-002
2,474706e+003;1,550184e-002
2,475188e+003;1,552169e-002
2,475670e+003;1,554700e-002
2,476152e+003;1,558000e-002
2,476634e+003;1,561984e-002
2,477116e+003;1,566243e-002
2,477598e+003;1,570359e-002
2,478080e+003;1,574052e-002
2,478563e+003;1,577357e-002
2,479044e+003;1,580560e-002
2,479527e+003;1,584044e-002
2,480009e+003;1,588013e-002
2,480491e+003;1,592231e-002
2,480973e+003;1,596025e-002
2,481455e+003;1,598387e-002
2,481937e+003;1,598363e-002
2,482419e+003;1,595372e-002
2,482901e+003;1,589495e-002
2,483384e+003;1,581481e-002
2,483866e+003;1,572657e-002
2,484348e+003;1,564409e-002
2,484830e+003;1,557921e-002
2,485312e+003;1,553889e-002
2,485794e+003;1,552454e-002
2,486276e+003;1,553288e-002
2,486758e+003;1,555891e-002
2,487240e+003;1,559810e-002
2,487723e+003;1,564715e-002
2,488205e+003;1,570462e-002
2,488687e+003;1,576972e-002
2,489169e+003;1,584109e-002
2,489651e+003;1,591670e-002
2,490133e+003;1,599349e-002
2,490615e+003;1,606755e-002
2,491097e+003;1,613477e-002
2,491580e+003;1,619214e-002
2,492062e+003;1,623661e-002
2,492544e+003;1,626705e-002
2,493026e+003;1,628318e-002
2,493508e+003;1,628731e-002
2,493990e+003;1,628353e-002
2,494472e+003;1,627785e-002
2,494954e+003;1,627606e-002
2,495437e+003;1,628263e-002
2,495919e+003;1,629798e-002
2,496401e+003;1,631886e-002
2,496883e+003;1,633915e-002
2,497365e+003;1,635206e-002
2,497847e+003;1,635323e-002
2,498329e+003;1,634332e-002
2,498811e+003;1,632684e-002
2,499293e+003;1,631129e-002
2,499776e+003;1,630338e-002
2,500258e+003;1,630599e-002
2,500740e+003;1,631662e-002
2,501222e+003;1,632828e-002
2,501704e+003;1,633197e-002
2,502186e+003;1,632113e-002
2,502668e+003;1,629388e-002
2,503150e+003;1,625357e-002
2,503633e+003;1,620871e-002
2,504115e+003;1,616954e-002
2,504597e+003;1,614475e-002
2,505079e+003;1,613993e-002
2,505561e+003;1,615606e-002
2,506043e+003;1,619100e-002
2,506525e+003;1,623977e-002
2,507007e+003;1,629663e-002
2,507490e+003;1,635584e-002
2,507971e+003;1,641158e-002
2,508454e+003;1,645907e-002
2,508936e+003;1,649431e-002
2,509418e+003;1,651507e-002
2,509900e+003;1,652071e-002
2,510382e+003;1,651218e-002
2,510864e+003;1,649194e-002
2,511346e+003;1,646231e-002
2,511828e+003;1,642524e-002
2,512311e+003;1,638199e-002
2,512793e+003;1,633444e-002
2,513275e+003;1,628559e-002
2,513757e+003;1,624070e-002
2,514239e+003;1,620648e-002
2,514721e+003;1,619031e-002
2,515203e+003;1,619740e-002
2,515685e+003;1,622925e-002
2,516167e+003;1,628270e-002
2,516650e+003;1,635037e-002
2,517132e+003;1,642321e-002
2,517614e+003;1,649204e-002
2,518096e+003;1,655035e-002
2,518578e+003;1,659448e-002
2,519060e+003;1,662319e-002
2,519542e+003;1,663682e-002
2,520024e+003;1,663600e-002
2,520507e+003;1,662174e-002
2,520989e+003;1,659561e-002
2,521471e+003;1,656064e-002
2,521953e+003;1,652157e-002
2,522435e+003;1,648354e-002
2,522917e+003;1,645222e-002
2,523399e+003;1,643109e-002
2,523881e+003;1,642173e-002
2,524364e+003;1,642345e-002
2,524846e+003;1,643433e-002
2,525328e+003;1,645243e-002
2,525810e+003;1,647659e-002
2,526292e+003;1,650639e-002
2,526774e+003;1,654129e-002
2,527256e+003;1,657937e-002
2,527738e+003;1,661806e-002
2,528220e+003;1,665362e-002
2,528703e+003;1,668309e-002
2,529185e+003;1,670575e-002
2,529667e+003;1,672335e-002
2,530149e+003;1,673943e-002
2,530631e+003;1,675751e-002
2,531113e+003;1,677948e-002
2,531595e+003;1,680400e-002
2,532077e+003;1,682715e-002
2,532560e+003;1,684371e-002
2,533042e+003;1,684998e-002
2,533524e+003;1,684519e-002
2,534006e+003;1,683200e-002
2,534488e+003;1,681568e-002
2,534970e+003;1,680252e-002
2,535452e+003;1,679735e-002
2,535934e+003;1,680207e-002
2,536417e+003;1,681582e-002
2,536898e+003;1,683534e-002
2,537381e+003;1,685615e-002
2,537863e+003;1,687385e-002
2,538345e+003;1,688529e-002
2,538827e+003;1,688791e-002
2,539309e+003;1,688112e-002
2,539791e+003;1,686624e-002
2,540273e+003;1,684668e-002
2,540755e+003;1,682835e-002
2,541238e+003;1,681816e-002
2,541720e+003;1,682319e-002
2,542202e+003;1,684816e-002
2,542684e+003;1,689394e-002
2,543166e+003;1,695647e-002
2,543648e+003;1,702824e-002
2,544130e+003;1,709933e-002
2,544612e+003;1,716086e-002
2,545094e+003;1,720667e-002
2,545577e+003;1,723473e-002
2,546059e+003;1,724711e-002
2,546541e+003;1,724776e-002
2,547023e+003;1,724142e-002
2,547505e+003;1,723183e-002
2,547987e+003;1,722080e-002
2,548469e+003;1,720894e-002
2,548951e+003;1,719574e-002
2,549434e+003;1,718123e-002
2,549916e+003;1,716634e-002
2,550398e+003;1,715331e-002
2,550880e+003;1,714541e-002
2,551362e+003;1,714669e-002
2,551844e+003;1,716061e-002
2,552326e+003;1,718960e-002
2,552808e+003;1,723349e-002
2,553291e+003;1,728948e-002
2,553773e+003;1,735169e-002
2,554255e+003;1,741249e-002
2,554737e+003;1,746436e-002
2,555219e+003;1,750151e-002
2,555701e+003;1,752197e-002
2,556183e+003;1,752773e-002
2,556665e+003;1,752411e-002
2,557147e+003;1,751714e-002
2,557630e+003;1,751186e-002
2,558112e+003;1,751107e-002
2,558594e+003;1,751421e-002
2,559076e+003;1,751911e-002
2,559558e+003;1,752421e-002
2,560040e+003;1,752908e-002
2,560522e+003;1,753570e-002
2,561004e+003;1,754698e-002
2,561487e+003;1,756409e-002
2,561969e+003;1,758552e-002
2,562451e+003;1,760588e-002
2,562933e+003;1,761758e-002
2,563415e+003;1,761326e-002
2,563897e+003;1,758980e-002
2,564379e+003;1,754981e-002
2,564861e+003;1,750272e-002
2,565344e+003;1,746136e-002
2,565825e+003;1,743953e-002
2,566308e+003;1,744712e-002
2,566790e+003;1,748654e-002
2,567272e+003;1,755223e-002
2,567754e+003;1,763245e-002
2,568236e+003;1,771220e-002
2,568718e+003;1,777647e-002
2,569200e+003;1,781565e-002
2,569682e+003;1,782621e-002
2,570165e+003;1,781158e-002
2,570647e+003;1,778030e-002
2,571129e+003;1,774454e-002
2,571611e+003;1,771593e-002
2,572093e+003;1,770316e-002
2,572575e+003;1,771075e-002
2,573057e+003;1,773774e-002
2,573539e+003;1,777954e-002
2,574021e+003;1,782904e-002
2,574504e+003;1,787928e-002
2,574986e+003;1,792575e-002
2,575468e+003;1,796653e-002
2,575950e+003;1,800224e-002
2,576432e+003;1,803481e-002
2,576914e+003;1,806552e-002
2,577396e+003;1,809374e-002
2,577878e+003;1,811733e-002
2,578361e+003;1,813374e-002
2,578843e+003;1,814145e-002
2,579325e+003;1,814224e-002
2,579807e+003;1,814076e-002
2,580289e+003;1,814449e-002
2,580771e+003;1,816114e-002
2,581253e+003;1,819579e-002
2,581735e+003;1,824935e-002
2,582218e+003;1,831788e-002
2,582700e+003;1,839392e-002
2,583182e+003;1,846922e-002
2,583664e+003;1,853664e-002
2,584146e+003;1,859318e-002
2,584628e+003;1,863929e-002
2,585110e+003;1,867885e-002
2,585592e+003;1,871597e-002
2,586074e+003;1,875423e-002
2,586557e+003;1,879520e-002
2,587039e+003;1,883793e-002
2,587521e+003;1,888060e-002
2,588003e+003;1,892188e-002
2,588485e+003;1,896103e-002
2,588967e+003;1,899897e-002
2,589449e+003;1,903711e-002
2,589931e+003;1,907662e-002
2,590414e+003;1,911685e-002
2,590896e+003;1,915622e-002
2,591378e+003;1,919213e-002
2,591860e+003;1,922278e-002
2,592342e+003;1,924834e-002
2,592824e+003;1,927134e-002
2,593306e+003;1,929645e-002
2,593788e+003;1,932849e-002
2,594271e+003;1,937118e-002
2,594752e+003;1,942519e-002
2,595235e+003;1,948770e-002
2,595717e+003;1,955372e-002
2,596199e+003;1,961740e-002
2,596681e+003;1,967425e-002
2,597163e+003;1,972252e-002
2,597645e+003;1,976288e-002
2,598127e+003;1,979877e-002
2,598609e+003;1,983331e-002
2,599092e+003;1,986911e-002
2,599574e+003;1,990761e-002
2,600056e+003;1,994879e-002
2,600538e+003;1,999337e-002
2,601020e+003;2,004246e-002
2,601502e+003;2,009889e-002
2,601984e+003;2,016531e-002
2,602466e+003;2,024387e-002
2,602948e+003;2,033348e-002
2,603431e+003;2,042988e-002
2,603913e+003;2,052578e-002
2,604395e+003;2,061277e-002
2,604877e+003;2,068397e-002
2,605359e+003;2,073547e-002
2,605841e+003;2,076814e-002
2,606323e+003;2,078687e-002
2,606805e+003;2,079873e-002
2,607288e+003;2,081183e-002
2,607770e+003;2,083314e-002
2,608252e+003;2,086749e-002
2,608734e+003;2,091783e-002
2,609216e+003;2,098511e-002
2,609698e+003;2,106882e-002
2,610180e+003;2,116629e-002
2,610662e+003;2,127363e-002
2,611145e+003;2,138437e-002
2,611627e+003;2,149082e-002
2,612109e+003;2,158552e-002
2,612591e+003;2,166221e-002
2,613073e+003;2,171773e-002
2,613555e+003;2,175323e-002
2,614037e+003;2,177336e-002
2,614519e+003;2,178524e-002
2,615001e+003;2,179573e-002
2,615484e+003;2,181088e-002
2,615966e+003;2,183405e-002
2,616448e+003;2,186628e-002
2,616930e+003;2,190646e-002
2,617412e+003;2,195351e-002
2,617894e+003;2,200625e-002
2,618376e+003;2,206449e-002
2,618858e+003;2,212798e-002
2,619341e+003;2,219716e-002
2,619823e+003;2,227148e-002
2,620305e+003;2,234954e-002
2,620787e+003;2,242961e-002
2,621269e+003;2,250874e-002
2,621751e+003;2,258423e-002
2,622233e+003;2,265327e-002
2,622715e+003;2,271283e-002
2,623198e+003;2,276122e-002
2,623679e+003;2,279684e-002
2,624162e+003;2,282010e-002
2,624644e+003;2,283292e-002
2,625126e+003;2,283937e-002
2,625608e+003;2,284482e-002
2,626090e+003;2,285523e-002
2,626572e+003;2,287556e-002
2,627054e+003;2,290874e-002
2,627536e+003;2,295439e-002
2,628019e+003;2,300879e-002
2,628501e+003;2,306665e-002
2,628983e+003;2,312084e-002
2,629465e+003;2,316537e-002
2,629947e+003;2,319731e-002
2,630429e+003;2,321619e-002
2,630911e+003;2,322506e-002
2,631393e+003;2,322898e-002
2,631875e+003;2,323380e-002
2,632358e+003;2,324380e-002
2,632840e+003;2,326142e-002
2,633322e+003;2,328620e-002
2,633804e+003;2,331630e-002
2,634286e+003;2,334931e-002
2,634768e+003;2,338379e-002
2,635250e+003;2,342050e-002
2,635732e+003;2,346173e-002
2,636215e+003;2,351091e-002
2,636697e+003;2,357041e-002
2,637179e+003;2,364087e-002
2,637661e+003;2,371960e-002
2,638143e+003;2,380198e-002
2,638625e+003;2,388179e-002
2,639107e+003;2,395356e-002
2,639589e+003;2,401326e-002
2,640072e+003;2,405987e-002
2,640554e+003;2,409405e-002
2,641036e+003;2,411854e-002
2,641518e+003;2,413626e-002
2,642000e+003;2,414985e-002
2,642482e+003;2,416176e-002
2,642964e+003;2,417413e-002
2,643446e+003;2,418863e-002
2,643928e+003;2,420671e-002
2,644411e+003;2,422864e-002
2,644893e+003;2,425387e-002
2,645375e+003;2,428021e-002
2,645857e+003;2,430509e-002
2,646339e+003;2,432650e-002
2,646821e+003;2,434409e-002
2,647303e+003;2,435994e-002
2,647785e+003;2,437844e-002
2,648268e+003;2,440462e-002
2,648750e+003;2,444220e-002
2,649232e+003;2,449243e-002
2,649714e+003;2,455294e-002
2,650196e+003;2,461847e-002
2,650678e+003;2,468272e-002
2,651160e+003;2,474045e-002
2,651642e+003;2,478858e-002
2,652125e+003;2,482693e-002
2,652606e+003;2,485797e-002
2,653089e+003;2,488475e-002
2,653571e+003;2,490973e-002
2,654053e+003;2,493419e-002
2,654535e+003;2,495805e-002
2,655017e+003;2,498093e-002
2,655499e+003;2,500280e-002
2,655981e+003;2,502445e-002
2,656463e+003;2,504744e-002
2,656946e+003;2,507321e-002
2,657428e+003;2,510235e-002
2,657910e+003;2,513419e-002
2,658392e+003;2,516698e-002
2,658874e+003;2,519893e-002
2,659356e+003;2,522857e-002
2,659838e+003;2,525586e-002
2,660320e+003;2,528177e-002
2,660802e+003;2,530797e-002
2,661285e+003;2,533583e-002
2,661767e+003;2,536540e-002
2,662249e+003;2,539667e-002
2,662731e+003;2,542821e-002
2,663213e+003;2,545938e-002
2,663695e+003;2,548977e-002
2,664177e+003;2,551964e-002
2,664659e+003;2,554915e-002
2,665142e+003;2,557861e-002
2,665624e+003;2,560711e-002
2,666106e+003;2,563428e-002
2,666588e+003;2,565944e-002
2,667070e+003;2,568331e-002
2,667552e+003;2,570806e-002
2,668034e+003;2,573678e-002
2,668516e+003;2,577257e-002
2,668999e+003;2,581691e-002
2,669481e+003;2,586875e-002
2,669963e+003;2,592470e-002
2,670445e+003;2,597957e-002
2,670927e+003;2,602766e-002
2,671409e+003;2,606590e-002
2,671891e+003;2,609317e-002
2,672373e+003;2,611175e-002
2,672855e+003;2,612505e-002
2,673338e+003;2,613709e-002
2,673820e+003;2,615014e-002
2,674302e+003;2,616506e-002
2,674784e+003;2,618076e-002
2,675266e+003;2,619628e-002
2,675748e+003;2,621148e-002
2,676230e+003;2,622827e-002
2,676712e+003;2,624999e-002
2,677195e+003;2,628051e-002
2,677677e+003;2,632250e-002
2,678159e+003;2,637595e-002
2,678641e+003;2,643810e-002
2,679123e+003;2,650378e-002
2,679605e+003;2,656770e-002
2,680087e+003;2,662551e-002
2,680569e+003;2,667532e-002
2,681052e+003;2,671849e-002
2,681533e+003;2,675834e-002
2,682016e+003;2,679884e-002
2,682498e+003;2,684310e-002
2,682980e+003;2,689224e-002
2,683462e+003;2,694522e-002
2,683944e+003;2,699952e-002
2,684426e+003;2,705216e-002
2,684908e+003;2,710101e-002
2,685390e+003;2,714471e-002
2,685873e+003;2,718379e-002
2,686355e+003;2,722002e-002
2,686837e+003;2,725582e-002
2,687319e+003;2,729442e-002
2,687801e+003;2,733888e-002
2,688283e+003;2,739210e-002
2,688765e+003;2,745640e-002
2,689247e+003;2,753240e-002
2,689729e+003;2,761876e-002
2,690212e+003;2,771220e-002
2,690694e+003;2,780760e-002
2,691176e+003;2,789921e-002
2,691658e+003;2,798260e-002
2,692140e+003;2,805530e-002
2,692622e+003;2,811804e-002
2,693104e+003;2,817408e-002
2,693586e+003;2,822860e-002
2,694069e+003;2,828687e-002
2,694551e+003;2,835252e-002
2,695033e+003;2,842719e-002
2,695515e+003;2,851029e-002
2,695997e+003;2,859992e-002
2,696479e+003;2,869343e-002
2,696961e+003;2,878877e-002
2,697443e+003;2,888405e-002
2,697926e+003;2,897840e-002
2,698408e+003;2,907057e-002
2,698890e+003;2,915954e-002
2,699372e+003;2,924431e-002
2,699854e+003;2,932449e-002
2,700336e+003;2,940050e-002
2,700818e+003;2,947393e-002
2,701300e+003;2,954702e-002
2,701782e+003;2,962225e-002
2,702265e+003;2,970147e-002
2,702747e+003;2,978560e-002
2,703229e+003;2,987525e-002
2,703711e+003;2,997028e-002
2,704193e+003;3,007072e-002
2,704675e+003;3,017733e-002
2,705157e+003;3,029083e-002
2,705639e+003;3,041146e-002
2,706122e+003;3,053867e-002
2,706604e+003;3,067032e-002
2,707086e+003;3,080333e-002
2,707568e+003;3,093453e-002
2,708050e+003;3,106136e-002
2,708532e+003;3,118267e-002
2,709014e+003;3,129920e-002
2,709496e+003;3,141260e-002
2,709979e+003;3,152500e-002
2,710461e+003;3,163788e-002
2,710943e+003;3,175151e-002
2,711425e+003;3,186478e-002
2,711907e+003;3,197607e-002
2,712389e+003;3,208312e-002
2,712871e+003;3,218395e-002
2,713353e+003;3,227698e-002
2,713835e+003;3,236122e-002
2,714318e+003;3,243637e-002
2,714800e+003;3,250321e-002
2,715282e+003;3,256317e-002
2,715764e+003;3,261875e-002
2,716246e+003;3,267272e-002
2,716728e+003;3,272834e-002
2,717210e+003;3,278712e-002
2,717692e+003;3,284933e-002
2,718175e+003;3,291331e-002
2,718656e+003;3,297568e-002
2,719139e+003;3,303296e-002
2,719621e+003;3,308205e-002
2,720103e+003;3,312178e-002
2,720585e+003;3,315292e-002
2,721067e+003;3,317799e-002
2,721549e+003;3,320010e-002
2,722031e+003;3,322295e-002
2,722513e+003;3,324860e-002
2,722996e+003;3,327858e-002
2,723478e+003;3,331238e-002
2,723960e+003;3,334895e-002
2,724442e+003;3,338612e-002
2,724924e+003;3,342108e-002
2,725406e+003;3,345139e-002
2,725888e+003;3,347487e-002
2,726370e+003;3,349055e-002
2,726853e+003;3,349888e-002
2,727335e+003;3,350257e-002
2,727817e+003;3,350504e-002
2,728299e+003;3,351073e-002
2,728781e+003;3,352308e-002
2,729263e+003;3,354355e-002
2,729745e+003;3,357101e-002
2,730227e+003;3,360179e-002
2,730709e+003;3,363080e-002
2,731192e+003;3,365253e-002
2,731674e+003;3,366309e-002
2,732156e+003;3,366123e-002
2,732638e+003;3,364812e-002
2,733120e+003;3,362757e-002
2,733602e+003;3,360427e-002
2,734084e+003;3,358336e-002
2,734566e+003;3,356840e-002
2,735049e+003;3,356127e-002
2,735531e+003;3,356181e-002
2,736013e+003;3,356875e-002
2,736495e+003;3,358014e-002
2,736977e+003;3,359467e-002
2,737459e+003;3,361211e-002
2,737941e+003;3,363344e-002
2,738423e+003;3,366058e-002
2,738906e+003;3,369496e-002
2,739388e+003;3,373696e-002
2,739870e+003;3,378524e-002
2,740352e+003;3,383677e-002
2,740834e+003;3,388821e-002
2,741316e+003;3,393669e-002
2,741798e+003;3,398198e-002
2,742280e+003;3,402630e-002
2,742762e+003;3,407367e-002
2,743245e+003;3,412883e-002
2,743727e+003;3,419511e-002
2,744209e+003;3,427295e-002
2,744691e+003;3,435972e-002
2,745173e+003;3,445053e-002
2,745655e+003;3,454036e-002
2,746137e+003;3,462504e-002
2,746619e+003;3,470320e-002
2,747102e+003;3,477578e-002
2,747583e+003;3,484488e-002
2,748066e+003;3,491285e-002
2,748548e+003;3,498054e-002
2,749030e+003;3,504803e-002
2,749512e+003;3,511459e-002
2,749994e+003;3,518012e-002
2,750476e+003;3,524591e-002
2,750958e+003;3,531459e-002
2,751440e+003;3,538939e-002
2,751923e+003;3,547272e-002
2,752405e+003;3,556517e-002
2,752887e+003;3,566498e-002
2,753369e+003;3,576905e-002
2,753851e+003;3,587380e-002
2,754333e+003;3,597634e-002
2,754815e+003;3,607533e-002
2,755297e+003;3,617122e-002
2,755780e+003;3,626501e-002
2,756262e+003;3,635788e-002
2,756744e+003;3,645073e-002
2,757226e+003;3,654443e-002
2,757708e+003;3,663945e-002
2,758190e+003;3,673716e-002
2,758672e+003;3,683893e-002
2,759154e+003;3,694624e-002
2,759636e+003;3,705965e-002
2,760119e+003;3,717860e-002
2,760601e+003;3,730098e-002
2,761083e+003;3,742401e-002
2,761565e+003;3,754487e-002
2,762047e+003;3,766157e-002
2,762529e+003;3,777317e-002
2,763011e+003;3,787993e-002
2,763493e+003;3,798214e-002
2,763976e+003;3,808099e-002
2,764458e+003;3,817703e-002
2,764940e+003;3,827175e-002
2,765422e+003;3,836697e-002
2,765904e+003;3,846496e-002
2,766386e+003;3,856790e-002
2,766868e+003;3,867684e-002
2,767350e+003;3,879145e-002
2,767833e+003;3,890961e-002
2,768315e+003;3,902911e-002
2,768797e+003;3,914795e-002
2,769279e+003;3,926621e-002
2,769761e+003;3,938664e-002
2,770243e+003;3,951317e-002
2,770725e+003;3,964942e-002
2,771207e+003;3,979705e-002
2,771689e+003;3,995417e-002
2,772172e+003;4,011586e-002
2,772654e+003;4,027636e-002
2,773136e+003;4,043031e-002
2,773618e+003;4,057602e-002
2,774100e+003;4,071549e-002
2,774582e+003;4,085343e-002
2,775064e+003;4,099553e-002
2,775546e+003;4,114551e-002
2,776029e+003;4,130461e-002
2,776510e+003;4,147063e-002
2,776993e+003;4,163937e-002
2,777475e+003;4,180679e-002
2,777957e+003;4,196975e-002
2,778439e+003;4,212723e-002
2,778921e+003;4,227968e-002
2,779403e+003;4,242831e-002
2,779885e+003;4,257480e-002
2,780367e+003;4,272057e-002
2,780850e+003;4,286742e-002
2,781332e+003;4,301757e-002
2,781814e+003;4,317330e-002
2,782296e+003;4,333663e-002
2,782778e+003;4,350851e-002
2,783260e+003;4,368758e-002
2,783742e+003;4,387097e-002
2,784224e+003;4,405454e-002
2,784707e+003;4,423552e-002
2,785189e+003;4,441224e-002
2,785671e+003;4,458569e-002
2,786153e+003;4,475829e-002
2,786635e+003;4,493294e-002
2,787117e+003;4,511131e-002
2,787599e+003;4,529324e-002
2,788081e+003;4,547727e-002
2,788563e+003;4,566182e-002
2,789046e+003;4,584670e-002
2,789528e+003;4,603348e-002
2,790010e+003;4,622530e-002
2,790492e+003;4,642580e-002
2,790974e+003;4,663698e-002
2,791456e+003;4,685849e-002
2,791938e+003;4,708724e-002
2,792420e+003;4,731929e-002
2,792903e+003;4,755072e-002
2,793385e+003;4,777935e-002
2,793867e+003;4,800548e-002
2,794349e+003;4,823102e-002
2,794831e+003;4,845868e-002
2,795313e+003;4,868986e-002
2,795795e+003;4,892522e-002
2,796277e+003;4,916389e-002
2,796760e+003;4,940484e-002
2,797242e+003;4,964716e-002
2,797724e+003;4,989087e-002
2,798206e+003;5,013688e-002
2,798688e+003;5,038619e-002
2,799170e+003;5,063941e-002
2,799652e+003;5,089645e-002
2,800134e+003;5,115668e-002
2,800616e+003;5,141933e-002
2,801099e+003;5,168375e-002
2,801581e+003;5,194948e-002
2,802063e+003;5,221613e-002
2,802545e+003;5,248260e-002
2,803027e+003;5,274759e-002
2,803509e+003;5,300974e-002
2,803991e+003;5,326828e-002
2,804473e+003;5,352385e-002
2,804956e+003;5,377886e-002
2,805438e+003;5,403744e-002
2,805920e+003;5,430455e-002
2,806402e+003;5,458440e-002
2,806884e+003;5,488023e-002
2,807366e+003;5,519300e-002
2,807848e+003;5,552173e-002
2,808330e+003;5,586345e-002
2,808813e+003;5,621427e-002
2,809294e+003;5,656921e-002
2,809777e+003;5,692339e-002
2,810259e+003;5,727230e-002
2,810741e+003;5,761306e-002
2,811223e+003;5,794492e-002
2,811705e+003;5,827036e-002
2,812187e+003;5,859469e-002
2,812669e+003;5,892449e-002
2,813151e+003;5,926590e-002
2,813634e+003;5,962331e-002
2,814116e+003;5,999711e-002
2,814598e+003;6,038402e-002
2,815080e+003;6,077833e-002
2,815562e+003;6,117434e-002
2,816044e+003;6,156765e-002
2,816526e+003;6,195761e-002
2,817008e+003;6,234619e-002
2,817490e+003;6,273735e-002
2,817973e+003;6,313507e-002
2,818455e+003;6,354113e-002
2,818937e+003;6,395521e-002
2,819419e+003;6,437476e-002
2,819901e+003;6,479652e-002
2,820383e+003;6,521669e-002
2,820865e+003;6,563333e-002
2,821347e+003;6,604510e-002
2,821830e+003;6,645188e-002
2,822312e+003;6,685440e-002
2,822794e+003;6,725406e-002
2,823276e+003;6,765319e-002
2,823758e+003;6,805470e-002
2,824240e+003;6,846321e-002
2,824722e+003;6,888264e-002
2,825204e+003;6,931654e-002
2,825687e+003;6,976663e-002
2,826169e+003;7,023221e-002
2,826651e+003;7,071079e-002
2,827133e+003;7,119835e-002
2,827615e+003;7,169147e-002
2,828097e+003;7,218719e-002
2,828579e+003;7,268433e-002
2,829061e+003;7,318246e-002
2,829543e+003;7,368224e-002
2,830026e+003;7,418444e-002
2,830508e+003;7,469056e-002
2,830990e+003;7,520299e-002
2,831472e+003;7,572506e-002
2,831954e+003;7,626121e-002
2,832436e+003;7,681611e-002
2,832918e+003;7,739333e-002
2,833400e+003;7,799436e-002
2,833883e+003;7,861811e-002
2,834365e+003;7,926200e-002
2,834847e+003;7,992217e-002
2,835329e+003;8,059592e-002
2,835811e+003;8,128234e-002
2,836293e+003;8,198189e-002
2,836775e+003;8,269572e-002
2,837257e+003;8,342478e-002
2,837740e+003;8,416837e-002
2,838221e+003;8,492453e-002
2,838704e+003;8,569115e-002
2,839186e+003;8,646699e-002
2,839668e+003;8,725296e-002
2,840150e+003;8,805224e-002
2,840632e+003;8,886951e-002
2,841114e+003;8,970852e-002
2,841596e+003;9,057108e-002
2,842078e+003;9,145588e-002
2,842561e+003;9,235962e-002
2,843043e+003;9,327715e-002
2,843525e+003;9,420474e-002
2,844007e+003;9,514046e-002
2,844489e+003;9,608530e-002
2,844971e+003;9,704182e-002
2,845453e+003;9,801320e-002
2,845935e+003;9,900182e-002
2,846417e+003;1,000075e-001
2,846900e+003;1,010282e-001
2,847382e+003;1,020598e-001
2,847864e+003;1,030969e-001
2,848346e+003;1,041335e-001
2,848828e+003;1,051643e-001
2,849310e+003;1,061837e-001
2,849792e+003;1,071873e-001
2,850274e+003;1,081714e-001
2,850757e+003;1,091340e-001
2,851239e+003;1,100738e-001
2,851721e+003;1,109906e-001
2,852203e+003;1,118842e-001
2,852685e+003;1,127536e-001
2,853167e+003;1,135969e-001
2,853649e+003;1,144103e-001
2,854131e+003;1,151897e-001
2,854614e+003;1,159312e-001
2,855096e+003;1,166328e-001
2,855578e+003;1,172959e-001
2,856060e+003;1,179245e-001
2,856542e+003;1,185262e-001
2,857024e+003;1,191105e-001
2,857506e+003;1,196869e-001
2,857988e+003;1,202653e-001
2,858470e+003;1,208527e-001
2,858953e+003;1,214548e-001
2,859435e+003;1,220742e-001
2,859917e+003;1,227115e-001
2,860399e+003;1,233649e-001
2,860881e+003;1,240310e-001
2,861363e+003;1,247059e-001
2,861845e+003;1,253857e-001
2,862327e+003;1,260681e-001
2,862810e+003;1,267517e-001
2,863292e+003;1,274374e-001
2,863774e+003;1,281266e-001
2,864256e+003;1,288203e-001
2,864738e+003;1,295180e-001
2,865220e+003;1,302162e-001
2,865702e+003;1,309094e-001
2,866184e+003;1,315902e-001
2,866667e+003;1,322516e-001
2,867148e+003;1,328874e-001
2,867631e+003;1,334944e-001
2,868113e+003;1,340703e-001
2,868595e+003;1,346131e-001
2,869077e+003;1,351195e-001
2,869559e+003;1,355829e-001
2,870041e+003;1,359936e-001
2,870523e+003;1,363416e-001
2,871005e+003;1,366170e-001
2,871488e+003;1,368141e-001
2,871970e+003;1,369321e-001
2,872452e+003;1,369748e-001
2,872934e+003;1,369491e-001
2,873416e+003;1,368618e-001
2,873898e+003;1,367180e-001
2,874380e+003;1,365200e-001
2,874862e+003;1,362687e-001
2,875344e+003;1,359646e-001
2,875827e+003;1,356106e-001
2,876309e+003;1,352121e-001
2,876791e+003;1,347765e-001
2,877273e+003;1,343102e-001
2,877755e+003;1,338179e-001
2,878237e+003;1,333006e-001
2,878719e+003;1,327559e-001
2,879201e+003;1,321809e-001
2,879684e+003;1,315732e-001
2,880166e+003;1,309335e-001
2,880648e+003;1,302655e-001
2,881130e+003;1,295744e-001
2,881612e+003;1,288643e-001
2,882094e+003;1,281386e-001
2,882576e+003;1,273980e-001
2,883058e+003;1,266430e-001
2,883541e+003;1,258758e-001
2,884023e+003;1,251015e-001
2,884505e+003;1,243280e-001
2,884987e+003;1,235641e-001
2,885469e+003;1,228170e-001
2,885951e+003;1,220894e-001
2,886433e+003;1,213790e-001
2,886915e+003;1,206798e-001
2,887397e+003;1,199851e-001
2,887880e+003;1,192907e-001
2,888362e+003;1,185975e-001
2,888844e+003;1,179119e-001
2,889326e+003;1,172433e-001
2,889808e+003;1,166017e-001
2,890290e+003;1,159948e-001
2,890772e+003;1,154253e-001
2,891254e+003;1,148921e-001
2,891737e+003;1,143912e-001
2,892219e+003;1,139179e-001
2,892701e+003;1,134688e-001
2,893183e+003;1,130433e-001
2,893665e+003;1,126423e-001
2,894147e+003;1,122686e-001
2,894629e+003;1,119254e-001
2,895111e+003;1,116150e-001
2,895594e+003;1,113391e-001
2,896075e+003;1,110993e-001
2,896558e+003;1,108964e-001
2,897040e+003;1,107319e-001
2,897522e+003;1,106066e-001
2,898004e+003;1,105219e-001
2,898486e+003;1,104788e-001
2,898968e+003;1,104773e-001
2,899450e+003;1,105175e-001
2,899932e+003;1,105981e-001
2,900415e+003;1,107183e-001
2,900897e+003;1,108761e-001
2,901379e+003;1,110702e-001
2,901861e+003;1,113003e-001
2,902343e+003;1,115667e-001
2,902825e+003;1,118711e-001
2,903307e+003;1,122165e-001
2,903789e+003;1,126060e-001
2,904271e+003;1,130421e-001
2,904754e+003;1,135253e-001
2,905236e+003;1,140536e-001
2,905718e+003;1,146225e-001
2,906200e+003;1,152247e-001
2,906682e+003;1,158529e-001
2,907164e+003;1,165004e-001
2,907646e+003;1,171622e-001
2,908128e+003;1,178368e-001
2,908611e+003;1,185252e-001
2,909093e+003;1,192317e-001
2,909575e+003;1,199620e-001
2,910057e+003;1,207226e-001
2,910539e+003;1,215198e-001
2,911021e+003;1,223576e-001
2,911503e+003;1,232382e-001
2,911985e+003;1,241601e-001
2,912468e+003;1,251191e-001
2,912950e+003;1,261088e-001
2,913432e+003;1,271209e-001
2,913914e+003;1,281485e-001
2,914396e+003;1,291845e-001
2,914878e+003;1,302242e-001
2,915360e+003;1,312639e-001
2,915842e+003;1,322998e-001
2,916324e+003;1,333277e-001
2,916807e+003;1,343418e-001
2,917289e+003;1,353356e-001
2,917771e+003;1,363025e-001
2,918253e+003;1,372368e-001
2,918735e+003;1,381353e-001
2,919217e+003;1,389964e-001
2,919699e+003;1,398200e-001
2,920181e+003;1,406054e-001
2,920664e+003;1,413514e-001
2,921146e+003;1,420538e-001
2,921628e+003;1,427074e-001
2,922110e+003;1,433059e-001
2,922592e+003;1,438426e-001
2,923074e+003;1,443130e-001
2,923556e+003;1,447141e-001
2,924038e+003;1,450458e-001
2,924521e+003;1,453107e-001
2,925002e+003;1,455142e-001
2,925485e+003;1,456650e-001
2,925967e+003;1,457726e-001
2,926449e+003;1,458471e-001
2,926931e+003;1,458962e-001
2,927413e+003;1,459243e-001
2,927895e+003;1,459309e-001
2,928377e+003;1,459125e-001
2,928859e+003;1,458631e-001
2,929342e+003;1,457776e-001
2,929824e+003;1,456539e-001
2,930306e+003;1,454932e-001
2,930788e+003;1,453000e-001
2,931270e+003;1,450796e-001
2,931752e+003;1,448370e-001
2,932234e+003;1,445755e-001
2,932716e+003;1,442970e-001
2,933198e+003;1,440028e-001
2,933681e+003;1,436952e-001
2,934163e+003;1,433774e-001
2,934645e+003;1,430542e-001
2,935127e+003;1,427295e-001
2,935609e+003;1,424057e-001
2,936091e+003;1,420829e-001
2,936573e+003;1,417591e-001
2,937055e+003;1,414313e-001
2,937538e+003;1,410964e-001
2,938020e+003;1,407530e-001
2,938502e+003;1,404002e-001
2,938984e+003;1,400375e-001
2,939466e+003;1,396635e-001
2,939948e+003;1,392761e-001
2,940430e+003;1,388719e-001
2,940912e+003;1,384482e-001
2,941395e+003;1,380038e-001
2,941877e+003;1,375391e-001
2,942359e+003;1,370576e-001
2,942841e+003;1,365632e-001
2,943323e+003;1,360594e-001
2,943805e+003;1,355489e-001
2,944287e+003;1,350321e-001
2,944769e+003;1,345080e-001
2,945251e+003;1,339734e-001
2,945734e+003;1,334252e-001
2,946216e+003;1,328594e-001
2,946698e+003;1,322719e-001
2,947180e+003;1,316587e-001
2,947662e+003;1,310165e-001
2,948144e+003;1,303431e-001
2,948626e+003;1,296376e-001
2,949108e+003;1,289001e-001
2,949591e+003;1,281307e-001
2,950073e+003;1,273291e-001
2,950555e+003;1,264926e-001
2,951037e+003;1,256170e-001
2,951519e+003;1,246977e-001
2,952001e+003;1,237308e-001
2,952483e+003;1,227154e-001
2,952965e+003;1,216541e-001
2,953448e+003;1,205520e-001
2,953929e+003;1,194153e-001
2,954412e+003;1,182487e-001
2,954894e+003;1,170537e-001
2,955376e+003;1,158283e-001
2,955858e+003;1,145680e-001
2,956340e+003;1,132677e-001
2,956822e+003;1,119249e-001
2,957304e+003;1,105403e-001
2,957786e+003;1,091188e-001
2,958269e+003;1,076678e-001
2,958751e+003;1,061961e-001
2,959233e+003;1,047121e-001
2,959715e+003;1,032215e-001
2,960197e+003;1,017282e-001
2,960679e+003;1,002323e-001
2,961161e+003;9,873181e-002
2,961643e+003;9,722179e-002
2,962125e+003;9,569726e-002
2,962608e+003;9,415333e-002
2,963090e+003;9,258694e-002
2,963572e+003;9,099905e-002
2,964054e+003;8,939455e-002
2,964536e+003;8,778238e-002
2,965018e+003;8,617358e-002
2,965500e+003;8,458094e-002
2,965982e+003;8,301583e-002
2,966465e+003;8,148691e-002
2,966947e+003;8,000008e-002
2,967429e+003;7,855780e-002
2,967911e+003;7,715946e-002
2,968393e+003;7,580198e-002
2,968875e+003;7,448106e-002
2,969357e+003;7,319152e-002
2,969839e+003;7,192884e-002
2,970322e+003;7,069020e-002
2,970804e+003;6,947472e-002
2,971286e+003;6,828333e-002
2,971768e+003;6,711748e-002
2,972250e+003;6,597798e-002
2,972732e+003;6,486430e-002
2,973214e+003;6,377331e-002
2,973696e+003;6,270140e-002
2,974178e+003;6,164642e-002
2,974661e+003;6,060923e-002
2,975143e+003;5,959537e-002
2,975625e+003;5,861380e-002
2,976107e+003;5,767526e-002
2,976589e+003;5,678905e-002
2,977071e+003;5,595918e-002
2,977553e+003;5,518386e-002
2,978035e+003;5,445529e-002
2,978518e+003;5,376218e-002
2,979000e+003;5,309226e-002
2,979482e+003;5,243624e-002
2,979964e+003;5,178893e-002
2,980446e+003;5,115012e-002
2,980928e+003;5,052389e-002
2,981410e+003;4,991619e-002
2,981892e+003;4,933379e-002
2,982375e+003;4,878124e-002
2,982856e+003;4,826075e-002
2,983339e+003;4,777070e-002
2,983821e+003;4,730647e-002
2,984303e+003;4,686097e-002
2,984785e+003;4,642772e-002
2,985267e+003;4,600183e-002
2,985749e+003;4,558269e-002
2,986231e+003;4,517436e-002
2,986713e+003;4,478448e-002
2,987196e+003;4,442181e-002
2,987678e+003;4,409342e-002
2,988160e+003;4,380111e-002
2,988642e+003;4,354137e-002
2,989124e+003;4,330573e-002
2,989606e+003;4,308306e-002
2,990088e+003;4,286406e-002
2,990570e+003;4,264286e-002
2,991052e+003;4,241867e-002
2,991535e+003;4,219459e-002
2,992017e+003;4,197585e-002
2,992499e+003;4,176718e-002
2,992981e+003;4,157100e-002
2,993463e+003;4,138789e-002
2,993945e+003;4,121669e-002
2,994427e+003;4,105631e-002
2,994909e+003;4,090705e-002
2,995392e+003;4,077004e-002
2,995874e+003;4,064751e-002
2,996356e+003;4,054092e-002
2,996838e+003;4,045042e-002
2,997320e+003;4,037493e-002
2,997802e+003;4,031163e-002
2,998284e+003;4,025724e-002
2,998766e+003;4,020857e-002
2,999249e+003;4,016292e-002
2,999731e+003;4,011843e-002
3,000213e+003;4,007367e-002
3,000695e+003;4,002807e-002
3,001177e+003;3,998243e-002
3,001659e+003;3,993786e-002
3,002141e+003;3,989685e-002
3,002623e+003;3,986169e-002
3,003105e+003;3,983427e-002
3,003588e+003;3,981531e-002
3,004070e+003;3,980416e-002
3,004552e+003;3,979930e-002
3,005034e+003;3,979894e-002
3,005516e+003;3,980253e-002
3,005998e+003;3,981056e-002
3,006480e+003;3,982367e-002
3,006962e+003;3,984270e-002
3,007445e+003;3,986703e-002
3,007927e+003;3,989438e-002
3,008409e+003;3,992071e-002
3,008891e+003;3,994193e-002
3,009373e+003;3,995464e-002
3,009855e+003;3,995726e-002
3,010337e+003;3,995054e-002
3,010819e+003;3,993684e-002
3,011302e+003;3,991951e-002
3,011783e+003;3,990204e-002
3,012266e+003;3,988759e-002
3,012748e+003;3,987945e-002
3,013230e+003;3,988145e-002
3,013712e+003;3,989790e-002
3,014194e+003;3,993292e-002
3,014676e+003;3,998955e-002
3,015158e+003;4,006796e-002
3,015640e+003;4,016488e-002
3,016123e+003;4,027396e-002
3,016605e+003;4,038591e-002
3,017087e+003;4,049149e-002
3,017569e+003;4,058337e-002
3,018051e+003;4,065741e-002
3,018533e+003;4,071407e-002
3,019015e+003;4,075730e-002
3,019497e+003;4,079453e-002
3,019979e+003;4,083373e-002
3,020462e+003;4,088240e-002
3,020944e+003;4,094587e-002
3,021426e+003;4,102579e-002
3,021908e+003;4,112012e-002
3,022390e+003;4,122329e-002
3,022872e+003;4,132870e-002
3,023354e+003;4,142900e-002
3,023836e+003;4,151959e-002
3,024319e+003;4,159915e-002
3,024801e+003;4,167011e-002
3,025283e+003;4,173730e-002
3,025765e+003;4,180639e-002
3,026247e+003;4,188235e-002
3,026729e+003;4,196771e-002
3,027211e+003;4,206203e-002
3,027693e+003;4,216403e-002
3,028176e+003;4,227124e-002
3,028658e+003;4,238177e-002
3,029140e+003;4,249488e-002
3,029622e+003;4,260971e-002
3,030104e+003;4,272529e-002
3,030586e+003;4,284018e-002
3,031068e+003;4,295187e-002
3,031550e+003;4,305848e-002
3,032032e+003;4,315925e-002
3,032515e+003;4,325576e-002
3,032997e+003;4,335102e-002
3,033479e+003;4,344853e-002
3,033961e+003;4,355100e-002
3,034443e+003;4,365893e-002
3,034925e+003;4,377091e-002
3,035407e+003;4,388405e-002
3,035889e+003;4,399540e-002
3,036372e+003;4,410332e-002
3,036854e+003;4,420826e-002
3,037336e+003;4,431198e-002
3,037818e+003;4,441668e-002
3,038300e+003;4,452423e-002
3,038782e+003;4,463570e-002
3,039264e+003;4,475105e-002
3,039746e+003;4,486982e-002
3,040229e+003;4,499211e-002
3,040711e+003;4,511833e-002
3,041193e+003;4,524841e-002
3,041675e+003;4,538188e-002
3,042157e+003;4,551667e-002
3,042639e+003;4,565011e-002
3,043121e+003;4,577906e-002
3,043603e+003;4,590213e-002
3,044085e+003;4,601970e-002
3,044568e+003;4,613483e-002
3,045050e+003;4,625228e-002
3,045532e+003;4,637669e-002
3,046014e+003;4,651194e-002
3,046496e+003;4,665964e-002
3,046978e+003;4,681911e-002
3,047460e+003;4,698806e-002
3,047942e+003;4,716277e-002
3,048425e+003;4,733946e-002
3,048906e+003;4,751442e-002
3,049389e+003;4,768430e-002
3,049871e+003;4,784642e-002
3,050353e+003;4,799986e-002
3,050835e+003;4,814509e-002
3,051317e+003;4,828452e-002
3,051799e+003;4,842241e-002
3,052281e+003;4,856304e-002
3,052763e+003;4,870984e-002
3,053246e+003;4,886392e-002
3,053728e+003;4,902425e-002
3,054210e+003;4,918749e-002
3,054692e+003;4,935027e-002
3,055174e+003;4,951081e-002
3,055656e+003;4,966937e-002
3,056138e+003;4,982806e-002
3,056620e+003;4,999034e-002
3,057103e+003;5,015838e-002
3,057585e+003;5,033246e-002
3,058067e+003;5,051105e-002
3,058549e+003;5,069142e-002
3,059031e+003;5,087127e-002
3,059513e+003;5,105053e-002
3,059995e+003;5,123105e-002
3,060477e+003;5,141564e-002
3,060959e+003;5,160724e-002
3,061442e+003;5,180745e-002
3,061924e+003;5,201525e-002
3,062406e+003;5,222812e-002
3,062888e+003;5,244255e-002
3,063370e+003;5,265612e-002
3,063852e+003;5,286751e-002
3,064334e+003;5,307687e-002
3,064816e+003;5,328543e-002
3,065299e+003;5,349413e-002
3,065781e+003;5,370301e-002
3,066263e+003;5,391104e-002
3,066745e+003;5,411685e-002
3,067227e+003;5,431885e-002
3,067709e+003;5,451599e-002
3,068191e+003;5,470796e-002
3,068673e+003;5,489489e-002
3,069156e+003;5,507788e-002
3,069638e+003;5,525836e-002
3,070120e+003;5,543849e-002
3,070602e+003;5,562111e-002
3,071084e+003;5,580935e-002
3,071566e+003;5,600622e-002
3,072048e+003;5,621348e-002
3,072530e+003;5,643132e-002
3,073012e+003;5,665796e-002
3,073495e+003;5,689038e-002
3,073977e+003;5,712527e-002
3,074459e+003;5,736006e-002
3,074941e+003;5,759335e-002
3,075423e+003;5,782529e-002
3,075905e+003;5,805674e-002
3,076387e+003;5,828904e-002
3,076869e+003;5,852306e-002
3,077352e+003;5,875952e-002
3,077833e+003;5,899883e-002
3,078316e+003;5,924129e-002
3,078798e+003;5,948718e-002
3,079280e+003;5,973674e-002
3,079762e+003;5,998927e-002
3,080244e+003;6,024343e-002
3,080726e+003;6,049743e-002
3,081208e+003;6,074945e-002
3,081690e+003;6,099814e-002
3,082173e+003;6,124323e-002
3,082655e+003;6,148480e-002
3,083137e+003;6,172376e-002
3,083619e+003;6,196005e-002
3,084101e+003;6,219334e-002
3,084583e+003;6,242331e-002
3,085065e+003;6,265011e-002
3,085547e+003;6,287615e-002
3,086030e+003;6,310469e-002
3,086512e+003;6,334054e-002
3,086994e+003;6,358762e-002
3,087476e+003;6,384842e-002
3,087958e+003;6,412236e-002
3,088440e+003;6,440696e-002
3,088922e+003;6,469902e-002
3,089404e+003;6,499547e-002
3,089886e+003;6,529540e-002
3,090369e+003;6,559911e-002
3,090851e+003;6,590748e-002
3,091333e+003;6,621999e-002
3,091815e+003;6,653429e-002
3,092297e+003;6,684590e-002
3,092779e+003;6,714978e-002
3,093261e+003;6,744225e-002
3,093743e+003;6,772219e-002
3,094226e+003;6,799196e-002
3,094708e+003;6,825588e-002
3,095190e+003;6,851888e-002
3,095672e+003;6,878449e-002
3,096154e+003;6,905460e-002
3,096636e+003;6,932932e-002
3,097118e+003;6,960826e-002
3,097600e+003;6,989224e-002
3,098083e+003;7,018240e-002
3,098565e+003;7,048141e-002
3,099047e+003;7,079080e-002
3,099529e+003;7,111006e-002
3,100011e+003;7,143654e-002
3,100493e+003;7,176604e-002
3,100975e+003;7,209427e-002
3,101457e+003;7,241847e-002
3,101939e+003;7,273854e-002
3,102422e+003;7,305672e-002
3,102904e+003;7,337682e-002
3,103386e+003;7,370238e-002
3,103868e+003;7,403585e-002
3,104350e+003;7,437826e-002
3,104832e+003;7,472908e-002
3,105314e+003;7,508627e-002
3,105796e+003;7,544685e-002
3,106279e+003;7,580675e-002
3,106760e+003;7,616115e-002
3,107243e+003;7,650575e-002
3,107725e+003;7,683770e-002
3,108207e+003;7,715775e-002
3,108689e+003;7,746980e-002
3,109171e+003;7,778164e-002
3,109653e+003;7,810204e-002
3,110135e+003;7,843783e-002
3,110617e+003;7,879171e-002
3,111100e+003;7,916123e-002
3,111582e+003;7,953983e-002
3,112064e+003;7,991938e-002
3,112546e+003;8,029349e-002
3,113028e+003;8,066043e-002
3,113510e+003;8,102220e-002
3,113992e+003;8,138379e-002
3,114474e+003;8,174937e-002
3,114957e+003;8,212030e-002
3,115439e+003;8,249427e-002
3,115921e+003;8,286599e-002
3,116403e+003;8,323009e-002
3,116885e+003;8,358461e-002
3,117367e+003;8,393170e-002
3,117849e+003;8,427782e-002
3,118331e+003;8,463144e-002
3,118813e+003;8,500024e-002
3,119296e+003;8,538807e-002
3,119778e+003;8,579526e-002
3,120260e+003;8,621681e-002
3,120742e+003;8,664627e-002
3,121224e+003;8,707581e-002
3,121706e+003;8,749915e-002
3,122188e+003;8,791218e-002
3,122670e+003;8,831395e-002
3,123153e+003;8,870687e-002
3,123635e+003;8,909579e-002
3,124117e+003;8,948730e-002
3,124599e+003;8,988727e-002
3,125081e+003;9,029923e-002
3,125563e+003;9,072233e-002
3,126045e+003;9,115156e-002
3,126527e+003;9,157945e-002
3,127010e+003;9,199794e-002
3,127492e+003;9,240347e-002
3,127974e+003;9,279712e-002
3,128456e+003;9,318627e-002
3,128938e+003;9,358000e-002
3,129420e+003;9,398681e-002
3,129902e+003;9,440931e-002
3,130384e+003;9,484459e-002
3,130866e+003;9,528407e-002
3,131349e+003;9,571874e-002
3,131831e+003;9,614331e-002
3,132313e+003;9,655860e-002
3,132795e+003;9,697181e-002
3,133277e+003;9,739283e-002
3,133759e+003;9,782917e-002
3,134241e+003;9,828256e-002
3,134723e+003;9,874741e-002
3,135206e+003;9,921280e-002
3,135688e+003;9,966842e-002
3,136170e+003;1,001072e-001
3,136652e+003;1,005291e-001
3,137134e+003;1,009402e-001
3,137616e+003;1,013499e-001
3,138098e+003;1,017668e-001
3,138580e+003;1,021954e-001
3,139063e+003;1,026362e-001
3,139544e+003;1,030859e-001
3,140027e+003;1,035414e-001
3,140509e+003;1,040009e-001
3,140991e+003;1,044653e-001
3,141473e+003;1,049373e-001
3,141955e+003;1,054190e-001
3,142437e+003;1,059109e-001
3,142919e+003;1,064108e-001
3,143401e+003;1,069149e-001
3,143884e+003;1,074188e-001
3,144366e+003;1,079195e-001
3,144848e+003;1,084158e-001
3,145330e+003;1,089074e-001
3,145812e+003;1,093947e-001
3,146294e+003;1,098779e-001
3,146776e+003;1,103568e-001
3,147258e+003;1,108319e-001
3,147740e+003;1,113038e-001
3,148223e+003;1,117742e-001
3,148705e+003;1,122449e-001
3,149187e+003;1,127171e-001
3,149669e+003;1,131909e-001
3,150151e+003;1,136654e-001
3,150633e+003;1,141392e-001
3,151115e+003;1,146119e-001
3,151597e+003;1,150848e-001
3,152080e+003;1,155605e-001
3,152562e+003;1,160422e-001
3,153044e+003;1,165321e-001
3,153526e+003;1,170305e-001
3,154008e+003;1,175357e-001
3,154490e+003;1,180452e-001
3,154972e+003;1,185571e-001
3,155454e+003;1,190710e-001
3,155937e+003;1,195876e-001
3,156419e+003;1,201079e-001
3,156901e+003;1,206318e-001
3,157383e+003;1,211576e-001
3,157865e+003;1,216817e-001
3,158347e+003;1,222015e-001
3,158829e+003;1,227156e-001
3,159311e+003;1,232265e-001
3,159793e+003;1,237385e-001
3,160276e+003;1,242568e-001
3,160758e+003;1,247839e-001
3,161240e+003;1,253184e-001
3,161722e+003;1,258539e-001
3,162204e+003;1,263817e-001
3,162686e+003;1,268944e-001
3,163168e+003;1,273885e-001
3,163650e+003;1,278668e-001
3,164133e+003;1,283376e-001
3,164615e+003;1,288137e-001
3,165097e+003;1,293074e-001
3,165579e+003;1,298275e-001
3,166061e+003;1,303768e-001
3,166543e+003;1,309514e-001
3,167025e+003;1,315413e-001
3,167507e+003;1,321320e-001
3,167990e+003;1,327095e-001
3,168471e+003;1,332620e-001
3,168954e+003;1,337830e-001
3,169436e+003;1,342746e-001
3,169918e+003;1,347463e-001
3,170400e+003;1,352129e-001
3,170882e+003;1,356906e-001
3,171364e+003;1,361931e-001
3,171846e+003;1,367266e-001
3,172328e+003;1,372884e-001
3,172811e+003;1,378678e-001
3,173293e+003;1,384508e-001
3,173775e+003;1,390239e-001
3,174257e+003;1,395788e-001
3,174739e+003;1,401144e-001
3,175221e+003;1,406358e-001
3,175703e+003;1,411522e-001
3,176185e+003;1,416714e-001
3,176667e+003;1,421988e-001
3,177150e+003;1,427362e-001
3,177632e+003;1,432815e-001
3,178114e+003;1,438312e-001
3,178596e+003;1,443817e-001
3,179078e+003;1,449300e-001
3,179560e+003;1,454737e-001
3,180042e+003;1,460112e-001
3,180524e+003;1,465411e-001
3,181007e+003;1,470632e-001
3,181489e+003;1,475796e-001
3,181971e+003;1,480939e-001
3,182453e+003;1,486112e-001
3,182935e+003;1,491356e-001
3,183417e+003;1,496694e-001
3,183899e+003;1,502120e-001
3,184381e+003;1,507605e-001
3,184864e+003;1,513120e-001
3,185346e+003;1,518651e-001
3,185828e+003;1,524210e-001
3,186310e+003;1,529819e-001
3,186792e+003;1,535492e-001
3,187274e+003;1,541210e-001
3,187756e+003;1,546916e-001
3,188238e+003;1,552531e-001
3,188720e+003;1,557984e-001
3,189203e+003;1,563248e-001
3,189685e+003;1,568361e-001
3,190167e+003;1,573411e-001
3,190649e+003;1,578500e-001
3,191131e+003;1,583709e-001
3,191613e+003;1,589053e-001
3,192095e+003;1,594502e-001
3,192577e+003;1,599982e-001
3,193060e+003;1,605433e-001
3,193542e+003;1,610837e-001
3,194024e+003;1,616220e-001
3,194506e+003;1,621633e-001
3,194988e+003;1,627108e-001
3,195470e+003;1,632631e-001
3,195952e+003;1,638139e-001
3,196434e+003;1,643540e-001
3,196917e+003;1,648751e-001
3,197398e+003;1,653741e-001
3,197881e+003;1,658541e-001
3,198363e+003;1,663235e-001
3,198845e+003;1,667916e-001
3,199327e+003;1,672659e-001
3,199809e+003;1,677497e-001
3,200291e+003;1,682429e-001
3,200773e+003;1,687436e-001
3,201255e+003;1,692506e-001
3,201738e+003;1,697630e-001
3,202220e+003;1,702800e-001
3,202702e+003;1,707978e-001
3,203184e+003;1,713102e-001
3,203666e+003;1,718090e-001
3,204148e+003;1,722884e-001
3,204630e+003;1,727479e-001
3,205112e+003;1,731947e-001
3,205594e+003;1,736416e-001
3,206077e+003;1,741042e-001
3,206559e+003;1,745937e-001
3,207041e+003;1,751136e-001
3,207523e+003;1,756575e-001
3,208005e+003;1,762120e-001
3,208487e+003;1,767632e-001
3,208969e+003;1,772995e-001
3,209451e+003;1,778164e-001
3,209934e+003;1,783159e-001
3,210416e+003;1,788035e-001
3,210898e+003;1,792850e-001
3,211380e+003;1,797638e-001
3,211862e+003;1,802408e-001
3,212344e+003;1,807160e-001
3,212826e+003;1,811898e-001
3,213308e+003;1,816637e-001
3,213791e+003;1,821387e-001
3,214273e+003;1,826148e-001
3,214755e+003;1,830893e-001
3,215237e+003;1,835581e-001
3,215719e+003;1,840182e-001
3,216201e+003;1,844698e-001
3,216683e+003;1,849180e-001
3,217165e+003;1,853715e-001
3,217647e+003;1,858386e-001
3,218130e+003;1,863235e-001
3,218612e+003;1,868238e-001
3,219094e+003;1,873311e-001
3,219576e+003;1,878334e-001
3,220058e+003;1,883202e-001
3,220540e+003;1,887866e-001
3,221022e+003;1,892339e-001
3,221504e+003;1,896677e-001
3,221987e+003;1,900945e-001
3,222469e+003;1,905202e-001
3,222951e+003;1,909465e-001
3,223433e+003;1,913742e-001
3,223915e+003;1,918038e-001
3,224397e+003;1,922369e-001
3,224879e+003;1,926762e-001
3,225361e+003;1,931236e-001
3,225844e+003;1,935775e-001
3,226325e+003;1,940329e-001
3,226808e+003;1,944823e-001
3,227290e+003;1,949186e-001
3,227772e+003;1,953386e-001
3,228254e+003;1,957442e-001
3,228736e+003;1,961403e-001
3,229218e+003;1,965336e-001
3,229700e+003;1,969271e-001
3,230182e+003;1,973201e-001
3,230665e+003;1,977083e-001
3,231147e+003;1,980883e-001
3,231629e+003;1,984602e-001
3,232111e+003;1,988293e-001
3,232593e+003;1,992040e-001
3,233075e+003;1,995926e-001
3,233557e+003;1,999981e-001
3,234039e+003;2,004167e-001
3,234521e+003;2,008377e-001
3,235004e+003;2,012485e-001
3,235486e+003;2,016390e-001
3,235968e+003;2,020049e-001
3,236450e+003;2,023498e-001
3,236932e+003;2,026818e-001
3,237414e+003;2,030112e-001
3,237896e+003;2,033466e-001
3,238378e+003;2,036946e-001
3,238861e+003;2,040588e-001
3,239343e+003;2,044412e-001
3,239825e+003;2,048410e-001
3,240307e+003;2,052554e-001
3,240789e+003;2,056767e-001
3,241271e+003;2,060929e-001
3,241753e+003;2,064908e-001
3,242235e+003;2,068594e-001
3,242718e+003;2,071946e-001
3,243200e+003;2,075020e-001
3,243682e+003;2,077957e-001
3,244164e+003;2,080941e-001
3,244646e+003;2,084114e-001
3,245128e+003;2,087536e-001
3,245610e+003;2,091159e-001
3,246092e+003;2,094861e-001
3,246574e+003;2,098499e-001
3,247057e+003;2,101984e-001
3,247539e+003;2,105298e-001
3,248021e+003;2,108500e-001
3,248503e+003;2,111667e-001
3,248985e+003;2,114857e-001
3,249467e+003;2,118077e-001
3,249949e+003;2,121278e-001
3,250431e+003;2,124391e-001
3,250914e+003;2,127354e-001
3,251396e+003;2,130147e-001
3,251878e+003;2,132779e-001
3,252360e+003;2,135283e-001
3,252842e+003;2,137686e-001
3,253324e+003;2,140002e-001
3,253806e+003;2,142242e-001
3,254288e+003;2,144428e-001
3,254771e+003;2,146616e-001
3,255252e+003;2,148880e-001
3,255735e+003;2,151285e-001
3,256217e+003;2,153865e-001
3,256699e+003;2,156601e-001
3,257181e+003;2,159422e-001
3,257663e+003;2,162244e-001
3,258145e+003;2,165020e-001
3,258627e+003;2,167748e-001
3,259109e+003;2,170481e-001
3,259592e+003;2,173287e-001
3,260074e+003;2,176204e-001
3,260556e+003;2,179201e-001
3,261038e+003;2,182192e-001
3,261520e+003;2,185043e-001
3,262002e+003;2,187647e-001
3,262484e+003;2,189961e-001
3,262966e+003;2,192010e-001
3,263448e+003;2,193879e-001
3,263931e+003;2,195662e-001
3,264413e+003;2,197434e-001
3,264895e+003;2,199223e-001
3,265377e+003;2,201022e-001
3,265859e+003;2,202814e-001
3,266341e+003;2,204593e-001
3,266823e+003;2,206368e-001
3,267305e+003;2,208159e-001
3,267788e+003;2,209973e-001
3,268270e+003;2,211798e-001
3,268752e+003;2,213607e-001
3,269234e+003;2,215385e-001
3,269716e+003;2,217138e-001
3,270198e+003;2,218901e-001
3,270680e+003;2,220720e-001
3,271162e+003;2,222613e-001
3,271645e+003;2,224553e-001
3,272127e+003;2,226460e-001
3,272609e+003;2,228237e-001
3,273091e+003;2,229820e-001
3,273573e+003;2,231212e-001
3,274055e+003;2,232498e-001
3,274537e+003;2,233802e-001
3,275019e+003;2,235246e-001
3,275501e+003;2,236880e-001
3,275984e+003;2,238664e-001
3,276466e+003;2,240492e-001
3,276948e+003;2,242241e-001
3,277430e+003;2,243830e-001
3,277912e+003;2,245246e-001
3,278394e+003;2,246539e-001
3,278876e+003;2,247776e-001
3,279358e+003;2,249003e-001
3,279841e+003;2,250210e-001
3,280323e+003;2,251349e-001
3,280805e+003;2,252365e-001
3,281287e+003;2,253234e-001
3,281769e+003;2,253982e-001
3,282251e+003;2,254669e-001
3,282733e+003;2,255353e-001
3,283215e+003;2,256049e-001
3,283698e+003;2,256727e-001
3,284179e+003;2,257323e-001
3,284662e+003;2,257794e-001
3,285144e+003;2,258147e-001
3,285626e+003;2,258450e-001
3,286108e+003;2,258805e-001
3,286590e+003;2,259296e-001
3,287072e+003;2,259948e-001
3,287554e+003;2,260711e-001
3,288036e+003;2,261489e-001
3,288519e+003;2,262186e-001
3,289001e+003;2,262759e-001
3,289483e+003;2,263233e-001
3,289965e+003;2,263673e-001
3,290447e+003;2,264147e-001
3,290929e+003;2,264664e-001
3,291411e+003;2,265177e-001
3,291893e+003;2,265602e-001
3,292375e+003;2,265864e-001
3,292858e+003;2,265949e-001
3,293340e+003;2,265918e-001
3,293822e+003;2,265885e-001
3,294304e+003;2,265958e-001
3,294786e+003;2,266203e-001
3,295268e+003;2,266605e-001
3,295750e+003;2,267105e-001
3,296232e+003;2,267614e-001
3,296715e+003;2,268065e-001
3,297197e+003;2,268430e-001
3,297679e+003;2,268701e-001
3,298161e+003;2,268870e-001
3,298643e+003;2,268906e-001
3,299125e+003;2,268767e-001
3,299607e+003;2,268424e-001
3,300089e+003;2,267895e-001
3,300572e+003;2,267264e-001
3,301054e+003;2,266649e-001
3,301536e+003;2,266160e-001
3,302018e+003;2,265840e-001
3,302500e+003;2,265640e-001
3,302982e+003;2,265434e-001
3,303464e+003;2,265079e-001
3,303946e+003;2,264497e-001
3,304428e+003;2,263708e-001
3,304911e+003;2,262834e-001
3,305393e+003;2,262028e-001
3,305875e+003;2,261414e-001
3,306357e+003;2,261015e-001
3,306839e+003;2,260749e-001
3,307321e+003;2,260464e-001
3,307803e+003;2,260025e-001
3,308285e+003;2,259361e-001
3,308768e+003;2,258503e-001
3,309250e+003;2,257542e-001
3,309732e+003;2,256581e-001
3,310214e+003;2,255682e-001
3,310696e+003;2,254835e-001
3,311178e+003;2,253994e-001
3,311660e+003;2,253105e-001
3,312142e+003;2,252156e-001
3,312625e+003;2,251178e-001
3,313106e+003;2,250219e-001
3,313589e+003;2,249297e-001
3,314071e+003;2,248370e-001
3,314553e+003;2,247347e-001
3,315035e+003;2,246120e-001
3,315517e+003;2,244616e-001
3,315999e+003;2,242851e-001
3,316481e+003;2,240924e-001
3,316963e+003;2,238989e-001
3,317446e+003;2,237177e-001
3,317928e+003;2,235588e-001
3,318410e+003;2,234238e-001
3,318892e+003;2,233098e-001
3,319374e+003;2,232110e-001
3,319856e+003;2,231219e-001
3,320338e+003;2,230379e-001
3,320820e+003;2,229529e-001
3,321302e+003;2,228577e-001
3,321785e+003;2,227408e-001
3,322267e+003;2,225902e-001
3,322749e+003;2,223999e-001
3,323231e+003;2,221734e-001
3,323713e+003;2,219247e-001
3,324195e+003;2,216740e-001
3,324677e+003;2,214425e-001
3,325159e+003;2,212431e-001
3,325642e+003;2,210775e-001
3,326124e+003;2,209362e-001
3,326606e+003;2,208046e-001
3,327088e+003;2,206692e-001
3,327570e+003;2,205222e-001
3,328052e+003;2,203625e-001
3,328534e+003;2,201932e-001
3,329016e+003;2,200163e-001
3,329499e+003;2,198310e-001
3,329981e+003;2,196323e-001
3,330463e+003;2,194155e-001
3,330945e+003;2,191787e-001
3,331427e+003;2,189258e-001
3,331909e+003;2,186650e-001
3,332391e+003;2,184049e-001
3,332873e+003;2,181516e-001
3,333355e+003;2,179065e-001
3,333838e+003;2,176664e-001
3,334320e+003;2,174275e-001
3,334802e+003;2,171883e-001
3,335284e+003;2,169510e-001
3,335766e+003;2,167200e-001
3,336248e+003;2,164976e-001
3,336730e+003;2,162821e-001
3,337212e+003;2,160663e-001
3,337695e+003;2,158413e-001
3,338177e+003;2,155999e-001
3,338659e+003;2,153409e-001
3,339141e+003;2,150700e-001
3,339623e+003;2,147970e-001
3,340105e+003;2,145305e-001
3,340587e+003;2,142748e-001
3,341069e+003;2,140276e-001
3,341552e+003;2,137826e-001
3,342033e+003;2,135329e-001
3,342516e+003;2,132751e-001
3,342998e+003;2,130097e-001
3,343480e+003;2,127405e-001
3,343962e+003;2,124698e-001
3,344444e+003;2,121965e-001
3,344926e+003;2,119154e-001
3,345408e+003;2,116202e-001
3,345890e+003;2,113071e-001
3,346373e+003;2,109781e-001
3,346855e+003;2,106408e-001
3,347337e+003;2,103054e-001
3,347819e+003;2,099810e-001
3,348301e+003;2,096709e-001
3,348783e+003;2,093734e-001
3,349265e+003;2,090835e-001
3,349747e+003;2,087965e-001
3,350229e+003;2,085113e-001
3,350712e+003;2,082288e-001
3,351194e+003;2,079514e-001
3,351676e+003;2,076784e-001
3,352158e+003;2,074049e-001
3,352640e+003;2,071227e-001
3,353122e+003;2,068240e-001
3,353604e+003;2,065045e-001
3,354086e+003;2,061663e-001
3,354569e+003;2,058161e-001
3,355051e+003;2,054610e-001
3,355533e+003;2,051057e-001
3,356015e+003;2,047496e-001
3,356497e+003;2,043882e-001
3,356979e+003;2,040179e-001
3,357461e+003;2,036394e-001
3,357943e+003;2,032591e-001
3,358426e+003;2,028885e-001
3,358908e+003;2,025379e-001
3,359390e+003;2,022122e-001
3,359872e+003;2,019088e-001
3,360354e+003;2,016182e-001
3,360836e+003;2,013285e-001
3,361318e+003;2,010305e-001
3,361800e+003;2,007205e-001
3,362282e+003;2,004001e-001
3,362765e+003;2,000725e-001
3,363247e+003;1,997402e-001
3,363729e+003;1,994012e-001
3,364211e+003;1,990526e-001
3,364693e+003;1,986915e-001
3,365175e+003;1,983183e-001
3,365657e+003;1,979373e-001
3,366139e+003;1,975539e-001
3,366622e+003;1,971716e-001
3,367104e+003;1,967893e-001
3,367586e+003;1,964021e-001
3,368068e+003;1,960054e-001
3,368550e+003;1,955998e-001
3,369032e+003;1,951931e-001
3,369514e+003;1,947999e-001
3,369996e+003;1,944334e-001
3,370479e+003;1,941003e-001
3,370961e+003;1,937948e-001
3,371443e+003;1,934994e-001
3,371925e+003;1,931887e-001
3,372407e+003;1,928415e-001
3,372889e+003;1,924470e-001
3,373371e+003;1,920081e-001
3,373853e+003;1,915388e-001
3,374335e+003;1,910585e-001
3,374818e+003;1,905842e-001
3,375300e+003;1,901248e-001
3,375782e+003;1,896833e-001
3,376264e+003;1,892583e-001
3,376746e+003;1,888492e-001
3,377228e+003;1,884572e-001
3,377710e+003;1,880837e-001
3,378192e+003;1,877276e-001
3,378675e+003;1,873820e-001
3,379156e+003;1,870357e-001
3,379639e+003;1,866760e-001
3,380121e+003;1,862944e-001
3,380603e+003;1,858906e-001
3,381085e+003;1,854728e-001
3,381567e+003;1,850531e-001
3,382049e+003;1,846417e-001
3,382531e+003;1,842429e-001
3,383013e+003;1,838534e-001
3,383496e+003;1,834654e-001
3,383978e+003;1,830720e-001
3,384460e+003;1,826715e-001
3,384942e+003;1,822675e-001
3,385424e+003;1,818653e-001
3,385906e+003;1,814682e-001
3,386388e+003;1,810724e-001
3,386870e+003;1,806691e-001
3,387353e+003;1,802481e-001
3,387835e+003;1,798038e-001
3,388317e+003;1,793380e-001
3,388799e+003;1,788604e-001
3,389281e+003;1,783844e-001
3,389763e+003;1,779202e-001
3,390245e+003;1,774707e-001
3,390727e+003;1,770308e-001
3,391209e+003;1,765922e-001
3,391692e+003;1,761481e-001
3,392174e+003;1,756980e-001
3,392656e+003;1,752480e-001
3,393138e+003;1,748072e-001
3,393620e+003;1,743813e-001
3,394102e+003;1,739697e-001
3,394584e+003;1,735644e-001
3,395066e+003;1,731549e-001
3,395549e+003;1,727332e-001
3,396031e+003;1,722975e-001
3,396513e+003;1,718530e-001
3,396995e+003;1,714079e-001
3,397477e+003;1,709687e-001
3,397959e+003;1,705364e-001
3,398441e+003;1,701064e-001
3,398923e+003;1,696723e-001
3,399406e+003;1,692306e-001
3,399888e+003;1,687830e-001
3,400370e+003;1,683369e-001
3,400852e+003;1,678996e-001
3,401334e+003;1,674764e-001
3,401816e+003;1,670655e-001
3,402298e+003;1,666599e-001
3,402780e+003;1,662503e-001
3,403262e+003;1,658310e-001
3,403745e+003;1,654017e-001
3,404227e+003;1,649670e-001
3,404709e+003;1,645328e-001
3,405191e+003;1,641019e-001
3,405673e+003;1,636716e-001
3,406155e+003;1,632356e-001
3,406637e+003;1,627866e-001
3,407119e+003;1,623219e-001
3,407602e+003;1,618444e-001
3,408083e+003;1,613618e-001
3,408566e+003;1,608828e-001
3,409048e+003;1,604116e-001
3,409530e+003;1,599480e-001
3,410012e+003;1,594883e-001
3,410494e+003;1,590278e-001
3,410976e+003;1,585661e-001
3,411458e+003;1,581061e-001
3,411940e+003;1,576520e-001
3,412423e+003;1,572062e-001
3,412905e+003;1,567649e-001
3,413387e+003;1,563191e-001
3,413869e+003;1,558584e-001
3,414351e+003;1,553773e-001
3,414833e+003;1,548786e-001
3,415315e+003;1,543743e-001
3,415797e+003;1,538800e-001
3,416280e+003;1,534096e-001
3,416762e+003;1,529672e-001
3,417244e+003;1,525475e-001
3,417726e+003;1,521367e-001
3,418208e+003;1,517213e-001
3,418690e+003;1,512923e-001
3,419172e+003;1,508487e-001
3,419654e+003;1,503958e-001
3,420136e+003;1,499400e-001
3,420619e+003;1,494844e-001
3,421101e+003;1,490266e-001
3,421583e+003;1,485610e-001
3,422065e+003;1,480839e-001
3,422547e+003;1,475974e-001
3,423029e+003;1,471097e-001
3,423511e+003;1,466314e-001
3,423993e+003;1,461700e-001
3,424476e+003;1,457254e-001
3,424958e+003;1,452900e-001
3,425440e+003;1,448512e-001
3,425922e+003;1,443983e-001
3,426404e+003;1,439274e-001
3,426886e+003;1,434428e-001
3,427368e+003;1,429540e-001
3,427850e+003;1,424696e-001
3,428333e+003;1,419938e-001
3,428815e+003;1,415240e-001
3,429297e+003;1,410536e-001
3,429779e+003;1,405772e-001
3,430261e+003;1,400942e-001
3,430743e+003;1,396094e-001
3,431225e+003;1,391304e-001
3,431707e+003;1,386614e-001
3,432189e+003;1,382012e-001
3,432672e+003;1,377421e-001
3,433154e+003;1,372756e-001
3,433636e+003;1,367955e-001
3,434118e+003;1,363037e-001
3,434600e+003;1,358082e-001
3,435082e+003;1,353204e-001
3,435564e+003;1,348473e-001
3,436046e+003;1,343888e-001
3,436529e+003;1,339364e-001
3,437010e+003;1,334792e-001
3,437493e+003;1,330084e-001
3,437975e+003;1,325230e-001
3,438457e+003;1,320298e-001
3,438939e+003;1,315389e-001
3,439421e+003;1,310586e-001
3,439903e+003;1,305899e-001
3,440385e+003;1,301261e-001
3,440867e+003;1,296572e-001
3,441350e+003;1,291756e-001
3,441832e+003;1,286805e-001
3,442314e+003;1,281783e-001
3,442796e+003;1,276797e-001
3,443278e+003;1,271932e-001
3,443760e+003;1,267208e-001
3,444242e+003;1,262573e-001
3,444724e+003;1,257934e-001
3,445207e+003;1,253224e-001
3,445689e+003;1,248427e-001
3,446171e+003;1,243598e-001
3,446653e+003;1,238827e-001
3,447135e+003;1,234182e-001
3,447617e+003;1,229669e-001
3,448099e+003;1,225229e-001
3,448581e+003;1,220765e-001
3,449063e+003;1,216207e-001
3,449546e+003;1,211540e-001
3,450028e+003;1,206806e-001
3,450510e+003;1,202069e-001
3,450992e+003;1,197382e-001
3,451474e+003;1,192756e-001
3,451956e+003;1,188153e-001
3,452438e+003;1,183521e-001
3,452920e+003;1,178825e-001
3,453403e+003;1,174075e-001
3,453885e+003;1,169318e-001
3,454367e+003;1,164604e-001
3,454849e+003;1,159956e-001
3,455331e+003;1,155345e-001
3,455813e+003;1,150701e-001
3,456295e+003;1,145955e-001
3,456777e+003;1,141072e-001
3,457260e+003;1,136069e-001
3,457742e+003;1,131012e-001
3,458224e+003;1,125972e-001
3,458706e+003;1,120980e-001
3,459188e+003;1,116017e-001
3,459670e+003;1,111026e-001
3,460152e+003;1,105948e-001
3,460634e+003;1,100769e-001
3,461116e+003;1,095533e-001
3,461599e+003;1,090332e-001
3,462081e+003;1,085257e-001
3,462563e+003;1,080357e-001
3,463045e+003;1,075609e-001
3,463527e+003;1,070942e-001
3,464009e+003;1,066283e-001
3,464491e+003;1,061595e-001
3,464973e+003;1,056903e-001
3,465456e+003;1,052277e-001
3,465938e+003;1,047796e-001
3,466420e+003;1,043496e-001
3,466902e+003;1,039349e-001
3,467384e+003;1,035270e-001
3,467866e+003;1,031155e-001
3,468348e+003;1,026932e-001
3,468830e+003;1,022576e-001
3,469313e+003;1,018117e-001
3,469794e+003;1,013596e-001
3,470277e+003;1,009049e-001
3,470759e+003;1,004476e-001
3,471241e+003;9,998474e-002
3,471723e+003;9,951331e-002
3,472205e+003;9,903254e-002
3,472687e+003;9,854544e-002
3,473169e+003;9,805705e-002
3,473651e+003;9,757324e-002
3,474134e+003;9,709767e-002
3,474616e+003;9,663112e-002
3,475098e+003;9,617253e-002
3,475580e+003;9,572093e-002
3,476062e+003;9,527688e-002
3,476544e+003;9,484204e-002
3,477026e+003;9,441763e-002
3,477508e+003;9,400133e-002
3,477990e+003;9,358723e-002
3,478473e+003;9,316656e-002
3,478955e+003;9,273221e-002
3,479437e+003;9,228097e-002
3,479919e+003;9,181742e-002
3,480401e+003;9,135200e-002
3,480883e+003;9,089753e-002
3,481365e+003;9,046271e-002
3,481847e+003;9,004795e-002
3,482330e+003;8,964469e-002
3,482812e+003;8,924018e-002
3,483294e+003;8,882186e-002
3,483776e+003;8,838238e-002
3,484258e+003;8,792135e-002
3,484740e+003;8,744383e-002
3,485222e+003;8,695797e-002
3,485704e+003;8,647054e-002
3,486187e+003;8,598759e-002
3,486669e+003;8,551328e-002
3,487151e+003;8,505045e-002
3,487633e+003;8,460228e-002
3,488115e+003;8,417034e-002
3,488597e+003;8,375362e-002
3,489079e+003;8,334789e-002
3,489561e+003;8,294636e-002
3,490043e+003;8,254179e-002
3,490526e+003;8,213014e-002
3,491008e+003;8,171222e-002
3,491490e+003;8,129448e-002
3,491972e+003;8,088526e-002
3,492454e+003;8,049042e-002
3,492936e+003;8,011040e-002
3,493418e+003;7,973828e-002
3,493900e+003;7,936329e-002
3,494383e+003;7,897369e-002
3,494865e+003;7,856363e-002
3,495347e+003;7,813432e-002
3,495829e+003;7,769311e-002
3,496311e+003;7,724966e-002
3,496793e+003;7,681176e-002
3,497275e+003;7,638181e-002
3,497757e+003;7,595868e-002
3,498240e+003;7,553962e-002
3,498721e+003;7,512416e-002
3,499204e+003;7,471504e-002
3,499686e+003;7,431802e-002
3,500168e+003;7,393723e-002
3,500650e+003;7,357327e-002
3,501132e+003;7,322000e-002
3,501614e+003;7,286710e-002
3,502096e+003;7,250383e-002
3,502578e+003;7,212286e-002
3,503061e+003;7,172532e-002
3,503543e+003;7,131845e-002
3,504025e+003;7,091176e-002
3,504507e+003;7,051286e-002
3,504989e+003;7,012477e-002
3,505471e+003;6,974612e-002
3,505953e+003;6,937356e-002
3,506435e+003;6,900481e-002
3,506917e+003;6,863878e-002
3,507400e+003;6,827554e-002
3,507882e+003;6,791458e-002
3,508364e+003;6,755295e-002
3,508846e+003;6,718548e-002
3,509328e+003;6,680711e-002
3,509810e+003;6,641578e-002
3,510292e+003;6,601362e-002
3,510774e+003;6,560621e-002
3,511257e+003;6,519964e-002
3,511739e+003;6,479763e-002
3,512221e+003;6,440008e-002
3,512703e+003;6,400378e-002
3,513185e+003;6,360660e-002
3,513667e+003;6,321026e-002
3,514149e+003;6,282143e-002
3,514631e+003;6,245063e-002
3,515114e+003;6,210606e-002
3,515596e+003;6,178953e-002
3,516078e+003;6,149301e-002
3,516560e+003;6,119989e-002
3,517042e+003;6,089001e-002
3,517524e+003;6,054774e-002
3,518006e+003;6,016875e-002
3,518488e+003;5,976188e-002
3,518970e+003;5,934551e-002
3,519453e+003;5,893986e-002
3,519935e+003;5,856128e-002
3,520417e+003;5,821557e-002
3,520899e+003;5,789903e-002
3,521381e+003;5,760065e-002
3,521863e+003;5,730837e-002
3,522345e+003;5,701206e-002
3,522827e+003;5,670681e-002
3,523310e+003;5,639287e-002
3,523792e+003;5,607230e-002
3,524274e+003;5,574673e-002
3,524756e+003;5,541692e-002
3,525238e+003;5,508296e-002
3,525720e+003;5,474595e-002
3,526202e+003;5,440909e-002
3,526684e+003;5,407692e-002
3,527167e+003;5,375325e-002
3,527648e+003;5,343923e-002
3,528131e+003;5,313184e-002
3,528613e+003;5,282564e-002
3,529095e+003;5,251416e-002
3,529577e+003;5,219232e-002
3,530059e+003;5,185870e-002
3,530541e+003;5,151501e-002
3,531023e+003;5,116488e-002
3,531505e+003;5,081290e-002
3,531988e+003;5,046423e-002
3,532470e+003;5,012212e-002
3,532952e+003;4,978972e-002
3,533434e+003;4,946863e-002
3,533916e+003;4,915765e-002
3,534398e+003;4,885383e-002
3,534880e+003;4,855160e-002
3,535362e+003;4,824483e-002
3,535844e+003;4,792910e-002
3,536327e+003;4,760481e-002
3,536809e+003;4,727728e-002
3,537291e+003;4,695639e-002
3,537773e+003;4,665181e-002
3,538255e+003;4,636969e-002
3,538737e+003;4,611107e-002
3,539219e+003;4,587112e-002
3,539701e+003;4,564187e-002
3,540184e+003;4,541484e-002
3,540666e+003;4,518406e-002
3,541148e+003;4,494705e-002
3,541630e+003;4,470404e-002
3,542112e+003;4,445485e-002
3,542594e+003;4,419751e-002
3,543076e+003;4,392742e-002
3,543558e+003;4,363991e-002
3,544041e+003;4,333220e-002
3,544523e+003;4,300766e-002
3,545005e+003;4,267642e-002
3,545487e+003;4,235196e-002
3,545969e+003;4,204687e-002
3,546451e+003;4,176809e-002
3,546933e+003;4,151547e-002
3,547415e+003;4,128424e-002
3,547897e+003;4,106847e-002
3,548380e+003;4,086399e-002
3,548862e+003;4,066873e-002
3,549344e+003;4,048108e-002
3,549826e+003;4,029694e-002
3,550308e+003;4,010735e-002
3,550790e+003;3,989925e-002
3,551272e+003;3,965955e-002
3,551754e+003;3,938109e-002
3,552237e+003;3,906692e-002
3,552719e+003;3,873041e-002
3,553201e+003;3,839054e-002
3,553683e+003;3,806442e-002
3,554165e+003;3,776074e-002
3,554647e+003;3,747988e-002
3,555129e+003;3,721596e-002
3,555611e+003;3,696136e-002
3,556094e+003;3,671102e-002
3,556575e+003;3,646453e-002
3,557058e+003;3,622492e-002
3,557540e+003;3,599646e-002
3,558022e+003;3,578071e-002
3,558504e+003;3,557499e-002
3,558986e+003;3,537321e-002
3,559468e+003;3,516945e-002
3,559950e+003;3,496122e-002
3,560432e+003;3,475244e-002
3,560915e+003;3,455202e-002
3,561397e+003;3,437152e-002
3,561879e+003;3,422021e-002
3,562361e+003;3,410199e-002
3,562843e+003;3,401504e-002
3,563325e+003;3,395227e-002
3,563807e+003;3,390333e-002
3,564289e+003;3,385479e-002
3,564771e+003;3,379100e-002
3,565254e+003;3,369338e-002
3,565736e+003;3,354108e-002
3,566218e+003;3,331915e-002
3,566700e+003;3,302499e-002
3,567182e+003;3,267493e-002
3,567664e+003;3,229851e-002
3,568146e+003;3,192679e-002
3,568628e+003;3,158079e-002
3,569111e+003;3,126851e-002
3,569593e+003;3,098869e-002
3,570075e+003;3,073437e-002
3,570557e+003;3,049783e-002
3,571039e+003;3,027307e-002
3,571521e+003;3,005748e-002
3,572003e+003;2,985119e-002
3,572485e+003;2,965532e-002
3,572968e+003;2,947010e-002
3,573450e+003;2,929372e-002
3,573932e+003;2,912184e-002
3,574414e+003;2,895031e-002
3,574896e+003;2,877641e-002
3,575378e+003;2,860038e-002
3,575860e+003;2,842542e-002
3,576342e+003;2,825515e-002
3,576824e+003;2,809121e-002
3,577307e+003;2,793214e-002
3,577789e+003;2,777316e-002
3,578271e+003;2,760891e-002
3,578753e+003;2,743568e-002
3,579235e+003;2,725350e-002
3,579717e+003;2,706687e-002
3,580199e+003;2,688254e-002
3,580681e+003;2,670721e-002
3,581164e+003;2,654505e-002
3,581646e+003;2,639824e-002
3,582128e+003;2,626727e-002
3,582610e+003;2,615310e-002
3,583092e+003;2,605862e-002
3,583574e+003;2,598745e-002
3,584056e+003;2,594264e-002
3,584538e+003;2,592319e-002
3,585021e+003;2,592090e-002
3,585502e+003;2,591714e-002
3,585985e+003;2,588376e-002
3,586467e+003;2,579181e-002
3,586949e+003;2,562247e-002
3,587431e+003;2,538065e-002
3,587913e+003;2,509336e-002
3,588395e+003;2,479710e-002
3,588877e+003;2,452181e-002
3,589359e+003;2,428263e-002
3,589842e+003;2,408386e-002
3,590324e+003;2,392174e-002
3,590806e+003;2,378893e-002
3,591288e+003;2,367708e-002
3,591770e+003;2,357800e-002
3,592252e+003;2,348219e-002
3,592734e+003;2,338074e-002
3,593216e+003;2,326666e-002
3,593698e+003;2,313608e-002
3,594181e+003;2,299069e-002
3,594663e+003;2,283679e-002
3,595145e+003;2,268396e-002
3,595627e+003;2,254036e-002
3,596109e+003;2,241090e-002
3,596591e+003;2,229600e-002
3,597073e+003;2,219273e-002
3,597555e+003;2,209653e-002
3,598038e+003;2,200178e-002
3,598520e+003;2,190381e-002
3,599002e+003;2,179744e-002
3,599484e+003;2,167698e-002
3,599966e+003;2,153726e-002
3,600448e+003;2,137431e-002
3,600930e+003;2,118755e-002
3,601412e+003;2,098219e-002
3,601895e+003;2,076922e-002
3,602377e+003;2,056236e-002
3,602859e+003;2,037560e-002
3,603341e+003;2,022016e-002
3,603823e+003;2,010142e-002
3,604305e+003;2,001942e-002
3,604787e+003;1,996825e-002
3,605269e+003;1,993862e-002
3,605751e+003;1,991836e-002
3,606234e+003;1,989474e-002
3,606716e+003;1,985745e-002
3,607198e+003;1,979901e-002
3,607680e+003;1,971777e-002
3,608162e+003;1,961782e-002
3,608644e+003;1,950839e-002
3,609126e+003;1,940035e-002
3,609608e+003;1,930393e-002
3,610091e+003;1,922604e-002
3,610573e+003;1,916893e-002
3,611055e+003;1,912876e-002
3,611537e+003;1,909607e-002
3,612019e+003;1,905730e-002
3,612501e+003;1,899699e-002
3,612983e+003;1,890565e-002
3,613465e+003;1,878350e-002
3,613948e+003;1,864171e-002
3,614429e+003;1,849677e-002
3,614912e+003;1,836330e-002
3,615394e+003;1,825232e-002
3,615876e+003;1,816774e-002
3,616358e+003;1,810759e-002
3,616840e+003;1,806510e-002
3,617322e+003;1,802987e-002
3,617804e+003;1,798829e-002
3,618286e+003;1,792651e-002
3,618769e+003;1,783512e-002
3,619251e+003;1,771037e-002
3,619733e+003;1,755699e-002
3,620215e+003;1,738500e-002
3,620697e+003;1,720805e-002
3,621179e+003;1,703937e-002
3,621661e+003;1,689008e-002
3,622143e+003;1,676977e-002
3,622625e+003;1,668440e-002
3,623108e+003;1,663741e-002
3,623590e+003;1,662987e-002
3,624072e+003;1,666078e-002
3,624554e+003;1,672865e-002
3,625036e+003;1,683248e-002
3,625518e+003;1,697352e-002
3,626000e+003;1,715224e-002
3,626482e+003;1,736424e-002
3,626965e+003;1,759270e-002
3,627447e+003;1,779355e-002
3,627929e+003;1,789916e-002
3,628411e+003;1,784634e-002
3,628893e+003;1,762247e-002
3,629375e+003;1,728276e-002
3,629857e+003;1,690909e-002
3,630339e+003;1,656398e-002
3,630822e+003;1,627331e-002
3,631304e+003;1,604042e-002
3,631786e+003;1,585591e-002
3,632268e+003;1,570641e-002
3,632750e+003;1,557832e-002
3,633232e+003;1,546060e-002
3,633714e+003;1,534673e-002
3,634196e+003;1,523494e-002
3,634678e+003;1,512689e-002
3,635161e+003;1,502669e-002
3,635643e+003;1,493800e-002
3,636125e+003;1,486352e-002
3,636607e+003;1,480492e-002
3,637089e+003;1,476283e-002
3,637571e+003;1,473667e-002
3,638053e+003;1,472464e-002
3,638535e+003;1,472423e-002
3,639018e+003;1,473139e-002
3,639500e+003;1,474085e-002
3,639982e+003;1,474617e-002
3,640464e+003;1,474113e-002
3,640946e+003;1,472053e-002
3,641428e+003;1,468269e-002
3,641910e+003;1,463179e-002
3,642392e+003;1,457810e-002
3,642875e+003;1,453606e-002
3,643356e+003;1,452184e-002
3,643839e+003;1,455140e-002
3,644321e+003;1,463707e-002
3,644803e+003;1,478703e-002
3,645285e+003;1,500264e-002
3,645767e+003;1,527836e-002
3,646249e+003;1,559570e-002
3,646731e+003;1,592516e-002
3,647213e+003;1,622921e-002
3,647696e+003;1,646761e-002
3,648178e+003;1,660608e-002
3,648660e+003;1,662126e-002
3,649142e+003;1,650343e-002
3,649624e+003;1,626189e-002
3,650106e+003;1,592839e-002
3,650588e+003;1,555101e-002
3,651070e+003;1,517915e-002
3,651552e+003;1,485141e-002
3,652035e+003;1,459023e-002
3,652517e+003;1,440198e-002
3,652999e+003;1,428591e-002
3,653481e+003;1,423370e-002
3,653963e+003;1,423219e-002
3,654445e+003;1,426054e-002
3,654927e+003;1,429304e-002
3,655409e+003;1,430283e-002
3,655892e+003;1,427105e-002
3,656374e+003;1,419720e-002
3,656856e+003;1,409660e-002
3,657338e+003;1,399088e-002
3,657820e+003;1,389641e-002
3,658302e+003;1,382215e-002
3,658784e+003;1,376889e-002
3,659266e+003;1,373185e-002
3,659749e+003;1,370473e-002
3,660231e+003;1,368145e-002
3,660713e+003;1,365909e-002
3,661195e+003;1,363734e-002
3,661677e+003;1,361809e-002
3,662159e+003;1,360349e-002
3,662641e+003;1,359416e-002
3,663123e+003;1,358818e-002
3,663605e+003;1,358233e-002
3,664088e+003;1,357368e-002
3,664570e+003;1,356185e-002
3,665052e+003;1,355149e-002
3,665534e+003;1,355211e-002
3,666016e+003;1,357703e-002
3,666498e+003;1,364206e-002
3,666980e+003;1,376120e-002
3,667462e+003;1,394195e-002
3,667945e+003;1,417752e-002
3,668427e+003;1,444181e-002
3,668909e+003;1,468598e-002
3,669391e+003;1,485323e-002
3,669873e+003;1,491080e-002
3,670355e+003;1,486959e-002
3,670837e+003;1,477709e-002
3,671319e+003;1,468491e-002
3,671802e+003;1,463447e-002
3,672283e+003;1,464817e-002
3,672766e+003;1,473417e-002
3,673248e+003;1,488601e-002
3,673730e+003;1,507958e-002
3,674212e+003;1,526343e-002
3,674694e+003;1,536454e-002
3,675176e+003;1,532974e-002
3,675658e+003;1,516769e-002
3,676140e+003;1,494067e-002
3,676623e+003;1,471137e-002
3,677105e+003;1,451547e-002
3,677587e+003;1,435844e-002
3,678069e+003;1,423027e-002
3,678551e+003;1,411546e-002
3,679033e+003;1,400022e-002
3,679515e+003;1,387712e-002
3,679997e+003;1,374611e-002
3,680479e+003;1,361382e-002
3,680962e+003;1,348997e-002
3,681444e+003;1,338529e-002
3,681926e+003;1,330739e-002
3,682408e+003;1,326096e-002
3,682890e+003;1,324610e-002
3,683372e+003;1,325935e-002
3,683854e+003;1,329433e-002
3,684336e+003;1,334435e-002
3,684819e+003;1,340545e-002
3,685301e+003;1,347739e-002
3,685783e+003;1,356445e-002
3,686265e+003;1,367365e-002
3,686747e+003;1,381195e-002
3,687229e+003;1,398058e-002
3,687711e+003;1,416906e-002
3,688193e+003;1,435279e-002
3,688676e+003;1,449899e-002
3,689158e+003;1,457700e-002
3,689640e+003;1,457063e-002
3,690122e+003;1,448216e-002
3,690604e+003;1,432844e-002
3,691086e+003;1,413596e-002
3,691568e+003;1,393319e-002
3,692050e+003;1,374738e-002
3,692532e+003;1,359877e-002
3,693015e+003;1,349906e-002
3,693497e+003;1,345241e-002
3,693979e+003;1,345415e-002
3,694461e+003;1,349144e-002
3,694943e+003;1,354466e-002
3,695425e+003;1,359259e-002
3,695907e+003;1,361467e-002
3,696389e+003;1,359867e-002
3,696872e+003;1,354445e-002
3,697354e+003;1,346290e-002
3,697836e+003;1,337244e-002
3,698318e+003;1,329208e-002
3,698800e+003;1,323889e-002
3,699282e+003;1,322236e-002
3,699764e+003;1,324333e-002
3,700246e+003;1,329177e-002
3,700729e+003;1,335102e-002
3,701211e+003;1,340063e-002
3,701693e+003;1,342520e-002
3,702175e+003;1,342083e-002
3,702657e+003;1,339434e-002
3,703139e+003;1,335884e-002
3,703621e+003;1,332795e-002
3,704103e+003;1,331299e-002
3,704585e+003;1,332112e-002
3,705068e+003;1,335549e-002
3,705550e+003;1,341642e-002
3,706032e+003;1,350231e-002
3,706514e+003;1,360992e-002
3,706996e+003;1,373544e-002
3,707478e+003;1,387479e-002
3,707960e+003;1,402332e-002
3,708442e+003;1,417416e-002
3,708925e+003;1,431807e-002
3,709406e+003;1,444082e-002
3,709889e+003;1,452468e-002
3,710371e+003;1,455212e-002
3,710853e+003;1,451152e-002
3,711335e+003;1,440372e-002
3,711817e+003;1,424411e-002
3,712299e+003;1,405802e-002
3,712781e+003;1,387072e-002
3,713263e+003;1,370210e-002
3,713746e+003;1,356455e-002
3,714228e+003;1,346194e-002
3,714710e+003;1,339472e-002
3,715192e+003;1,336010e-002
3,715674e+003;1,335358e-002
3,716156e+003;1,336957e-002
3,716638e+003;1,340183e-002
3,717120e+003;1,344335e-002
3,717603e+003;1,348781e-002
3,718085e+003;1,353102e-002
3,718567e+003;1,357170e-002
3,719049e+003;1,361200e-002
3,719531e+003;1,365553e-002
3,720013e+003;1,370562e-002
3,720495e+003;1,376342e-002
3,720977e+003;1,382676e-002
3,721459e+003;1,388967e-002
3,721942e+003;1,394551e-002
3,722424e+003;1,398917e-002
3,722906e+003;1,401884e-002
3,723388e+003;1,403602e-002
3,723870e+003;1,404348e-002
3,724352e+003;1,404238e-002
3,724834e+003;1,403112e-002
3,725316e+003;1,400549e-002
3,725799e+003;1,396193e-002
3,726281e+003;1,390089e-002
3,726763e+003;1,382971e-002
3,727245e+003;1,376075e-002
3,727727e+003;1,370750e-002
3,728209e+003;1,368203e-002
3,728691e+003;1,369246e-002
3,729173e+003;1,374280e-002
3,729656e+003;1,383313e-002
3,730138e+003;1,395991e-002
3,730620e+003;1,411617e-002
3,731102e+003;1,429105e-002
3,731584e+003;1,447329e-002
3,732066e+003;1,465290e-002
3,732548e+003;1,482176e-002
3,733030e+003;1,497281e-002
3,733512e+003;1,509492e-002
3,733995e+003;1,516954e-002
3,734477e+003;1,517527e-002
3,734959e+003;1,509684e-002
3,735441e+003;1,494043e-002
3,735923e+003;1,473595e-002
3,736405e+003;1,452458e-002
3,736887e+003;1,433714e-002
3,737369e+003;1,418717e-002
3,737852e+003;1,407527e-002
3,738333e+003;1,399492e-002
3,738816e+003;1,393915e-002
3,739298e+003;1,390500e-002
3,739780e+003;1,389279e-002
3,740262e+003;1,390736e-002
3,740744e+003;1,395536e-002
3,741226e+003;1,404245e-002
3,741708e+003;1,417201e-002
3,742190e+003;1,433971e-002
3,742673e+003;1,452924e-002
3,743155e+003;1,470270e-002
3,743637e+003;1,480784e-002
3,744119e+003;1,480492e-002
3,744601e+003;1,470082e-002
3,745083e+003;1,454390e-002
3,745565e+003;1,438958e-002
3,746047e+003;1,427516e-002
3,746530e+003;1,421672e-002
3,747012e+003;1,421976e-002
3,747494e+003;1,428581e-002
3,747976e+003;1,441225e-002
3,748458e+003;1,458951e-002
3,748940e+003;1,479553e-002
3,749422e+003;1,499640e-002
3,749904e+003;1,514775e-002
3,750386e+003;1,521089e-002
3,750869e+003;1,516590e-002
3,751351e+003;1,501842e-002
3,751833e+003;1,479728e-002
3,752315e+003;1,454267e-002
3,752797e+003;1,429235e-002
3,753279e+003;1,407216e-002
3,753761e+003;1,389658e-002
3,754243e+003;1,377050e-002
3,754726e+003;1,369256e-002
3,755208e+003;1,365919e-002
3,755690e+003;1,366428e-002
3,756172e+003;1,369991e-002
3,756654e+003;1,375391e-002
3,757136e+003;1,381144e-002
3,757618e+003;1,385615e-002
3,758100e+003;1,387093e-002
3,758583e+003;1,384353e-002
3,759065e+003;1,377033e-002
3,759547e+003;1,365840e-002
3,760029e+003;1,352483e-002
3,760511e+003;1,339240e-002
3,760993e+003;1,328169e-002
3,761475e+003;1,320569e-002
3,761957e+003;1,317030e-002
3,762439e+003;1,317290e-002
3,762922e+003;1,320617e-002
3,763404e+003;1,325689e-002
3,763886e+003;1,330988e-002
3,764368e+003;1,335037e-002
3,764850e+003;1,337018e-002
3,765332e+003;1,337104e-002
3,765814e+003;1,336516e-002
3,766296e+003;1,336882e-002
3,766779e+003;1,339465e-002
3,767260e+003;1,344844e-002
3,767743e+003;1,352627e-002
3,768225e+003;1,361460e-002
3,768707e+003;1,369123e-002
3,769189e+003;1,373288e-002
3,769671e+003;1,372409e-002
3,770153e+003;1,366370e-002
3,770635e+003;1,356448e-002
3,771117e+003;1,344540e-002
3,771600e+003;1,332454e-002
3,772082e+003;1,321351e-002
3,772564e+003;1,311849e-002
3,773046e+003;1,304238e-002
3,773528e+003;1,298533e-002
3,774010e+003;1,294740e-002
3,774492e+003;1,292873e-002
3,774974e+003;1,292999e-002
3,775457e+003;1,295232e-002
3,775939e+003;1,299694e-002
3,776421e+003;1,306406e-002
3,776903e+003;1,315217e-002
3,777385e+003;1,325607e-002
3,777867e+003;1,336502e-002
3,778349e+003;1,346256e-002
3,778831e+003;1,353139e-002
3,779313e+003;1,355901e-002
3,779796e+003;1,354421e-002
3,780278e+003;1,349721e-002
3,780760e+003;1,343515e-002
3,781242e+003;1,337459e-002
3,781724e+003;1,332771e-002
3,782206e+003;1,330004e-002
3,782688e+003;1,329023e-002
3,783170e+003;1,329023e-002
3,783653e+003;1,328788e-002
3,784135e+003;1,327138e-002
3,784617e+003;1,323339e-002
3,785099e+003;1,317426e-002
3,785581e+003;1,310142e-002
3,786063e+003;1,302616e-002
3,786545e+003;1,296041e-002
3,787027e+003;1,291183e-002
3,787510e+003;1,288551e-002
3,787992e+003;1,288159e-002
3,788474e+003;1,289746e-002
3,788956e+003;1,292764e-002
3,789438e+003;1,296532e-002
3,789920e+003;1,300376e-002
3,790402e+003;1,303610e-002
3,790884e+003;1,305792e-002
3,791366e+003;1,306823e-002
3,791849e+003;1,307017e-002
3,792331e+003;1,307079e-002
3,792813e+003;1,308028e-002
3,793295e+003;1,310910e-002
3,793777e+003;1,316480e-002
3,794259e+003;1,324924e-002
3,794741e+003;1,335566e-002
3,795223e+003;1,346854e-002
3,795706e+003;1,356630e-002
3,796188e+003;1,363166e-002
3,796670e+003;1,365980e-002
3,797152e+003;1,366227e-002
3,797634e+003;1,365987e-002
3,798116e+003;1,367752e-002
3,798598e+003;1,373585e-002
3,799080e+003;1,384623e-002
3,799563e+003;1,400460e-002
3,800044e+003;1,418382e-002
3,800527e+003;1,433485e-002
3,801009e+003;1,439828e-002
3,801491e+003;1,434338e-002
3,801973e+003;1,418789e-002
3,802455e+003;1,398332e-002
3,802937e+003;1,378107e-002
3,803419e+003;1,361672e-002
3,803901e+003;1,350904e-002
3,804384e+003;1,346331e-002
3,804866e+003;1,347585e-002
3,805348e+003;1,353276e-002
3,805830e+003;1,361002e-002
3,806312e+003;1,367485e-002
3,806794e+003;1,369930e-002
3,807276e+003;1,367358e-002
3,807758e+003;1,360698e-002
3,808240e+003;1,351957e-002
3,808723e+003;1,343084e-002
3,809205e+003;1,335491e-002
3,809687e+003;1,329929e-002
3,810169e+003;1,326741e-002
3,810651e+003;1,326034e-002
3,811133e+003;1,327821e-002
3,811615e+003;1,332112e-002
3,812097e+003;1,338976e-002
3,812580e+003;1,348518e-002
3,813062e+003;1,360691e-002
3,813544e+003;1,375025e-002
3,814026e+003;1,390452e-002
3,814508e+003;1,404759e-002
3,814990e+003;1,415177e-002
3,815472e+003;1,419542e-002
3,815954e+003;1,417803e-002
3,816437e+003;1,412117e-002
3,816919e+003;1,405956e-002
3,817401e+003;1,402363e-002
3,817883e+003;1,403198e-002
3,818365e+003;1,409276e-002
3,818847e+003;1,420261e-002
3,819329e+003;1,434454e-002
3,819811e+003;1,448117e-002
3,820293e+003;1,456127e-002
3,820776e+003;1,454380e-002
3,821258e+003;1,442376e-002
3,821740e+003;1,423688e-002
3,822222e+003;1,403318e-002
3,822704e+003;1,385297e-002
3,823186e+003;1,371640e-002
3,823668e+003;1,363040e-002
3,824150e+003;1,359183e-002
3,824633e+003;1,359125e-002
3,825115e+003;1,361146e-002
3,825597e+003;1,363214e-002
3,826079e+003;1,363471e-002
3,826561e+003;1,360759e-002
3,827043e+003;1,355184e-002
3,827525e+003;1,347824e-002
3,828007e+003;1,340319e-002
3,828490e+003;1,334104e-002
3,828971e+003;1,330236e-002
3,829454e+003;1,329280e-002
3,829936e+003;1,331312e-002
3,830418e+003;1,336051e-002
3,830900e+003;1,342995e-002
3,831382e+003;1,351605e-002
3,831864e+003;1,361426e-002
3,832346e+003;1,372139e-002
3,832828e+003;1,383518e-002
3,833311e+003;1,395290e-002
3,833793e+003;1,407134e-002
3,834275e+003;1,418720e-002
3,834757e+003;1,429742e-002
3,835239e+003;1,440057e-002
3,835721e+003;1,449666e-002
3,836203e+003;1,458481e-002
3,836685e+003;1,466075e-002
3,837167e+003;1,471562e-002
3,837650e+003;1,473533e-002
3,838132e+003;1,470846e-002
3,838614e+003;1,463087e-002
3,839096e+003;1,451087e-002
3,839578e+003;1,436629e-002
3,840060e+003;1,421894e-002
3,840542e+003;1,408650e-002
3,841024e+003;1,397887e-002
3,841507e+003;1,389717e-002
3,841989e+003;1,383439e-002
3,842471e+003;1,377857e-002
3,842953e+003;1,371660e-002
3,843435e+003;1,364011e-002
3,843917e+003;1,354760e-002
3,844399e+003;1,344533e-002
3,844881e+003;1,334357e-002
3,845364e+003;1,325450e-002
3,845846e+003;1,318796e-002
3,846328e+003;1,315012e-002
3,846810e+003;1,314476e-002
3,847292e+003;1,317300e-002
3,847774e+003;1,323482e-002
3,848256e+003;1,332973e-002
3,848738e+003;1,345866e-002
3,849220e+003;1,362414e-002
3,849703e+003;1,383121e-002
3,850185e+003;1,408694e-002
3,850667e+003;1,439653e-002
3,851149e+003;1,475498e-002
3,851631e+003;1,513523e-002
3,852113e+003;1,547028e-002
3,852595e+003;1,566518e-002
3,853077e+003;1,565182e-002
3,853560e+003;1,544745e-002
3,854042e+003;1,513935e-002
3,854524e+003;1,481699e-002
3,855006e+003;1,453109e-002
3,855488e+003;1,429434e-002
3,855970e+003;1,410067e-002
3,856452e+003;1,393925e-002
3,856934e+003;1,380077e-002
3,857417e+003;1,368148e-002
3,857898e+003;1,358229e-002
3,858381e+003;1,350736e-002
3,858863e+003;1,346273e-002
3,859345e+003;1,345258e-002
3,859827e+003;1,347903e-002
3,860309e+003;1,353997e-002
3,860791e+003;1,362975e-002
3,861273e+003;1,373927e-002
3,861755e+003;1,385711e-002
3,862238e+003;1,397158e-002
3,862720e+003;1,407007e-002
3,863202e+003;1,413986e-002
3,863684e+003;1,416978e-002
3,864166e+003;1,415372e-002
3,864648e+003;1,409615e-002
3,865130e+003;1,401206e-002
3,865612e+003;1,392443e-002
3,866094e+003;1,385536e-002
3,866577e+003;1,382146e-002
3,867059e+003;1,383340e-002
3,867541e+003;1,389330e-002
3,868023e+003;1,399369e-002
3,868505e+003;1,411251e-002
3,868987e+003;1,421819e-002
3,869469e+003;1,427954e-002
3,869951e+003;1,428639e-002
3,870434e+003;1,425462e-002
3,870916e+003;1,421322e-002
3,871398e+003;1,418601e-002
3,871880e+003;1,418186e-002
3,872362e+003;1,419532e-002
3,872844e+003;1,420925e-002
3,873326e+003;1,420110e-002
3,873808e+003;1,415273e-002
3,874291e+003;1,406165e-002
3,874773e+003;1,394226e-002
3,875255e+003;1,381914e-002
3,875737e+003;1,371523e-002
3,876219e+003;1,364681e-002
3,876701e+003;1,362226e-002
3,877183e+003;1,364281e-002
3,877665e+003;1,370391e-002
3,878147e+003;1,379530e-002
3,878630e+003;1,390141e-002
3,879112e+003;1,400087e-002
3,879594e+003;1,407356e-002
3,880076e+003;1,410727e-002
3,880558e+003;1,410423e-002
3,881040e+003;1,407952e-002
3,881522e+003;1,405361e-002
3,882004e+003;1,404509e-002
3,882487e+003;1,406401e-002
3,882969e+003;1,411272e-002
3,883451e+003;1,418368e-002
3,883933e+003;1,425986e-002
3,884415e+003;1,431392e-002
3,884897e+003;1,431862e-002
3,885379e+003;1,426095e-002
3,885861e+003;1,415136e-002
3,886344e+003;1,401846e-002
3,886825e+003;1,389439e-002
3,887308e+003;1,380415e-002
3,887790e+003;1,376082e-002
3,888272e+003;1,376947e-002
3,888754e+003;1,382841e-002
3,889236e+003;1,392957e-002
3,889718e+003;1,405635e-002
3,890200e+003;1,418358e-002
3,890682e+003;1,428472e-002
3,891165e+003;1,433690e-002
3,891647e+003;1,433204e-002
3,892129e+003;1,427698e-002
3,892611e+003;1,418919e-002
3,893093e+003;1,408698e-002
3,893575e+003;1,398691e-002
3,894057e+003;1,390226e-002
3,894539e+003;1,384065e-002
3,895021e+003;1,380795e-002
3,895504e+003;1,380758e-002
3,895986e+003;1,384004e-002
3,896468e+003;1,390377e-002
3,896950e+003;1,399393e-002
3,897432e+003;1,410276e-002
3,897914e+003;1,421928e-002
3,898396e+003;1,433197e-002
3,898878e+003;1,443136e-002
3,899361e+003;1,451293e-002
3,899843e+003;1,457817e-002
3,900325e+003;1,463371e-002
3,900807e+003;1,468759e-002
3,901289e+003;1,474476e-002
3,901771e+003;1,480407e-002
3,902253e+003;1,485635e-002
3,902735e+003;1,488694e-002
3,903218e+003;1,487764e-002
3,903700e+003;1,481600e-002
3,904182e+003;1,470006e-002
3,904664e+003;1,454010e-002
3,905146e+003;1,435464e-002
3,905628e+003;1,416382e-002
3,906110e+003;1,398534e-002
3,906592e+003;1,383097e-002
3,907074e+003;1,370853e-002
3,907557e+003;1,362141e-002
3,908039e+003;1,356917e-002
3,908521e+003;1,354852e-002
3,909003e+003;1,355266e-002
3,909485e+003;1,357351e-002
3,909967e+003;1,360127e-002
3,910449e+003;1,362821e-002
3,910931e+003;1,364910e-002
3,911414e+003;1,366288e-002
3,911896e+003;1,367276e-002
3,912378e+003;1,368507e-002
3,912860e+003;1,370679e-002
3,913342e+003;1,374399e-002
3,913824e+003;1,379933e-002
3,914306e+003;1,387171e-002
3,914788e+003;1,395656e-002
3,915271e+003;1,404584e-002
3,915752e+003;1,413062e-002
3,916235e+003;1,420439e-002
3,916717e+003;1,426390e-002
3,917199e+003;1,431005e-002
3,917681e+003;1,434591e-002
3,918163e+003;1,437434e-002
3,918645e+003;1,439574e-002
3,919127e+003;1,440968e-002
3,919609e+003;1,441544e-002
3,920092e+003;1,441396e-002
3,920574e+003;1,440968e-002
3,921056e+003;1,440848e-002
3,921538e+003;1,441585e-002
3,922020e+003;1,443475e-002
3,922502e+003;1,446339e-002
3,922984e+003;1,449460e-002
3,923466e+003;1,451663e-002
3,923948e+003;1,451731e-002
3,924431e+003;1,449004e-002
3,924913e+003;1,443585e-002
3,925395e+003;1,436468e-002
3,925877e+003;1,429060e-002
3,926359e+003;1,422870e-002
3,926841e+003;1,418933e-002
3,927323e+003;1,417889e-002
3,927805e+003;1,419854e-002
3,928288e+003;1,424482e-002
3,928770e+003;1,431033e-002
3,929252e+003;1,438547e-002
3,929734e+003;1,445966e-002
3,930216e+003;1,452191e-002
3,930698e+003;1,456347e-002
3,931180e+003;1,457868e-002
3,931662e+003;1,456580e-002
3,932145e+003;1,452838e-002
3,932627e+003;1,447415e-002
3,933109e+003;1,441403e-002
3,933591e+003;1,435827e-002
3,934073e+003;1,431502e-002
3,934555e+003;1,428848e-002
3,935037e+003;1,427903e-002
3,935519e+003;1,428293e-002
3,936001e+003;1,429376e-002
3,936484e+003;1,430482e-002
3,936966e+003;1,431050e-002
3,937448e+003;1,430858e-002
3,937930e+003;1,430156e-002
3,938412e+003;1,429540e-002
3,938894e+003;1,429749e-002
3,939376e+003;1,431471e-002
3,939858e+003;1,434985e-002
3,940341e+003;1,440126e-002
3,940823e+003;1,446072e-002
3,941305e+003;1,451639e-002
3,941787e+003;1,455569e-002
3,942269e+003;1,456943e-002
3,942751e+003;1,455617e-002
3,943233e+003;1,452191e-002
3,943715e+003;1,447891e-002
3,944198e+003;1,443880e-002
3,944679e+003;1,441085e-002
3,945162e+003;1,440002e-002
3,945644e+003;1,440626e-002
3,946126e+003;1,442650e-002
3,946608e+003;1,445507e-002
3,947090e+003;1,448569e-002
3,947572e+003;1,451242e-002
3,948054e+003;1,452982e-002
3,948536e+003;1,453445e-002
3,949019e+003;1,452413e-002
3,949501e+003;1,449851e-002
3,949983e+003;1,445935e-002
3,950465e+003;1,441030e-002
3,950947e+003;1,435721e-002
3,951429e+003;1,430725e-002
3,951911e+003;1,426818e-002
3,952393e+003;1,424589e-002
3,952875e+003;1,424380e-002
3,953358e+003;1,426140e-002
3,953840e+003;1,429471e-002
3,954322e+003;1,433608e-002
3,954804e+003;1,437684e-002
3,955286e+003;1,440865e-002
3,955768e+003;1,442516e-002
3,956250e+003;1,442403e-002
3,956732e+003;1,440749e-002
3,957215e+003;1,438170e-002
3,957697e+003;1,435570e-002
3,958179e+003;1,433862e-002
3,958661e+003;1,433827e-002
3,959143e+003;1,435807e-002
3,959625e+003;1,439629e-002
3,960107e+003;1,444568e-002
3,960589e+003;1,449583e-002
3,961072e+003;1,453537e-002
3,961554e+003;1,455565e-002
3,962036e+003;1,455332e-002
3,962518e+003;1,453184e-002
3,963000e+003;1,449851e-002
3,963482e+003;1,446353e-002
3,963964e+003;1,443561e-002
3,964446e+003;1,441982e-002
3,964928e+003;1,441739e-002
3,965411e+003;1,442551e-002
3,965893e+003;1,443986e-002
3,966375e+003;1,445545e-002
3,966857e+003;1,446843e-002
3,967339e+003;1,447658e-002
3,967821e+003;1,447973e-002
3,968303e+003;1,447843e-002
3,968785e+003;1,447453e-002
3,969268e+003;1,447076e-002
3,969750e+003;1,446963e-002
3,970232e+003;1,447439e-002
3,970714e+003;1,448785e-002
3,971196e+003;1,451098e-002
3,971678e+003;1,454270e-002
3,972160e+003;1,457912e-002
3,972642e+003;1,461476e-002
3,973125e+003;1,464279e-002
3,973606e+003;1,465770e-002
3,974089e+003;1,465695e-002
3,974571e+003;1,464142e-002
3,975053e+003;1,461562e-002
3,975535e+003;1,458598e-002
3,976017e+003;1,455994e-002
3,976499e+003;1,454383e-002
3,976981e+003;1,454181e-002
3,977463e+003;1,455596e-002
3,977946e+003;1,458536e-002
3,978428e+003;1,462679e-002
3,978910e+003;1,467525e-002
3,979392e+003;1,472457e-002
3,979874e+003;1,476800e-002
3,980356e+003;1,479975e-002
3,980838e+003;1,481661e-002
3,981320e+003;1,481771e-002
3,981802e+003;1,480527e-002
3,982285e+003;1,478391e-002
3,982767e+003;1,475844e-002
3,983249e+003;1,473290e-002
3,983731e+003;1,471000e-002
3,984213e+003;1,469067e-002
3,984695e+003;1,467576e-002
3,985177e+003;1,466613e-002
3,985659e+003;1,466298e-002
3,986142e+003;1,466802e-002
3,986624e+003;1,468217e-002
3,987106e+003;1,470449e-002
3,987588e+003;1,473249e-002
3,988070e+003;1,476118e-002
3,988552e+003;1,478596e-002
3,989034e+003;1,480341e-002
3,989516e+003;1,481271e-002
3,989999e+003;1,481538e-002
3,990481e+003;1,481500e-002
3,990963e+003;1,481476e-002
3,991445e+003;1,481682e-002
3,991927e+003;1,482128e-002
3,992409e+003;1,482604e-002
3,992891e+003;1,482950e-002
3,993373e+003;1,482968e-002
3,993855e+003;1,482618e-002
3,994338e+003;1,481956e-002
3,994820e+003;1,481092e-002
3,995302e+003;1,480047e-002
3,995784e+003;1,478871e-002
3,996266e+003;1,477599e-002
3,996748e+003;1,476351e-002
3,997230e+003;1,475395e-002
3,997712e+003;1,475168e-002
3,998195e+003;1,476039e-002
3,998677e+003;1,478285e-002
3,999159e+003;1,481874e-002
3,999641e+003;1,486455e-002
4,000123e+003;1,491348e-002
