3,996748e+002;0,000000e+000
4,001569e+002;1,086797e-003
4,006390e+002;-4,392677e-004
4,011211e+002;-1,084447e-003
4,016032e+002;-9,015685e-004
4,020854e+002;-3,117801e-005
4,025675e+002;1,273749e-003
4,030496e+002;2,694718e-003
4,035317e+002;3,868681e-003
4,040138e+002;4,498099e-003
4,044959e+002;4,432150e-003
4,049781e+002;3,720174e-003
4,054602e+002;2,633043e-003
4,059423e+002;1,585272e-003
4,064244e+002;1,018309e-003
4,069065e+002;1,212176e-003
4,073886e+002;2,231436e-003
4,078708e+002;3,911374e-003
4,083529e+002;5,939717e-003
4,088350e+002;7,912652e-003
4,093171e+002;9,457937e-003
4,097992e+002;1,034604e-002
4,102813e+002;1,051383e-002
4,107635e+002;1,006842e-002
4,112456e+002;9,213308e-003
4,117277e+002;8,187037e-003
4,122098e+002;7,192998e-003
4,126919e+002;6,384277e-003
4,131740e+002;5,863440e-003
4,136562e+002;5,669567e-003
4,141383e+002;5,796545e-003
4,146204e+002;6,201666e-003
4,151025e+002;6,831447e-003
4,155846e+002;7,634291e-003
4,160667e+002;8,568677e-003
4,165489e+002;9,602152e-003
4,170310e+002;1,068264e-002
4,175131e+002;1,170221e-002
4,179952e+002;1,247012e-002
4,184773e+002;1,271451e-002
4,189594e+002;1,222246e-002
4,194416e+002;1,098634e-002
4,199237e+002;9,228132e-003
4,204058e+002;7,250439e-003
4,208879e+002;5,312434e-003
4,213700e+002;3,593301e-003
4,218521e+002;2,206724e-003
4,223343e+002;1,253977e-003
4,228164e+002;8,159960e-004
4,232985e+002;9,292767e-004
4,237806e+002;1,561828e-003
4,242627e+002;2,586943e-003
4,247448e+002;3,811251e-003
4,252270e+002;5,014584e-003
4,257091e+002;6,035729e-003
4,261912e+002;6,793582e-003
4,266733e+002;7,286019e-003
4,271554e+002;7,563077e-003
4,276375e+002;7,691656e-003
4,281197e+002;7,722516e-003
4,286018e+002;7,671151e-003
4,290839e+002;7,517226e-003
4,295660e+002;7,221937e-003
4,300481e+002;6,753264e-003
4,305302e+002;6,108609e-003
4,310124e+002;5,325650e-003
4,314945e+002;4,468537e-003
4,319766e+002;3,598412e-003
4,324587e+002;2,735895e-003
4,329408e+002;1,842444e-003
4,334229e+002;8,318310e-004
4,339051e+002;-3,827945e-004
4,343872e+002;-1,845219e-003
4,348693e+002;-3,499660e-003
4,353514e+002;-5,185869e-003
4,358335e+002;-6,651194e-003
4,363156e+002;-7,652968e-003
4,367978e+002;-8,055197e-003
4,372799e+002;-7,870480e-003
4,377620e+002;-7,240948e-003
4,382441e+002;-6,362645e-003
4,387262e+002;-5,420459e-003
4,392083e+002;-4,525117e-003
4,396905e+002;-3,713053e-003
4,401726e+002;-2,959630e-003
4,406547e+002;-2,211920e-003
4,411368e+002;-1,419228e-003
4,416189e+002;-5,576853e-004
4,421010e+002;3,647269e-004
4,425832e+002;1,321638e-003
4,430653e+002;2,287491e-003
4,435474e+002;3,247151e-003
4,440295e+002;4,193580e-003
4,445116e+002;5,108883e-003
4,449937e+002;5,951474e-003
4,454759e+002;6,650162e-003
4,459580e+002;7,128323e-003
4,464401e+002;7,326151e-003
4,469222e+002;7,238243e-003
4,474043e+002;6,929037e-003
4,478864e+002;6,521017e-003
4,483686e+002;6,152329e-003
4,488507e+002;5,923057e-003
4,493328e+002;5,880904e-003
4,498149e+002;6,016310e-003
4,502970e+002;6,286743e-003
4,507791e+002;6,636502e-003
4,512613e+002;7,020250e-003
4,517434e+002;7,404101e-003
4,522255e+002;7,760361e-003
4,527076e+002;8,059290e-003
4,531897e+002;8,260448e-003
4,536718e+002;8,318367e-003
4,541540e+002;8,197707e-003
4,546361e+002;7,881542e-003
4,551182e+002;7,380981e-003
4,556003e+002;6,729842e-003
4,560824e+002;5,989165e-003
4,565645e+002;5,234457e-003
4,570467e+002;4,547684e-003
4,575288e+002;4,010349e-003
4,580109e+002;3,677801e-003
4,584930e+002;3,572186e-003
4,589751e+002;3,682580e-003
4,594572e+002;3,981356e-003
4,599394e+002;4,433823e-003
4,604215e+002;5,001445e-003
4,609036e+002;5,641873e-003
4,613857e+002;6,293634e-003
4,618678e+002;6,878438e-003
4,623499e+002;7,314795e-003
4,628321e+002;7,523024e-003
4,633142e+002;7,452603e-003
4,637963e+002;7,090196e-003
4,642784e+002;6,459031e-003
4,647606e+002;5,614651e-003
4,652427e+002;4,647273e-003
4,657248e+002;3,685654e-003
4,662069e+002;2,871324e-003
4,666890e+002;2,351016e-003
4,671711e+002;2,223010e-003
4,676533e+002;2,499621e-003
4,681354e+002;3,095854e-003
4,686175e+002;3,855041e-003
4,690996e+002;4,599786e-003
4,695817e+002;5,161355e-003
4,700638e+002;5,430082e-003
4,705460e+002;5,356880e-003
4,710281e+002;4,958980e-003
4,715102e+002;4,308013e-003
4,719923e+002;3,524683e-003
4,724744e+002;2,760904e-003
4,729565e+002;2,160303e-003
4,734387e+002;1,840814e-003
4,739208e+002;1,865271e-003
4,744029e+002;2,234433e-003
4,748850e+002;2,899876e-003
4,753671e+002;3,775687e-003
4,758492e+002;4,755126e-003
4,763314e+002;5,711430e-003
4,768135e+002;6,529022e-003
4,772956e+002;7,116434e-003
4,777777e+002;7,424728e-003
4,782598e+002;7,456615e-003
4,787419e+002;7,254650e-003
4,792241e+002;6,879987e-003
4,797062e+002;6,391574e-003
4,801883e+002;5,850880e-003
4,806704e+002;5,324778e-003
4,811525e+002;4,888907e-003
4,816346e+002;4,630829e-003
4,821168e+002;4,621620e-003
4,825989e+002;4,887265e-003
4,830810e+002;5,384790e-003
4,835631e+002;6,004787e-003
4,840452e+002;6,588663e-003
4,845273e+002;6,973042e-003
4,850095e+002;7,055373e-003
4,854916e+002;6,817849e-003
4,859737e+002;6,335222e-003
4,864558e+002;5,728284e-003
4,869379e+002;5,126351e-003
4,874200e+002;4,617836e-003
4,879022e+002;4,236305e-003
4,883843e+002;3,971993e-003
4,888664e+002;3,789023e-003
4,893485e+002;3,648429e-003
4,898306e+002;3,515965e-003
4,903127e+002;3,366210e-003
4,907949e+002;3,174550e-003
4,912770e+002;2,912351e-003
4,917591e+002;2,554978e-003
4,922412e+002;2,095607e-003
4,927233e+002;1,563557e-003
4,932054e+002;1,022892e-003
4,936876e+002;5,659666e-004
4,941697e+002;2,777852e-004
4,946518e+002;2,082974e-004
4,951339e+002;3,652907e-004
4,956160e+002;7,138296e-004
4,960981e+002;1,193171e-003
4,965803e+002;1,738073e-003
4,970624e+002;2,302114e-003
4,975445e+002;2,863153e-003
4,980266e+002;3,415800e-003
4,985087e+002;3,956812e-003
4,989908e+002;4,463817e-003
4,994730e+002;4,890381e-003
4,999551e+002;5,178623e-003
5,004372e+002;5,273863e-003
5,009193e+002;5,159343e-003
5,014014e+002;4,873661e-003
5,018835e+002;4,513164e-003
5,023657e+002;4,194450e-003
5,028478e+002;4,016970e-003
5,033299e+002;4,031250e-003
5,038120e+002;4,229011e-003
5,042941e+002;4,559135e-003
5,047762e+002;4,950937e-003
5,052584e+002;5,339336e-003
5,057405e+002;5,665774e-003
5,062226e+002;5,886379e-003
5,067047e+002;5,971931e-003
5,071868e+002;5,908043e-003
5,076689e+002;5,701896e-003
5,081511e+002;5,385763e-003
5,086332e+002;5,015858e-003
5,091153e+002;4,656584e-003
5,095974e+002;4,366077e-003
5,100795e+002;4,181034e-003
5,105616e+002;4,103694e-003
5,110438e+002;4,104229e-003
5,115259e+002;4,131557e-003
5,120080e+002;4,137947e-003
5,124901e+002;4,095900e-003
5,129722e+002;4,012255e-003
5,134543e+002;3,922674e-003
5,139365e+002;3,879211e-003
5,144186e+002;3,925683e-003
5,149007e+002;4,082856e-003
5,153828e+002;4,339069e-003
5,158649e+002;4,653536e-003
5,163470e+002;4,967225e-003
5,168292e+002;5,220808e-003
5,173113e+002;5,374995e-003
5,177934e+002;5,415588e-003
5,182755e+002;5,353726e-003
5,187576e+002;5,213665e-003
5,192397e+002;5,027322e-003
5,197219e+002;4,823435e-003
5,202040e+002;4,623596e-003
5,206861e+002;4,443732e-003
5,211682e+002;4,291716e-003
5,216503e+002;4,169091e-003
5,221324e+002;4,072822e-003
5,226146e+002;3,997976e-003
5,230967e+002;3,939559e-003
5,235788e+002;3,896696e-003
5,240609e+002;3,873160e-003
5,245430e+002;3,876336e-003
5,250251e+002;3,913012e-003
5,255073e+002;3,984198e-003
5,259894e+002;4,079277e-003
5,264715e+002;4,176284e-003
5,269536e+002;4,248918e-003
5,274357e+002;4,270601e-003
5,279178e+002;4,225297e-003
5,284000e+002;4,110317e-003
5,288821e+002;3,935446e-003
5,293642e+002;3,719539e-003
5,298463e+002;3,489043e-003
5,303284e+002;3,274325e-003
5,308105e+002;3,102761e-003
5,312927e+002;2,996452e-003
5,317748e+002;2,966126e-003
5,322569e+002;3,008497e-003
5,327390e+002;3,107967e-003
5,332211e+002;3,241042e-003
5,337032e+002;3,383741e-003
5,341854e+002;3,516232e-003
5,346675e+002;3,630520e-003
5,351496e+002;3,731570e-003
5,356317e+002;3,834282e-003
5,361138e+002;3,956010e-003
5,365959e+002;4,108042e-003
5,370781e+002;4,286864e-003
5,375602e+002;4,472923e-003
5,380423e+002;4,631332e-003
5,385244e+002;4,721293e-003
5,390065e+002;4,710474e-003
5,394886e+002;4,582474e-003
5,399708e+002;4,346097e-003
5,404529e+002;4,035565e-003
5,409350e+002;3,706840e-003
5,414171e+002;3,419841e-003
5,418992e+002;3,229592e-003
5,423813e+002;3,169643e-003
5,428635e+002;3,242444e-003
5,433456e+002;3,418605e-003
5,438277e+002;3,645757e-003
5,443098e+002;3,869049e-003
5,447919e+002;4,044293e-003
5,452740e+002;4,157483e-003
5,457562e+002;4,228943e-003
5,462383e+002;4,307845e-003
5,467204e+002;4,449355e-003
5,472025e+002;4,689473e-003
5,476846e+002;5,028327e-003
5,481667e+002;5,424915e-003
5,486489e+002;5,806317e-003
5,491310e+002;6,088313e-003
5,496131e+002;6,209195e-003
5,500952e+002;6,143591e-003
5,505773e+002;5,915432e-003
5,510594e+002;5,583537e-003
5,515416e+002;5,225000e-003
5,520237e+002;4,905427e-003
5,525058e+002;4,662545e-003
5,529879e+002;4,503354e-003
5,534700e+002;4,408150e-003
5,539521e+002;4,342148e-003
5,544343e+002;4,265448e-003
5,549164e+002;4,145640e-003
5,553985e+002;3,961862e-003
5,558806e+002;3,708611e-003
5,563627e+002;3,398568e-003
5,568448e+002;3,066154e-003
5,573270e+002;2,766673e-003
5,578091e+002;2,564877e-003
5,582912e+002;2,528915e-003
5,587733e+002;2,704520e-003
5,592554e+002;3,099424e-003
5,597375e+002;3,674426e-003
5,602197e+002;4,350515e-003
5,607018e+002;5,024540e-003
5,611839e+002;5,590149e-003
5,616660e+002;5,974820e-003
5,621481e+002;6,149472e-003
5,626302e+002;6,135223e-003
5,631124e+002;5,986410e-003
5,635945e+002;5,773309e-003
5,640766e+002;5,555211e-003
5,645587e+002;5,366809e-003
5,650408e+002;5,218192e-003
5,655229e+002;5,099764e-003
5,660051e+002;4,995982e-003
5,664872e+002;4,893799e-003
5,669693e+002;4,790736e-003
5,674514e+002;4,694664e-003
5,679335e+002;4,619543e-003
5,684156e+002;4,577551e-003
5,688978e+002;4,576045e-003
5,693799e+002;4,612277e-003
5,698620e+002;4,674535e-003
5,703441e+002;4,743435e-003
5,708262e+002;4,796800e-003
5,713083e+002;4,815160e-003
5,717905e+002;4,785443e-003
5,722726e+002;4,706589e-003
5,727547e+002;4,590678e-003
5,732368e+002;4,462512e-003
5,737189e+002;4,352824e-003
5,742010e+002;4,292653e-003
5,746832e+002;4,305402e-003
5,751653e+002;4,400786e-003
5,756474e+002;4,572964e-003
5,761295e+002;4,803132e-003
5,766116e+002;5,067681e-003
5,770938e+002;5,342086e-003
5,775759e+002;5,607971e-003
5,780580e+002;5,853264e-003
5,785401e+002;6,066539e-003
5,790222e+002;6,234875e-003
5,795043e+002;6,341139e-003
5,799865e+002;6,365347e-003
5,804686e+002;6,291080e-003
5,809507e+002;6,111465e-003
5,814328e+002;5,832779e-003
5,819149e+002;5,473700e-003
5,823970e+002;5,063257e-003
5,828792e+002;4,637494e-003
5,833613e+002;4,232557e-003
5,838434e+002;3,887402e-003
5,843255e+002;3,634563e-003
5,848076e+002;3,493518e-003
5,852897e+002;3,465428e-003
5,857719e+002;3,530997e-003
5,862540e+002;3,655046e-003
5,867361e+002;3,794939e-003
5,872182e+002;3,917425e-003
5,877003e+002;4,004396e-003
5,881824e+002;4,057270e-003
5,886646e+002;4,092656e-003
5,891467e+002;4,131692e-003
5,896288e+002;4,187993e-003
5,901109e+002;4,259124e-003
5,905930e+002;4,326753e-003
5,910751e+002;4,363734e-003
5,915573e+002;4,348875e-003
5,920394e+002;4,276256e-003
5,925215e+002;4,159958e-003
5,930036e+002;4,028642e-003
5,934857e+002;3,913079e-003
5,939678e+002;3,832009e-003
5,944500e+002;3,789257e-003
5,949321e+002;3,775186e-003
5,954142e+002;3,775486e-003
5,958963e+002;3,779798e-003
5,963784e+002;3,787519e-003
5,968605e+002;3,805769e-003
5,973427e+002;3,846450e-003
5,978248e+002;3,916522e-003
5,983069e+002;4,014161e-003
5,987890e+002;4,129484e-003
5,992711e+002;4,247580e-003
5,997532e+002;4,355267e-003
6,002354e+002;4,444133e-003
6,007175e+002;4,512427e-003
6,011996e+002;4,560843e-003
6,016817e+002;4,590142e-003
6,021638e+002;4,599016e-003
6,026459e+002;4,585454e-003
6,031281e+002;4,550864e-003
6,036102e+002;4,502518e-003
6,040923e+002;4,453741e-003
6,045744e+002;4,419229e-003
6,050565e+002;4,409790e-003
6,055386e+002;4,428635e-003
6,060208e+002;4,471550e-003
6,065029e+002;4,531277e-003
6,069850e+002;4,601929e-003
6,074671e+002;4,683076e-003
6,079492e+002;4,776465e-003
6,084313e+002;4,880128e-003
6,089135e+002;4,982844e-003
6,093956e+002;5,059871e-003
6,098777e+002;5,079918e-003
6,103598e+002;5,017501e-003
6,108419e+002;4,864882e-003
6,113240e+002;4,642283e-003
6,118062e+002;4,394661e-003
6,122883e+002;4,181737e-003
6,127704e+002;4,052186e-003
6,132525e+002;4,029679e-003
6,137346e+002;4,101319e-003
6,142167e+002;4,227037e-003
6,146989e+002;4,348841e-003
6,151810e+002;4,413472e-003
6,156631e+002;4,391548e-003
6,161452e+002;4,280941e-003
6,166273e+002;4,104831e-003
6,171094e+002;3,898468e-003
6,175916e+002;3,697283e-003
6,180737e+002;3,524149e-003
6,185558e+002;3,388650e-003
6,190379e+002;3,290717e-003
6,195200e+002;3,226120e-003
6,200021e+002;3,191706e-003
6,204843e+002;3,185231e-003
6,209664e+002;3,203255e-003
6,214485e+002;3,238872e-003
6,219306e+002;3,279467e-003
6,224127e+002;3,309548e-003
6,228948e+002;3,312185e-003
6,233770e+002;3,275026e-003
6,238591e+002;3,191806e-003
6,243412e+002;3,066188e-003
6,248233e+002;2,910150e-003
6,253054e+002;2,743198e-003
6,257875e+002;2,592476e-003
6,262697e+002;2,483626e-003
6,267518e+002;2,439174e-003
6,272339e+002;2,468463e-003
6,277160e+002;2,563977e-003
6,281981e+002;2,698886e-003
6,286802e+002;2,832335e-003
6,291624e+002;2,922025e-003
6,296445e+002;2,932132e-003
6,301266e+002;2,850178e-003
6,306087e+002;2,689117e-003
6,310908e+002;2,486691e-003
6,315729e+002;2,290089e-003
6,320551e+002;2,142588e-003
6,325372e+002;2,070870e-003
6,330193e+002;2,077562e-003
6,335014e+002;2,144586e-003
6,339835e+002;2,241827e-003
6,344656e+002;2,339989e-003
6,349478e+002;2,417049e-003
6,354299e+002;2,463365e-003
6,359120e+002;2,480360e-003
6,363941e+002;2,476128e-003
6,368762e+002;2,461399e-003
6,373583e+002;2,447370e-003
6,378405e+002;2,448270e-003
6,383226e+002;2,479027e-003
6,388047e+002;2,554912e-003
6,392868e+002;2,687884e-003
6,397689e+002;2,881597e-003
6,402510e+002;3,127891e-003
6,407332e+002;3,407384e-003
6,412153e+002;3,695144e-003
6,416974e+002;3,965172e-003
6,421795e+002;4,196858e-003
6,426616e+002;4,378863e-003
6,431437e+002;4,504961e-003
6,436259e+002;4,571591e-003
6,441080e+002;4,575843e-003
6,445901e+002;4,514570e-003
6,450722e+002;4,388167e-003
6,455543e+002;4,204486e-003
6,460364e+002;3,980855e-003
6,465186e+002;3,739926e-003
6,470007e+002;3,506445e-003
6,474828e+002;3,298430e-003
6,479649e+002;3,121216e-003
6,484470e+002;2,969029e-003
6,489291e+002;2,828367e-003
6,494113e+002;2,687350e-003
6,498934e+002;2,542980e-003
6,503755e+002;2,405554e-003
6,508576e+002;2,296884e-003
6,513397e+002;2,244891e-003
6,518218e+002;2,272003e-003
6,523040e+002;2,388629e-003
6,527861e+002;2,587509e-003
6,532682e+002;2,845042e-003
6,537503e+002;3,123119e-003
6,542324e+002;3,378933e-003
6,547145e+002;3,575026e-003
6,551967e+002;3,683348e-003
6,556788e+002;3,694242e-003
6,561609e+002;3,617289e-003
6,566431e+002;3,479891e-003
6,571251e+002;3,317427e-003
6,576073e+002;3,165304e-003
6,580894e+002;3,048803e-003
6,585715e+002;2,976035e-003
6,590536e+002;2,938804e-003
6,595358e+002;2,919256e-003
6,600178e+002;2,900843e-003
6,605000e+002;2,876361e-003
6,609821e+002;2,853847e-003
6,614642e+002;2,851112e-003
6,619463e+002;2,889036e-003
6,624285e+002;2,979171e-003
6,629105e+002;3,117779e-003
6,633927e+002;3,285843e-003
6,638748e+002;3,459383e-003
6,643569e+002;3,617790e-003
6,648390e+002;3,750721e-003
6,653212e+002;3,860390e-003
6,658032e+002;3,951496e-003
6,662854e+002;4,022388e-003
6,667675e+002;4,052454e-003
6,672496e+002;3,994097e-003
6,677317e+002;3,790962e-003
6,682139e+002;3,427722e-003
6,686959e+002;2,967761e-003
6,691781e+002;2,519751e-003
6,696602e+002;2,170326e-003
6,701423e+002;1,955827e-003
6,706244e+002;1,872160e-003
6,711066e+002;1,902343e-003
6,715886e+002;2,026394e-003
6,720708e+002;2,226906e-003
6,725529e+002;2,488957e-003
6,730350e+002;2,798652e-003
6,735171e+002;3,141007e-003
6,739993e+002;3,494520e-003
6,744813e+002;3,829268e-003
6,749635e+002;4,108544e-003
6,754456e+002;4,290879e-003
6,759277e+002;4,344156e-003
6,764098e+002;4,256882e-003
6,768920e+002;4,048206e-003
6,773740e+002;3,762853e-003
6,778562e+002;3,462623e-003
6,783383e+002;3,208996e-003
6,788204e+002;3,042663e-003
6,793025e+002;2,981706e-003
6,797847e+002;3,017939e-003
6,802667e+002;3,127958e-003
6,807489e+002;3,280502e-003
6,812310e+002;3,450633e-003
6,817131e+002;3,624506e-003
6,821952e+002;3,797513e-003
6,826774e+002;3,969720e-003
6,831594e+002;4,139218e-003
6,836416e+002;4,297103e-003
6,841237e+002;4,428702e-003
6,846058e+002;4,514637e-003
6,850879e+002;4,537605e-003
6,855701e+002;4,488222e-003
6,860521e+002;4,366680e-003
6,865343e+002;4,185250e-003
6,870164e+002;3,964971e-003
6,874985e+002;3,735681e-003
6,879806e+002;3,527322e-003
6,884628e+002;3,364407e-003
6,889448e+002;3,261406e-003
6,894270e+002;3,221147e-003
6,899091e+002;3,239173e-003
6,903912e+002;3,309581e-003
6,908733e+002;3,431997e-003
6,913555e+002;3,613547e-003
6,918375e+002;3,866207e-003
6,923197e+002;4,198598e-003
6,928018e+002;4,608191e-003
6,932839e+002;5,075224e-003
6,937660e+002;5,566488e-003
6,942482e+002;6,037543e-003
6,947302e+002;6,450254e-003
6,952124e+002;6,782913e-003
6,956945e+002;7,037424e-003
6,961766e+002;7,235817e-003
6,966587e+002;7,411112e-003
6,971409e+002;7,591231e-003
6,976229e+002;7,785694e-003
6,981051e+002;7,982539e-003
6,985872e+002;8,154388e-003
6,990693e+002;8,272909e-003
6,995514e+002;8,321069e-003
7,000336e+002;8,303878e-003
7,005156e+002;8,245521e-003
7,009978e+002;8,184268e-003
7,014799e+002;8,155840e-003
7,019620e+002;8,184303e-003
7,024441e+002;8,278245e-003
7,029263e+002;8,430616e-003
7,034083e+002;8,624711e-003
7,038905e+002;8,841651e-003
7,043726e+002;9,067090e-003
7,048547e+002;9,291259e-003
7,053368e+002;9,510394e-003
7,058190e+002;9,723847e-003
7,063010e+002;9,934150e-003
7,067832e+002;1,014740e-002
7,072653e+002;1,037322e-002
7,077474e+002;1,062543e-002
7,082295e+002;1,091767e-002
7,087117e+002;1,126006e-002
7,091937e+002;1,165622e-002
7,096759e+002;1,210225e-002
7,101580e+002;1,258925e-002
7,106401e+002;1,310763e-002
7,111222e+002;1,365221e-002
7,116044e+002;1,422394e-002
7,120864e+002;1,482913e-002
7,125686e+002;1,547440e-002
7,130507e+002;1,616280e-002
7,135328e+002;1,689184e-002
7,140149e+002;1,765467e-002
7,144971e+002;1,844429e-002
7,149791e+002;1,925890e-002
7,154613e+002;2,010267e-002
7,159434e+002;2,098456e-002
7,164255e+002;2,191151e-002
7,169076e+002;2,288429e-002
7,173898e+002;2,389257e-002
7,178718e+002;2,491941e-002
7,183540e+002;2,594246e-002
7,188361e+002;2,694110e-002
7,193182e+002;2,789727e-002
7,198003e+002;2,879178e-002
7,202825e+002;2,959948e-002
7,207645e+002;3,028522e-002
7,212467e+002;3,080372e-002
7,217288e+002;3,111254e-002
7,222109e+002;3,118292e-002
7,226930e+002;3,101040e-002
7,231752e+002;3,061756e-002
7,236572e+002;3,005123e-002
7,241394e+002;2,937061e-002
7,246215e+002;2,863124e-002
7,251036e+002;2,788328e-002
7,255857e+002;2,716160e-002
7,260679e+002;2,648465e-002
7,265499e+002;2,585911e-002
7,270321e+002;2,528167e-002
7,275142e+002;2,474287e-002
7,279963e+002;2,423011e-002
7,284784e+002;2,373237e-002
7,289606e+002;2,324254e-002
7,294426e+002;2,276206e-002
7,299248e+002;2,230053e-002
7,304069e+002;2,187656e-002
7,308890e+002;2,151265e-002
7,313711e+002;2,122780e-002
7,318533e+002;2,103289e-002
7,323353e+002;2,092572e-002
7,328175e+002;2,088970e-002
7,332996e+002;2,089589e-002
7,337817e+002;2,091056e-002
7,342638e+002;2,090267e-002
7,347460e+002;2,084920e-002
7,352280e+002;2,074246e-002
7,357102e+002;2,059001e-002
7,361923e+002;2,041244e-002
7,366744e+002;2,023672e-002
7,371565e+002;2,008973e-002
7,376387e+002;1,998972e-002
7,381207e+002;1,993928e-002
7,386029e+002;1,992336e-002
7,390850e+002;1,991448e-002
7,395671e+002;1,988028e-002
7,400492e+002;1,979281e-002
7,405314e+002;1,963934e-002
7,410134e+002;1,942543e-002
7,414956e+002;1,917208e-002
7,419777e+002;1,890562e-002
7,424598e+002;1,864890e-002
7,429419e+002;1,841193e-002
7,434241e+002;1,819196e-002
7,439061e+002;1,797803e-002
7,443883e+002;1,776083e-002
7,448704e+002;1,754046e-002
7,453525e+002;1,732882e-002
7,458346e+002;1,714417e-002
7,463168e+002;1,700346e-002
7,467988e+002;1,691306e-002
7,472810e+002;1,686490e-002
7,477631e+002;1,683968e-002
7,482452e+002;1,681447e-002
7,487273e+002;1,677338e-002
7,492095e+002;1,671374e-002
7,496915e+002;1,664622e-002
7,501737e+002;1,658663e-002
7,506558e+002;1,654770e-002
7,511379e+002;1,652883e-002
7,516200e+002;1,651417e-002
7,521022e+002;1,647559e-002
7,525842e+002;1,638350e-002
7,530664e+002;1,621755e-002
7,535485e+002;1,597339e-002
7,540306e+002;1,566415e-002
7,545127e+002;1,531601e-002
7,549949e+002;1,496077e-002
7,554769e+002;1,462384e-002
7,559591e+002;1,432190e-002
7,564412e+002;1,405796e-002
7,569233e+002;1,382475e-002
7,574054e+002;1,360869e-002
7,578876e+002;1,339827e-002
7,583696e+002;1,318991e-002
7,588518e+002;1,299178e-002
7,593339e+002;1,282279e-002
7,598160e+002;1,270789e-002
7,602981e+002;1,267074e-002
7,607803e+002;1,272277e-002
7,612623e+002;1,285719e-002
7,617445e+002;1,304846e-002
7,622266e+002;1,325932e-002
7,627087e+002;1,344807e-002
7,631908e+002;1,358151e-002
7,636730e+002;1,364490e-002
7,641550e+002;1,364196e-002
7,646372e+002;1,359187e-002
7,651193e+002;1,351803e-002
7,656014e+002;1,343976e-002
7,660835e+002;1,336369e-002
7,665657e+002;1,328477e-002
7,670477e+002;1,319131e-002
7,675299e+002;1,307492e-002
7,680120e+002;1,293583e-002
7,684941e+002;1,278542e-002
7,689762e+002;1,264161e-002
7,694584e+002;1,252274e-002
7,699404e+002;1,243991e-002
7,704226e+002;1,239341e-002
7,709047e+002;1,237360e-002
7,713868e+002;1,236607e-002
7,718689e+002;1,235686e-002
7,723511e+002;1,233631e-002
7,728331e+002;1,230089e-002
7,733153e+002;1,225218e-002
7,737974e+002;1,219401e-002
7,742795e+002;1,213002e-002
7,747616e+002;1,206232e-002
7,752438e+002;1,199136e-002
7,757258e+002;1,191517e-002
7,762080e+002;1,182905e-002
7,766901e+002;1,172597e-002
7,771722e+002;1,159803e-002
7,776543e+002;1,143872e-002
7,781365e+002;1,124724e-002
7,786185e+002;1,103073e-002
7,791007e+002;1,080512e-002
7,795828e+002;1,059005e-002
7,800649e+002;1,040179e-002
7,805470e+002;1,024761e-002
7,810292e+002;1,012132e-002
7,815112e+002;1,000616e-002
7,819934e+002;9,882285e-003
7,824755e+002;9,738316e-003
7,829576e+002;9,576746e-003
7,834397e+002;9,416896e-003
7,839219e+002;9,286113e-003
7,844039e+002;9,211378e-003
7,848861e+002;9,205151e-003
7,853682e+002;9,260185e-003
7,858503e+002;9,348300e-003
7,863324e+002;9,433014e-003
7,868146e+002;9,477375e-003
7,872966e+002;9,457293e-003
7,877788e+002;9,368648e-003
7,882609e+002;9,225255e-003
7,887430e+002;9,054707e-003
7,892251e+002;8,886020e-003
7,897073e+002;8,746471e-003
7,901893e+002;8,653035e-003
7,906715e+002;8,611463e-003
7,911536e+002;8,615417e-003
7,916357e+002;8,650197e-003
7,921178e+002;8,696168e-003
7,926000e+002;8,732475e-003
7,930820e+002;8,745762e-003
7,935642e+002;8,733151e-003
7,940463e+002;8,705768e-003
7,945284e+002;8,684235e-003
7,950105e+002;8,694004e-003
7,954927e+002;8,752185e-003
7,959747e+002;8,859810e-003
7,964569e+002;8,998008e-003
7,969390e+002;9,133003e-003
7,974211e+002;9,230366e-003
7,979032e+002;9,266582e-003
7,983854e+002;9,242347e-003
7,988674e+002;9,184034e-003
7,993496e+002;9,136386e-003
7,998317e+002;9,142274e-003
8,003138e+002;9,230433e-003
8,007959e+002;9,403047e-003
8,012781e+002;9,637552e-003
8,017601e+002;9,894861e-003
8,022423e+002;1,013608e-002
8,027244e+002;1,033504e-002
8,032065e+002;1,048593e-002
8,036886e+002;1,059972e-002
8,041708e+002;1,069609e-002
8,046528e+002;1,079442e-002
8,051350e+002;1,090591e-002
8,056171e+002;1,103260e-002
8,060992e+002;1,117071e-002
8,065813e+002;1,131505e-002
8,070635e+002;1,146094e-002
8,075455e+002;1,160558e-002
8,080277e+002;1,174510e-002
8,085098e+002;1,187359e-002
8,089919e+002;1,198360e-002
8,094740e+002;1,207043e-002
8,099562e+002;1,213482e-002
8,104382e+002;1,218607e-002
8,109204e+002;1,223865e-002
8,114025e+002;1,230805e-002
8,118846e+002;1,240149e-002
8,123668e+002;1,251313e-002
8,128489e+002;1,262247e-002
8,133310e+002;1,270107e-002
8,138131e+002;1,271820e-002
8,142952e+002;1,265232e-002
8,147773e+002;1,249805e-002
8,152595e+002;1,226776e-002
8,157416e+002;1,198874e-002
8,162237e+002;1,169479e-002
8,167058e+002;1,142222e-002
8,171879e+002;1,119899e-002
8,176700e+002;1,104025e-002
8,181522e+002;1,094631e-002
8,186343e+002;1,090398e-002
8,191164e+002;1,089073e-002
8,195985e+002;1,088047e-002
8,200806e+002;1,085336e-002
8,205627e+002;1,079798e-002
8,210449e+002;1,071504e-002
8,215270e+002;1,061351e-002
8,220091e+002;1,050609e-002
8,224912e+002;1,040132e-002
8,229733e+002;1,030016e-002
8,234554e+002;1,019632e-002
8,239376e+002;1,008059e-002
8,244197e+002;9,948185e-003
8,249018e+002;9,802906e-003
8,253839e+002;9,656829e-003
8,258660e+002;9,527328e-003
8,263481e+002;9,427596e-003
8,268303e+002;9,360285e-003
8,273124e+002;9,315936e-003
8,277945e+002;9,276568e-003
8,282766e+002;9,225559e-003
8,287587e+002;9,154490e-003
8,292408e+002;9,070339e-003
8,297230e+002;8,990499e-003
8,302051e+002;8,937935e-003
8,306872e+002;8,926908e-003
8,311693e+002;8,955996e-003
8,316514e+002;9,005823e-003
8,321335e+002;9,047164e-003
8,326157e+002;9,048956e-003
8,330978e+002;8,992055e-003
8,335799e+002;8,876449e-003
8,340620e+002;8,721116e-003
8,345441e+002;8,556443e-003
8,350262e+002;8,412609e-003
8,355084e+002;8,313403e-003
8,359905e+002;8,268586e-003
8,364726e+002;8,276219e-003
8,369547e+002;8,326406e-003
8,374368e+002;8,408724e-003
8,379189e+002;8,515285e-003
8,384011e+002;8,641577e-003
8,388832e+002;8,784371e-003
8,393653e+002;8,937022e-003
8,398474e+002;9,086782e-003
8,403295e+002;9,215947e-003
8,408116e+002;9,302971e-003
8,412938e+002;9,329274e-003
8,417759e+002;9,284657e-003
8,422580e+002;9,169786e-003
8,427401e+002;8,997299e-003
8,432222e+002;8,790356e-003
8,437043e+002;8,579627e-003
8,441865e+002;8,395651e-003
8,446686e+002;8,265513e-003
8,451507e+002;8,208444e-003
8,456328e+002;8,232048e-003
8,461149e+002;8,333397e-003
8,465970e+002;8,499506e-003
8,470792e+002;8,712631e-003
8,475613e+002;8,949299e-003
8,480434e+002;9,184947e-003
8,485255e+002;9,397122e-003
8,490076e+002;9,564484e-003
8,494897e+002;9,671905e-003
8,499719e+002;9,711073e-003
8,504540e+002;9,683459e-003
8,509361e+002;9,599679e-003
8,514182e+002;9,480287e-003
8,519003e+002;9,352464e-003
8,523824e+002;9,241163e-003
8,528646e+002;9,166774e-003
8,533467e+002;9,138010e-003
8,538288e+002;9,151580e-003
8,543109e+002;9,194694e-003
8,547930e+002;9,250335e-003
8,552751e+002;9,302836e-003
8,557573e+002;9,341124e-003
8,562394e+002;9,360590e-003
8,567215e+002;9,361132e-003
8,572036e+002;9,345626e-003
8,576857e+002;9,317290e-003
8,581678e+002;9,279648e-003
8,586500e+002;9,237981e-003
8,591321e+002;9,198382e-003
8,596142e+002;9,168365e-003
8,600963e+002;9,154355e-003
8,605784e+002;9,158314e-003
8,610605e+002;9,177028e-003
8,615427e+002;9,202342e-003
8,620248e+002;9,225187e-003
8,625069e+002;9,238760e-003
8,629890e+002;9,242313e-003
8,634711e+002;9,241332e-003
8,639532e+002;9,244378e-003
8,644354e+002;9,258797e-003
8,649175e+002;9,287332e-003
8,653996e+002;9,327142e-003
8,658817e+002;9,372914e-003
8,663638e+002;9,420181e-003
8,668459e+002;9,469179e-003
8,673281e+002;9,523908e-003
8,678102e+002;9,588839e-003
8,682923e+002;9,663300e-003
8,687744e+002;9,737706e-003
8,692565e+002;9,793485e-003
8,697386e+002;9,810633e-003
8,702208e+002;9,775388e-003
8,707029e+002;9,688270e-003
8,711850e+002;9,566924e-003
8,716671e+002;9,442698e-003
8,721492e+002;9,350433e-003
8,726313e+002;9,315428e-003
8,731135e+002;9,348335e-003
8,735956e+002;9,442021e-003
8,740777e+002;9,578169e-003
8,745598e+002;9,733708e-003
8,750419e+002;9,891064e-003
8,755240e+002;1,004037e-002
8,760062e+002;1,017871e-002
8,764883e+002;1,030474e-002
8,769704e+002;1,041336e-002
8,774525e+002;1,049336e-002
8,779346e+002;1,053108e-002
8,784167e+002;1,051451e-002
8,788989e+002;1,044004e-002
8,793810e+002;1,031584e-002
8,798631e+002;1,016033e-002
8,803452e+002;9,997583e-003
8,808273e+002;9,850186e-003
8,813094e+002;9,735944e-003
8,817916e+002;9,663910e-003
8,822737e+002;9,634842e-003
8,827558e+002;9,642973e-003
8,832379e+002;9,679359e-003
8,837200e+002;9,733741e-003
8,842021e+002;9,796400e-003
8,846843e+002;9,861100e-003
8,851664e+002;9,924997e-003
8,856485e+002;9,988734e-003
8,861306e+002;1,005604e-002
8,866127e+002;1,012892e-002
8,870948e+002;1,020551e-002
8,875770e+002;1,027712e-002
8,880591e+002;1,032751e-002
8,885412e+002;1,033860e-002
8,890233e+002;1,029504e-002
8,895054e+002;1,019109e-002
8,899875e+002;1,003441e-002
8,904697e+002;9,845000e-003
8,909518e+002;9,649816e-003
8,914339e+002;9,472431e-003
8,919160e+002;9,329274e-003
8,923981e+002;9,225729e-003
8,928802e+002;9,158517e-003
8,933624e+002;9,119298e-003
8,938445e+002;9,101433e-003
8,943266e+002;9,100654e-003
8,948087e+002;9,113614e-003
8,952908e+002;9,135879e-003
8,957729e+002;9,158787e-003
8,962551e+002;9,169346e-003
8,967372e+002;9,155810e-003
8,972193e+002;9,110500e-003
8,977014e+002;9,034849e-003
8,981835e+002;8,938205e-003
8,986656e+002;8,834144e-003
8,991478e+002;8,732779e-003
8,996299e+002;8,636372e-003
9,001120e+002;8,538229e-003
9,005941e+002;8,427204e-003
9,010762e+002;8,295941e-003
9,015583e+002;8,146825e-003
9,020405e+002;7,993407e-003
9,025226e+002;7,857822e-003
9,030047e+002;7,762486e-003
9,034868e+002;7,718873e-003
9,039689e+002;7,725788e-003
9,044510e+002;7,769030e-003
9,049332e+002;7,829483e-003
9,054153e+002;7,891090e-003
9,058974e+002;7,948657e-003
9,063795e+002;8,008830e-003
9,068616e+002;8,085856e-003
9,073438e+002;8,191460e-003
9,078259e+002;8,327284e-003
9,083080e+002;8,480416e-003
9,087901e+002;8,628362e-003
9,092722e+002;8,742752e-003
9,097543e+002;8,802258e-003
9,102365e+002;8,799824e-003
9,107186e+002;8,743259e-003
9,112007e+002;8,652900e-003
9,116829e+002;8,551814e-003
9,121649e+002;8,460752e-003
9,126471e+002;8,390888e-003
9,131292e+002;8,343564e-003
9,136113e+002;8,313774e-003
9,140934e+002;8,295299e-003
9,145756e+002;8,286958e-003
9,150576e+002;8,294456e-003
9,155398e+002;8,329074e-003
9,160219e+002;8,403049e-003
9,165040e+002;8,523429e-003
9,169861e+002;8,686162e-003
9,174683e+002;8,873406e-003
9,179503e+002;9,056535e-003
9,184325e+002;9,204136e-003
9,189146e+002;9,287129e-003
9,193967e+002;9,290108e-003
9,198788e+002;9,214425e-003
9,203610e+002;9,078357e-003
9,208430e+002;8,910269e-003
9,213252e+002;8,740826e-003
9,218073e+002;8,594699e-003
9,222894e+002;8,484031e-003
9,227715e+002;8,409029e-003
9,232537e+002;8,362378e-003
9,237357e+002;8,335965e-003
9,242179e+002;8,324954e-003
9,247000e+002;8,330357e-003
9,251821e+002;8,357042e-003
9,256642e+002;8,409501e-003
9,261464e+002;8,487882e-003
9,266284e+002;8,586588e-003
9,271106e+002;8,694849e-003
9,275927e+002;8,801582e-003
9,280748e+002;8,897519e-003
9,285569e+002;8,977577e-003
9,290391e+002;9,040330e-003
9,295211e+002;9,085056e-003
9,300033e+002;9,109824e-003
9,304854e+002;9,110602e-003
9,309675e+002;9,083838e-003
9,314496e+002;9,029639e-003
9,319318e+002;8,953596e-003
9,324138e+002;8,869111e-003
9,328960e+002;8,792114e-003
9,333781e+002;8,736295e-003
9,338602e+002;8,709352e-003
9,343423e+002;8,709758e-003
9,348245e+002;8,728655e-003
9,353065e+002;8,753672e-003
9,357887e+002;8,775379e-003
9,362708e+002;8,789748e-003
9,367529e+002;8,799080e-003
9,372350e+002;8,809156e-003
9,377172e+002;8,826029e-003
9,381992e+002;8,852066e-003
9,386814e+002;8,884870e-003
9,391635e+002;8,918351e-003
9,396456e+002;8,945207e-003
9,401277e+002;8,960902e-003
9,406099e+002;8,964250e-003
9,410919e+002;8,957789e-003
9,415741e+002;8,947643e-003
9,420562e+002;8,941351e-003
9,425383e+002;8,946459e-003
9,430204e+002;8,969696e-003
9,435026e+002;9,014416e-003
9,439846e+002;9,079338e-003
9,444668e+002;9,156757e-003
9,449489e+002;9,232396e-003
9,454310e+002;9,289024e-003
9,459131e+002;9,309200e-003
9,463953e+002;9,283236e-003
9,468773e+002;9,212394e-003
9,473595e+002;9,112260e-003
9,478416e+002;9,007548e-003
9,483237e+002;8,927348e-003
9,488058e+002;8,896166e-003
9,492880e+002;8,926199e-003
9,497700e+002;9,015532e-003
9,502522e+002;9,148534e-003
9,507343e+002;9,302869e-003
9,512164e+002;9,452654e-003
9,516985e+002;9,576848e-003
9,521807e+002;9,662013e-003
9,526627e+002;9,702127e-003
9,531449e+002;9,699045e-003
9,536270e+002;9,661064e-003
9,541091e+002;9,602185e-003
9,545912e+002;9,538370e-003
9,550734e+002;9,487128e-003
9,555554e+002;9,462746e-003
9,560376e+002;9,471280e-003
9,565197e+002;9,510191e-003
9,570018e+002;9,568041e-003
9,574839e+002;9,630268e-003
9,579661e+002;9,683425e-003
9,584481e+002;9,722186e-003
9,589303e+002;9,750481e-003
9,594124e+002;9,780471e-003
9,598945e+002;9,825376e-003
9,603766e+002;9,894047e-003
9,608588e+002;9,987004e-003
9,613408e+002;1,009626e-002
9,618230e+002;1,020982e-002
9,623051e+002;1,031709e-002
9,627872e+002;1,041428e-002
9,632693e+002;1,050358e-002
9,637515e+002;1,058923e-002
9,642335e+002;1,067157e-002
9,647157e+002;1,074167e-002
9,651978e+002;1,078185e-002
9,656799e+002;1,077061e-002
9,661620e+002;1,069022e-002
9,666442e+002;1,053678e-002
9,671262e+002;1,032327e-002
9,676084e+002;1,007917e-002
9,680905e+002;9,839103e-003
9,685726e+002;9,637519e-003
9,690547e+002;9,497254e-003
9,695369e+002;9,425226e-003
9,700189e+002;9,413781e-003
9,705011e+002;9,445339e-003
9,709832e+002;9,499624e-003
9,714653e+002;9,557913e-003
9,719474e+002;9,608351e-003
9,724296e+002;9,645378e-003
9,729116e+002;9,668585e-003
9,733938e+002;9,681019e-003
9,738759e+002;9,687456e-003
9,743580e+002;9,692641e-003
9,748401e+002;9,700433e-003
9,753223e+002;9,712970e-003
9,758043e+002;9,729404e-003
9,762865e+002;9,746279e-003
9,767686e+002;9,756885e-003
9,772507e+002;9,753124e-003
9,777328e+002;9,726964e-003
9,782150e+002;9,671262e-003
9,786970e+002;9,581590e-003
9,791792e+002;9,456582e-003
9,796613e+002;9,299010e-003
9,801434e+002;9,115406e-003
9,806255e+002;8,918250e-003
9,811077e+002;8,725071e-003
9,815897e+002;8,555260e-003
9,820719e+002;8,428217e-003
9,825540e+002;8,357042e-003
9,830361e+002;8,343598e-003
9,835182e+002;8,376936e-003
9,840004e+002;8,435109e-003
9,844824e+002;8,490214e-003
9,849646e+002;8,514407e-003
9,854467e+002;8,489200e-003
9,859288e+002;8,409062e-003
9,864109e+002;8,282230e-003
9,868931e+002;8,126265e-003
9,873751e+002;7,963776e-003
9,878573e+002;7,816156e-003
9,883394e+002;7,698603e-003
9,888215e+002;7,619656e-003
9,893036e+002;7,581318e-003
9,897858e+002;7,580677e-003
9,902678e+002;7,610586e-003
9,907500e+002;7,661674e-003
9,912321e+002;7,723325e-003
9,917142e+002;7,783704e-003
9,921963e+002;7,833228e-003
9,926785e+002;7,865313e-003
9,931605e+002;7,878640e-003
9,936427e+002;7,876480e-003
9,941248e+002;7,865886e-003
9,946069e+002;7,853470e-003
9,950890e+002;7,843213e-003
9,955712e+002;7,833935e-003
9,960532e+002;7,820947e-003
9,965354e+002;7,798513e-003
9,970175e+002;7,763903e-003
9,974996e+002;7,720593e-003
9,979817e+002;7,677929e-003
9,984639e+002;7,649871e-003
9,989459e+002;7,649129e-003
9,994281e+002;7,682887e-003
9,999102e+002;7,748825e-003
1,000392e+003;7,835623e-003
1,000874e+003;7,924495e-003
1,001357e+003;7,994959e-003
1,001839e+003;8,032322e-003
1,002321e+003;8,029656e-003
1,002803e+003;7,990977e-003
1,003285e+003;7,928545e-003
1,003767e+003;7,859779e-003
1,004249e+003;7,800234e-003
1,004731e+003;7,760698e-003
1,005214e+003;7,744170e-003
1,005696e+003;7,746734e-003
1,006178e+003;7,761474e-003
1,006660e+003;7,780938e-003
1,007142e+003;7,801110e-003
1,007624e+003;7,821959e-003
1,008106e+003;7,844766e-003
1,008588e+003;7,870103e-003
1,009070e+003;7,894734e-003
1,009552e+003;7,912010e-003
1,010035e+003;7,914440e-003
1,010517e+003;7,898648e-003
1,010999e+003;7,869327e-003
1,011481e+003;7,840818e-003
1,011963e+003;7,835116e-003
1,012445e+003;7,872667e-003
1,012927e+003;7,966476e-003
1,013409e+003;8,113910e-003
1,013892e+003;8,297596e-003
1,014374e+003;8,487917e-003
1,014856e+003;8,653678e-003
1,015338e+003;8,772673e-003
1,015820e+003;8,836173e-003
1,016302e+003;8,851019e-003
1,016784e+003;8,834144e-003
1,017266e+003;8,804861e-003
1,017749e+003;8,776358e-003
1,018231e+003;8,752828e-003
1,018713e+003;8,730987e-003
1,019195e+003;8,704957e-003
1,019677e+003;8,671390e-003
1,020159e+003;8,633059e-003
1,020641e+003;8,597031e-003
1,021123e+003;8,572192e-003
1,021605e+003;8,565196e-003
1,022088e+003;8,577666e-003
1,022570e+003;8,607711e-003
1,023052e+003;8,652359e-003
1,023534e+003;8,709555e-003
1,024016e+003;8,778793e-003
1,024498e+003;8,859675e-003
1,024980e+003;8,948217e-003
1,025462e+003;9,034849e-003
1,025944e+003;9,106406e-003
1,026427e+003;9,148060e-003
1,026909e+003;9,149313e-003
1,027391e+003;9,109045e-003
1,027873e+003;9,034984e-003
1,028355e+003;8,941622e-003
1,028837e+003;8,844458e-003
1,029319e+003;8,756208e-003
1,029801e+003;8,683018e-003
1,030284e+003;8,627652e-003
1,030766e+003;8,591184e-003
1,031248e+003;8,576720e-003
1,031730e+003;8,589224e-003
1,032212e+003;8,632215e-003
1,032694e+003;8,703774e-003
1,033176e+003;8,792656e-003
1,033658e+003;8,879425e-003
1,034141e+003;8,941690e-003
1,034623e+003;8,960529e-003
1,035105e+003;8,928668e-003
1,035587e+003;8,852608e-003
1,036069e+003;8,752353e-003
1,036551e+003;8,652495e-003
1,037033e+003;8,575469e-003
1,037515e+003;8,536540e-003
1,037997e+003;8,540527e-003
1,038479e+003;8,583682e-003
1,038962e+003;8,657802e-003
1,039444e+003;8,753064e-003
1,039926e+003;8,859337e-003
1,040408e+003;8,965197e-003
1,040890e+003;9,058294e-003
1,041372e+003;9,123832e-003
1,041854e+003;9,148669e-003
1,042336e+003;9,125761e-003
1,042819e+003;9,057177e-003
1,043301e+003;8,954644e-003
1,043783e+003;8,836850e-003
1,044265e+003;8,724192e-003
1,044747e+003;8,630829e-003
1,045229e+003;8,564048e-003
1,045711e+003;8,523530e-003
1,046193e+003;8,505587e-003
1,046676e+003;8,507412e-003
1,047158e+003;8,529173e-003
1,047640e+003;8,572699e-003
1,048122e+003;8,637285e-003
1,048604e+003;8,715267e-003
1,049086e+003;8,790661e-003
1,049568e+003;8,840096e-003
1,050050e+003;8,842294e-003
1,050532e+003;8,784371e-003
1,051015e+003;8,669497e-003
1,051497e+003;8,516975e-003
1,051979e+003;8,359270e-003
1,052461e+003;8,231811e-003
1,052943e+003;8,162288e-003
1,053425e+003;8,165192e-003
1,053907e+003;8,236201e-003
1,054389e+003;8,356535e-003
1,054871e+003;8,495856e-003
1,055354e+003;8,623630e-003
1,055836e+003;8,714862e-003
1,056318e+003;8,755701e-003
1,056800e+003;8,745322e-003
1,057282e+003;8,696033e-003
1,057764e+003;8,630457e-003
1,058246e+003;8,573003e-003
1,058728e+003;8,547489e-003
1,059211e+003;8,568136e-003
1,059693e+003;8,635696e-003
1,060175e+003;8,737005e-003
1,060657e+003;8,849192e-003
1,061139e+003;8,945985e-003
1,061621e+003;9,003320e-003
1,062103e+003;9,008495e-003
1,062585e+003;8,961814e-003
1,063068e+003;8,875536e-003
1,063550e+003;8,768210e-003
1,064032e+003;8,659356e-003
1,064514e+003;8,564318e-003
1,064996e+003;8,490180e-003
1,065478e+003;8,436562e-003
1,065960e+003;8,397475e-003
1,066442e+003;8,364304e-003
1,066924e+003;8,328567e-003
1,067406e+003;8,284560e-003
1,067889e+003;8,230764e-003
1,068371e+003;8,170189e-003
1,068853e+003;8,110432e-003
1,069335e+003;8,062463e-003
1,069817e+003;8,039072e-003
1,070299e+003;8,050852e-003
1,070781e+003;8,103411e-003
1,071263e+003;8,194938e-003
1,071746e+003;8,315024e-003
1,072228e+003;8,444771e-003
1,072710e+003;8,561377e-003
1,073192e+003;8,642355e-003
1,073674e+003;8,669159e-003
1,074156e+003;8,632350e-003
1,074638e+003;8,532890e-003
1,075120e+003;8,381024e-003
1,075603e+003;8,195546e-003
1,076085e+003;8,000595e-003
1,076567e+003;7,823106e-003
1,077049e+003;7,686293e-003
1,077531e+003;7,607719e-003
1,078013e+003;7,593558e-003
1,078495e+003;7,638068e-003
1,078977e+003;7,723022e-003
1,079459e+003;7,822060e-003
1,079942e+003;7,908197e-003
1,080424e+003;7,957195e-003
1,080906e+003;7,955744e-003
1,081388e+003;7,904587e-003
1,081870e+003;7,816662e-003
1,082352e+003;7,711791e-003
1,082834e+003;7,611968e-003
1,083316e+003;7,534150e-003
1,083798e+003;7,484660e-003
1,084281e+003;7,459210e-003
1,084763e+003;7,442929e-003
1,085245e+003;7,415628e-003
1,085727e+003;7,357929e-003
1,086209e+003;7,257548e-003
1,086691e+003;7,114850e-003
1,087173e+003;6,945803e-003
1,087655e+003;6,778504e-003
1,088138e+003;6,648278e-003
1,088620e+003;6,589369e-003
1,089102e+003;6,622137e-003
1,089584e+003;6,747778e-003
1,090066e+003;6,944625e-003
1,090548e+003;7,176121e-003
1,091030e+003;7,394866e-003
1,091512e+003;7,558020e-003
1,091995e+003;7,638507e-003
1,092477e+003;7,628188e-003
1,092959e+003;7,539645e-003
1,093441e+003;7,398372e-003
1,093923e+003;7,235952e-003
1,094405e+003;7,079587e-003
1,094887e+003;6,948530e-003
1,095369e+003;6,854067e-003
1,095851e+003;6,800650e-003
1,096333e+003;6,789543e-003
1,096816e+003;6,820946e-003
1,097298e+003;6,893587e-003
1,097780e+003;7,003481e-003
1,098262e+003;7,143110e-003
1,098744e+003;7,300003e-003
1,099226e+003;7,457255e-003
1,099708e+003;7,597132e-003
1,100190e+003;7,703460e-003
1,100673e+003;7,763161e-003
1,101155e+003;7,769637e-003
1,101637e+003;7,721740e-003
1,102119e+003;7,624377e-003
1,102601e+003;7,488638e-003
1,103083e+003;7,331307e-003
1,103565e+003;7,173662e-003
1,104047e+003;7,036312e-003
1,104530e+003;6,935837e-003
1,105012e+003;6,878674e-003
1,105494e+003;6,858981e-003
1,105976e+003;6,859217e-003
1,106458e+003;6,856591e-003
1,106940e+003;6,831178e-003
1,107422e+003;6,773288e-003
1,107904e+003;6,688048e-003
1,108386e+003;6,595626e-003
1,108869e+003;6,525053e-003
1,109351e+003;6,502114e-003
1,109833e+003;6,544394e-003
1,110315e+003;6,652618e-003
1,110797e+003;6,812430e-003
1,111279e+003;6,996477e-003
1,111761e+003;7,174201e-003
1,112243e+003;7,319647e-003
1,112725e+003;7,415223e-003
1,113208e+003;7,454794e-003
1,113690e+003;7,441817e-003
1,114172e+003;7,387283e-003
1,114654e+003;7,304686e-003
1,115136e+003;7,209943e-003
1,115618e+003;7,119060e-003
1,116100e+003;7,044900e-003
1,116582e+003;6,997958e-003
1,117065e+003;6,983345e-003
1,117547e+003;7,000046e-003
1,118029e+003;7,040825e-003
1,118511e+003;7,094339e-003
1,118993e+003;7,148432e-003
1,119475e+003;7,193167e-003
1,119957e+003;7,224969e-003
1,120439e+003;7,246733e-003
1,120922e+003;7,266679e-003
1,121404e+003;7,294476e-003
1,121886e+003;7,338013e-003
1,122368e+003;7,399888e-003
1,122850e+003;7,476368e-003
1,123332e+003;7,557683e-003
1,123814e+003;7,631324e-003
1,124296e+003;7,685045e-003
1,124778e+003;7,708350e-003
1,125260e+003;7,694927e-003
1,125743e+003;7,642958e-003
1,126225e+003;7,554952e-003
1,126707e+003;7,437773e-003
1,127189e+003;7,303136e-003
1,127671e+003;7,167363e-003
1,128153e+003;7,049412e-003
1,128635e+003;6,969843e-003
1,129117e+003;6,946981e-003
1,129600e+003;6,991796e-003
1,130082e+003;7,104881e-003
1,130564e+003;7,274226e-003
1,131046e+003;7,478525e-003
1,131528e+003;7,689531e-003
1,132010e+003;7,881507e-003
1,132492e+003;8,036777e-003
1,132974e+003;8,149324e-003
1,133457e+003;8,224889e-003
1,133939e+003;8,278312e-003
1,134421e+003;8,327689e-003
1,134903e+003;8,386530e-003
1,135385e+003;8,461090e-003
1,135867e+003;8,548165e-003
1,136349e+003;8,638366e-003
1,136831e+003;8,719629e-003
1,137313e+003;8,782513e-003
1,137796e+003;8,823459e-003
1,138278e+003;8,845574e-003
1,138760e+003;8,856294e-003
1,139242e+003;8,864850e-003
1,139724e+003;8,879527e-003
1,140206e+003;8,905331e-003
1,140688e+003;8,944226e-003
1,141170e+003;8,995708e-003
1,141652e+003;9,058226e-003
1,142135e+003;9,128874e-003
1,142617e+003;9,204813e-003
1,143099e+003;9,282119e-003
1,143581e+003;9,356663e-003
1,144063e+003;9,424549e-003
1,144545e+003;9,483911e-003
1,145027e+003;9,535864e-003
1,145509e+003;9,584774e-003
1,145992e+003;9,637925e-003
1,146474e+003;9,704228e-003
1,146956e+003;9,790401e-003
1,147438e+003;9,900250e-003
1,147920e+003;1,003281e-002
1,148402e+003;1,018251e-002
1,148884e+003;1,033942e-002
1,149366e+003;1,049116e-002
1,149849e+003;1,062539e-002
1,150331e+003;1,073060e-002
1,150813e+003;1,079812e-002
1,151295e+003;1,082479e-002
1,151777e+003;1,081276e-002
1,152259e+003;1,077037e-002
1,152741e+003;1,071056e-002
1,153223e+003;1,064926e-002
1,153705e+003;1,060003e-002
1,154188e+003;1,057165e-002
1,154670e+003;1,056435e-002
1,155152e+003;1,057090e-002
1,155634e+003;1,057772e-002
1,156116e+003;1,056971e-002
1,156598e+003;1,053576e-002
1,157080e+003;1,047133e-002
1,157562e+003;1,038031e-002
1,158044e+003;1,027397e-002
1,158527e+003;1,016837e-002
1,159009e+003;1,007907e-002
1,159491e+003;1,001925e-002
1,159973e+003;9,995955e-003
1,160455e+003;1,000914e-002
1,160937e+003;1,005204e-002
1,161419e+003;1,011261e-002
1,161901e+003;1,017712e-002
1,162384e+003;1,023244e-002
1,162866e+003;1,027020e-002
1,163348e+003;1,028845e-002
1,163830e+003;1,029202e-002
1,164312e+003;1,029002e-002
1,164794e+003;1,029249e-002
1,165276e+003;1,030664e-002
1,165758e+003;1,033375e-002
1,166240e+003;1,036850e-002
1,166723e+003;1,040155e-002
1,167205e+003;1,042419e-002
1,167687e+003;1,043111e-002
1,168169e+003;1,042273e-002
1,168651e+003;1,040430e-002
1,169133e+003;1,038265e-002
1,169615e+003;1,036151e-002
1,170097e+003;1,033932e-002
1,170579e+003;1,030796e-002
1,171062e+003;1,025694e-002
1,171544e+003;1,017681e-002
1,172026e+003;1,006414e-002
1,172508e+003;9,922827e-003
1,172990e+003;9,764883e-003
1,173472e+003;9,606352e-003
1,173954e+003;9,461797e-003
1,174436e+003;9,343188e-003
1,174919e+003;9,256733e-003
1,175401e+003;9,202715e-003
1,175883e+003;9,177333e-003
1,176365e+003;9,174286e-003
1,176847e+003;9,185014e-003
1,177329e+003;9,199669e-003
1,177811e+003;9,208096e-003
1,178293e+003;9,200650e-003
1,178776e+003;9,169482e-003
1,179258e+003;9,111109e-003
1,179740e+003;9,027372e-003
1,180222e+003;8,925015e-003
1,180704e+003;8,814228e-003
1,181186e+003;8,705701e-003
1,181668e+003;8,608285e-003
1,182150e+003;8,526977e-003
1,182632e+003;8,463454e-003
1,183115e+003;8,417136e-003
1,183597e+003;8,386767e-003
1,184079e+003;8,371498e-003
1,184561e+003;8,371127e-003
1,185043e+003;8,385415e-003
1,185525e+003;8,413285e-003
1,186007e+003;8,452136e-003
1,186489e+003;8,497647e-003
1,186971e+003;8,544548e-003
1,187454e+003;8,587028e-003
1,187936e+003;8,620318e-003
1,188418e+003;8,641138e-003
1,188900e+003;8,647965e-003
1,189382e+003;8,641544e-003
1,189864e+003;8,624949e-003
1,190346e+003;8,602371e-003
1,190828e+003;8,579357e-003
1,191311e+003;8,561479e-003
1,191793e+003;8,553166e-003
1,192275e+003;8,557018e-003
1,192757e+003;8,572969e-003
1,193239e+003;8,599566e-003
1,193721e+003;8,633432e-003
1,194203e+003;8,671187e-003
1,194685e+003;8,709250e-003
1,195167e+003;8,743970e-003
1,195650e+003;8,771422e-003
1,196132e+003;8,787922e-003
1,196614e+003;8,790356e-003
1,197096e+003;8,777812e-003
1,197578e+003;8,752557e-003
1,198060e+003;8,720406e-003
1,198542e+003;8,689204e-003
1,199024e+003;8,667300e-003
1,199506e+003;8,660404e-003
1,199989e+003;8,669396e-003
1,200471e+003;8,690015e-003
1,200953e+003;8,716045e-003
1,201435e+003;8,740555e-003
1,201917e+003;8,759454e-003
1,202399e+003;8,773113e-003
1,202881e+003;8,784406e-003
1,203363e+003;8,797896e-003
1,203846e+003;8,815378e-003
1,204328e+003;8,836004e-003
1,204810e+003;8,856327e-003
1,205292e+003;8,872121e-003
1,205774e+003;8,880575e-003
1,206256e+003;8,883957e-003
1,206738e+003;8,886629e-003
1,207220e+003;8,895117e-003
1,207703e+003;8,913651e-003
1,208185e+003;8,942840e-003
1,208667e+003;8,978897e-003
1,209149e+003;9,015634e-003
1,209631e+003;9,045607e-003
1,210113e+003;9,063166e-003
1,210595e+003;9,066042e-003
1,211077e+003;9,054098e-003
1,211559e+003;9,029063e-003
1,212042e+003;8,993341e-003
1,212524e+003;8,949570e-003
1,213006e+003;8,900968e-003
1,213488e+003;8,851728e-003
1,213970e+003;8,807026e-003
1,214452e+003;8,771895e-003
1,214934e+003;8,749818e-003
1,215416e+003;8,742583e-003
1,215898e+003;8,750021e-003
1,216381e+003;8,770848e-003
1,216863e+003;8,804963e-003
1,217345e+003;8,853926e-003
1,217827e+003;8,919603e-003
1,218309e+003;9,001967e-003
1,218791e+003;9,097068e-003
1,219273e+003;9,194558e-003
1,219755e+003;9,280426e-003
1,220238e+003;9,339194e-003
1,220720e+003;9,359981e-003
1,221202e+003;9,340548e-003
1,221684e+003;9,287975e-003
1,222166e+003;9,216218e-003
1,222648e+003;9,141292e-003
1,223130e+003;9,076158e-003
1,223612e+003;9,026391e-003
1,224094e+003;8,990601e-003
1,224577e+003;8,963404e-003
1,225059e+003;8,939288e-003
1,225541e+003;8,916695e-003
1,226023e+003;8,898195e-003
1,226505e+003;8,887880e-003
1,226987e+003;8,889672e-003
1,227469e+003;8,903910e-003
1,227951e+003;8,926402e-003
1,228434e+003;8,950889e-003
1,228916e+003;8,972470e-003
1,229398e+003;8,988976e-003
1,229880e+003;9,003421e-003
1,230362e+003;9,021114e-003
1,230844e+003;9,047535e-003
1,231326e+003;9,085936e-003
1,231808e+003;9,135135e-003
1,232291e+003;9,189888e-003
1,232773e+003;9,242517e-003
1,233255e+003;9,286249e-003
1,233737e+003;9,315056e-003
1,234219e+003;9,325787e-003
1,234701e+003;9,319254e-003
1,235183e+003;9,297657e-003
1,235665e+003;9,266379e-003
1,236147e+003;9,231212e-003
1,236630e+003;9,198416e-003
1,237112e+003;9,173035e-003
1,237594e+003;9,156046e-003
1,238076e+003;9,144575e-003
1,238558e+003;9,133036e-003
1,239040e+003;9,115812e-003
1,239522e+003;9,091281e-003
1,240004e+003;9,064417e-003
1,240486e+003;9,047299e-003
1,240969e+003;9,054268e-003
1,241451e+003;9,096628e-003
1,241933e+003;9,176622e-003
1,242415e+003;9,284286e-003
1,242897e+003;9,400000e-003
1,243379e+003;9,499591e-003
1,243861e+003;9,564789e-003
1,244343e+003;9,588704e-003
1,244826e+003;9,578474e-003
1,245308e+003;9,550496e-003
1,245790e+003;9,524551e-003
1,246272e+003;9,513883e-003
1,246754e+003;9,520352e-003
1,247236e+003;9,535593e-003
1,247718e+003;9,545855e-003
1,248200e+003;9,539691e-003
1,248682e+003;9,513003e-003
1,249165e+003;9,471483e-003
1,249647e+003;9,427020e-003
1,250129e+003;9,393364e-003
1,250611e+003;9,379109e-003
1,251093e+003;9,386525e-003
1,251575e+003;9,412359e-003
1,252057e+003;9,451468e-003
1,252539e+003;9,500099e-003
1,253021e+003;9,557981e-003
1,253504e+003;9,627287e-003
1,253986e+003;9,709954e-003
1,254468e+003;9,804059e-003
1,254950e+003;9,902149e-003
1,255432e+003;9,992938e-003
1,255914e+003;1,006425e-002
1,256396e+003;1,010752e-002
1,256878e+003;1,011949e-002
1,257361e+003;1,010375e-002
1,257843e+003;1,006886e-002
1,258325e+003;1,002556e-002
1,258807e+003;9,984224e-003
1,259289e+003;9,954084e-003
1,259771e+003;9,942049e-003
1,260253e+003;9,951880e-003
1,260735e+003;9,983885e-003
1,261218e+003;1,003454e-002
1,261700e+003;1,009680e-002
1,262182e+003;1,016046e-002
1,262664e+003;1,021657e-002
1,263146e+003;1,025860e-002
1,263628e+003;1,028510e-002
1,264110e+003;1,029890e-002
1,264592e+003;1,030596e-002
1,265074e+003;1,031153e-002
1,265557e+003;1,031845e-002
1,266039e+003;1,032676e-002
1,266521e+003;1,033528e-002
1,267003e+003;1,034430e-002
1,267485e+003;1,035757e-002
1,267967e+003;1,038218e-002
1,268449e+003;1,042534e-002
1,268931e+003;1,049153e-002
1,269413e+003;1,057891e-002
1,269896e+003;1,067830e-002
1,270378e+003;1,077536e-002
1,270860e+003;1,085635e-002
1,271342e+003;1,091125e-002
1,271824e+003;1,093751e-002
1,272306e+003;1,094054e-002
1,272788e+003;1,093004e-002
1,273270e+003;1,091604e-002
1,273753e+003;1,090547e-002
1,274235e+003;1,090112e-002
1,274717e+003;1,090252e-002
1,275199e+003;1,090755e-002
1,275681e+003;1,091488e-002
1,276163e+003;1,092419e-002
1,276645e+003;1,093609e-002
1,277127e+003;1,095029e-002
1,277609e+003;1,096599e-002
1,278092e+003;1,098132e-002
1,278574e+003;1,099528e-002
1,279056e+003;1,100857e-002
1,279538e+003;1,102383e-002
1,280020e+003;1,104470e-002
1,280502e+003;1,107396e-002
1,280984e+003;1,111220e-002
1,281466e+003;1,115758e-002
1,281948e+003;1,120637e-002
1,282431e+003;1,125574e-002
1,282913e+003;1,130464e-002
1,283395e+003;1,135420e-002
1,283877e+003;1,140668e-002
1,284359e+003;1,146250e-002
1,284841e+003;1,151942e-002
1,285323e+003;1,157230e-002
1,285805e+003;1,161443e-002
1,286288e+003;1,164108e-002
1,286770e+003;1,165187e-002
1,287252e+003;1,165142e-002
1,287734e+003;1,164921e-002
1,288216e+003;1,165479e-002
1,288698e+003;1,167596e-002
1,289180e+003;1,171640e-002
1,289662e+003;1,177492e-002
1,290145e+003;1,184795e-002
1,290627e+003;1,193091e-002
1,291109e+003;1,202018e-002
1,291591e+003;1,211308e-002
1,292073e+003;1,220744e-002
1,292555e+003;1,230137e-002
1,293037e+003;1,239266e-002
1,293519e+003;1,248110e-002
1,294001e+003;1,256817e-002
1,294484e+003;1,265843e-002
1,294966e+003;1,275720e-002
1,295448e+003;1,286862e-002
1,295930e+003;1,299287e-002
1,296412e+003;1,312491e-002
1,296894e+003;1,325525e-002
1,297376e+003;1,337401e-002
1,297858e+003;1,347489e-002
1,298340e+003;1,355806e-002
1,298823e+003;1,363043e-002
1,299305e+003;1,370193e-002
1,299787e+003;1,378131e-002
1,300269e+003;1,387052e-002
1,300751e+003;1,396364e-002
1,301233e+003;1,404745e-002
1,301715e+003;1,410752e-002
1,302197e+003;1,413271e-002
1,302680e+003;1,411949e-002
1,303162e+003;1,407329e-002
1,303644e+003;1,400655e-002
1,304126e+003;1,393388e-002
1,304608e+003;1,386689e-002
1,305090e+003;1,381277e-002
1,305572e+003;1,377211e-002
1,306054e+003;1,374133e-002
1,306536e+003;1,371383e-002
1,307019e+003;1,368367e-002
1,307501e+003;1,364596e-002
1,307983e+003;1,359836e-002
1,308465e+003;1,354107e-002
1,308947e+003;1,347653e-002
1,309429e+003;1,340897e-002
1,309911e+003;1,334292e-002
1,310393e+003;1,328265e-002
1,310875e+003;1,323083e-002
1,311358e+003;1,318728e-002
1,311840e+003;1,314889e-002
1,312322e+003;1,311084e-002
1,312804e+003;1,306860e-002
1,313286e+003;1,301937e-002
1,313768e+003;1,296314e-002
1,314250e+003;1,290231e-002
1,314732e+003;1,283992e-002
1,315215e+003;1,277730e-002
1,315697e+003;1,271366e-002
1,316179e+003;1,264618e-002
1,316661e+003;1,257288e-002
1,317143e+003;1,249433e-002
1,317625e+003;1,241591e-002
1,318107e+003;1,234691e-002
1,318589e+003;1,229796e-002
1,319072e+003;1,227730e-002
1,319554e+003;1,228637e-002
1,320036e+003;1,231916e-002
1,320518e+003;1,236358e-002
1,321000e+003;1,240507e-002
1,321482e+003;1,243078e-002
1,321964e+003;1,243395e-002
1,322446e+003;1,241414e-002
1,322928e+003;1,237749e-002
1,323411e+003;1,233300e-002
1,323893e+003;1,229162e-002
1,324375e+003;1,226227e-002
1,324857e+003;1,225058e-002
1,325339e+003;1,225835e-002
1,325821e+003;1,228470e-002
1,326303e+003;1,232645e-002
1,326785e+003;1,237923e-002
1,327267e+003;1,243896e-002
1,327750e+003;1,250119e-002
1,328232e+003;1,256230e-002
1,328714e+003;1,261954e-002
1,329196e+003;1,267214e-002
1,329678e+003;1,272195e-002
1,330160e+003;1,277313e-002
1,330642e+003;1,283251e-002
1,331124e+003;1,290729e-002
1,331607e+003;1,300312e-002
1,332089e+003;1,312290e-002
1,332571e+003;1,326509e-002
1,333053e+003;1,342377e-002
1,333535e+003;1,359050e-002
1,334017e+003;1,375733e-002
1,334499e+003;1,391875e-002
1,334981e+003;1,407438e-002
1,335464e+003;1,422866e-002
1,335946e+003;1,438999e-002
1,336428e+003;1,456765e-002
1,336910e+003;1,476735e-002
1,337392e+003;1,498776e-002
1,337874e+003;1,521940e-002
1,338356e+003;1,544453e-002
1,338838e+003;1,564169e-002
1,339320e+003;1,579330e-002
1,339802e+003;1,589182e-002
1,340285e+003;1,594296e-002
1,340767e+003;1,596177e-002
1,341249e+003;1,596641e-002
1,341731e+003;1,597187e-002
1,342213e+003;1,598555e-002
1,342695e+003;1,601044e-002
1,343177e+003;1,604599e-002
1,343659e+003;1,609186e-002
1,344142e+003;1,614922e-002
1,344624e+003;1,622037e-002
1,345106e+003;1,630675e-002
1,345588e+003;1,640725e-002
1,346070e+003;1,651786e-002
1,346552e+003;1,663193e-002
1,347034e+003;1,674311e-002
1,347516e+003;1,684847e-002
1,347999e+003;1,695006e-002
1,348481e+003;1,705439e-002
1,348963e+003;1,716958e-002
1,349445e+003;1,730131e-002
1,349927e+003;1,745005e-002
1,350409e+003;1,760988e-002
1,350891e+003;1,776953e-002
1,351373e+003;1,791809e-002
1,351855e+003;1,804666e-002
1,352338e+003;1,815202e-002
1,352820e+003;1,823615e-002
1,353302e+003;1,830437e-002
1,353784e+003;1,836378e-002
1,354266e+003;1,842058e-002
1,354748e+003;1,848046e-002
1,355230e+003;1,855013e-002
1,355712e+003;1,863693e-002
1,356194e+003;1,875063e-002
1,356677e+003;1,890063e-002
1,357159e+003;1,909348e-002
1,357641e+003;1,933144e-002
1,358123e+003;1,961179e-002
1,358605e+003;1,992964e-002
1,359087e+003;2,028261e-002
1,359569e+003;2,067743e-002
1,360051e+003;2,113463e-002
1,360534e+003;2,169032e-002
1,361016e+003;2,238704e-002
1,361498e+003;2,326425e-002
1,361980e+003;2,433404e-002
1,362462e+003;2,556469e-002
1,362944e+003;2,687835e-002
1,363426e+003;2,817556e-002
1,363908e+003;2,936905e-002
1,364391e+003;3,040297e-002
1,364873e+003;3,126018e-002
1,365355e+003;3,194762e-002
1,365837e+003;3,248432e-002
1,366319e+003;3,289665e-002
1,366801e+003;3,322013e-002
1,367283e+003;3,350508e-002
1,367765e+003;3,381271e-002
1,368247e+003;3,421512e-002
1,368729e+003;3,477667e-002
1,369212e+003;3,553712e-002
1,369694e+003;3,651182e-002
1,370176e+003;3,769450e-002
1,370658e+003;3,907453e-002
1,371140e+003;4,065177e-002
1,371622e+003;4,244651e-002
1,372104e+003;4,449391e-002
1,372586e+003;4,682129e-002
1,373069e+003;4,941650e-002
1,373551e+003;5,218665e-002
1,374033e+003;5,494922e-002
1,374515e+003;5,747949e-002
1,374997e+003;5,956823e-002
1,375479e+003;6,109004e-002
1,375961e+003;6,200568e-002
1,376443e+003;6,231854e-002
1,376926e+003;6,203664e-002
1,377408e+003;6,115633e-002
1,377890e+003;5,967679e-002
1,378372e+003;5,763258e-002
1,378854e+003;5,512065e-002
1,379336e+003;5,229898e-002
1,379818e+003;4,933750e-002
1,380300e+003;4,639184e-002
1,380782e+003;4,356551e-002
1,381265e+003;4,090545e-002
1,381747e+003;3,842749e-002
1,382229e+003;3,613075e-002
1,382711e+003;3,401121e-002
1,383193e+003;3,206172e-002
1,383675e+003;3,026490e-002
1,384157e+003;2,858789e-002
1,384639e+003;2,698326e-002
1,385121e+003;2,540042e-002
1,385604e+003;2,379950e-002
1,386086e+003;2,216961e-002
1,386568e+003;2,053978e-002
1,387050e+003;1,897058e-002
1,387532e+003;1,752804e-002
1,388014e+003;1,625559e-002
1,388496e+003;1,515866e-002
1,388978e+003;1,421767e-002
1,389461e+003;1,340521e-002
1,389943e+003;1,269909e-002
1,390425e+003;1,208583e-002
1,390907e+003;1,155685e-002
1,391389e+003;1,110272e-002
1,391871e+003;1,071012e-002
1,392353e+003;1,036304e-002
1,392835e+003;1,004678e-002
1,393318e+003;9,754073e-003
1,393800e+003;9,486045e-003
1,394282e+003;9,250470e-003
1,394764e+003;9,054640e-003
1,395246e+003;8,897078e-003
1,395728e+003;8,767704e-003
1,396210e+003;8,654151e-003
1,396692e+003;8,549111e-003
1,397174e+003;8,454737e-003
1,397656e+003;8,380011e-003
1,398139e+003;8,334512e-003
1,398621e+003;8,320901e-003
1,399103e+003;8,330155e-003
1,399585e+003;8,345861e-003
1,400067e+003;8,354272e-003
1,400549e+003;8,351671e-003
1,401031e+003;8,346131e-003
1,401513e+003;8,351197e-003
1,401996e+003;8,379673e-003
1,402478e+003;8,436088e-003
1,402960e+003;8,514474e-003
1,403442e+003;8,599025e-003
1,403924e+003;8,671288e-003
1,404406e+003;8,718208e-003
1,404888e+003;8,739777e-003
1,405370e+003;8,748230e-003
1,405853e+003;8,760773e-003
1,406335e+003;8,789173e-003
1,406817e+003;8,834077e-003
1,407299e+003;8,887373e-003
1,407781e+003;8,937732e-003
1,408263e+003;8,976224e-003
1,408745e+003;8,999700e-003
1,409227e+003;9,010457e-003
1,409709e+003;9,013536e-003
1,410192e+003;9,014077e-003
1,410674e+003;9,015228e-003
1,411156e+003;9,020065e-003
1,411638e+003;9,034003e-003
1,412120e+003;9,065466e-003
1,412602e+003;9,124814e-003
1,413084e+003;9,219366e-003
1,413566e+003;9,348503e-003
1,414048e+003;9,501725e-003
1,414531e+003;9,661606e-003
1,415013e+003;9,809921e-003
1,415495e+003;9,934116e-003
1,415977e+003;1,003335e-002
1,416459e+003;1,011936e-002
1,416941e+003;1,021334e-002
1,417423e+003;1,033742e-002
1,417905e+003;1,050660e-002
1,418388e+003;1,072003e-002
1,418870e+003;1,096055e-002
1,419352e+003;1,120460e-002
1,419834e+003;1,143743e-002
1,420316e+003;1,165663e-002
1,420798e+003;1,186794e-002
1,421280e+003;1,207547e-002
1,421762e+003;1,228034e-002
1,422245e+003;1,248196e-002
1,422727e+003;1,268330e-002
1,423209e+003;1,289606e-002
1,423691e+003;1,314018e-002
1,424173e+003;1,343498e-002
1,424655e+003;1,379082e-002
1,425137e+003;1,420056e-002
1,425619e+003;1,464632e-002
1,426101e+003;1,510933e-002
1,426584e+003;1,558189e-002
1,427066e+003;1,607374e-002
1,427548e+003;1,661031e-002
1,428030e+003;1,722590e-002
1,428512e+003;1,795186e-002
1,428994e+003;1,880326e-002
1,429476e+003;1,977127e-002
1,429958e+003;2,082824e-002
1,430441e+003;2,194048e-002
1,430923e+003;2,308160e-002
1,431405e+003;2,423558e-002
1,431887e+003;2,539375e-002
1,432369e+003;2,655020e-002
1,432851e+003;2,769836e-002
1,433333e+003;2,883699e-002
1,433815e+003;2,997901e-002
1,434297e+003;3,115590e-002
1,434780e+003;3,242284e-002
1,435262e+003;3,384641e-002
1,435744e+003;3,547323e-002
1,436226e+003;3,727661e-002
1,436708e+003;3,914045e-002
1,437190e+003;4,091011e-002
1,437672e+003;4,248045e-002
1,438154e+003;4,384256e-002
1,438636e+003;4,506065e-002
1,439119e+003;4,622258e-002
1,439601e+003;4,741348e-002
1,440083e+003;4,869387e-002
1,440565e+003;5,009359e-002
1,441047e+003;5,160945e-002
1,441529e+003;5,321314e-002
1,442011e+003;5,486260e-002
1,442493e+003;5,651226e-002
1,442976e+003;5,812969e-002
1,443458e+003;5,969485e-002
1,443940e+003;6,119997e-002
1,444422e+003;6,264809e-002
1,444904e+003;6,405028e-002
1,445386e+003;6,542727e-002
1,445868e+003;6,680614e-002
1,446350e+003;6,821777e-002
1,446833e+003;6,968434e-002
1,447315e+003;7,120784e-002
1,447797e+003;7,276796e-002
1,448279e+003;7,433033e-002
1,448761e+003;7,587107e-002
1,449243e+003;7,739697e-002
1,449725e+003;7,894289e-002
1,450207e+003;8,056090e-002
1,450689e+003;8,229651e-002
1,451172e+003;8,416628e-002
1,451654e+003;8,614223e-002
1,452136e+003;8,815566e-002
1,452618e+003;9,012586e-002
1,453100e+003;9,197636e-002
1,453582e+003;9,366924e-002
1,454064e+003;9,520390e-002
1,454546e+003;9,659912e-002
1,455028e+003;9,787180e-002
1,455511e+003;9,901202e-002
1,455993e+003;9,997168e-002
1,456475e+003;1,006755e-001
1,456957e+003;1,010889e-001
1,457439e+003;1,012659e-001
1,457921e+003;1,013091e-001
1,458403e+003;1,012989e-001
1,458885e+003;1,012517e-001
1,459368e+003;1,011481e-001
1,459850e+003;1,009663e-001
1,460332e+003;1,007034e-001
1,460814e+003;1,003715e-001
1,461296e+003;9,998774e-002
1,461778e+003;9,955507e-002
1,462260e+003;9,905173e-002
1,462742e+003;9,842131e-002
1,463224e+003;9,758228e-002
1,463707e+003;9,644456e-002
1,464189e+003;9,494873e-002
1,464671e+003;9,309836e-002
1,465153e+003;9,094688e-002
1,465635e+003;8,855449e-002
1,466117e+003;8,594858e-002
1,466599e+003;8,311135e-002
1,467081e+003;8,002112e-002
1,467563e+003;7,668409e-002
1,468046e+003;7,315552e-002
1,468528e+003;6,951091e-002
1,469010e+003;6,583359e-002
1,469492e+003;6,217621e-002
1,469974e+003;5,851752e-002
1,470456e+003;5,478207e-002
1,470938e+003;5,086438e-002
1,471420e+003;4,671243e-002
1,471903e+003;4,242290e-002
1,472385e+003;3,828142e-002
1,472867e+003;3,463911e-002
1,473349e+003;3,169908e-002
1,473831e+003;2,943436e-002
1,474313e+003;2,766237e-002
1,474795e+003;2,617150e-002
1,475277e+003;2,482159e-002
1,475760e+003;2,355180e-002
1,476242e+003;2,236726e-002
1,476724e+003;2,129896e-002
1,477206e+003;2,036772e-002
1,477688e+003;1,956565e-002
1,478170e+003;1,886052e-002
1,478652e+003;1,821310e-002
1,479134e+003;1,759349e-002
1,479616e+003;1,698733e-002
1,480099e+003;1,639510e-002
1,480581e+003;1,582364e-002
1,481063e+003;1,527853e-002
1,481545e+003;1,475895e-002
1,482027e+003;1,425897e-002
1,482509e+003;1,377392e-002
1,482991e+003;1,330571e-002
1,483473e+003;1,286265e-002
1,483955e+003;1,245758e-002
1,484438e+003;1,210088e-002
1,484920e+003;1,179603e-002
1,485402e+003;1,153892e-002
1,485884e+003;1,132025e-002
1,486366e+003;1,113005e-002
1,486848e+003;1,096086e-002
1,487330e+003;1,080919e-002
1,487812e+003;1,066906e-002
1,488295e+003;1,052568e-002
1,488777e+003;1,035577e-002
1,489259e+003;1,013401e-002
1,489741e+003;9,852287e-003
1,490223e+003;9,532443e-003
1,490705e+003;9,219704e-003
1,491187e+003;8,958127e-003
1,491669e+003;8,770172e-003
1,492151e+003;8,654658e-003
1,492634e+003;8,592739e-003
1,493116e+003;8,559553e-003
1,493598e+003;8,530829e-003
1,494080e+003;8,489436e-003
1,494562e+003;8,426257e-003
1,495044e+003;8,339578e-003
1,495526e+003;8,233027e-003
1,496008e+003;8,111006e-003
1,496490e+003;7,974574e-003
1,496973e+003;7,823342e-003
1,497455e+003;7,658605e-003
1,497937e+003;7,488807e-003
1,498419e+003;7,328443e-003
1,498901e+003;7,192122e-003
1,499383e+003;7,086929e-003
1,499865e+003;7,009407e-003
1,500347e+003;6,946477e-003
1,500830e+003;6,882915e-003
1,501312e+003;6,807853e-003
1,501794e+003;6,719847e-003
1,502276e+003;6,626039e-003
1,502758e+003;6,539349e-003
1,503240e+003;6,473056e-003
1,503722e+003;6,434785e-003
1,504204e+003;6,424023e-003
1,504687e+003;6,428564e-003
1,505169e+003;6,424494e-003
1,505651e+003;6,375165e-003
1,506133e+003;6,247682e-003
1,506615e+003;6,040063e-003
1,507097e+003;5,799198e-003
1,507579e+003;5,583772e-003
1,508061e+003;5,418473e-003
1,508543e+003;5,293350e-003
1,509026e+003;5,191633e-003
1,509508e+003;5,104190e-003
1,509990e+003;5,031244e-003
1,510472e+003;4,977012e-003
1,510954e+003;4,945038e-003
1,511436e+003;4,932940e-003
1,511918e+003;4,931298e-003
1,512400e+003;4,927478e-003
1,512882e+003;4,910789e-003
1,513365e+003;4,875772e-003
1,513847e+003;4,823167e-003
1,514329e+003;4,756801e-003
1,514811e+003;4,681367e-003
1,515293e+003;4,599685e-003
1,515775e+003;4,512662e-003
1,516257e+003;4,422074e-003
1,516739e+003;4,333647e-003
1,517222e+003;4,257016e-003
1,517704e+003;4,201877e-003
1,518186e+003;4,171867e-003
1,518668e+003;4,163069e-003
1,519150e+003;4,162936e-003
1,519632e+003;4,153201e-003
1,520114e+003;4,112959e-003
1,520596e+003;4,028609e-003
1,521078e+003;3,907429e-003
1,521561e+003;3,782338e-003
1,522043e+003;3,694710e-003
1,522525e+003;3,665671e-003
1,523007e+003;3,689931e-003
1,523489e+003;3,745975e-003
1,523971e+003;3,809947e-003
1,524453e+003;3,860591e-003
1,524935e+003;3,883858e-003
1,525417e+003;3,872893e-003
1,525900e+003;3,828767e-003
1,526382e+003;3,758942e-003
1,526864e+003;3,673824e-003
1,527346e+003;3,583445e-003
1,527828e+003;3,494253e-003
1,528310e+003;3,411124e-003
1,528792e+003;3,337260e-003
1,529274e+003;3,274526e-003
1,529757e+003;3,223049e-003
1,530239e+003;3,180291e-003
1,530721e+003;3,141007e-003
1,531203e+003;3,098990e-003
1,531685e+003;3,049370e-003
1,532167e+003;2,992416e-003
1,532649e+003;2,936703e-003
1,533131e+003;2,897208e-003
1,533614e+003;2,888468e-003
1,534096e+003;2,912652e-003
1,534578e+003;2,960155e-003
1,535060e+003;3,016638e-003
1,535542e+003;3,072928e-003
1,536024e+003;3,127490e-003
1,536506e+003;3,184997e-003
1,536988e+003;3,253661e-003
1,537470e+003;3,342169e-003
1,537953e+003;3,454273e-003
1,538435e+003;3,581040e-003
1,538917e+003;3,691802e-003
1,539399e+003;3,736316e-003
1,539881e+003;3,672421e-003
1,540363e+003;3,502470e-003
1,540845e+003;3,278298e-003
1,541327e+003;3,061182e-003
1,541809e+003;2,890603e-003
1,542292e+003;2,777977e-003
1,542774e+003;2,717857e-003
1,543256e+003;2,699686e-003
1,543738e+003;2,712956e-003
1,544220e+003;2,746999e-003
1,544702e+003;2,789982e-003
1,545184e+003;2,829067e-003
1,545666e+003;2,853514e-003
1,546149e+003;2,856482e-003
1,546631e+003;2,837405e-003
1,547113e+003;2,799986e-003
1,547595e+003;2,751867e-003
1,548077e+003;2,702387e-003
1,548559e+003;2,662913e-003
1,549041e+003;2,642077e-003
1,549523e+003;2,643444e-003
1,550005e+003;2,663580e-003
1,550488e+003;2,694352e-003
1,550970e+003;2,728693e-003
1,551452e+003;2,763738e-003
1,551934e+003;2,800887e-003
1,552416e+003;2,842074e-003
1,552898e+003;2,886400e-003
1,553380e+003;2,927829e-003
1,553862e+003;2,955217e-003
1,554344e+003;2,957853e-003
1,554827e+003;2,931766e-003
1,555309e+003;2,882531e-003
1,555791e+003;2,823064e-003
1,556273e+003;2,768573e-003
1,556755e+003;2,735162e-003
1,557237e+003;2,736229e-003
1,557719e+003;2,778810e-003
1,558201e+003;2,851579e-003
1,558684e+003;2,917088e-003
1,559166e+003;2,933901e-003
1,559648e+003;2,899876e-003
1,560130e+003;2,844675e-003
1,560612e+003;2,792783e-003
1,561094e+003;2,752101e-003
1,561576e+003;2,720824e-003
1,562058e+003;2,694718e-003
1,562541e+003;2,670114e-003
1,563023e+003;2,644777e-003
1,563505e+003;2,618376e-003
1,563987e+003;2,592376e-003
1,564469e+003;2,568577e-003
1,564951e+003;2,549979e-003
1,565433e+003;2,538880e-003
1,565915e+003;2,538447e-003
1,566397e+003;2,552712e-003
1,566880e+003;2,586343e-003
1,567362e+003;2,644111e-003
1,567844e+003;2,727526e-003
1,568326e+003;2,831568e-003
1,568808e+003;2,939805e-003
1,569290e+003;3,028683e-003
1,569772e+003;3,078301e-003
1,570254e+003;3,084941e-003
1,570736e+003;3,061449e-003
1,571219e+003;3,027915e-003
1,571701e+003;3,000990e-003
1,572183e+003;2,988479e-003
1,572665e+003;2,992482e-003
1,573147e+003;3,009564e-003
1,573629e+003;3,034722e-003
1,574111e+003;3,062417e-003
1,574593e+003;3,088445e-003
1,575076e+003;3,109936e-003
1,575558e+003;3,125655e-003
1,576040e+003;3,134766e-003
1,576522e+003;3,136334e-003
1,577004e+003;3,129560e-003
1,577486e+003;3,114842e-003
1,577968e+003;3,093651e-003
1,578450e+003;3,068090e-003
1,578932e+003;3,040428e-003
1,579415e+003;3,012300e-003
1,579897e+003;2,984775e-003
1,580379e+003;2,958954e-003
1,580861e+003;2,935969e-003
1,581343e+003;2,918189e-003
1,581825e+003;2,908282e-003
1,582307e+003;2,909716e-003
1,582789e+003;2,925427e-003
1,583271e+003;2,956351e-003
1,583754e+003;3,001524e-003
1,584236e+003;3,057011e-003
1,584718e+003;3,117011e-003
1,585200e+003;3,174750e-003
1,585682e+003;3,224117e-003
1,586164e+003;3,260571e-003
1,586646e+003;3,281203e-003
1,587128e+003;3,285242e-003
1,587611e+003;3,273557e-003
1,588093e+003;3,250155e-003
1,588575e+003;3,221013e-003
1,589057e+003;3,194409e-003
1,589539e+003;3,178321e-003
1,590021e+003;3,177687e-003
1,590503e+003;3,193709e-003
1,590985e+003;3,222916e-003
1,591468e+003;3,258601e-003
1,591950e+003;3,294357e-003
1,592432e+003;3,326509e-003
1,592914e+003;3,355191e-003
1,593396e+003;3,384042e-003
1,593878e+003;3,416935e-003
1,594360e+003;3,455142e-003
1,594842e+003;3,495356e-003
1,595324e+003;3,529794e-003
1,595807e+003;3,549737e-003
1,596289e+003;3,550171e-003
1,596771e+003;3,532867e-003
1,597253e+003;3,506278e-003
1,597735e+003;3,481360e-003
1,598217e+003;3,469069e-003
1,598699e+003;3,475549e-003
1,599181e+003;3,500867e-003
1,599663e+003;3,540283e-003
1,600146e+003;3,586519e-003
1,600628e+003;3,634162e-003
1,601110e+003;3,680274e-003
1,601592e+003;3,725755e-003
1,602074e+003;3,771676e-003
1,602556e+003;3,817602e-003
1,603038e+003;3,860089e-003
1,603520e+003;3,893420e-003
1,604003e+003;3,912176e-003
1,604485e+003;3,914684e-003
1,604967e+003;3,904052e-003
1,605449e+003;3,886867e-003
1,605931e+003;3,870553e-003
1,606413e+003;3,860825e-003
1,606895e+003;3,859354e-003
1,607377e+003;3,863265e-003
1,607859e+003;3,866541e-003
1,608342e+003;3,862128e-003
1,608824e+003;3,845213e-003
1,609306e+003;3,812855e-003
1,609788e+003;3,764490e-003
1,610270e+003;3,700658e-003
1,610752e+003;3,623136e-003
1,611234e+003;3,534337e-003
1,611716e+003;3,439110e-003
1,612198e+003;3,343537e-003
1,612681e+003;3,254161e-003
1,613163e+003;3,177053e-003
1,613645e+003;3,116444e-003
1,614127e+003;3,073629e-003
1,614609e+003;3,046667e-003
1,615091e+003;3,030217e-003
1,615573e+003;3,015737e-003
1,616055e+003;2,993483e-003
1,616538e+003;2,958853e-003
1,617020e+003;2,914886e-003
1,617502e+003;2,870857e-003
1,617984e+003;2,835737e-003
1,618466e+003;2,814693e-003
1,618948e+003;2,808090e-003
1,619430e+003;2,812792e-003
1,619912e+003;2,824164e-003
1,620395e+003;2,836538e-003
1,620877e+003;2,843575e-003
1,621359e+003;2,838839e-003
1,621841e+003;2,817294e-003
1,622323e+003;2,777743e-003
1,622805e+003;2,725459e-003
1,623287e+003;2,670647e-003
1,623769e+003;2,624076e-003
1,624251e+003;2,591309e-003
1,624734e+003;2,570410e-003
1,625216e+003;2,553978e-003
1,625698e+003;2,533048e-003
1,626180e+003;2,500355e-003
1,626662e+003;2,453102e-003
1,627144e+003;2,394926e-003
1,627626e+003;2,335059e-003
1,628108e+003;2,285559e-003
1,628590e+003;2,256082e-003
1,629073e+003;2,249521e-003
1,629555e+003;2,262010e-003
1,630037e+003;2,285859e-003
1,630519e+003;2,313140e-003
1,631001e+003;2,338257e-003
1,631483e+003;2,359245e-003
1,631965e+003;2,376569e-003
1,632447e+003;2,392727e-003
1,632930e+003;2,409986e-003
1,633412e+003;2,430310e-003
1,633894e+003;2,454468e-003
1,634376e+003;2,482126e-003
1,634858e+003;2,512119e-003
1,635340e+003;2,542480e-003
1,635822e+003;2,569877e-003
1,636304e+003;2,591409e-003
1,636786e+003;2,603909e-003
1,637269e+003;2,605776e-003
1,637751e+003;2,596676e-003
1,638233e+003;2,577976e-003
1,638715e+003;2,552112e-003
1,639197e+003;2,522517e-003
1,639679e+003;2,493290e-003
1,640161e+003;2,467497e-003
1,640643e+003;2,447071e-003
1,641125e+003;2,431710e-003
1,641608e+003;2,419848e-003
1,642090e+003;2,409919e-003
1,642572e+003;2,401556e-003
1,643054e+003;2,396159e-003
1,643536e+003;2,396359e-003
1,644018e+003;2,404888e-003
1,644500e+003;2,422747e-003
1,644982e+003;2,447271e-003
1,645465e+003;2,469263e-003
1,645947e+003;2,474162e-003
1,646429e+003;2,447870e-003
1,646911e+003;2,385164e-003
1,647393e+003;2,295952e-003
1,647875e+003;2,198665e-003
1,648357e+003;2,109258e-003
1,648839e+003;2,035215e-003
1,649322e+003;1,978127e-003
1,649804e+003;1,937454e-003
1,650286e+003;1,912727e-003
1,650768e+003;1,905172e-003
1,651250e+003;1,918517e-003
1,651732e+003;1,956259e-003
1,652214e+003;2,016840e-003
1,652696e+003;2,085319e-003
1,653178e+003;2,134763e-003
1,653661e+003;2,150713e-003
1,654143e+003;2,146117e-003
1,654625e+003;2,140723e-003
1,655107e+003;2,146550e-003
1,655589e+003;2,164831e-003
1,656071e+003;2,192071e-003
1,656553e+003;2,222344e-003
1,657035e+003;2,251053e-003
1,657517e+003;2,274734e-003
1,658000e+003;2,292921e-003
1,658482e+003;2,308043e-003
1,658964e+003;2,323433e-003
1,659446e+003;2,341422e-003
1,659928e+003;2,361044e-003
1,660410e+003;2,377568e-003
1,660892e+003;2,383365e-003
1,661374e+003;2,370039e-003
1,661857e+003;2,333060e-003
1,662339e+003;2,275567e-003
1,662821e+003;2,209189e-003
1,663303e+003;2,149281e-003
1,663785e+003;2,106694e-003
1,664267e+003;2,084820e-003
1,664749e+003;2,080292e-003
1,665231e+003;2,086917e-003
1,665714e+003;2,097471e-003
1,666196e+003;2,106794e-003
1,666678e+003;2,110956e-003
1,667160e+003;2,107293e-003
1,667642e+003;2,093942e-003
1,668124e+003;2,070837e-003
1,668606e+003;2,039876e-003
1,669088e+003;2,006221e-003
1,669570e+003;1,978593e-003
1,670052e+003;1,965912e-003
1,670535e+003;1,973634e-003
1,671017e+003;2,002693e-003
1,671499e+003;2,049597e-003
1,671981e+003;2,108958e-003
1,672463e+003;2,173956e-003
1,672945e+003;2,237397e-003
1,673427e+003;2,290789e-003
1,673909e+003;2,323766e-003
1,674392e+003;2,326864e-003
1,674874e+003;2,295952e-003
1,675356e+003;2,238263e-003
1,675838e+003;2,169660e-003
1,676320e+003;2,108758e-003
1,676802e+003;2,067141e-003
1,677284e+003;2,046767e-003
1,677766e+003;2,043804e-003
1,678249e+003;2,049863e-003
1,678731e+003;2,054857e-003
1,679213e+003;2,048498e-003
1,679695e+003;2,023930e-003
1,680177e+003;1,979558e-003
1,680659e+003;1,920048e-003
1,681141e+003;1,853958e-003
1,681623e+003;1,791304e-003
1,682105e+003;1,742797e-003
1,682588e+003;1,719611e-003
1,683070e+003;1,734281e-003
1,683552e+003;1,794398e-003
1,684034e+003;1,891694e-003
1,684516e+003;1,998765e-003
1,684998e+003;2,087916e-003
1,685480e+003;2,147582e-003
1,685962e+003;2,179117e-003
1,686444e+003;2,187276e-003
1,686927e+003;2,176253e-003
1,687409e+003;2,149847e-003
1,687891e+003;2,113453e-003
1,688373e+003;2,075731e-003
1,688855e+003;2,048065e-003
1,689337e+003;2,039510e-003
1,689819e+003;2,055689e-003
1,690301e+003;2,094075e-003
1,690784e+003;2,147283e-003
1,691266e+003;2,205992e-003
1,691748e+003;2,264375e-003
1,692230e+003;2,320868e-003
1,692712e+003;2,378967e-003
1,693194e+003;2,443872e-003
1,693676e+003;2,520150e-003
1,694158e+003;2,605875e-003
1,694641e+003;2,689551e-003
1,695123e+003;2,747166e-003
1,695605e+003;2,752801e-003
1,696087e+003;2,697119e-003
1,696569e+003;2,595709e-003
1,697051e+003;2,476661e-003
1,697533e+003;2,362609e-003
1,698015e+003;2,265708e-003
1,698497e+003;2,188042e-003
1,698979e+003;2,127071e-003
1,699462e+003;2,079027e-003
1,699944e+003;2,041374e-003
1,700426e+003;2,014376e-003
1,700908e+003;1,997300e-003
1,701390e+003;1,988180e-003
1,701872e+003;1,983486e-003
1,702354e+003;1,980191e-003
1,702836e+003;1,976862e-003
1,703319e+003;1,974599e-003
1,703801e+003;1,976596e-003
1,704283e+003;1,987780e-003
1,704765e+003;2,012279e-003
1,705247e+003;2,049530e-003
1,705729e+003;2,092378e-003
1,706211e+003;2,128670e-003
1,706693e+003;2,148282e-003
1,707176e+003;2,147249e-003
1,707658e+003;2,129668e-003
1,708140e+003;2,105229e-003
1,708622e+003;2,086950e-003
1,709104e+003;2,086950e-003
1,709586e+003;2,112621e-003
1,710068e+003;2,164132e-003
1,710550e+003;2,234666e-003
1,711032e+003;2,313173e-003
1,711515e+003;2,387030e-003
1,711997e+003;2,446404e-003
1,712479e+003;2,485825e-003
1,712961e+003;2,504520e-003
1,713443e+003;2,505620e-003
1,713925e+003;2,494156e-003
1,714407e+003;2,475861e-003
1,714889e+003;2,454168e-003
1,715371e+003;2,430177e-003
1,715854e+003;2,401723e-003
1,716336e+003;2,365841e-003
1,716818e+003;2,320368e-003
1,717300e+003;2,267973e-003
1,717782e+003;2,215416e-003
1,718264e+003;2,171258e-003
1,718746e+003;2,140657e-003
1,719229e+003;2,123841e-003
1,719711e+003;2,117282e-003
1,720193e+003;2,116250e-003
1,720675e+003;2,116183e-003
1,721157e+003;2,112221e-003
1,721639e+003;2,100634e-003
1,722121e+003;2,078494e-003
1,722603e+003;2,044370e-003
1,723085e+003;2,000096e-003
1,723568e+003;1,950668e-003
1,724050e+003;1,902942e-003
1,724532e+003;1,864406e-003
1,725014e+003;1,840814e-003
1,725496e+003;1,836056e-003
1,725978e+003;1,850763e-003
1,726460e+003;1,882775e-003
1,726942e+003;1,928202e-003
1,727424e+003;1,980956e-003
1,727907e+003;2,033784e-003
1,728389e+003;2,080225e-003
1,728871e+003;2,114419e-003
1,729353e+003;2,133864e-003
1,729835e+003;2,139391e-003
1,730317e+003;2,135196e-003
1,730799e+003;2,127271e-003
1,731281e+003;2,121344e-003
1,731764e+003;2,121344e-003
1,732246e+003;2,128403e-003
1,732728e+003;2,139791e-003
1,733210e+003;2,148082e-003
1,733692e+003;2,143054e-003
1,734174e+003;2,116783e-003
1,734656e+003;2,070670e-003
1,735138e+003;2,012346e-003
1,735620e+003;1,950601e-003
1,736103e+003;1,890795e-003
1,736585e+003;1,835290e-003
1,737067e+003;1,785814e-003
1,737549e+003;1,744294e-003
1,738031e+003;1,712226e-003
1,738513e+003;1,690471e-003
1,738995e+003;1,677033e-003
1,739477e+003;1,667886e-003
1,739959e+003;1,658373e-003
1,740442e+003;1,646932e-003
1,740924e+003;1,636322e-003
1,741406e+003;1,632963e-003
1,741888e+003;1,642940e-003
1,742370e+003;1,669848e-003
1,742852e+003;1,712159e-003
1,743334e+003;1,762592e-003
1,743816e+003;1,810901e-003
1,744299e+003;1,848833e-003
1,744781e+003;1,873591e-003
1,745263e+003;1,888865e-003
1,745745e+003;1,902210e-003
1,746227e+003;1,922411e-003
1,746709e+003;1,954029e-003
1,747191e+003;1,995536e-003
1,747673e+003;2,038544e-003
1,748156e+003;2,071636e-003
1,748638e+003;2,085985e-003
1,749120e+003;2,079693e-003
1,749602e+003;2,059684e-003
1,750084e+003;2,037512e-003
1,750566e+003;2,023697e-003
1,751048e+003;2,021200e-003
1,751530e+003;2,024496e-003
1,752012e+003;2,023697e-003
1,752495e+003;2,011014e-003
1,752977e+003;1,983619e-003
1,753459e+003;1,943645e-003
1,753941e+003;1,895987e-003
1,754423e+003;1,845938e-003
1,754905e+003;1,797625e-003
1,755387e+003;1,753044e-003
1,755869e+003;1,713157e-003
1,756351e+003;1,678330e-003
1,756834e+003;1,650058e-003
1,757316e+003;1,630468e-003
1,757798e+003;1,621422e-003
1,758280e+003;1,623218e-003
1,758762e+003;1,633495e-003
1,759244e+003;1,647597e-003
1,759726e+003;1,659238e-003
1,760208e+003;1,661633e-003
1,760691e+003;1,650989e-003
1,761173e+003;1,627808e-003
1,761655e+003;1,598408e-003
1,762137e+003;1,571771e-003
1,762619e+003;1,556008e-003
1,763101e+003;1,553847e-003
1,763583e+003;1,563490e-003
1,764065e+003;1,580583e-003
1,764547e+003;1,600869e-003
1,765030e+003;1,621322e-003
1,765512e+003;1,640679e-003
1,765994e+003;1,658506e-003
1,766476e+003;1,674538e-003
1,766958e+003;1,688675e-003
1,767440e+003;1,701082e-003
1,767922e+003;1,712791e-003
1,768404e+003;1,726563e-003
1,768886e+003;1,746157e-003
1,769369e+003;1,775400e-003
1,769851e+003;1,816790e-003
1,770333e+003;1,869265e-003
1,770815e+003;1,926937e-003
1,771297e+003;1,979891e-003
1,771779e+003;2,015542e-003
1,772261e+003;2,026760e-003
1,772743e+003;2,015308e-003
1,773226e+003;1,991175e-003
1,773708e+003;1,964614e-003
1,774190e+003;1,940616e-003
1,774672e+003;1,918351e-003
1,775154e+003;1,893058e-003
1,775636e+003;1,859781e-003
1,776118e+003;1,815692e-003
1,776600e+003;1,762060e-003
1,777083e+003;1,703777e-003
1,777565e+003;1,648162e-003
1,778047e+003;1,600769e-003
1,778529e+003;1,565386e-003
1,779011e+003;1,542708e-003
1,779493e+003;1,530537e-003
1,779975e+003;1,524885e-003
1,780457e+003;1,521726e-003
1,780939e+003;1,518601e-003
1,781422e+003;1,514876e-003
1,781904e+003;1,511352e-003
1,782386e+003;1,508958e-003
1,782868e+003;1,507828e-003
1,783350e+003;1,506930e-003
1,783832e+003;1,504336e-003
1,784314e+003;1,498119e-003
1,784796e+003;1,487114e-003
1,785278e+003;1,472186e-003
1,785761e+003;1,455895e-003
1,786243e+003;1,441467e-003
1,786725e+003;1,432259e-003
1,787207e+003;1,430264e-003
1,787689e+003;1,435649e-003
1,788171e+003;1,447119e-003
1,788653e+003;1,461680e-003
1,789135e+003;1,475943e-003
1,789618e+003;1,486682e-003
1,790100e+003;1,492234e-003
1,790582e+003;1,492899e-003
1,791064e+003;1,490439e-003
1,791546e+003;1,486549e-003
1,792028e+003;1,480431e-003
1,792510e+003;1,468163e-003
1,792992e+003;1,444293e-003
1,793474e+003;1,404601e-003
1,793957e+003;1,349457e-003
1,794439e+003;1,283420e-003
1,794921e+003;1,215831e-003
1,795403e+003;1,157156e-003
1,795885e+003;1,117125e-003
1,796367e+003;1,101944e-003
1,796849e+003;1,112208e-003
1,797331e+003;1,143269e-003
1,797813e+003;1,187223e-003
1,798296e+003;1,236764e-003
1,798778e+003;1,286012e-003
1,799260e+003;1,332074e-003
1,799742e+003;1,373156e-003
1,800224e+003;1,406329e-003
1,800706e+003;1,426408e-003
1,801188e+003;1,426940e-003
1,801670e+003;1,402706e-003
1,802153e+003;1,352980e-003
1,802635e+003;1,283287e-003
1,803117e+003;1,204335e-003
1,803599e+003;1,128054e-003
1,804081e+003;1,064940e-003
1,804563e+003;1,020368e-003
1,805045e+003;9,932675e-004
1,805527e+003;9,775263e-004
1,806010e+003;9,644091e-004
1,806492e+003;9,473739e-004
1,806974e+003;9,236984e-004
1,807456e+003;8,965379e-004
1,807938e+003;8,735623e-004
1,808420e+003;8,649966e-004
1,808902e+003;8,788744e-004
1,809384e+003;9,189501e-004
1,809866e+003;9,822752e-004
1,810349e+003;1,060622e-003
1,810831e+003;1,140479e-003
1,811313e+003;1,206959e-003
1,811795e+003;1,248494e-003
1,812277e+003;1,258264e-003
1,812759e+003;1,235302e-003
1,813241e+003;1,183502e-003
1,813723e+003;1,109983e-003
1,814205e+003;1,023456e-003
1,814688e+003;9,329625e-004
1,815170e+003;8,481645e-004
1,815652e+003;7,776227e-004
1,816134e+003;7,283333e-004
1,816616e+003;7,055326e-004
1,817098e+003;7,110086e-004
1,817580e+003;7,432689e-004
1,818062e+003;7,973401e-004
1,818545e+003;8,647310e-004
1,819027e+003;9,340251e-004
1,819509e+003;9,928026e-004
1,819991e+003;1,030099e-003
1,820473e+003;1,039000e-003
1,820955e+003;1,018441e-003
1,821437e+003;9,739730e-004
1,821919e+003;9,165594e-004
1,822401e+003;8,582570e-004
1,822884e+003;8,101867e-004
1,823366e+003;7,794152e-004
1,823848e+003;7,675652e-004
1,824330e+003;7,713824e-004
1,824812e+003;7,850913e-004
1,825294e+003;8,047094e-004
1,825776e+003;8,286108e-004
1,826258e+003;8,587550e-004
1,826740e+003;8,975339e-004
1,827223e+003;9,457467e-004
1,827705e+003;1,001072e-003
1,828187e+003;1,057866e-003
1,828669e+003;1,107259e-003
1,829151e+003;1,141143e-003
1,829633e+003;1,154332e-003
1,830115e+003;1,147787e-003
1,830597e+003;1,126593e-003
1,831080e+003;1,097360e-003
1,831562e+003;1,064575e-003
1,832044e+003;1,030464e-003
1,832526e+003;9,965221e-004
1,833008e+003;9,652725e-004
1,833490e+003;9,402013e-004
1,833972e+003;9,249933e-004
1,834454e+003;9,203779e-004
1,834937e+003;9,224698e-004
1,835419e+003;9,233995e-004
1,835901e+003;9,141023e-004
1,836383e+003;8,886357e-004
1,836865e+003;8,484964e-004
1,837347e+003;8,029832e-004
1,837829e+003;7,670010e-004
1,838311e+003;7,542552e-004
1,838793e+003;7,712165e-004
1,839276e+003;8,140706e-004
1,839758e+003;8,710059e-004
1,840240e+003;9,273841e-004
1,840722e+003;9,699548e-004
1,841204e+003;9,920056e-004
1,841686e+003;9,941310e-004
1,842168e+003;9,832714e-004
1,842650e+003;9,691246e-004
1,843132e+003;9,603245e-004
1,843615e+003;9,603578e-004
1,844097e+003;9,668000e-004
1,844579e+003;9,735081e-004
1,845061e+003;9,759323e-004
1,845543e+003;9,726779e-004
1,846025e+003;9,648740e-004
1,846507e+003;9,526205e-004
1,846989e+003;9,336598e-004
1,847472e+003;9,037760e-004
1,847954e+003;8,593526e-004
1,848436e+003;8,005600e-004
1,848918e+003;7,341083e-004
1,849400e+003;6,717486e-004
1,849882e+003;6,272162e-004
1,850364e+003;6,102938e-004
1,850846e+003;6,248271e-004
1,851328e+003;6,667377e-004
1,851811e+003;7,269394e-004
1,852293e+003;7,950164e-004
1,852775e+003;8,619422e-004
1,853257e+003;9,225694e-004
1,853739e+003;9,759655e-004
1,854221e+003;1,022360e-003
1,854703e+003;1,061220e-003
1,855185e+003;1,089587e-003
1,855667e+003;1,103439e-003
1,856150e+003;1,100482e-003
1,856632e+003;1,083276e-003
1,857114e+003;1,060556e-003
1,857596e+003;1,043085e-003
1,858078e+003;1,041557e-003
1,858560e+003;1,058629e-003
1,859042e+003;1,088258e-003
1,859524e+003;1,115464e-003
1,860007e+003;1,123437e-003
1,860489e+003;1,099718e-003
1,860971e+003;1,042919e-003
1,861453e+003;9,644423e-004
1,861935e+003;8,854151e-004
1,862417e+003;8,297395e-004
1,862899e+003;8,150997e-004
1,863381e+003;8,499904e-004
1,863864e+003;9,307378e-004
1,864346e+003;1,044115e-003
1,864828e+003;1,170944e-003
1,865310e+003;1,291761e-003
1,865792e+003;1,390640e-003
1,866274e+003;1,455829e-003
1,866756e+003;1,480331e-003
1,867238e+003;1,460749e-003
1,867720e+003;1,399581e-003
1,868203e+003;1,305520e-003
1,868685e+003;1,196992e-003
1,869167e+003;1,097127e-003
1,869649e+003;1,026279e-003
1,870131e+003;9,967546e-004
1,870613e+003;1,010437e-003
1,871095e+003;1,060622e-003
1,871577e+003;1,134466e-003
1,872059e+003;1,217991e-003
1,872542e+003;1,297942e-003
1,873024e+003;1,364082e-003
1,873506e+003;1,411582e-003
1,873988e+003;1,439971e-003
1,874470e+003;1,451308e-003
1,874952e+003;1,448648e-003
1,875434e+003;1,433588e-003
1,875916e+003;1,406396e-003
1,876399e+003;1,367538e-003
1,876881e+003;1,320076e-003
1,877363e+003;1,270858e-003
1,877845e+003;1,230318e-003
1,878327e+003;1,211246e-003
1,878809e+003;1,222975e-003
1,879291e+003;1,268798e-003
1,879773e+003;1,342178e-003
1,880255e+003;1,427804e-003
1,880738e+003;1,505134e-003
1,881220e+003;1,554545e-003
1,881702e+003;1,563091e-003
1,882184e+003;1,528941e-003
1,882666e+003;1,460816e-003
1,883148e+003;1,375615e-003
1,883630e+003;1,294752e-003
1,884112e+003;1,237196e-003
1,884594e+003;1,213904e-003
1,885077e+003;1,225999e-003
1,885559e+003;1,265973e-003
1,886041e+003;1,320907e-003
1,886523e+003;1,375881e-003
1,887005e+003;1,418330e-003
1,887487e+003;1,437910e-003
1,887969e+003;1,428602e-003
1,888451e+003;1,389776e-003
1,888934e+003;1,325427e-003
1,889416e+003;1,245803e-003
1,889898e+003;1,163435e-003
1,890380e+003;1,092278e-003
1,890862e+003;1,043019e-003
1,891344e+003;1,021165e-003
1,891826e+003;1,027010e-003
1,892308e+003;1,055707e-003
1,892791e+003;1,099220e-003
1,893273e+003;1,145960e-003
1,893755e+003;1,183735e-003
1,894237e+003;1,200214e-003
1,894719e+003;1,185861e-003
1,895201e+003;1,136393e-003
1,895683e+003;1,053980e-003
1,896165e+003;9,468758e-004
1,896647e+003;8,266522e-004
1,897130e+003;7,075903e-004
1,897612e+003;6,033590e-004
1,898094e+003;5,252933e-004
1,898576e+003;4,814393e-004
1,899058e+003;4,751037e-004
1,899540e+003;5,041950e-004
1,900022e+003;5,628812e-004
1,900504e+003;6,449357e-004
1,900986e+003;7,448953e-004
1,901469e+003;8,586222e-004
1,901951e+003;9,830722e-004
1,902433e+003;1,112939e-003
1,902915e+003;1,239323e-003
1,903397e+003;1,350089e-003
1,903879e+003;1,431461e-003
1,904361e+003;1,472851e-003
1,904843e+003;1,471355e-003
1,905326e+003;1,434120e-003
1,905808e+003;1,376779e-003
1,906290e+003;1,321672e-003
1,906772e+003;1,289701e-003
1,907254e+003;1,292459e-003
1,907736e+003;1,327787e-003
1,908218e+003;1,379039e-003
1,908700e+003;1,420989e-003
1,909182e+003;1,427272e-003
1,909665e+003;1,382662e-003
1,910147e+003;1,289335e-003
1,910629e+003;1,168153e-003
1,911111e+003;1,049462e-003
1,911593e+003;9,628483e-004
1,912075e+003;9,273177e-004
1,912557e+003;9,442525e-004
1,913039e+003;9,968542e-004
1,913521e+003;1,054577e-003
1,914004e+003;1,085269e-003
1,914486e+003;1,062250e-003
1,914968e+003;9,760651e-004
1,915450e+003;8,370430e-004
1,915932e+003;6,749676e-004
1,916414e+003;5,314637e-004
1,916896e+003;4,476064e-004
1,917378e+003;4,537757e-004
1,917861e+003;5,538239e-004
1,918343e+003;7,233217e-004
1,918825e+003;9,190829e-004
1,919307e+003;1,101844e-003
1,919789e+003;1,243776e-003
1,920271e+003;1,333769e-003
1,920753e+003;1,370862e-003
1,921235e+003;1,356969e-003
1,921718e+003;1,291894e-003
1,922200e+003;1,172472e-003
1,922682e+003;9,984483e-004
1,923164e+003;7,775895e-004
1,923646e+003;5,313642e-004
1,924128e+003;2,940316e-004
1,924610e+003;1,033574e-004
1,925092e+003;-8,184031e-006
1,925574e+003;-2,236490e-005
1,926057e+003;5,672918e-005
1,926539e+003;2,015017e-004
1,927021e+003;3,669156e-004
1,927503e+003;5,083085e-004
1,927985e+003;5,891914e-004
1,928467e+003;5,957277e-004
1,928949e+003;5,378664e-004
1,929431e+003;4,444886e-004
1,929913e+003;3,501028e-004
1,930396e+003;2,843832e-004
1,930878e+003;2,642912e-004
1,931360e+003;2,928048e-004
1,931842e+003;3,642295e-004
1,932324e+003;4,703935e-004
1,932806e+003;6,050512e-004
1,933288e+003;7,638477e-004
1,933770e+003;9,412639e-004
1,934253e+003;1,127224e-003
1,934735e+003;1,304489e-003
1,935217e+003;1,450443e-003
1,935699e+003;1,542940e-003
1,936181e+003;1,565186e-003
1,936663e+003;1,513879e-003
1,937145e+003;1,402906e-003
1,937627e+003;1,265242e-003
1,938109e+003;1,143004e-003
1,938592e+003;1,081216e-003
1,939074e+003;1,116992e-003
1,939556e+003;1,269595e-003
1,940038e+003;1,536190e-003
1,940520e+003;1,886502e-003
1,941002e+003;2,266307e-003
1,941484e+003;2,597176e-003
1,941966e+003;2,802221e-003
1,942448e+003;2,828967e-003
1,942931e+003;2,664180e-003
1,943413e+003;2,338757e-003
1,943895e+003;1,912660e-003
1,944377e+003;1,459153e-003
1,944859e+003;1,039266e-003
1,945341e+003;6,980986e-004
1,945823e+003;4,590164e-004
1,946305e+003;3,263272e-004
1,946788e+003;2,922080e-004
1,947270e+003;3,426748e-004
1,947752e+003;4,623997e-004
1,948234e+003;6,322931e-004
1,948716e+003;8,322957e-004
1,949198e+003;1,041225e-003
1,949680e+003;1,237961e-003
1,950162e+003;1,409820e-003
1,950645e+003;1,554279e-003
1,951127e+003;1,680326e-003
1,951609e+003;1,802849e-003
1,952091e+003;1,935225e-003
1,952573e+003;2,081157e-003
1,953055e+003;2,231536e-003
1,953537e+003;2,364575e-003
1,954019e+003;2,457001e-003
1,954501e+003;2,493790e-003
1,954984e+003;2,474762e-003
1,955466e+003;2,413717e-003
1,955948e+003;2,332661e-003
1,956430e+003;2,251619e-003
1,956912e+003;2,177219e-003
1,957394e+003;2,102166e-003
1,957876e+003;2,009650e-003
1,958358e+003;1,883308e-003
1,958840e+003;1,716184e-003
1,959323e+003;1,514544e-003
1,959805e+003;1,291927e-003
1,960287e+003;1,064010e-003
1,960769e+003;8,375078e-004
1,961251e+003;6,087343e-004
1,961733e+003;3,740455e-004
1,962215e+003;1,374286e-004
1,962697e+003;-7,832181e-005
1,963180e+003;-2,341614e-004
1,963662e+003;-2,897268e-004
1,964144e+003;-2,218420e-004
1,964626e+003;-4,124992e-005
1,965108e+003;2,063747e-004
1,965590e+003;4,476064e-004
1,966072e+003;6,093647e-004
1,966554e+003;6,496477e-004
1,967036e+003;5,728676e-004
1,967519e+003;4,325483e-004
1,968001e+003;3,063991e-004
1,968483e+003;2,683029e-004
1,968965e+003;3,539163e-004
1,969447e+003;5,536249e-004
1,969929e+003;8,176891e-004
1,970411e+003;1,079755e-003
1,970893e+003;1,269728e-003
1,971375e+003;1,334268e-003
1,971858e+003;1,250122e-003
1,972340e+003;1,027475e-003
1,972822e+003;7,081545e-004
1,973304e+003;3,518935e-004
1,973786e+003;3,760876e-005
1,974268e+003;-1,532841e-004
1,974750e+003;-1,516280e-004
1,975232e+003;8,360523e-005
1,975715e+003;5,449328e-004
1,976197e+003;1,164864e-003
1,976679e+003;1,828303e-003
1,977161e+003;2,410852e-003
1,977643e+003;2,802687e-003
1,978125e+003;2,940306e-003
1,978607e+003;2,825198e-003
1,979089e+003;2,511085e-003
1,979572e+003;2,083488e-003
1,980054e+003;1,621788e-003
1,980536e+003;1,185728e-003
1,981018e+003;8,000289e-004
1,981500e+003;4,659488e-004
1,981982e+003;1,781651e-004
1,982464e+003;-6,404338e-005
1,982946e+003;-2,475070e-004
1,983428e+003;-3,498870e-004
1,983911e+003;-3,516417e-004
1,984393e+003;-2,421092e-004
1,984875e+003;-2,680461e-005
1,985357e+003;2,733756e-004
1,985839e+003;6,246612e-004
1,986321e+003;9,862935e-004
1,986803e+003;1,317816e-003
1,987285e+003;1,583377e-003
1,987767e+003;1,760762e-003
1,988250e+003;1,842245e-003
1,988732e+003;1,837220e-003
1,989214e+003;1,766651e-003
1,989696e+003;1,661067e-003
1,990178e+003;1,554346e-003
1,990660e+003;1,472119e-003
1,991142e+003;1,425610e-003
1,991624e+003;1,406396e-003
1,992107e+003;1,391072e-003
1,992589e+003;1,351784e-003
1,993071e+003;1,270393e-003
1,993553e+003;1,148385e-003
1,994035e+003;1,006950e-003
1,994517e+003;8,781441e-004
1,994999e+003;7,912655e-004
1,995481e+003;7,630179e-004
1,995964e+003;7,894729e-004
1,996446e+003;8,492600e-004
1,996928e+003;9,125749e-004
1,997410e+003;9,540484e-004
1,997892e+003;9,606566e-004
1,998374e+003;9,369472e-004
1,998856e+003;8,992272e-004
1,999338e+003;8,701758e-004
1,999820e+003;8,661918e-004
2,000302e+003;8,940477e-004
2,000785e+003;9,485029e-004
2,001267e+003;1,018043e-003
2,001749e+003;1,087029e-003
2,002231e+003;1,140944e-003
2,002713e+003;1,169382e-003
2,003195e+003;1,166525e-003
2,003677e+003;1,131343e-003
2,004159e+003;1,068295e-003
2,004642e+003;9,893487e-004
2,005124e+003;9,100183e-004
2,005606e+003;8,500236e-004
2,006088e+003;8,249259e-004
2,006570e+003;8,376406e-004
2,007052e+003;8,800697e-004
2,007534e+003;9,296420e-004
2,008016e+003;9,636785e-004
2,008499e+003;9,656710e-004
2,008981e+003;9,361170e-004
2,009463e+003;8,900302e-004
2,009945e+003;8,566303e-004
2,010427e+003;8,673538e-004
2,010909e+003;9,426253e-004
2,011391e+003;1,090716e-003
2,011873e+003;1,303792e-003
2,012355e+003;1,564654e-003
2,012838e+003;1,848567e-003
2,013320e+003;2,130201e-003
2,013802e+003;2,385564e-003
2,014284e+003;2,589243e-003
2,014766e+003;2,717624e-003
2,015248e+003;2,746299e-003
2,015730e+003;2,656645e-003
2,016212e+003;2,443539e-003
2,016694e+003;2,123109e-003
2,017177e+003;1,739870e-003
2,017659e+003;1,356204e-003
2,018141e+003;1,043949e-003
2,018623e+003;8,648638e-004
2,019105e+003;8,533767e-004
2,019587e+003;1,017279e-003
2,020069e+003;1,330645e-003
2,020551e+003;1,741300e-003
2,021034e+003;2,175021e-003
2,021516e+003;2,556711e-003
2,021998e+003;2,824098e-003
2,022480e+003;2,941773e-003
2,022962e+003;2,911451e-003
2,023444e+003;2,765839e-003
2,023926e+003;2,558611e-003
2,024408e+003;2,341788e-003
2,024891e+003;2,155241e-003
2,025373e+003;2,009283e-003
2,025855e+003;1,887268e-003
2,026337e+003;1,755206e-003
2,026819e+003;1,585571e-003
2,027301e+003;1,372624e-003
2,027783e+003;1,142073e-003
2,028265e+003;9,397033e-004
2,028747e+003;8,168591e-004
2,029229e+003;8,027841e-004
2,029712e+003;8,911923e-004
2,030194e+003;1,040030e-003
2,030676e+003;1,190380e-003
2,031158e+003;1,293622e-003
2,031640e+003;1,325627e-003
2,032122e+003;1,297909e-003
2,032604e+003;1,244374e-003
2,033086e+003;1,204368e-003
2,033569e+003;1,195696e-003
2,034051e+003;1,207425e-003
2,034533e+003;1,205398e-003
2,035015e+003;1,155096e-003
2,035497e+003;1,042554e-003
2,035979e+003;8,875732e-004
2,036461e+003;7,393192e-004
2,036943e+003;6,609635e-004
2,037426e+003;7,031099e-004
2,037908e+003;8,832238e-004
2,038390e+003;1,184865e-003
2,038872e+003;1,563590e-003
2,039354e+003;1,963515e-003
2,039836e+003;2,330762e-003
2,040318e+003;2,629476e-003
2,040800e+003;2,842141e-003
2,041282e+003;2,967394e-003
2,041765e+003;3,010966e-003
2,042247e+003;2,981272e-003
2,042729e+003;2,887968e-003
2,043211e+003;2,744398e-003
2,043693e+003;2,571777e-003
2,044175e+003;2,394526e-003
2,044657e+003;2,234333e-003
2,045139e+003;2,100634e-003
2,045622e+003;1,986415e-003
2,046104e+003;1,869731e-003
2,046586e+003;1,723603e-003
2,047068e+003;1,529939e-003
2,047550e+003;1,290731e-003
2,048032e+003;1,030066e-003
2,048514e+003;7,858216e-004
2,048996e+003;5,958604e-004
2,049479e+003;4,840929e-004
2,049960e+003;4,519183e-004
2,050443e+003;4,810081e-004
2,050925e+003;5,424446e-004
2,051407e+003;6,068762e-004
2,051889e+003;6,502782e-004
2,052371e+003;6,627555e-004
2,052853e+003;6,466944e-004
2,053335e+003;6,166645e-004
2,053817e+003;5,959268e-004
2,054300e+003;6,121519e-004
2,054782e+003;6,916935e-004
2,055264e+003;8,512188e-004
2,055746e+003;1,091414e-003
2,056228e+003;1,391637e-003
2,056710e+003;1,714654e-003
2,057192e+003;2,009783e-003
2,057674e+003;2,228705e-003
2,058156e+003;2,341422e-003
2,058639e+003;2,344120e-003
2,059121e+003;2,263842e-003
2,059603e+003;2,149813e-003
2,060085e+003;2,058385e-003
2,060567e+003;2,027026e-003
2,061049e+003;2,065310e-003
2,061531e+003;2,150912e-003
2,062013e+003;2,239695e-003
2,062496e+003;2,281995e-003
2,062978e+003;2,241560e-003
2,063460e+003;2,106894e-003
2,063942e+003;1,893058e-003
2,064424e+003;1,632131e-003
2,064906e+003;1,358730e-003
2,065388e+003;1,101213e-003
2,065870e+003;8,741931e-004
2,066353e+003;6,819698e-004
2,066835e+003;5,266202e-004
2,067317e+003;4,131792e-004
2,067799e+003;3,521256e-004
2,068281e+003;3,563371e-004
2,068763e+003;4,326809e-004
2,069245e+003;5,768489e-004
2,069727e+003;7,700547e-004
2,070209e+003;9,847658e-004
2,070692e+003;1,187888e-003
2,071174e+003;1,355706e-003
2,071656e+003;1,476907e-003
2,072138e+003;1,555975e-003
2,072620e+003;1,607820e-003
2,073102e+003;1,652320e-003
2,073584e+003;1,708034e-003
2,074066e+003;1,785182e-003
2,074549e+003;1,885371e-003
2,075031e+003;2,001228e-003
2,075513e+003;2,118714e-003
2,075995e+003;2,219280e-003
2,076477e+003;2,284427e-003
2,076959e+003;2,299416e-003
2,077441e+003;2,256148e-003
2,077923e+003;2,157505e-003
2,078406e+003;2,017406e-003
2,078887e+003;1,859115e-003
2,079370e+003;1,707702e-003
2,079852e+003;1,585505e-003
2,080334e+003;1,504835e-003
2,080816e+003;1,467033e-003
2,081298e+003;1,463143e-003
2,081780e+003;1,478370e-003
2,082262e+003;1,497953e-003
2,082744e+003;1,509324e-003
2,083227e+003;1,503971e-003
2,083709e+003;1,477040e-003
2,084191e+003;1,425078e-003
2,084673e+003;1,345302e-003
2,085155e+003;1,238393e-003
2,085637e+003;1,109817e-003
2,086119e+003;9,713163e-004
2,086601e+003;8,410932e-004
2,087083e+003;7,386222e-004
2,087566e+003;6,772242e-004
2,088048e+003;6,616272e-004
2,088530e+003;6,828990e-004
2,089012e+003;7,239523e-004
2,089494e+003;7,630179e-004
2,089976e+003;7,851909e-004
2,090458e+003;7,862863e-004
2,090940e+003;7,758635e-004
2,091423e+003;7,712165e-004
2,091905e+003;7,903028e-004
2,092387e+003;8,449442e-004
2,092869e+003;9,350544e-004
2,093351e+003;1,049296e-003
2,093833e+003;1,170080e-003
2,094315e+003;1,280761e-003
2,094797e+003;1,370962e-003
2,095280e+003;1,438176e-003
2,095762e+003;1,486648e-003
2,096244e+003;1,521593e-003
2,096726e+003;1,545534e-003
2,097208e+003;1,555476e-003
2,097690e+003;1,544403e-003
2,098172e+003;1,505068e-003
2,098654e+003;1,432358e-003
2,099136e+003;1,327521e-003
2,099619e+003;1,197357e-003
2,100101e+003;1,053514e-003
2,100583e+003;9,096530e-004
2,101065e+003;7,799463e-004
2,101547e+003;6,764278e-004
2,102029e+003;6,082034e-004
2,102511e+003;5,799677e-004
2,102993e+003;5,910494e-004
2,103476e+003;6,356445e-004
2,103958e+003;7,021143e-004
2,104440e+003;7,749009e-004
2,104922e+003;8,381717e-004
2,105404e+003;8,781441e-004
2,105886e+003;8,859131e-004
2,106368e+003;8,593526e-004
2,106850e+003;8,028173e-004
2,107333e+003;7,256118e-004
2,107814e+003;6,402901e-004
2,108297e+003;5,629144e-004
2,108779e+003;5,089719e-004
2,109261e+003;4,932150e-004
2,109743e+003;5,255587e-004
2,110225e+003;6,076061e-004
2,110707e+003;7,305902e-004
2,111189e+003;8,732967e-004
2,111671e+003;1,008079e-003
2,112154e+003;1,106262e-003
2,112636e+003;1,146459e-003
2,113118e+003;1,122340e-003
2,113600e+003;1,044879e-003
2,114082e+003;9,378105e-004
2,114564e+003;8,269509e-004
2,115046e+003;7,329467e-004
2,115528e+003;6,619922e-004
2,116010e+003;6,060466e-004
2,116493e+003;5,484495e-004
2,116975e+003;4,738764e-004
2,117457e+003;3,782904e-004
2,117939e+003;2,723478e-004
2,118421e+003;1,782977e-004
2,118903e+003;1,231435e-004
2,119385e+003;1,279825e-004
2,119867e+003;1,999105e-004
2,120350e+003;3,313342e-004
2,120832e+003;5,040955e-004
2,121314e+003;7,004880e-004
2,121796e+003;9,084245e-004
2,122278e+003;1,126460e-003
2,122760e+003;1,358498e-003
2,123242e+003;1,607155e-003
2,123724e+003;1,864539e-003
2,124207e+003;2,109324e-003
2,124689e+003;2,307544e-003
2,125171e+003;2,425412e-003
2,125653e+003;2,437374e-003
2,126135e+003;2,337624e-003
2,126617e+003;2,142454e-003
2,127099e+003;1,889963e-003
2,127581e+003;1,629304e-003
2,128063e+003;1,407260e-003
2,128546e+003;1,259925e-003
2,129028e+003;1,203172e-003
2,129510e+003;1,230351e-003
2,129992e+003;1,316454e-003
2,130474e+003;1,428402e-003
2,130956e+003;1,532799e-003
2,131438e+003;1,604827e-003
2,131920e+003;1,638251e-003
2,132403e+003;1,643240e-003
2,132885e+003;1,644437e-003
2,133367e+003;1,668019e-003
2,133849e+003;1,731653e-003
2,134331e+003;1,831730e-003
2,134813e+003;1,942846e-003
2,135295e+003;2,019769e-003
2,135777e+003;2,015841e-003
2,136260e+003;1,901545e-003
2,136741e+003;1,677399e-003
2,137224e+003;1,376646e-003
2,137706e+003;1,060224e-003
2,138188e+003;7,987674e-004
2,138670e+003;6,457985e-004
2,139152e+003;6,282780e-004
2,139634e+003;7,346062e-004
2,140116e+003;9,230343e-004
2,140598e+003;1,133071e-003
2,141081e+003;1,309009e-003
2,141563e+003;1,414208e-003
2,142045e+003;1,438209e-003
2,142527e+003;1,395094e-003
2,143009e+003;1,316288e-003
2,143491e+003;1,242347e-003
2,143973e+003;1,208089e-003
2,144455e+003;1,238193e-003
2,144938e+003;1,340383e-003
2,145420e+003;1,505134e-003
2,145902e+003;1,703810e-003
2,146384e+003;1,893824e-003
2,146866e+003;2,031587e-003
2,147348e+003;2,076962e-003
2,147830e+003;2,010415e-003
2,148312e+003;1,836455e-003
2,148794e+003;1,582113e-003
2,149277e+003;1,285181e-003
2,149759e+003;9,812457e-004
2,150241e+003;6,932201e-004
2,150723e+003;4,260144e-004
2,151205e+003;1,708727e-004
2,151687e+003;-8,262843e-005
2,152169e+003;-3,349884e-004
2,152651e+003;-5,695319e-004
2,153134e+003;-7,571151e-004
2,153616e+003;-8,689979e-004
2,154098e+003;-8,898632e-004
2,154580e+003;-8,280912e-004
2,155062e+003;-7,110705e-004
2,155544e+003;-5,749587e-004
2,156026e+003;-4,394663e-004
2,156508e+003;-2,963822e-004
2,156990e+003;-1,097261e-004
2,157473e+003;1,646080e-004
2,157955e+003;5,479518e-004
2,158437e+003;1,013161e-003
2,158919e+003;1,483822e-003
2,159401e+003;1,852859e-003
2,159883e+003;2,023930e-003
2,160365e+003;1,950834e-003
2,160847e+003;1,641277e-003
2,161330e+003;1,155130e-003
2,161812e+003;5,802663e-004
2,162294e+003;1,835665e-005
2,162776e+003;-4,476089e-004
2,163258e+003;-7,540390e-004
2,163740e+003;-8,630126e-004
2,164222e+003;-7,661118e-004
2,164704e+003;-4,800787e-004
2,165187e+003;-4,933378e-005
2,165668e+003;4,586515e-004
2,166151e+003;9,589298e-004
2,166633e+003;1,369932e-003
2,167115e+003;1,637120e-003
2,167597e+003;1,743729e-003
2,168079e+003;1,717082e-003
2,168561e+003;1,615569e-003
2,169043e+003;1,511751e-003
2,169525e+003;1,462810e-003
2,170008e+003;1,494927e-003
2,170490e+003;1,599838e-003
2,170972e+003;1,745060e-003
2,171454e+003;1,890562e-003
2,171936e+003;2,008551e-003
2,172418e+003;2,092311e-003
2,172900e+003;2,150613e-003
2,173382e+003;2,199697e-003
2,173865e+003;2,248088e-003
2,174347e+003;2,294053e-003
2,174829e+003;2,327997e-003
2,175311e+003;2,343587e-003
2,175793e+003;2,346485e-003
2,176275e+003;2,355380e-003
2,176757e+003;2,394293e-003
2,177239e+003;2,478027e-003
2,177721e+003;2,600009e-003
2,178204e+003;2,728827e-003
2,178686e+003;2,820162e-003
2,179168e+003;2,836571e-003
2,179650e+003;2,761904e-003
2,180132e+003;2,614142e-003
2,180614e+003;2,438807e-003
2,181096e+003;2,296152e-003
2,181578e+003;2,232435e-003
2,182061e+003;2,267673e-003
2,182543e+003;2,387530e-003
2,183025e+003;2,555978e-003
2,183507e+003;2,727493e-003
2,183989e+003;2,863520e-003
2,184471e+003;2,941606e-003
2,184953e+003;2,952448e-003
2,185435e+003;2,894039e-003
2,185917e+003;2,767740e-003
2,186400e+003;2,576410e-003
2,186882e+003;2,328230e-003
2,187364e+003;2,044237e-003
2,187846e+003;1,760695e-003
2,188328e+003;1,521660e-003
2,188810e+003;1,370630e-003
2,189292e+003;1,334201e-003
2,189774e+003;1,411017e-003
2,190257e+003;1,570840e-003
2,190739e+003;1,762326e-003
2,191221e+003;1,931197e-003
2,191703e+003;2,031320e-003
2,192185e+003;2,038078e-003
2,192667e+003;1,949736e-003
2,193149e+003;1,784284e-003
2,193631e+003;1,568578e-003
2,194114e+003;1,331011e-003
2,194595e+003;1,096729e-003
2,195078e+003;8,834230e-004
2,195560e+003;7,046033e-004
2,196042e+003;5,681895e-004
2,196524e+003;4,768285e-004
2,197006e+003;4,268767e-004
2,197488e+003;4,096968e-004
2,197970e+003;4,148043e-004
2,198452e+003;4,330458e-004
2,198935e+003;4,615041e-004
2,199417e+003;5,039296e-004
2,199899e+003;5,681564e-004
2,200381e+003;6,616604e-004
2,200863e+003;7,859544e-004
2,201345e+003;9,342908e-004
2,201827e+003;1,092610e-003
2,202309e+003;1,243676e-003
2,202792e+003;1,370829e-003
2,203274e+003;1,461946e-003
2,203756e+003;1,508892e-003
2,204238e+003;1,506165e-003
2,204720e+003;1,451806e-003
2,205202e+003;1,344172e-003
2,205684e+003;1,187622e-003
2,206166e+003;9,926697e-004
2,206648e+003;7,803446e-004
2,207131e+003;5,767826e-004
2,207613e+003;4,097963e-004
2,208095e+003;3,007292e-004
2,208577e+003;2,569642e-004
2,209059e+003;2,719499e-004
2,209541e+003;3,283499e-004
2,210023e+003;4,070436e-004
2,210505e+003;4,934472e-004
2,210988e+003;5,808635e-004
2,211470e+003;6,692265e-004
2,211952e+003;7,599642e-004
2,212434e+003;8,500900e-004
2,212916e+003;9,307046e-004
2,213398e+003;9,882196e-004
2,213880e+003;1,011234e-003
2,214362e+003;9,971199e-004
2,214844e+003;9,548453e-004
2,215327e+003;9,016179e-004
2,215809e+003;8,584894e-004
2,216291e+003;8,417572e-004
2,216773e+003;8,556010e-004
2,217255e+003;8,941804e-004
2,217737e+003;9,439868e-004
2,218219e+003;9,920056e-004
2,218701e+003;1,028903e-003
2,219184e+003;1,052784e-003
2,219666e+003;1,064874e-003
2,220148e+003;1,067631e-003
2,220630e+003;1,060157e-003
2,221112e+003;1,039100e-003
2,221594e+003;1,002965e-003
2,222076e+003;9,546129e-004
2,222558e+003;9,061003e-004
2,223041e+003;8,755876e-004
2,223522e+003;8,803353e-004
2,224005e+003;9,311030e-004
2,224487e+003;1,024253e-003
2,224969e+003;1,142173e-003
2,225451e+003;1,255771e-003
2,225933e+003;1,335198e-003
2,226415e+003;1,359129e-003
2,226897e+003;1,318847e-003
2,227379e+003;1,221712e-003
2,227862e+003;1,086863e-003
2,228344e+003;9,396368e-004
2,228826e+003;8,025849e-004
2,229308e+003;6,933860e-004
2,229790e+003;6,237985e-004
2,230272e+003;5,993443e-004
2,230754e+003;6,209448e-004
2,231236e+003;6,864500e-004
2,231719e+003;7,892406e-004
2,232201e+003;9,170574e-004
2,232683e+003;1,053946e-003
2,233165e+003;1,181143e-003
2,233647e+003;1,277870e-003
2,234129e+003;1,330147e-003
2,234611e+003;1,329249e-003
2,235093e+003;1,276840e-003
2,235575e+003;1,182871e-003
2,236058e+003;1,064808e-003
2,236540e+003;9,429242e-004
2,237022e+003;8,363127e-004
2,237504e+003;7,614910e-004
2,237986e+003;7,271385e-004
2,238468e+003;7,351040e-004
2,238950e+003;7,783198e-004
2,239432e+003;8,431183e-004
2,239915e+003;9,138367e-004
2,240397e+003;9,746372e-004
2,240879e+003;1,016648e-003
2,241361e+003;1,038502e-003
2,241843e+003;1,048300e-003
2,242325e+003;1,058563e-003
2,242807e+003;1,083641e-003
2,243289e+003;1,132938e-003
2,243771e+003;1,206295e-003
2,244254e+003;1,294254e-003
2,244736e+003;1,379870e-003
2,245218e+003;1,444326e-003
2,245700e+003;1,472651e-003
2,246182e+003;1,458090e-003
2,246664e+003;1,404701e-003
2,247146e+003;1,325294e-003
2,247628e+003;1,236798e-003
2,248111e+003;1,156791e-003
2,248593e+003;1,097958e-003
2,249075e+003;1,067000e-003
2,249557e+003;1,063678e-003
2,250039e+003;1,082777e-003
2,250521e+003;1,116128e-003
2,251003e+003;1,154166e-003
2,251485e+003;1,187888e-003
2,251968e+003;1,212309e-003
2,252449e+003;1,224603e-003
2,252932e+003;1,227161e-003
2,253414e+003;1,226563e-003
2,253896e+003;1,232910e-003
2,254378e+003;1,254908e-003
2,254860e+003;1,297876e-003
2,255342e+003;1,359362e-003
2,255824e+003;1,428402e-003
2,256306e+003;1,486449e-003
2,256789e+003;1,513613e-003
2,257271e+003;1,495293e-003
2,257753e+003;1,427804e-003
2,258235e+003;1,321771e-003
2,258717e+003;1,198354e-003
2,259199e+003;1,084770e-003
2,259681e+003;1,002267e-003
2,260163e+003;9,606566e-004
2,260646e+003;9,545465e-004
2,261128e+003;9,674974e-004
2,261610e+003;9,782569e-004
2,262092e+003;9,706522e-004
2,262574e+003;9,414632e-004
2,263056e+003;9,008210e-004
2,263538e+003;8,674866e-004
2,264020e+003;8,600498e-004
2,264502e+003;8,897978e-004
2,264985e+003;9,546461e-004
2,265467e+003;1,041657e-003
2,265949e+003;1,131974e-003
2,266431e+003;1,210548e-003
2,266913e+003;1,271091e-003
2,267395e+003;1,316753e-003
2,267877e+003;1,355340e-003
2,268359e+003;1,393798e-003
2,268842e+003;1,431727e-003
2,269324e+003;1,460749e-003
2,269806e+003;1,468063e-003
2,270288e+003;1,444260e-003
2,270770e+003;1,389177e-003
2,271252e+003;1,314659e-003
2,271734e+003;1,240818e-003
2,272216e+003;1,188287e-003
2,272698e+003;1,171276e-003
2,273181e+003;1,190479e-003
2,273663e+003;1,234339e-003
2,274145e+003;1,284184e-003
2,274627e+003;1,323765e-003
2,275109e+003;1,344671e-003
2,275591e+003;1,350255e-003
2,276073e+003;1,351950e-003
2,276555e+003;1,364248e-003
2,277038e+003;1,396191e-003
2,277520e+003;1,448482e-003
2,278002e+003;1,512649e-003
2,278484e+003;1,575994e-003
2,278966e+003;1,625812e-003
2,279448e+003;1,654083e-003
2,279930e+003;1,658207e-003
2,280412e+003;1,640779e-003
2,280895e+003;1,604827e-003
2,281376e+003;1,553016e-003
2,281859e+003;1,485817e-003
2,282341e+003;1,403770e-003
2,282823e+003;1,309641e-003
2,283305e+003;1,210581e-003
2,283787e+003;1,117756e-003
2,284269e+003;1,043816e-003
2,284751e+003;9,997435e-004
2,285233e+003;9,902787e-004
2,285716e+003;1,013128e-003
2,286198e+003;1,058098e-003
2,286680e+003;1,111345e-003
2,287162e+003;1,158219e-003
2,287644e+003;1,187290e-003
2,288126e+003;1,194035e-003
2,288608e+003;1,181011e-003
2,289090e+003;1,157289e-003
2,289573e+003;1,135031e-003
2,290055e+003;1,127888e-003
2,290537e+003;1,144964e-003
2,291019e+003;1,189881e-003
2,291501e+003;1,258363e-003
2,291983e+003;1,340383e-003
2,292465e+003;1,421754e-003
2,292947e+003;1,488211e-003
2,293429e+003;1,529939e-003
2,293912e+003;1,542841e-003
2,294394e+003;1,529507e-003
2,294876e+003;1,496290e-003
2,295358e+003;1,451906e-003
2,295840e+003;1,403271e-003
2,296322e+003;1,354974e-003
2,296804e+003;1,309674e-003
2,297286e+003;1,270227e-003
2,297769e+003;1,240685e-003
2,298251e+003;1,227760e-003
2,298733e+003;1,237828e-003
2,299215e+003;1,275943e-003
2,299697e+003;1,340882e-003
2,300179e+003;1,425178e-003
2,300661e+003;1,515043e-003
2,301143e+003;1,594018e-003
2,301625e+003;1,648328e-003
2,302108e+003;1,669682e-003
2,302590e+003;1,657575e-003
2,303072e+003;1,618495e-003
2,303554e+003;1,564122e-003
2,304036e+003;1,506996e-003
2,304518e+003;1,458588e-003
2,305000e+003;1,428469e-003
2,305482e+003;1,422818e-003
2,305965e+003;1,445623e-003
2,306447e+003;1,497653e-003
2,306929e+003;1,575595e-003
2,307411e+003;1,670447e-003
2,307893e+003;1,768514e-003
2,308375e+003;1,853492e-003
2,308857e+003;1,908999e-003
2,309339e+003;1,924175e-003
2,309822e+003;1,897418e-003
2,310303e+003;1,836654e-003
2,310786e+003;1,756703e-003
2,311268e+003;1,675669e-003
2,311750e+003;1,608950e-003
2,312232e+003;1,564388e-003
2,312714e+003;1,542209e-003
2,313196e+003;1,535558e-003
2,313678e+003;1,536390e-003
2,314160e+003;1,537088e-003
2,314643e+003;1,534860e-003
2,315125e+003;1,530637e-003
2,315607e+003;1,527512e-003
2,316089e+003;1,528376e-003
2,316571e+003;1,533430e-003
2,317053e+003;1,539815e-003
2,317535e+003;1,542774e-003
2,318017e+003;1,537121e-003
2,318500e+003;1,519598e-003
2,318982e+003;1,490139e-003
2,319464e+003;1,452438e-003
2,319946e+003;1,413277e-003
2,320428e+003;1,380867e-003
2,320910e+003;1,363816e-003
2,321392e+003;1,368203e-003
2,321874e+003;1,396889e-003
2,322356e+003;1,448149e-003
2,322839e+003;1,516007e-003
2,323321e+003;1,590959e-003
2,323803e+003;1,662464e-003
2,324285e+003;1,721972e-003
2,324767e+003;1,763523e-003
2,325249e+003;1,785016e-003
2,325731e+003;1,787078e-003
2,326213e+003;1,771741e-003
2,326696e+003;1,740701e-003
2,327178e+003;1,694463e-003
2,327660e+003;1,633628e-003
2,328142e+003;1,560597e-003
2,328624e+003;1,481229e-003
2,329106e+003;1,407526e-003
2,329588e+003;1,354742e-003
2,330070e+003;1,338289e-003
2,330552e+003;1,368270e-003
2,331035e+003;1,444492e-003
2,331517e+003;1,553947e-003
2,331999e+003;1,674472e-003
2,332481e+003;1,781855e-003
2,332963e+003;1,855289e-003
2,333445e+003;1,884839e-003
2,333927e+003;1,873624e-003
2,334409e+003;1,836122e-003
2,334892e+003;1,792801e-003
2,335374e+003;1,762692e-003
2,335856e+003;1,758832e-003
2,336338e+003;1,784184e-003
2,336820e+003;1,831730e-003
2,337302e+003;1,887867e-003
2,337784e+003;1,938952e-003
2,338266e+003;1,973134e-003
2,338749e+003;1,984119e-003
2,339230e+003;1,971936e-003
2,339713e+003;1,939551e-003
2,340195e+003;1,892759e-003
2,340677e+003;1,836654e-003
2,341159e+003;1,775900e-003
2,341641e+003;1,714321e-003
2,342123e+003;1,655845e-003
2,342605e+003;1,603962e-003
2,343087e+003;1,561362e-003
2,343570e+003;1,529340e-003
2,344052e+003;1,506863e-003
2,344534e+003;1,490339e-003
2,345016e+003;1,475112e-003
2,345498e+003;1,456560e-003
2,345980e+003;1,433056e-003
2,346462e+003;1,405964e-003
2,346944e+003;1,379438e-003
2,347427e+003;1,358763e-003
2,347909e+003;1,350155e-003
2,348391e+003;1,358896e-003
2,348873e+003;1,389111e-003
2,349355e+003;1,443894e-003
2,349837e+003;1,524652e-003
2,350319e+003;1,630202e-003
2,350801e+003;1,756271e-003
2,351283e+003;1,895687e-003
2,351766e+003;2,038444e-003
2,352248e+003;2,174089e-003
2,352730e+003;2,294253e-003
2,353212e+003;2,394593e-003
2,353694e+003;2,476461e-003
2,354176e+003;2,544780e-003
2,354658e+003;2,606475e-003
2,355140e+003;2,667413e-003
2,355623e+003;2,728693e-003
2,356105e+003;2,786080e-003
2,356587e+003;2,831235e-003
2,357069e+003;2,854481e-003
2,357551e+003;2,849245e-003
2,358033e+003;2,815427e-003
2,358515e+003;2,760303e-003
2,358997e+003;2,696419e-003
2,359479e+003;2,636210e-003
2,359962e+003;2,587542e-003
2,360444e+003;2,549912e-003
2,360926e+003;2,515818e-003
2,361408e+003;2,473728e-003
2,361890e+003;2,415217e-003
2,362372e+003;2,338857e-003
2,362854e+003;2,251752e-003
2,363336e+003;2,166030e-003
2,363819e+003;2,094175e-003
2,364301e+003;2,042040e-003
2,364783e+003;2,006887e-003
2,365265e+003;1,977661e-003
2,365747e+003;1,940716e-003
2,366229e+003;1,886869e-003
2,366711e+003;1,814960e-003
2,367193e+003;1,733150e-003
2,367676e+003;1,655546e-003
2,368157e+003;1,596679e-003
2,368640e+003;1,564787e-003
2,369122e+003;1,560032e-003
2,369604e+003;1,574265e-003
2,370086e+003;1,595748e-003
2,370568e+003;1,613174e-003
2,371050e+003;1,620125e-003
2,371532e+003;1,616666e-003
2,372014e+003;1,607853e-003
2,372497e+003;1,601168e-003
2,372979e+003;1,602299e-003
2,373461e+003;1,614371e-003
2,373943e+003;1,636588e-003
2,374425e+003;1,665158e-003
2,374907e+003;1,695195e-003
2,375389e+003;1,723004e-003
2,375872e+003;1,746124e-003
2,376354e+003;1,764455e-003
2,376836e+003;1,779093e-003
2,377318e+003;1,792635e-003
2,377800e+003;1,807573e-003
2,378282e+003;1,825341e-003
2,378764e+003;1,846604e-003
2,379246e+003;1,869897e-003
2,379729e+003;1,892592e-003
2,380210e+003;1,910497e-003
2,380693e+003;1,919616e-003
2,381175e+003;1,917253e-003
2,381657e+003;1,902942e-003
2,382139e+003;1,878815e-003
2,382621e+003;1,849598e-003
2,383103e+003;1,821615e-003
2,383585e+003;1,800220e-003
2,384067e+003;1,788675e-003
2,384550e+003;1,786912e-003
2,385032e+003;1,791237e-003
2,385514e+003;1,795496e-003
2,385996e+003;1,792801e-003
2,386478e+003;1,777663e-003
2,386960e+003;1,747222e-003
2,387442e+003;1,702413e-003
2,387924e+003;1,647231e-003
2,388406e+003;1,588199e-003
2,388889e+003;1,531435e-003
2,389371e+003;1,482725e-003
2,389853e+003;1,445423e-003
2,390335e+003;1,420624e-003
2,390817e+003;1,407426e-003
2,391299e+003;1,404069e-003
2,391781e+003;1,409122e-003
2,392263e+003;1,421920e-003
2,392746e+003;1,442331e-003
2,393228e+003;1,471089e-003
2,393710e+003;1,507528e-003
2,394192e+003;1,549491e-003
2,394674e+003;1,592655e-003
2,395156e+003;1,630668e-003
2,395638e+003;1,656477e-003
2,396120e+003;1,664294e-003
2,396603e+003;1,650823e-003
2,397085e+003;1,616633e-003
2,397567e+003;1,566084e-003
2,398049e+003;1,506664e-003
2,398531e+003;1,446387e-003
2,399013e+003;1,393432e-003
2,399495e+003;1,353512e-003
2,399977e+003;1,329515e-003
2,400459e+003;1,321738e-003
2,400942e+003;1,327986e-003
2,401424e+003;1,344604e-003
2,401906e+003;1,366741e-003
2,402388e+003;1,389543e-003
2,402870e+003;1,408091e-003
2,403352e+003;1,418396e-003
2,403834e+003;1,417831e-003
2,404316e+003;1,406097e-003
2,404799e+003;1,384856e-003
2,405281e+003;1,358198e-003
2,405763e+003;1,331476e-003
2,406245e+003;1,309807e-003
2,406727e+003;1,296879e-003
2,407209e+003;1,294287e-003
2,407691e+003;1,300900e-003
2,408173e+003;1,313828e-003
2,408656e+003;1,329648e-003
2,409137e+003;1,345967e-003
2,409620e+003;1,362686e-003
2,410102e+003;1,382230e-003
2,410584e+003;1,408889e-003
2,411066e+003;1,447717e-003
2,411548e+003;1,501477e-003
2,412030e+003;1,570274e-003
2,412512e+003;1,648994e-003
2,412994e+003;1,728726e-003
2,413477e+003;1,798158e-003
2,413959e+003;1,845672e-003
2,414441e+003;1,863807e-003
2,414923e+003;1,849898e-003
2,415405e+003;1,807740e-003
2,415887e+003;1,746058e-003
2,416369e+003;1,676700e-003
2,416851e+003;1,611711e-003
2,417333e+003;1,560232e-003
2,417816e+003;1,528110e-003
2,418298e+003;1,516872e-003
2,418780e+003;1,525417e-003
2,419262e+003;1,550256e-003
2,419744e+003;1,586503e-003
2,420226e+003;1,629071e-003
2,420708e+003;1,671811e-003
2,421190e+003;1,708201e-003
2,421673e+003;1,732584e-003
2,422155e+003;1,740801e-003
2,422637e+003;1,731819e-003
2,423119e+003;1,708034e-003
2,423601e+003;1,674438e-003
2,424083e+003;1,636821e-003
2,424565e+003;1,599240e-003
2,425047e+003;1,562958e-003
2,425530e+003;1,526182e-003
2,426012e+003;1,485684e-003
2,426494e+003;1,440038e-003
2,426976e+003;1,391005e-003
2,427458e+003;1,345070e-003
2,427940e+003;1,311070e-003
2,428422e+003;1,297477e-003
2,428904e+003;1,308743e-003
2,429386e+003;1,342743e-003
2,429869e+003;1,390706e-003
2,430351e+003;1,440403e-003
2,430833e+003;1,479999e-003
2,431315e+003;1,501211e-003
2,431797e+003;1,501610e-003
2,432279e+003;1,483989e-003
2,432761e+003;1,454333e-003
2,433243e+003;1,418263e-003
2,433726e+003;1,379637e-003
2,434208e+003;1,340450e-003
2,434690e+003;1,301498e-003
2,435172e+003;1,264511e-003
2,435654e+003;1,233010e-003
2,436136e+003;1,211844e-003
2,436618e+003;1,206029e-003
2,437100e+003;1,217924e-003
2,437583e+003;1,245902e-003
2,438064e+003;1,283586e-003
2,438547e+003;1,322370e-003
2,439029e+003;1,352614e-003
2,439511e+003;1,366275e-003
2,439993e+003;1,359295e-003
2,440475e+003;1,331642e-003
2,440957e+003;1,287341e-003
2,441439e+003;1,233043e-003
2,441921e+003;1,177190e-003
2,442404e+003;1,128685e-003
2,442886e+003;1,095035e-003
2,443368e+003;1,081914e-003
2,443850e+003;1,091115e-003
2,444332e+003;1,120214e-003
2,444814e+003;1,162671e-003
2,445296e+003;1,209186e-003
2,445778e+003;1,250687e-003
2,446260e+003;1,279864e-003
2,446743e+003;1,293954e-003
2,447225e+003;1,294918e-003
2,447707e+003;1,288405e-003
2,448189e+003;1,281393e-003
2,448671e+003;1,280362e-003
2,449153e+003;1,289667e-003
2,449635e+003;1,310006e-003
2,450117e+003;1,340217e-003
2,450600e+003;1,377045e-003
2,451082e+003;1,416369e-003
2,451564e+003;1,453236e-003
2,452046e+003;1,482592e-003
2,452528e+003;1,499249e-003
2,453010e+003;1,498618e-003
2,453492e+003;1,479134e-003
2,453974e+003;1,442232e-003
2,454457e+003;1,394163e-003
2,454939e+003;1,343707e-003
2,455421e+003;1,301864e-003
2,455903e+003;1,278003e-003
2,456385e+003;1,277671e-003
2,456867e+003;1,301133e-003
2,457349e+003;1,344305e-003
2,457831e+003;1,399016e-003
2,458313e+003;1,455663e-003
2,458796e+003;1,505766e-003
2,459278e+003;1,542275e-003
2,459760e+003;1,560631e-003
2,460242e+003;1,558835e-003
2,460724e+003;1,537487e-003
2,461206e+003;1,499416e-003
2,461688e+003;1,449113e-003
2,462170e+003;1,392734e-003
2,462653e+003;1,337159e-003
2,463135e+003;1,287773e-003
2,463617e+003;1,248527e-003
2,464099e+003;1,220449e-003
2,464581e+003;1,202607e-003
2,465063e+003;1,192506e-003
2,465545e+003;1,187755e-003
2,466027e+003;1,187722e-003
2,466510e+003;1,192672e-003
2,466992e+003;1,204168e-003
2,467474e+003;1,223872e-003
2,467956e+003;1,252781e-003
2,468438e+003;1,290997e-003
2,468920e+003;1,337691e-003
2,469402e+003;1,391504e-003
2,469884e+003;1,451075e-003
2,470366e+003;1,514245e-003
2,470849e+003;1,578189e-003
2,471331e+003;1,638883e-003
2,471813e+003;1,691535e-003
2,472295e+003;1,731221e-003
2,472777e+003;1,754508e-003
2,473259e+003;1,760030e-003
2,473741e+003;1,748785e-003
2,474223e+003;1,723902e-003
2,474706e+003;1,689373e-003
2,475188e+003;1,648595e-003
2,475670e+003;1,605259e-003
2,476152e+003;1,562327e-003
2,476634e+003;1,523754e-003
2,477116e+003;1,494295e-003
2,477598e+003;1,479035e-003
2,478080e+003;1,482093e-003
2,478563e+003;1,504702e-003
2,479044e+003;1,544137e-003
2,479527e+003;1,593686e-003
2,480009e+003;1,644703e-003
2,480491e+003;1,689473e-003
2,480973e+003;1,723170e-003
2,481455e+003;1,744793e-003
2,481937e+003;1,756504e-003
2,482419e+003;1,761394e-003
2,482901e+003;1,760662e-003
2,483384e+003;1,753510e-003
2,483866e+003;1,736044e-003
2,484348e+003;1,704708e-003
2,484830e+003;1,658639e-003
2,485312e+003;1,600703e-003
2,485794e+003;1,537786e-003
2,486276e+003;1,478503e-003
2,486758e+003;1,431328e-003
2,487240e+003;1,400047e-003
2,487723e+003;1,384823e-003
2,488205e+003;1,382064e-003
2,488687e+003;1,386452e-003
2,489169e+003;1,393365e-003
2,489651e+003;1,400379e-003
2,490133e+003;1,407327e-003
2,490615e+003;1,414740e-003
2,491097e+003;1,423549e-003
2,491580e+003;1,433223e-003
2,492062e+003;1,442199e-003
2,492544e+003;1,448881e-003
2,493026e+003;1,451873e-003
2,493508e+003;1,450709e-003
2,493990e+003;1,446653e-003
2,494472e+003;1,441700e-003
2,494954e+003;1,438109e-003
2,495437e+003;1,438974e-003
2,495919e+003;1,446853e-003
2,496401e+003;1,464107e-003
2,496883e+003;1,492001e-003
2,497365e+003;1,529440e-003
2,497847e+003;1,572735e-003
2,498329e+003;1,615003e-003
2,498811e+003;1,647164e-003
2,499293e+003;1,661699e-003
2,499776e+003;1,653617e-003
2,500258e+003;1,623817e-003
2,500740e+003;1,578189e-003
2,501222e+003;1,527146e-003
2,501704e+003;1,481429e-003
2,502186e+003;1,448415e-003
2,502668e+003;1,431195e-003
2,503150e+003;1,426109e-003
2,503633e+003;1,426142e-003
2,504115e+003;1,422984e-003
2,504597e+003;1,411249e-003
2,505079e+003;1,389510e-003
2,505561e+003;1,361722e-003
2,506043e+003;1,334999e-003
2,506525e+003;1,317484e-003
2,507007e+003;1,315490e-003
2,507490e+003;1,331310e-003
2,507971e+003;1,362686e-003
2,508454e+003;1,403338e-003
2,508936e+003;1,444758e-003
2,509418e+003;1,478436e-003
2,509900e+003;1,499349e-003
2,510382e+003;1,506597e-003
2,510864e+003;1,504869e-003
2,511346e+003;1,502042e-003
2,511828e+003;1,507063e-003
2,512311e+003;1,526547e-003
2,512793e+003;1,561462e-003
2,513275e+003;1,606423e-003
2,513757e+003;1,651322e-003
2,514239e+003;1,685349e-003
2,514721e+003;1,700084e-003
2,515203e+003;1,693897e-003
2,515685e+003;1,671811e-003
2,516167e+003;1,644504e-003
2,516650e+003;1,623284e-003
2,517132e+003;1,616799e-003
2,517614e+003;1,628406e-003
2,518096e+003;1,655779e-003
2,518578e+003;1,692600e-003
2,519060e+003;1,731919e-003
2,519542e+003;1,768680e-003
2,520024e+003;1,799588e-003
2,520507e+003;1,822846e-003
2,520989e+003;1,836588e-003
2,521471e+003;1,838019e-003
2,521953e+003;1,824443e-003
2,522435e+003;1,795562e-003
2,522917e+003;1,754973e-003
2,523399e+003;1,710396e-003
2,523881e+003;1,672842e-003
2,524364e+003;1,651621e-003
2,524846e+003;1,650856e-003
2,525328e+003;1,666955e-003
2,525810e+003;1,689407e-003
2,526292e+003;1,705174e-003
2,526774e+003;1,703444e-003
2,527256e+003;1,680758e-003
2,527738e+003;1,642575e-003
2,528220e+003;1,602133e-003
2,528703e+003;1,574265e-003
2,529185e+003;1,571172e-003
2,529667e+003;1,598608e-003
2,530149e+003;1,654648e-003
2,530631e+003;1,732385e-003
2,531113e+003;1,822214e-003
2,531595e+003;1,916587e-003
2,532077e+003;2,009450e-003
2,532560e+003;2,096606e-003
2,533042e+003;2,174688e-003
2,533524e+003;2,238730e-003
2,534006e+003;2,283894e-003
2,534488e+003;2,306744e-003
2,534970e+003;2,307344e-003
2,535452e+003;2,290489e-003
2,535934e+003;2,264942e-003
2,536417e+003;2,241094e-003
2,536898e+003;2,226806e-003
2,537381e+003;2,224975e-003
2,537863e+003;2,232468e-003
2,538345e+003;2,241993e-003
2,538827e+003;2,244358e-003
2,539309e+003;2,232268e-003
2,539791e+003;2,202928e-003
2,540273e+003;2,158072e-003
2,540755e+003;2,102898e-003
2,541238e+003;2,044203e-003
2,541720e+003;1,988379e-003
2,542202e+003;1,940051e-003
2,542684e+003;1,902077e-003
2,543166e+003;1,875754e-003
2,543648e+003;1,861544e-003
2,544130e+003;1,859115e-003
2,544612e+003;1,867501e-003
2,545094e+003;1,885171e-003
2,545577e+003;1,909931e-003
2,546059e+003;1,938852e-003
2,546541e+003;1,969839e-003
2,547023e+003;2,000795e-003
2,547505e+003;2,030388e-003
2,547987e+003;2,058186e-003
2,548469e+003;2,084187e-003
2,548951e+003;2,109058e-003
2,549434e+003;2,133431e-003
2,549916e+003;2,158305e-003
2,550398e+003;2,183413e-003
2,550880e+003;2,208156e-003
2,551362e+003;2,230636e-003
2,551844e+003;2,247889e-003
2,552326e+003;2,257014e-003
2,552808e+003;2,256148e-003
2,553291e+003;2,246190e-003
2,553773e+003;2,230603e-003
2,554255e+003;2,215250e-003
2,554737e+003;2,205658e-003
2,555219e+003;2,206158e-003
2,555701e+003;2,217415e-003
2,556183e+003;2,235899e-003
2,556665e+003;2,255516e-003
2,557147e+003;2,270071e-003
2,557630e+003;2,274834e-003
2,558112e+003;2,268838e-003
2,558594e+003;2,254916e-003
2,559076e+003;2,237630e-003
2,559558e+003;2,222111e-003
2,560040e+003;2,211487e-003
2,560522e+003;2,206891e-003
2,561004e+003;2,207057e-003
2,561487e+003;2,210288e-003
2,561969e+003;2,214717e-003
2,562451e+003;2,219346e-003
2,562933e+003;2,223542e-003
2,563415e+003;2,226840e-003
2,563897e+003;2,227972e-003
2,564379e+003;2,225974e-003
2,564861e+003;2,220012e-003
2,565344e+003;2,210687e-003
2,565825e+003;2,199797e-003
2,566308e+003;2,190606e-003
2,566790e+003;2,186377e-003
2,567272e+003;2,190040e-003
2,567754e+003;2,202895e-003
2,568236e+003;2,225607e-003
2,568718e+003;2,257980e-003
2,569200e+003;2,300182e-003
2,569682e+003;2,352215e-003
2,570165e+003;2,413784e-003
2,570647e+003;2,483359e-003
2,571129e+003;2,557711e-003
2,571611e+003;2,631810e-003
2,572093e+003;2,700286e-003
2,572575e+003;2,758069e-003
2,573057e+003;2,801787e-003
2,573539e+003;2,830268e-003
2,574021e+003;2,843808e-003
2,574504e+003;2,843041e-003
2,574986e+003;2,828900e-003
2,575468e+003;2,802521e-003
2,575950e+003;2,765839e-003
2,576432e+003;2,723359e-003
2,576914e+003;2,681882e-003
2,577396e+003;2,648778e-003
2,577878e+003;2,630910e-003
2,578361e+003;2,631410e-003
2,578843e+003;2,647778e-003
2,579325e+003;2,672614e-003
2,579807e+003;2,696252e-003
2,580289e+003;2,709855e-003
2,580771e+003;2,708921e-003
2,581253e+003;2,694752e-003
2,581735e+003;2,673381e-003
2,582218e+003;2,653312e-003
2,582700e+003;2,641577e-003
2,583182e+003;2,641910e-003
2,583664e+003;2,654145e-003
2,584146e+003;2,675348e-003
2,584628e+003;2,702253e-003
2,585110e+003;2,733195e-003
2,585592e+003;2,767973e-003
2,586074e+003;2,808123e-003
2,586557e+003;2,853914e-003
2,587039e+003;2,904279e-003
2,587521e+003;2,955985e-003
2,588003e+003;3,005527e-003
2,588485e+003;3,050304e-003
2,588967e+003;3,089847e-003
2,589449e+003;3,126122e-003
2,589931e+003;3,161967e-003
2,590414e+003;3,199416e-003
2,590896e+003;3,238004e-003
2,591378e+003;3,274492e-003
2,591860e+003;3,304373e-003
2,592342e+003;3,323738e-003
2,592824e+003;3,331250e-003
2,593306e+003;3,328779e-003
2,593788e+003;3,321835e-003
2,594271e+003;3,316993e-003
2,594752e+003;3,320299e-003
2,595235e+003;3,335891e-003
2,595717e+003;3,364807e-003
2,596199e+003;3,405714e-003
2,596681e+003;3,454708e-003
2,597163e+003;3,505911e-003
2,597645e+003;3,553111e-003
2,598127e+003;3,588690e-003
2,598609e+003;3,605996e-003
2,599092e+003;3,600684e-003
2,599574e+003;3,571752e-003
2,600056e+003;3,523280e-003
2,600538e+003;3,463892e-003
2,601020e+003;3,405547e-003
2,601502e+003;3,360200e-003
2,601984e+003;3,336693e-003
2,602466e+003;3,338963e-003
2,602948e+003;3,364106e-003
2,603431e+003;3,404679e-003
2,603913e+003;3,450199e-003
2,604395e+003;3,491648e-003
2,604877e+003;3,521977e-003
2,605359e+003;3,538847e-003
2,605841e+003;3,543023e-003
2,606323e+003;3,538479e-003
2,606805e+003;3,529126e-003
2,607288e+003;3,519105e-003
2,607770e+003;3,511288e-003
2,608252e+003;3,506879e-003
2,608734e+003;3,506178e-003
2,609216e+003;3,508282e-003
2,609698e+003;3,511422e-003
2,610180e+003;3,513760e-003
2,610662e+003;3,513426e-003
2,611145e+003;3,510053e-003
2,611627e+003;3,503907e-003
2,612109e+003;3,497326e-003
2,612591e+003;3,493018e-003
2,613073e+003;3,494019e-003
2,613555e+003;3,502337e-003
2,614037e+003;3,518069e-003
2,614519e+003;3,539415e-003
2,615001e+003;3,563500e-003
2,615484e+003;3,586418e-003
2,615966e+003;3,604593e-003
2,616448e+003;3,615184e-003
2,616930e+003;3,616755e-003
2,617412e+003;3,608602e-003
2,617894e+003;3,591029e-003
2,618376e+003;3,565271e-003
2,618858e+003;3,533870e-003
2,619341e+003;3,500165e-003
2,619823e+003;3,468268e-003
2,620305e+003;3,442584e-003
2,620787e+003;3,426954e-003
2,621269e+003;3,424115e-003
2,621751e+003;3,434802e-003
2,622233e+003;3,457680e-003
2,622715e+003;3,489911e-003
2,623198e+003;3,527623e-003
2,623679e+003;3,566708e-003
2,624162e+003;3,603491e-003
2,624644e+003;3,635599e-003
2,625126e+003;3,661996e-003
2,625608e+003;3,683448e-003
2,626090e+003;3,701594e-003
2,626572e+003;3,719205e-003
2,627054e+003;3,738589e-003
2,627536e+003;3,761148e-003
2,628019e+003;3,786817e-003
2,628501e+003;3,813591e-003
2,628983e+003;3,838895e-003
2,629465e+003;3,859655e-003
2,629947e+003;3,874932e-003
2,630429e+003;3,884995e-003
2,630911e+003;3,892685e-003
2,631393e+003;3,901076e-003
2,631875e+003;3,913580e-003
2,632358e+003;3,931167e-003
2,632840e+003;3,952365e-003
2,633322e+003;3,973899e-003
2,633804e+003;3,991555e-003
2,634286e+003;4,001755e-003
2,634768e+003;4,003627e-003
2,635250e+003;3,998143e-003
2,635732e+003;3,989147e-003
2,636215e+003;3,980620e-003
2,636697e+003;3,976173e-003
2,637179e+003;3,977845e-003
2,637661e+003;3,985837e-003
2,638143e+003;3,998745e-003
2,638625e+003;4,014663e-003
2,639107e+003;4,031685e-003
2,639589e+003;4,048206e-003
2,640072e+003;4,062822e-003
2,640554e+003;4,074561e-003
2,641036e+003;4,082421e-003
2,641518e+003;4,086033e-003
2,642000e+003;4,085833e-003
2,642482e+003;4,082923e-003
2,642964e+003;4,079846e-003
2,643446e+003;4,078776e-003
2,643928e+003;4,081752e-003
2,644411e+003;4,089245e-003
2,644893e+003;4,100048e-003
2,645375e+003;4,111588e-003
2,645857e+003;4,120954e-003
2,646339e+003;4,125771e-003
2,646821e+003;4,125035e-003
2,647303e+003;4,119348e-003
2,647785e+003;4,111220e-003
2,648268e+003;4,103794e-003
2,648750e+003;4,100383e-003
2,649232e+003;4,103761e-003
2,649714e+003;4,115803e-003
2,650196e+003;4,136943e-003
2,650678e+003;4,166649e-003
2,651160e+003;4,203148e-003
2,651642e+003;4,244201e-003
2,652125e+003;4,286763e-003
2,652606e+003;4,327891e-003
2,653089e+003;4,364906e-003
2,653571e+003;4,395999e-003
2,654053e+003;4,419664e-003
2,654535e+003;4,435564e-003
2,655017e+003;4,443699e-003
2,655499e+003;4,444167e-003
2,655981e+003;4,437305e-003
2,656463e+003;4,423882e-003
2,656946e+003;4,405137e-003
2,657428e+003;4,383849e-003
2,657910e+003;4,363299e-003
2,658392e+003;4,348105e-003
2,658874e+003;4,342449e-003
2,659356e+003;4,349611e-003
2,659838e+003;4,370160e-003
2,660320e+003;4,402258e-003
2,660802e+003;4,441924e-003
2,661285e+003;4,483201e-003
2,661767e+003;4,520296e-003
2,662249e+003;4,548487e-003
2,662731e+003;4,565463e-003
2,663213e+003;4,570653e-003
2,663695e+003;4,566401e-003
2,664177e+003;4,556322e-003
2,664659e+003;4,544436e-003
2,665142e+003;4,534726e-003
2,665624e+003;4,530741e-003
2,666106e+003;4,534659e-003
2,666588e+003;4,547818e-003
2,667070e+003;4,570520e-003
2,667552e+003;4,601527e-003
2,668034e+003;4,639068e-003
2,668516e+003;4,680162e-003
2,668999e+003;4,721829e-003
2,669481e+003;4,760117e-003
2,669963e+003;4,792244e-003
2,670445e+003;4,815629e-003
2,670927e+003;4,829131e-003
2,671409e+003;4,832783e-003
2,671891e+003;4,827858e-003
2,672373e+003;4,816299e-003
2,672855e+003;4,800519e-003
2,673338e+003;4,783668e-003
2,673820e+003;4,768492e-003
2,674302e+003;4,757672e-003
2,674784e+003;4,753987e-003
2,675266e+003;4,759280e-003
2,675748e+003;4,774723e-003
2,676230e+003;4,799648e-003
2,676712e+003;4,831141e-003
2,677195e+003;4,864513e-003
2,677677e+003;4,892895e-003
2,678159e+003;4,909750e-003
2,678641e+003;4,909851e-003
2,679123e+003;4,891219e-003
2,679605e+003;4,855969e-003
2,680087e+003;4,810335e-003
2,680569e+003;4,763300e-003
2,681052e+003;4,723671e-003
2,681533e+003;4,698516e-003
2,682016e+003;4,691014e-003
2,682498e+003;4,699890e-003
2,682980e+003;4,720255e-003
2,683462e+003;4,745679e-003
2,683944e+003;4,770368e-003
2,684426e+003;4,790301e-003
2,684908e+003;4,803668e-003
2,685390e+003;4,811039e-003
2,685873e+003;4,813719e-003
2,686355e+003;4,812748e-003
2,686837e+003;4,808593e-003
2,687319e+003;4,800988e-003
2,687801e+003;4,789799e-003
2,688283e+003;4,775661e-003
2,688765e+003;4,759950e-003
2,689247e+003;4,744674e-003
2,689729e+003;4,731108e-003
2,690212e+003;4,719551e-003
2,690694e+003;4,708866e-003
2,691176e+003;4,697009e-003
2,691658e+003;4,682071e-003
2,692140e+003;4,663047e-003
2,692622e+003;4,640742e-003
2,693104e+003;4,617367e-003
2,693586e+003;4,595667e-003
2,694069e+003;4,578154e-003
2,694551e+003;4,565999e-003
2,695033e+003;4,559135e-003
2,695515e+003;4,556824e-003
2,695997e+003;4,558298e-003
2,696479e+003;4,563789e-003
2,696961e+003;4,574370e-003
2,697443e+003;4,591113e-003
2,697926e+003;4,614253e-003
2,698408e+003;4,642852e-003
2,698890e+003;4,673664e-003
2,699372e+003;4,702435e-003
2,699854e+003;4,725279e-003
2,700336e+003;4,739482e-003
2,700818e+003;4,744540e-003
2,701300e+003;4,741927e-003
2,701782e+003;4,734491e-003
2,702265e+003;4,724408e-003
2,702747e+003;4,713288e-003
2,703229e+003;4,701296e-003
2,703711e+003;4,687865e-003
2,704193e+003;4,673296e-003
2,704675e+003;4,659129e-003
2,705157e+003;4,648077e-003
2,705639e+003;4,643756e-003
2,706122e+003;4,649048e-003
2,706604e+003;4,664119e-003
2,707086e+003;4,687162e-003
2,707568e+003;4,713489e-003
2,708050e+003;4,738511e-003
2,708532e+003;4,758375e-003
2,709014e+003;4,772478e-003
2,709496e+003;4,783399e-003
2,709979e+003;4,796298e-003
2,710461e+003;4,816299e-003
2,710943e+003;4,847458e-003
2,711425e+003;4,889879e-003
2,711907e+003;4,941185e-003
2,712389e+003;4,996083e-003
2,712871e+003;5,049110e-003
2,713353e+003;5,096479e-003
2,713835e+003;5,137013e-003
2,714318e+003;5,172185e-003
2,714800e+003;5,205483e-003
2,715282e+003;5,239856e-003
2,715764e+003;5,276882e-003
2,716246e+003;5,315453e-003
2,716728e+003;5,352754e-003
2,717210e+003;5,384556e-003
2,717692e+003;5,407838e-003
2,718175e+003;5,421493e-003
2,718656e+003;5,427062e-003
2,719139e+003;5,429042e-003
2,719621e+003;5,432967e-003
2,720103e+003;5,443972e-003
2,720585e+003;5,465077e-003
2,721067e+003;5,496283e-003
2,721549e+003;5,534471e-003
2,722031e+003;5,574005e-003
2,722513e+003;5,609213e-003
2,722996e+003;5,635059e-003
2,723478e+003;5,649460e-003
2,723960e+003;5,653387e-003
2,724442e+003;5,650970e-003
2,724924e+003;5,647513e-003
2,725406e+003;5,648117e-003
2,725888e+003;5,655904e-003
2,726370e+003;5,670709e-003
2,726853e+003;5,689239e-003
2,727335e+003;5,706025e-003
2,727817e+003;5,714955e-003
2,728299e+003;5,711497e-003
2,728781e+003;5,693402e-003
2,729263e+003;5,661443e-003
2,729745e+003;5,618981e-003
2,730227e+003;5,570783e-003
2,730709e+003;5,521048e-003
2,731192e+003;5,473129e-003
2,731674e+003;5,428672e-003
2,732156e+003;5,387440e-003
2,732638e+003;5,348460e-003
2,733120e+003;5,310187e-003
2,733602e+003;5,271851e-003
2,734084e+003;5,233048e-003
2,734566e+003;5,193880e-003
2,735049e+003;5,155521e-003
2,735531e+003;5,118774e-003
2,736013e+003;5,084980e-003
2,736495e+003;5,055178e-003
2,736977e+003;5,029735e-003
2,737459e+003;5,008685e-003
2,737941e+003;4,990988e-003
2,738423e+003;4,974766e-003
2,738906e+003;4,957472e-003
2,739388e+003;4,936560e-003
2,739870e+003;4,910119e-003
2,740352e+003;4,877682e-003
2,740834e+003;4,840422e-003
2,741316e+003;4,801223e-003
2,741798e+003;4,763903e-003
2,742280e+003;4,732615e-003
2,742762e+003;4,710474e-003
2,743245e+003;4,699086e-003
2,743727e+003;4,698215e-003
2,744209e+003;4,705885e-003
2,744691e+003;4,718647e-003
2,745173e+003;4,732682e-003
2,745655e+003;4,744775e-003
2,746137e+003;4,752412e-003
2,746619e+003;4,754824e-003
2,747102e+003;4,752580e-003
2,747583e+003;4,747488e-003
2,748066e+003;4,741659e-003
2,748548e+003;4,737037e-003
2,749030e+003;4,734993e-003
2,749512e+003;4,735797e-003
2,749994e+003;4,738845e-003
2,750476e+003;4,743569e-003
2,750958e+003;4,749431e-003
2,751440e+003;4,757002e-003
2,751923e+003;4,767253e-003
2,752405e+003;4,781323e-003
2,752887e+003;4,799447e-003
2,753369e+003;4,820721e-003
2,753851e+003;4,842265e-003
2,754333e+003;4,860459e-003
2,754815e+003;4,872019e-003
2,755297e+003;4,875001e-003
2,755780e+003;4,870142e-003
2,756262e+003;4,860492e-003
2,756744e+003;4,850910e-003
2,757226e+003;4,846420e-003
2,757708e+003;4,850608e-003
2,758190e+003;4,864614e-003
2,758672e+003;4,887299e-003
2,759154e+003;4,915380e-003
2,759636e+003;4,944971e-003
2,760119e+003;4,972621e-003
2,760601e+003;4,995982e-003
2,761083e+003;5,014383e-003
2,761565e+003;5,028026e-003
2,762047e+003;5,037546e-003
2,762529e+003;5,044317e-003
2,763011e+003;5,049379e-003
2,763493e+003;5,054440e-003
2,763976e+003;5,061312e-003
2,764458e+003;5,071738e-003
2,764940e+003;5,087327e-003
2,765422e+003;5,108716e-003
2,765904e+003;5,135538e-003
2,766386e+003;5,165747e-003
2,766868e+003;5,197602e-003
2,767350e+003;5,229125e-003
2,767833e+003;5,259375e-003
2,768315e+003;5,288553e-003
2,768797e+003;5,317499e-003
2,769279e+003;5,347521e-003
2,769761e+003;5,379054e-003
2,770243e+003;5,411730e-003
2,770725e+003;5,444844e-003
2,771207e+003;5,477190e-003
2,771689e+003;5,508699e-003
2,772172e+003;5,540680e-003
2,772654e+003;5,575583e-003
2,773136e+003;5,616866e-003
2,773618e+003;5,667217e-003
2,774100e+003;5,728083e-003
2,774582e+003;5,798123e-003
2,775064e+003;5,873952e-003
2,775546e+003;5,950399e-003
2,776029e+003;6,021450e-003
2,776510e+003;6,082802e-003
2,776993e+003;6,132131e-003
2,777475e+003;6,170040e-003
2,777957e+003;6,200154e-003
2,778439e+003;6,228119e-003
2,778921e+003;6,260052e-003
2,779403e+003;6,301031e-003
2,779885e+003;6,354050e-003
2,780367e+003;6,419114e-003
2,780850e+003;6,493303e-003
2,781332e+003;6,572146e-003
2,781814e+003;6,650902e-003
2,782296e+003;6,726106e-003
2,782778e+003;6,796275e-003
2,783260e+003;6,862381e-003
2,783742e+003;6,927353e-003
2,784224e+003;6,993985e-003
2,784707e+003;7,064533e-003
2,785189e+003;7,139236e-003
2,785671e+003;7,216883e-003
2,786153e+003;7,294746e-003
2,786635e+003;7,370331e-003
2,787117e+003;7,442357e-003
2,787599e+003;7,510955e-003
2,788081e+003;7,577980e-003
2,788563e+003;7,646061e-003
2,789046e+003;7,717929e-003
2,789528e+003;7,795275e-003
2,790010e+003;7,878505e-003
2,790492e+003;7,966981e-003
2,790974e+003;8,058548e-003
2,791456e+003;8,151586e-003
2,791938e+003;8,244103e-003
2,792420e+003;8,335154e-003
2,792903e+003;8,424264e-003
2,793385e+003;8,512447e-003
2,793867e+003;8,601560e-003
2,794349e+003;8,694849e-003
2,794831e+003;8,796003e-003
2,795313e+003;8,908544e-003
2,795795e+003;9,034476e-003
2,796277e+003;9,173847e-003
2,796760e+003;9,323350e-003
2,797242e+003;9,477409e-003
2,797724e+003;9,628880e-003
2,798206e+003;9,771626e-003
2,798688e+003;9,901166e-003
2,799170e+003;1,001694e-002
2,799652e+003;1,012186e-002
2,800134e+003;1,022152e-002
2,800616e+003;1,032215e-002
2,801099e+003;1,042860e-002
2,801581e+003;1,054387e-002
2,802063e+003;1,066852e-002
2,802545e+003;1,080114e-002
2,803027e+003;1,094057e-002
2,803509e+003;1,108644e-002
2,803991e+003;1,123986e-002
2,804473e+003;1,140304e-002
2,804956e+003;1,157785e-002
2,805438e+003;1,176484e-002
2,805920e+003;1,196228e-002
2,806402e+003;1,216685e-002
2,806884e+003;1,237428e-002
2,807366e+003;1,258103e-002
2,807848e+003;1,278521e-002
2,808330e+003;1,298683e-002
2,808813e+003;1,318758e-002
2,809294e+003;1,338912e-002
2,809777e+003;1,359248e-002
2,810259e+003;1,379738e-002
2,810741e+003;1,400238e-002
2,811223e+003;1,420668e-002
2,811705e+003;1,441054e-002
2,812187e+003;1,461678e-002
2,812669e+003;1,483022e-002
2,813151e+003;1,505626e-002
2,813634e+003;1,530046e-002
2,814116e+003;1,556544e-002
2,814598e+003;1,585116e-002
2,815080e+003;1,615462e-002
2,815562e+003;1,647122e-002
2,816044e+003;1,679601e-002
2,816526e+003;1,712528e-002
2,817008e+003;1,745753e-002
2,817490e+003;1,779318e-002
2,817973e+003;1,813426e-002
2,818455e+003;1,848398e-002
2,818937e+003;1,884596e-002
2,819419e+003;1,922347e-002
2,819901e+003;1,961993e-002
2,820383e+003;2,003813e-002
2,820865e+003;2,047996e-002
2,821347e+003;2,094676e-002
2,821830e+003;2,143867e-002
2,822312e+003;2,195536e-002
2,822794e+003;2,249611e-002
2,823276e+003;2,306109e-002
2,823758e+003;2,365161e-002
2,824240e+003;2,427047e-002
2,824722e+003;2,492152e-002
2,825204e+003;2,560932e-002
2,825687e+003;2,633838e-002
2,826169e+003;2,711250e-002
2,826651e+003;2,793578e-002
2,827133e+003;2,881228e-002
2,827615e+003;2,974746e-002
2,828097e+003;3,074746e-002
2,828579e+003;3,181982e-002
2,829061e+003;3,297154e-002
2,829543e+003;3,420895e-002
2,830026e+003;3,553651e-002
2,830508e+003;3,695696e-002
2,830990e+003;3,847238e-002
2,831472e+003;4,008526e-002
2,831954e+003;4,179964e-002
2,832436e+003;4,362218e-002
2,832918e+003;4,556175e-002
2,833400e+003;4,762910e-002
2,833883e+003;4,983643e-002
2,834365e+003;5,219512e-002
2,834847e+003;5,471683e-002
2,835329e+003;5,741153e-002
2,835811e+003;6,028732e-002
2,836293e+003;6,334937e-002
2,836775e+003;6,659867e-002
2,837257e+003;7,003132e-002
2,837740e+003;7,363646e-002
2,838221e+003;7,739911e-002
2,838704e+003;8,129908e-002
2,839186e+003;8,531330e-002
2,839668e+003;8,942049e-002
2,840150e+003;9,359969e-002
2,840632e+003;9,783361e-002
2,841114e+003;1,021093e-001
2,841596e+003;1,064167e-001
2,842078e+003;1,107502e-001
2,842561e+003;1,151067e-001
2,843043e+003;1,194852e-001
2,843525e+003;1,238856e-001
2,844007e+003;1,283070e-001
2,844489e+003;1,327456e-001
2,844971e+003;1,371941e-001
2,845453e+003;1,416391e-001
2,845935e+003;1,460594e-001
2,846417e+003;1,504276e-001
2,846900e+003;1,547050e-001
2,847382e+003;1,588435e-001
2,847864e+003;1,627887e-001
2,848346e+003;1,664754e-001
2,848828e+003;1,698364e-001
2,849310e+003;1,728073e-001
2,849792e+003;1,753258e-001
2,850274e+003;1,773421e-001
2,850757e+003;1,788168e-001
2,851239e+003;1,797232e-001
2,851721e+003;1,800478e-001
2,852203e+003;1,797905e-001
2,852685e+003;1,789663e-001
2,853167e+003;1,776050e-001
2,853649e+003;1,757543e-001
2,854131e+003;1,734778e-001
2,854614e+003;1,708460e-001
2,855096e+003;1,679383e-001
2,855578e+003;1,648299e-001
2,856060e+003;1,615868e-001
2,856542e+003;1,582685e-001
2,857024e+003;1,549205e-001
2,857506e+003;1,515808e-001
2,857988e+003;1,482824e-001
2,858470e+003;1,450524e-001
2,858953e+003;1,419186e-001
2,859435e+003;1,389075e-001
2,859917e+003;1,360438e-001
2,860399e+003;1,333526e-001
2,860881e+003;1,308566e-001
2,861363e+003;1,285740e-001
2,861845e+003;1,265188e-001
2,862327e+003;1,246971e-001
2,862810e+003;1,231068e-001
2,863292e+003;1,217359e-001
2,863774e+003;1,205663e-001
2,864256e+003;1,195735e-001
2,864738e+003;1,187301e-001
2,865220e+003;1,180117e-001
2,865702e+003;1,173945e-001
2,866184e+003;1,168577e-001
2,866667e+003;1,163824e-001
2,867148e+003;1,159475e-001
2,867631e+003;1,155285e-001
2,868113e+003;1,150977e-001
2,868595e+003;1,146216e-001
2,869077e+003;1,140668e-001
2,869559e+003;1,134021e-001
2,870041e+003;1,125992e-001
2,870523e+003;1,116403e-001
2,871005e+003;1,105163e-001
2,871488e+003;1,092292e-001
2,871970e+003;1,077917e-001
2,872452e+003;1,062272e-001
2,872934e+003;1,045678e-001
2,873416e+003;1,028499e-001
2,873898e+003;1,011151e-001
2,874380e+003;9,940458e-002
2,874862e+003;9,775538e-002
2,875344e+003;9,620256e-002
2,875827e+003;9,477374e-002
2,876309e+003;9,349119e-002
2,876791e+003;9,237228e-002
2,877273e+003;9,142831e-002
2,877755e+003;9,066676e-002
2,878237e+003;9,009133e-002
2,878719e+003;8,970217e-002
2,879201e+003;8,949646e-002
2,879684e+003;8,946979e-002
2,880166e+003;8,961675e-002
2,880648e+003;8,993124e-002
2,881130e+003;9,040796e-002
2,881612e+003;9,104200e-002
2,882094e+003;9,182782e-002
2,882576e+003;9,275924e-002
2,883058e+003;9,382820e-002
2,883541e+003;9,502374e-002
2,884023e+003;9,633324e-002
2,884505e+003;9,774227e-002
2,884987e+003;9,923557e-002
2,885469e+003;1,008003e-001
2,885951e+003;1,024249e-001
2,886433e+003;1,041017e-001
2,886915e+003;1,058262e-001
2,887397e+003;1,075967e-001
2,887880e+003;1,094134e-001
2,888362e+003;1,112764e-001
2,888844e+003;1,131842e-001
2,889326e+003;1,151329e-001
2,889808e+003;1,171152e-001
2,890290e+003;1,191207e-001
2,890772e+003;1,211382e-001
2,891254e+003;1,231559e-001
2,891737e+003;1,251643e-001
2,892219e+003;1,271564e-001
2,892701e+003;1,291276e-001
2,893183e+003;1,310749e-001
2,893665e+003;1,329965e-001
2,894147e+003;1,348907e-001
2,894629e+003;1,367575e-001
2,895111e+003;1,385986e-001
2,895594e+003;1,404189e-001
2,896075e+003;1,422256e-001
2,896558e+003;1,440275e-001
2,897040e+003;1,458324e-001
2,897522e+003;1,476447e-001
2,898004e+003;1,494642e-001
2,898486e+003;1,512882e-001
2,898968e+003;1,531137e-001
2,899450e+003;1,549403e-001
2,899932e+003;1,567727e-001
2,900415e+003;1,586205e-001
2,900897e+003;1,604963e-001
2,901379e+003;1,624120e-001
2,901861e+003;1,643754e-001
2,902343e+003;1,663887e-001
2,902825e+003;1,684492e-001
2,903307e+003;1,705518e-001
2,903789e+003;1,726913e-001
2,904271e+003;1,748648e-001
2,904754e+003;1,770727e-001
2,905236e+003;1,793173e-001
2,905718e+003;1,816024e-001
2,906200e+003;1,839321e-001
2,906682e+003;1,863118e-001
2,907164e+003;1,887485e-001
2,907646e+003;1,912511e-001
2,908128e+003;1,938301e-001
2,908611e+003;1,964960e-001
2,909093e+003;1,992562e-001
2,909575e+003;2,021139e-001
2,910057e+003;2,050672e-001
2,910539e+003;2,081099e-001
2,911021e+003;2,112344e-001
2,911503e+003;2,144326e-001
2,911985e+003;2,176963e-001
2,912468e+003;2,210174e-001
2,912950e+003;2,243839e-001
2,913432e+003;2,277801e-001
2,913914e+003;2,311857e-001
2,914396e+003;2,345750e-001
2,914878e+003;2,379217e-001
2,915360e+003;2,411967e-001
2,915842e+003;2,443687e-001
2,916324e+003;2,474041e-001
2,916807e+003;2,502625e-001
2,917289e+003;2,528964e-001
2,917771e+003;2,552575e-001
2,918253e+003;2,572952e-001
2,918735e+003;2,589639e-001
2,919217e+003;2,602279e-001
2,919699e+003;2,610579e-001
2,920181e+003;2,614331e-001
2,920664e+003;2,613364e-001
2,921146e+003;2,607541e-001
2,921628e+003;2,596773e-001
2,922110e+003;2,581046e-001
2,922592e+003;2,560470e-001
2,923074e+003;2,535277e-001
2,923556e+003;2,505834e-001
2,924038e+003;2,472603e-001
2,924521e+003;2,436066e-001
2,925002e+003;2,396736e-001
2,925485e+003;2,355107e-001
2,925967e+003;2,311641e-001
2,926449e+003;2,266802e-001
2,926931e+003;2,221013e-001
2,927413e+003;2,174648e-001
2,927895e+003;2,128029e-001
2,928377e+003;2,081391e-001
2,928859e+003;2,034896e-001
2,929342e+003;1,988659e-001
2,929824e+003;1,942763e-001
2,930306e+003;1,897299e-001
2,930788e+003;1,852378e-001
2,931270e+003;1,808113e-001
2,931752e+003;1,764635e-001
2,932234e+003;1,722060e-001
2,932716e+003;1,680481e-001
2,933198e+003;1,639979e-001
2,933681e+003;1,600619e-001
2,934163e+003;1,562455e-001
2,934645e+003;1,525537e-001
2,935127e+003;1,489904e-001
2,935609e+003;1,455587e-001
2,936091e+003;1,422621e-001
2,936573e+003;1,391042e-001
2,937055e+003;1,360914e-001
2,937538e+003;1,332339e-001
2,938020e+003;1,305429e-001
2,938502e+003;1,280330e-001
2,938984e+003;1,257167e-001
2,939466e+003;1,236031e-001
2,939948e+003;1,216965e-001
2,940430e+003;1,199963e-001
2,940912e+003;1,184976e-001
2,941395e+003;1,171938e-001
2,941877e+003;1,160781e-001
2,942359e+003;1,151447e-001
2,942841e+003;1,143883e-001
2,943323e+003;1,138038e-001
2,943805e+003;1,133847e-001
2,944287e+003;1,131226e-001
2,944769e+003;1,130075e-001
2,945251e+003;1,130282e-001
2,945734e+003;1,131734e-001
2,946216e+003;1,134321e-001
2,946698e+003;1,137921e-001
2,947180e+003;1,142397e-001
2,947662e+003;1,147571e-001
2,948144e+003;1,153207e-001
2,948626e+003;1,159043e-001
2,949108e+003;1,164765e-001
2,949591e+003;1,170043e-001
2,950073e+003;1,174576e-001
2,950555e+003;1,178071e-001
2,951037e+003;1,180281e-001
2,951519e+003;1,181015e-001
2,952001e+003;1,180119e-001
2,952483e+003;1,177502e-001
2,952965e+003;1,173122e-001
2,953448e+003;1,166983e-001
2,953929e+003;1,159121e-001
2,954412e+003;1,149596e-001
2,954894e+003;1,138481e-001
2,955376e+003;1,125848e-001
2,955858e+003;1,111795e-001
2,956340e+003;1,096441e-001
2,956822e+003;1,079931e-001
2,957304e+003;1,062445e-001
2,957786e+003;1,044163e-001
2,958269e+003;1,025237e-001
2,958751e+003;1,005771e-001
2,959233e+003;9,858007e-002
2,959715e+003;9,653125e-002
2,960197e+003;9,442578e-002
2,960679e+003;9,225950e-002
2,961161e+003;9,003180e-002
2,961643e+003;8,774617e-002
2,962125e+003;8,540993e-002
2,962608e+003;8,303195e-002
2,963090e+003;8,062141e-002
2,963572e+003;7,818537e-002
2,964054e+003;7,573070e-002
2,964536e+003;7,326455e-002
2,965018e+003;7,079548e-002
2,965500e+003;6,833538e-002
2,965982e+003;6,589776e-002
2,966465e+003;6,349573e-002
2,966947e+003;6,114153e-002
2,967429e+003;5,884321e-002
2,967911e+003;5,660488e-002
2,968393e+003;5,442832e-002
2,968875e+003;5,231393e-002
2,969357e+003;5,026345e-002
2,969839e+003;4,828023e-002
2,970322e+003;4,636947e-002
2,970804e+003;4,453715e-002
2,971286e+003;4,278745e-002
2,971768e+003;4,112132e-002
2,972250e+003;3,953588e-002
2,972732e+003;3,802522e-002
2,973214e+003;3,658159e-002
2,973696e+003;3,519762e-002
2,974178e+003;3,386862e-002
2,974661e+003;3,259175e-002
2,975143e+003;3,136666e-002
2,975625e+003;3,019396e-002
2,976107e+003;2,907394e-002
2,976589e+003;2,800593e-002
2,977071e+003;2,698866e-002
2,977553e+003;2,602017e-002
2,978035e+003;2,509950e-002
2,978518e+003;2,422601e-002
2,979000e+003;2,339910e-002
2,979482e+003;2,261743e-002
2,979964e+003;2,187757e-002
2,980446e+003;2,117373e-002
2,980928e+003;2,049972e-002
2,981410e+003;1,984902e-002
2,981892e+003;1,921783e-002
2,982375e+003;1,860612e-002
2,982856e+003;1,801751e-002
2,983339e+003;1,745798e-002
2,983821e+003;1,693269e-002
2,984303e+003;1,644452e-002
2,984785e+003;1,599216e-002
2,985267e+003;1,557018e-002
2,985749e+003;1,517098e-002
2,986231e+003;1,478706e-002
2,986713e+003;1,441410e-002
2,987196e+003;1,405156e-002
2,987678e+003;1,370193e-002
2,988160e+003;1,336981e-002
2,988642e+003;1,305880e-002
2,989124e+003;1,276952e-002
2,989606e+003;1,249904e-002
2,990088e+003;1,224227e-002
2,990570e+003;1,199347e-002
2,991052e+003;1,174915e-002
2,991535e+003;1,150918e-002
2,992017e+003;1,127737e-002
2,992499e+003;1,106033e-002
2,992981e+003;1,086426e-002
2,993463e+003;1,069287e-002
2,993945e+003;1,054547e-002
2,994427e+003;1,041723e-002
2,994909e+003;1,029938e-002
2,995392e+003;1,018214e-002
2,995874e+003;1,005804e-002
2,996356e+003;9,922386e-003
2,996838e+003;9,775287e-003
2,997320e+003;9,619970e-003
2,997802e+003;9,462542e-003
2,998284e+003;9,309132e-003
2,998766e+003;9,164879e-003
2,999249e+003;9,032920e-003
2,999731e+003;8,913718e-003
3,000213e+003;8,805674e-003
3,000695e+003;8,705734e-003
3,001177e+003;8,610212e-003
3,001659e+003;8,515893e-003
3,002141e+003;8,420447e-003
3,002623e+003;8,323400e-003
3,003105e+003;8,225834e-003
3,003588e+003;8,130012e-003
3,004070e+003;8,038836e-003
3,004552e+003;7,954765e-003
3,005034e+003;7,878775e-003
3,005516e+003;7,809645e-003
3,005998e+003;7,744541e-003
3,006480e+003;7,679413e-003
3,006962e+003;7,610620e-003
3,007445e+003;7,536037e-003
3,007927e+003;7,455839e-003
3,008409e+003;7,372960e-003
3,008891e+003;7,291377e-003
3,009373e+003;7,215233e-003
3,009855e+003;7,147927e-003
3,010337e+003;7,090466e-003
3,010819e+003;7,041735e-003
3,011302e+003;6,998666e-003
3,011783e+003;6,957654e-003
3,012266e+003;6,915031e-003
3,012748e+003;6,867969e-003
3,013230e+003;6,814483e-003
3,013712e+003;6,753667e-003
3,014194e+003;6,685458e-003
3,014676e+003;6,611001e-003
3,015158e+003;6,532218e-003
3,015640e+003;6,452473e-003
3,016123e+003;6,375064e-003
3,016605e+003;6,303653e-003
3,017087e+003;6,240656e-003
3,017569e+003;6,186407e-003
3,018051e+003;6,138718e-003
3,018533e+003;6,093588e-003
3,019015e+003;6,045943e-003
3,019497e+003;5,991080e-003
3,019979e+003;5,926449e-003
3,020462e+003;5,851720e-003
3,020944e+003;5,770052e-003
3,021426e+003;5,686453e-003
3,021908e+003;5,607233e-003
3,022390e+003;5,538297e-003
3,022872e+003;5,483565e-003
3,023354e+003;5,444475e-003
3,023836e+003;5,419849e-003
3,024319e+003;5,406127e-003
3,024801e+003;5,397840e-003
3,025283e+003;5,389420e-003
3,025765e+003;5,375833e-003
3,026247e+003;5,354230e-003
3,026729e+003;5,323268e-003
3,027211e+003;5,284529e-003
3,027693e+003;5,240460e-003
3,028176e+003;5,194149e-003
3,028658e+003;5,148245e-003
3,029140e+003;5,103720e-003
3,029622e+003;5,060240e-003
3,030104e+003;5,015892e-003
3,030586e+003;4,968800e-003
3,031068e+003;4,916989e-003
3,031550e+003;4,859856e-003
3,032032e+003;4,798408e-003
3,032515e+003;4,734625e-003
3,032997e+003;4,671387e-003
3,033479e+003;4,611406e-003
3,033961e+003;4,557193e-003
3,034443e+003;4,510051e-003
3,034925e+003;4,470379e-003
3,035407e+003;4,437874e-003
3,035889e+003;4,410928e-003
3,036372e+003;4,387899e-003
3,036854e+003;4,366747e-003
3,037336e+003;4,345963e-003
3,037818e+003;4,325113e-003
3,038300e+003;4,304834e-003
3,038782e+003;4,286630e-003
3,039264e+003;4,272843e-003
3,039746e+003;4,264980e-003
3,040229e+003;4,263675e-003
3,040711e+003;4,267757e-003
3,041193e+003;4,273914e-003
3,041675e+003;4,278598e-003
3,042157e+003;4,277595e-003
3,042639e+003;4,268292e-003
3,043121e+003;4,249555e-003
3,043603e+003;4,221951e-003
3,044085e+003;4,187056e-003
3,044568e+003;4,147213e-003
3,045050e+003;4,104363e-003
3,045532e+003;4,060079e-003
3,046014e+003;4,016067e-003
3,046496e+003;3,974602e-003
3,046978e+003;3,937854e-003
3,047460e+003;3,908565e-003
3,047942e+003;3,888673e-003
3,048425e+003;3,878175e-003
3,048906e+003;3,875033e-003
3,049389e+003;3,874531e-003
3,049871e+003;3,871222e-003
3,050353e+003;3,859755e-003
3,050835e+003;3,837124e-003
3,051317e+003;3,803663e-003
3,051799e+003;3,762953e-003
3,052281e+003;3,720341e-003
3,052763e+003;3,682245e-003
3,053246e+003;3,653074e-003
3,053728e+003;3,635031e-003
3,054210e+003;3,627012e-003
3,054692e+003;3,625709e-003
3,055174e+003;3,627480e-003
3,055656e+003;3,628883e-003
3,056138e+003;3,627981e-003
3,056620e+003;3,624840e-003
3,057103e+003;3,620396e-003
3,057585e+003;3,615953e-003
3,058067e+003;3,611977e-003
3,058549e+003;3,608502e-003
3,059031e+003;3,604326e-003
3,059513e+003;3,598846e-003
3,059995e+003;3,591630e-003
3,060477e+003;3,583412e-003
3,060959e+003;3,575093e-003
3,061442e+003;3,567777e-003
3,061924e+003;3,561262e-003
3,062406e+003;3,554547e-003
3,062888e+003;3,545060e-003
3,063370e+003;3,530663e-003
3,063852e+003;3,509385e-003
3,064334e+003;3,481160e-003
3,064816e+003;3,448529e-003
3,065299e+003;3,415098e-003
3,065781e+003;3,385010e-003
3,066263e+003;3,361335e-003
3,066745e+003;3,345040e-003
3,067227e+003;3,334322e-003
3,067709e+003;3,324973e-003
3,068191e+003;3,312486e-003
3,068673e+003;3,292621e-003
3,069156e+003;3,263542e-003
3,069638e+003;3,226254e-003
3,070120e+003;3,183795e-003
3,070602e+003;3,140940e-003
3,071084e+003;3,101527e-003
3,071566e+003;3,067522e-003
3,072048e+003;3,038526e-003
3,072530e+003;3,010732e-003
3,073012e+003;2,979771e-003
3,073495e+003;2,941440e-003
3,073977e+003;2,893772e-003
3,074459e+003;2,837838e-003
3,074941e+003;2,778110e-003
3,075423e+003;2,720858e-003
3,075905e+003;2,672814e-003
3,076387e+003;2,638810e-003
3,076869e+003;2,620509e-003
3,077352e+003;2,616076e-003
3,077833e+003;2,621409e-003
3,078316e+003;2,630776e-003
3,078798e+003;2,639077e-003
3,079280e+003;2,643277e-003
3,079762e+003;2,642444e-003
3,080244e+003;2,637477e-003
3,080726e+003;2,630010e-003
3,081208e+003;2,621342e-003
3,081690e+003;2,611776e-003
3,082173e+003;2,600675e-003
3,082655e+003;2,587209e-003
3,083137e+003;2,570910e-003
3,083619e+003;2,552045e-003
3,084101e+003;2,531682e-003
3,084583e+003;2,511419e-003
3,085065e+003;2,491990e-003
3,085547e+003;2,473095e-003
3,086030e+003;2,453568e-003
3,086512e+003;2,431377e-003
3,086994e+003;2,404921e-003
3,087476e+003;2,373204e-003
3,087958e+003;2,336891e-003
3,088440e+003;2,297684e-003
3,088922e+003;2,258280e-003
3,089404e+003;2,222177e-003
3,089886e+003;2,192538e-003
3,090369e+003;2,172457e-003
3,090851e+003;2,164865e-003
3,091333e+003;2,171192e-003
3,091815e+003;2,191472e-003
3,092297e+003;2,223842e-003
3,092779e+003;2,263276e-003
3,093261e+003;2,302980e-003
3,093743e+003;2,334926e-003
3,094226e+003;2,352948e-003
3,094708e+003;2,353581e-003
3,095190e+003;2,338057e-003
3,095672e+003;2,311741e-003
3,096154e+003;2,283627e-003
3,096636e+003;2,261777e-003
3,097118e+003;2,252418e-003
3,097600e+003;2,257348e-003
3,098083e+003;2,273801e-003
3,098565e+003;2,295752e-003
3,099047e+003;2,316604e-003
3,099529e+003;2,331261e-003
3,100011e+003;2,337191e-003
3,100493e+003;2,334893e-003
3,100975e+003;2,326398e-003
3,101457e+003;2,314306e-003
3,101939e+003;2,299916e-003
3,102422e+003;2,283427e-003
3,102904e+003;2,263876e-003
3,103386e+003;2,240628e-003
3,103868e+003;2,213751e-003
3,104350e+003;2,184645e-003
3,104832e+003;2,155507e-003
3,105314e+003;2,128536e-003
3,105796e+003;2,105695e-003
3,106279e+003;2,087383e-003
3,106760e+003;2,073600e-003
3,107243e+003;2,064045e-003
3,107725e+003;2,058918e-003
3,108207e+003;2,058652e-003
3,108689e+003;2,063978e-003
3,109171e+003;2,075098e-003
3,109653e+003;2,090679e-003
3,110135e+003;2,108925e-003
3,110617e+003;2,126572e-003
3,111100e+003;2,140723e-003
3,111582e+003;2,149614e-003
3,112064e+003;2,153077e-003
3,112546e+003;2,152577e-003
3,113028e+003;2,149847e-003
3,113510e+003;2,147116e-003
3,113992e+003;2,144919e-003
3,114474e+003;2,142821e-003
3,114957e+003;2,139391e-003
3,115439e+003;2,133231e-003
3,115921e+003;2,123542e-003
3,116403e+003;2,111089e-003
3,116885e+003;2,097771e-003
3,117367e+003;2,085752e-003
3,117849e+003;2,077162e-003
3,118331e+003;2,071969e-003
3,118813e+003;2,069205e-003
3,119296e+003;2,066242e-003
3,119778e+003;2,060649e-003
3,120260e+003;2,050762e-003
3,120742e+003;2,036680e-003
3,121224e+003;2,020402e-003
3,121706e+003;2,005389e-003
3,122188e+003;1,994471e-003
3,122670e+003;1,989677e-003
3,123153e+003;1,990576e-003
3,123635e+003;1,994737e-003
3,124117e+003;1,998332e-003
3,124599e+003;1,997799e-003
3,125081e+003;1,991475e-003
3,125563e+003;1,979891e-003
3,126045e+003;1,966511e-003
3,126527e+003;1,955694e-003
3,127010e+003;1,952232e-003
3,127492e+003;1,958656e-003
3,127974e+003;1,974599e-003
3,128456e+003;1,996701e-003
3,128938e+003;2,020368e-003
3,129420e+003;2,040575e-003
3,129902e+003;2,053525e-003
3,130384e+003;2,058485e-003
3,130866e+003;2,056854e-003
3,131349e+003;2,051827e-003
3,131831e+003;2,046767e-003
3,132313e+003;2,043804e-003
3,132795e+003;2,043538e-003
3,133277e+003;2,044237e-003
3,133759e+003;2,043471e-003
3,134241e+003;2,039110e-003
3,134723e+003;2,029889e-003
3,135206e+003;2,016607e-003
3,135688e+003;2,001095e-003
3,136170e+003;1,986216e-003
3,136652e+003;1,974266e-003
3,137134e+003;1,966644e-003
3,137616e+003;1,962816e-003
3,138098e+003;1,961152e-003
3,138580e+003;1,959455e-003
3,139063e+003;1,955594e-003
3,139544e+003;1,948338e-003
3,140027e+003;1,937987e-003
3,140509e+003;1,925673e-003
3,140991e+003;1,912760e-003
3,141473e+003;1,900579e-003
3,141955e+003;1,889564e-003
3,142437e+003;1,879381e-003
3,142919e+003;1,869597e-003
3,143401e+003;1,859947e-003
3,143884e+003;1,851695e-003
3,144366e+003;1,846837e-003
3,144848e+003;1,847801e-003
3,145330e+003;1,856919e-003
3,145812e+003;1,874023e-003
3,146294e+003;1,896819e-003
3,146776e+003;1,920348e-003
3,147258e+003;1,938320e-003
3,147740e+003;1,945808e-003
3,148223e+003;1,940250e-003
3,148705e+003;1,923909e-003
3,149187e+003;1,902576e-003
3,149669e+003;1,885404e-003
3,150151e+003;1,881244e-003
3,150633e+003;1,896153e-003
3,151115e+003;1,931564e-003
3,151597e+003;1,983153e-003
3,152080e+003;2,042705e-003
3,152562e+003;2,099236e-003
3,153044e+003;2,142654e-003
3,153526e+003;2,166430e-003
3,154008e+003;2,168128e-003
3,154490e+003;2,150013e-003
3,154972e+003;2,118347e-003
3,155454e+003;2,081291e-003
3,155937e+003;2,046268e-003
3,156419e+003;2,019170e-003
3,156901e+003;2,002659e-003
3,157383e+003;1,996268e-003
3,157865e+003;1,996368e-003
3,158347e+003;1,998199e-003
3,158829e+003;1,996801e-003
3,159311e+003;1,988379e-003
3,159793e+003;1,971603e-003
3,160276e+003;1,947839e-003
3,160758e+003;1,920281e-003
3,161240e+003;1,892925e-003
3,161722e+003;1,869165e-003
3,162204e+003;1,850530e-003
3,162686e+003;1,836355e-003
3,163168e+003;1,824609e-003
3,163650e+003;1,812365e-003
3,164133e+003;1,798557e-003
3,164615e+003;1,783651e-003
3,165097e+003;1,770876e-003
3,165579e+003;1,764954e-003
3,166061e+003;1,770477e-003
3,166543e+003;1,790505e-003
3,167025e+003;1,825308e-003
3,167507e+003;1,871461e-003
3,167990e+003;1,923110e-003
3,168471e+003;1,972935e-003
3,168954e+003;2,014177e-003
3,169436e+003;2,041540e-003
3,169918e+003;2,053026e-003
3,170400e+003;2,048931e-003
3,170882e+003;2,031786e-003
3,171364e+003;2,005389e-003
3,171846e+003;1,973734e-003
3,172328e+003;1,940417e-003
3,172811e+003;1,908700e-003
3,173293e+003;1,881278e-003
3,173775e+003;1,860679e-003
3,174257e+003;1,848900e-003
3,174739e+003;1,847602e-003
3,175221e+003;1,857418e-003
3,175703e+003;1,877318e-003
3,176185e+003;1,904606e-003
3,176667e+003;1,935258e-003
3,177150e+003;1,964347e-003
3,177632e+003;1,987447e-003
3,178114e+003;2,001627e-003
3,178596e+003;2,006088e-003
3,179078e+003;2,001594e-003
3,179560e+003;1,990643e-003
3,180042e+003;1,974832e-003
3,180524e+003;1,955327e-003
3,181007e+003;1,931930e-003
3,181489e+003;1,904107e-003
3,181971e+003;1,871594e-003
3,182453e+003;1,835789e-003
3,182935e+003;1,800087e-003
3,183417e+003;1,769645e-003
3,183899e+003;1,749584e-003
3,184381e+003;1,744128e-003
3,184864e+003;1,754275e-003
3,185346e+003;1,778262e-003
3,185828e+003;1,811167e-003
3,186310e+003;1,846570e-003
3,186792e+003;1,878782e-003
3,187274e+003;1,903109e-003
3,187756e+003;1,916953e-003
3,188238e+003;1,919682e-003
3,188720e+003;1,911795e-003
3,189203e+003;1,894889e-003
3,189685e+003;1,871428e-003
3,190167e+003;1,844674e-003
3,190649e+003;1,818720e-003
3,191131e+003;1,798623e-003
3,191613e+003;1,789208e-003
3,192095e+003;1,793699e-003
3,192577e+003;1,812564e-003
3,193060e+003;1,843010e-003
3,193542e+003;1,879414e-003
3,194024e+003;1,914657e-003
3,194506e+003;1,941349e-003
3,194988e+003;1,954229e-003
3,195470e+003;1,951001e-003
3,195952e+003;1,932362e-003
3,196434e+003;1,900812e-003
3,196917e+003;1,860713e-003
3,197398e+003;1,815659e-003
3,197881e+003;1,768747e-003
3,198363e+003;1,721939e-003
3,198845e+003;1,676434e-003
3,199327e+003;1,632530e-003
3,199809e+003;1,590526e-003
3,200291e+003;1,550090e-003
3,200773e+003;1,511452e-003
3,201255e+003;1,474181e-003
3,201738e+003;1,439040e-003
3,202220e+003;1,407161e-003
3,202702e+003;1,380435e-003
3,203184e+003;1,361888e-003
3,203666e+003;1,354542e-003
3,204148e+003;1,360492e-003
3,204630e+003;1,380634e-003
3,205112e+003;1,413576e-003
3,205594e+003;1,456394e-003
3,206077e+003;1,504237e-003
3,206559e+003;1,552018e-003
3,207041e+003;1,594916e-003
3,207523e+003;1,628872e-003
3,208005e+003;1,651821e-003
3,208487e+003;1,662664e-003
3,208969e+003;1,662331e-003
3,209451e+003;1,652586e-003
3,209934e+003;1,636022e-003
3,210416e+003;1,615369e-003
3,210898e+003;1,592888e-003
3,211380e+003;1,570707e-003
3,211862e+003;1,550056e-003
3,212344e+003;1,531901e-003
3,212826e+003;1,516739e-003
3,213308e+003;1,504669e-003
3,213791e+003;1,495559e-003
3,214273e+003;1,488543e-003
3,214755e+003;1,482193e-003
3,215237e+003;1,474779e-003
3,215719e+003;1,464606e-003
3,216201e+003;1,450975e-003
3,216683e+003;1,434785e-003
3,217165e+003;1,418562e-003
3,217647e+003;1,405930e-003
3,218130e+003;1,400346e-003
3,218612e+003;1,403770e-003
3,219094e+003;1,415770e-003
3,219576e+003;1,433056e-003
3,220058e+003;1,450277e-003
3,220540e+003;1,462677e-003
3,221022e+003;1,466999e-003
3,221504e+003;1,462777e-003
3,221987e+003;1,452438e-003
3,222469e+003;1,440570e-003
3,222951e+003;1,431760e-003
3,223433e+003;1,428934e-003
3,223915e+003;1,433322e-003
3,224397e+003;1,443528e-003
3,224879e+003;1,457258e-003
3,225361e+003;1,471887e-003
3,225844e+003;1,485518e-003
3,226325e+003;1,497254e-003
3,226808e+003;1,507063e-003
3,227290e+003;1,514910e-003
3,227772e+003;1,520695e-003
3,228254e+003;1,524286e-003
3,228736e+003;1,524852e-003
3,229218e+003;1,522092e-003
3,229700e+003;1,515741e-003
3,230182e+003;1,505866e-003
3,230665e+003;1,492234e-003
3,231147e+003;1,474912e-003
3,231629e+003;1,453734e-003
3,232111e+003;1,429566e-003
3,232593e+003;1,404235e-003
3,233075e+003;1,380369e-003
3,233557e+003;1,361755e-003
3,234039e+003;1,350521e-003
3,234521e+003;1,348061e-003
3,235004e+003;1,352880e-003
3,235486e+003;1,361622e-003
3,235968e+003;1,369799e-003
3,236450e+003;1,373255e-003
3,236932e+003;1,369832e-003
3,237414e+003;1,359129e-003
3,237896e+003;1,343175e-003
3,238378e+003;1,325327e-003
3,238861e+003;1,309541e-003
3,239343e+003;1,298541e-003
3,239825e+003;1,295284e-003
3,240307e+003;1,301133e-003
3,240789e+003;1,316720e-003
3,241271e+003;1,341513e-003
3,241753e+003;1,374253e-003
3,242235e+003;1,411316e-003
3,242718e+003;1,448415e-003
3,243200e+003;1,481129e-003
3,243682e+003;1,505932e-003
3,244164e+003;1,521460e-003
3,244646e+003;1,528709e-003
3,245128e+003;1,530571e-003
3,245610e+003;1,530039e-003
3,246092e+003;1,528343e-003
3,246574e+003;1,524519e-003
3,247057e+003;1,514910e-003
3,247539e+003;1,495459e-003
3,248021e+003;1,463708e-003
3,248503e+003;1,420158e-003
3,248985e+003;1,369233e-003
3,249467e+003;1,318315e-003
3,249949e+003;1,275012e-003
3,250431e+003;1,245171e-003
3,250914e+003;1,231082e-003
3,251396e+003;1,231481e-003
3,251878e+003;1,241981e-003
3,252360e+003;1,257068e-003
3,252842e+003;1,272387e-003
3,253324e+003;1,284483e-003
3,253806e+003;1,292326e-003
3,254288e+003;1,295749e-003
3,254771e+003;1,295649e-003
3,255252e+003;1,293489e-003
3,255735e+003;1,290631e-003
3,256217e+003;1,289468e-003
3,256699e+003;1,291728e-003
3,257181e+003;1,298906e-003
3,257663e+003;1,310671e-003
3,258145e+003;1,325261e-003
3,258627e+003;1,338755e-003
3,259109e+003;1,346698e-003
3,259592e+003;1,346067e-003
3,260074e+003;1,335996e-003
3,260556e+003;1,318415e-003
3,261038e+003;1,297876e-003
3,261520e+003;1,279233e-003
3,262002e+003;1,266173e-003
3,262484e+003;1,260125e-003
3,262966e+003;1,259327e-003
3,263448e+003;1,260955e-003
3,263931e+003;1,261686e-003
3,264413e+003;1,259958e-003
3,264895e+003;1,255771e-003
3,265377e+003;1,250953e-003
3,265859e+003;1,247597e-003
3,266341e+003;1,246700e-003
3,266823e+003;1,248361e-003
3,267305e+003;1,250521e-003
3,267788e+003;1,251119e-003
3,268270e+003;1,248494e-003
3,268752e+003;1,242314e-003
3,269234e+003;1,234173e-003
3,269716e+003;1,226829e-003
3,270198e+003;1,223440e-003
3,270680e+003;1,226929e-003
3,271162e+003;1,238625e-003
3,271645e+003;1,258330e-003
3,272127e+003;1,284118e-003
3,272609e+003;1,312831e-003
3,273091e+003;1,340549e-003
3,273573e+003;1,363550e-003
3,274055e+003;1,378840e-003
3,274537e+003;1,384889e-003
3,275019e+003;1,381299e-003
3,275501e+003;1,368901e-003
3,275984e+003;1,349224e-003
3,276466e+003;1,324031e-003
3,276948e+003;1,294885e-003
3,277430e+003;1,263248e-003
3,277912e+003;1,231448e-003
3,278394e+003;1,202906e-003
3,278876e+003;1,181708e-003
3,279358e+003;1,172372e-003
3,279841e+003;1,177954e-003
3,280323e+003;1,198420e-003
3,280805e+003;1,229753e-003
3,281287e+003;1,264544e-003
3,281769e+003;1,292791e-003
3,282251e+003;1,306151e-003
3,282733e+003;1,299538e-003
3,283215e+003;1,273517e-003
3,283698e+003;1,233176e-003
3,284179e+003;1,187356e-003
3,284662e+003;1,144897e-003
3,285144e+003;1,111378e-003
3,285626e+003;1,088856e-003
3,286108e+003;1,074972e-003
3,286590e+003;1,065671e-003
3,287072e+003;1,057035e-003
3,287554e+003;1,047536e-003
3,288036e+003;1,038668e-003
3,288519e+003;1,034051e-003
3,289001e+003;1,038203e-003
3,289483e+003;1,054079e-003
3,289965e+003;1,082412e-003
3,290447e+003;1,120978e-003
3,290929e+003;1,165163e-003
3,291411e+003;1,208654e-003
3,291893e+003;1,246301e-003
3,292375e+003;1,273417e-003
3,292858e+003;1,287740e-003
3,293340e+003;1,289933e-003
3,293822e+003;1,283187e-003
3,294304e+003;1,272320e-003
3,294786e+003;1,262949e-003
3,295268e+003;1,260025e-003
3,295750e+003;1,265209e-003
3,296232e+003;1,277737e-003
3,296715e+003;1,292559e-003
3,297197e+003;1,303393e-003
3,297679e+003;1,303659e-003
3,298161e+003;1,289734e-003
3,298643e+003;1,261421e-003
3,299125e+003;1,222875e-003
3,299607e+003;1,181110e-003
3,300089e+003;1,143435e-003
3,300572e+003;1,116162e-003
3,301054e+003;1,102774e-003
3,301536e+003;1,103505e-003
3,302018e+003;1,116162e-003
3,302500e+003;1,136991e-003
3,302982e+003;1,161176e-003
3,303464e+003;1,184067e-003
3,303946e+003;1,200945e-003
3,304428e+003;1,207558e-003
3,304911e+003;1,201776e-003
3,305393e+003;1,183668e-003
3,305875e+003;1,156924e-003
3,306357e+003;1,128320e-003
3,306839e+003;1,106063e-003
3,307321e+003;1,097925e-003
3,307803e+003;1,107691e-003
3,308285e+003;1,133668e-003
3,308768e+003;1,168784e-003
3,309250e+003;1,202839e-003
3,309732e+003;1,225965e-003
3,310214e+003;1,231880e-003
3,310696e+003;1,220383e-003
3,311178e+003;1,197025e-003
3,311660e+003;1,170578e-003
3,312142e+003;1,149914e-003
3,312625e+003;1,141376e-003
3,313106e+003;1,147090e-003
3,313589e+003;1,164565e-003
3,314071e+003;1,189184e-003
3,314553e+003;1,216628e-003
3,315035e+003;1,243443e-003
3,315517e+003;1,267801e-003
3,315999e+003;1,289634e-003
3,316481e+003;1,308477e-003
3,316963e+003;1,323400e-003
3,317446e+003;1,332772e-003
3,317928e+003;1,335065e-003
3,318410e+003;1,329349e-003
3,318892e+003;1,316553e-003
3,319374e+003;1,298939e-003
3,319856e+003;1,279000e-003
3,320338e+003;1,258962e-003
3,320820e+003;1,239423e-003
3,321302e+003;1,219087e-003
3,321785e+003;1,195928e-003
3,322267e+003;1,167987e-003
3,322749e+003;1,134732e-003
3,323231e+003;1,098456e-003
3,323713e+003;1,063114e-003
3,324195e+003;1,033885e-003
3,324677e+003;1,016183e-003
3,325159e+003;1,012995e-003
3,325642e+003;1,024984e-003
3,326124e+003;1,049595e-003
3,326606e+003;1,081947e-003
3,327088e+003;1,116228e-003
3,327570e+003;1,146724e-003
3,328052e+003;1,170379e-003
3,328534e+003;1,186459e-003
3,329016e+003;1,197257e-003
3,329499e+003;1,206727e-003
3,329981e+003;1,219087e-003
3,330463e+003;1,237230e-003
3,330945e+003;1,261387e-003
3,331427e+003;1,289102e-003
3,331909e+003;1,315856e-003
3,332391e+003;1,336628e-003
3,332873e+003;1,347629e-003
3,333355e+003;1,346997e-003
3,333838e+003;1,336162e-003
3,334320e+003;1,318182e-003
3,334802e+003;1,297311e-003
3,335284e+003;1,277604e-003
3,335766e+003;1,261587e-003
3,336248e+003;1,250422e-003
3,336730e+003;1,243842e-003
3,337212e+003;1,240818e-003
3,337695e+003;1,240220e-003
3,338177e+003;1,241350e-003
3,338659e+003;1,242912e-003
3,339141e+003;1,244108e-003
3,339623e+003;1,243543e-003
3,340105e+003;1,239888e-003
3,340587e+003;1,232279e-003
3,341069e+003;1,219818e-003
3,341552e+003;1,203305e-003
3,342033e+003;1,183369e-003
3,342516e+003;1,161674e-003
3,342998e+003;1,139648e-003
3,343480e+003;1,119317e-003
3,343962e+003;1,102442e-003
3,344444e+003;1,091082e-003
3,344926e+003;1,087162e-003
3,345408e+003;1,091813e-003
3,345890e+003;1,105797e-003
3,346373e+003;1,127656e-003
3,346855e+003;1,154997e-003
3,347337e+003;1,183602e-003
3,347819e+003;1,209917e-003
3,348301e+003;1,231149e-003
3,348783e+003;1,246268e-003
3,349265e+003;1,256204e-003
3,349747e+003;1,263248e-003
3,350229e+003;1,269994e-003
3,350712e+003;1,278501e-003
3,351194e+003;1,288837e-003
3,351676e+003;1,300036e-003
3,352158e+003;1,310239e-003
3,352640e+003;1,317617e-003
3,353122e+003;1,321007e-003
3,353604e+003;1,320209e-003
3,354086e+003;1,315822e-003
3,354569e+003;1,309109e-003
3,355051e+003;1,300767e-003
3,355533e+003;1,291163e-003
3,356015e+003;1,280495e-003
3,356497e+003;1,268466e-003
3,356979e+003;1,254941e-003
3,357461e+003;1,240320e-003
3,357943e+003;1,224902e-003
3,358426e+003;1,209186e-003
3,358908e+003;1,193868e-003
3,359390e+003;1,179582e-003
3,359872e+003;1,167256e-003
3,360354e+003;1,157854e-003
3,360836e+003;1,152339e-003
3,361318e+003;1,151110e-003
3,361800e+003;1,153601e-003
3,362282e+003;1,158020e-003
3,362765e+003;1,161807e-003
3,363247e+003;1,161940e-003
3,363729e+003;1,156425e-003
3,364211e+003;1,144465e-003
3,364693e+003;1,127157e-003
3,365175e+003;1,107425e-003
3,365657e+003;1,088690e-003
3,366139e+003;1,074274e-003
3,366622e+003;1,066402e-003
3,367104e+003;1,065439e-003
3,367586e+003;1,070820e-003
3,368068e+003;1,080552e-003
3,368550e+003;1,092776e-003
3,369032e+003;1,105531e-003
3,369514e+003;1,117291e-003
3,369996e+003;1,126493e-003
3,370479e+003;1,131642e-003
3,370961e+003;1,131609e-003
3,371443e+003;1,125596e-003
3,371925e+003;1,113903e-003
3,372407e+003;1,098423e-003
3,372889e+003;1,082711e-003
3,373371e+003;1,071384e-003
3,373853e+003;1,068760e-003
3,374335e+003;1,078260e-003
3,374818e+003;1,100516e-003
3,375300e+003;1,133768e-003
3,375782e+003;1,173103e-003
3,376264e+003;1,212874e-003
3,376746e+003;1,247331e-003
3,377228e+003;1,272619e-003
3,377710e+003;1,287142e-003
3,378192e+003;1,292060e-003
3,378675e+003;1,289933e-003
3,379156e+003;1,283951e-003
3,379639e+003;1,275577e-003
3,380121e+003;1,264644e-003
3,380603e+003;1,249558e-003
3,381085e+003;1,227660e-003
3,381567e+003;1,197125e-003
3,382049e+003;1,158252e-003
3,382531e+003;1,115165e-003
3,383013e+003;1,074008e-003
3,383496e+003;1,042421e-003
3,383978e+003;1,027475e-003
3,384460e+003;1,033055e-003
3,384942e+003;1,058796e-003
3,385424e+003;1,099253e-003
3,385906e+003;1,147057e-003
3,386388e+003;1,193237e-003
3,386870e+003;1,229653e-003
3,387353e+003;1,252183e-003
3,387835e+003;1,259261e-003
3,388317e+003;1,252548e-003
3,388799e+003;1,235336e-003
3,389281e+003;1,211445e-003
3,389763e+003;1,183835e-003
3,390245e+003;1,154764e-003
3,390727e+003;1,125596e-003
3,391209e+003;1,097925e-003
3,391692e+003;1,074108e-003
3,392174e+003;1,056404e-003
3,392656e+003;1,047503e-003
3,393138e+003;1,048864e-003
3,393620e+003;1,059560e-003
3,394102e+003;1,077396e-003
3,394584e+003;1,097626e-003
3,395066e+003;1,115398e-003
3,395549e+003;1,126692e-003
3,396031e+003;1,129516e-003
3,396513e+003;1,124500e-003
3,396995e+003;1,114334e-003
3,397477e+003;1,103140e-003
3,397959e+003;1,093905e-003
3,398441e+003;1,088756e-003
3,398923e+003;1,087494e-003
3,399406e+003;1,088491e-003
3,399888e+003;1,089919e-003
3,400370e+003;1,090716e-003
3,400852e+003;1,091447e-003
3,401334e+003;1,094370e-003
3,401816e+003;1,101745e-003
3,402298e+003;1,114800e-003
3,402780e+003;1,133071e-003
3,403262e+003;1,153934e-003
3,403745e+003;1,173003e-003
3,404227e+003;1,185529e-003
3,404709e+003;1,188719e-003
3,405191e+003;1,181343e-003
3,405673e+003;1,164797e-003
3,406155e+003;1,141774e-003
3,406637e+003;1,115863e-003
3,407119e+003;1,090085e-003
3,407602e+003;1,066834e-003
3,408083e+003;1,048333e-003
3,408566e+003;1,036941e-003
3,409048e+003;1,035147e-003
3,409530e+003;1,045145e-003
3,410012e+003;1,067930e-003
3,410494e+003;1,102808e-003
3,410976e+003;1,145628e-003
3,411458e+003;1,191011e-003
3,411940e+003;1,232079e-003
3,412423e+003;1,263215e-003
3,412905e+003;1,281758e-003
3,413387e+003;1,288205e-003
3,413869e+003;1,286145e-003
3,414351e+003;1,280130e-003
3,414833e+003;1,274514e-003
3,415315e+003;1,271822e-003
3,415797e+003;1,272619e-003
3,416280e+003;1,275378e-003
3,416762e+003;1,278236e-003
3,417244e+003;1,279731e-003
3,417726e+003;1,278369e-003
3,418208e+003;1,273450e-003
3,418690e+003;1,263847e-003
3,419172e+003;1,247863e-003
3,419654e+003;1,224171e-003
3,420136e+003;1,192407e-003
3,420619e+003;1,154266e-003
3,421101e+003;1,113604e-003
3,421583e+003;1,076499e-003
3,422065e+003;1,049130e-003
3,422547e+003;1,036044e-003
3,423029e+003;1,039033e-003
3,423511e+003;1,056570e-003
3,423993e+003;1,084770e-003
3,424476e+003;1,118288e-003
3,424958e+003;1,152870e-003
3,425440e+003;1,185263e-003
3,425922e+003;1,213505e-003
3,426404e+003;1,236930e-003
3,426886e+003;1,255406e-003
3,427368e+003;1,267734e-003
3,427850e+003;1,272952e-003
3,428333e+003;1,270360e-003
3,428815e+003;1,259759e-003
3,429297e+003;1,242712e-003
3,429779e+003;1,221912e-003
3,430261e+003;1,200647e-003
3,430743e+003;1,181675e-003
3,431225e+003;1,166758e-003
3,431707e+003;1,156093e-003
3,432189e+003;1,148120e-003
3,432672e+003;1,140612e-003
3,433154e+003;1,130878e-003
3,433636e+003;1,116195e-003
3,434118e+003;1,095267e-003
3,434600e+003;1,067996e-003
3,435082e+003;1,035911e-003
3,435564e+003;1,002400e-003
3,436046e+003;9,725118e-004
3,436529e+003;9,518235e-004
3,437010e+003;9,449498e-004
3,437493e+003;9,546793e-004
3,437975e+003;9,800502e-004
3,438457e+003;1,017080e-003
3,438939e+003;1,059028e-003
3,439421e+003;1,098257e-003
3,439903e+003;1,128619e-003
3,440385e+003;1,146259e-003
3,440867e+003;1,150478e-003
3,441350e+003;1,143901e-003
3,441832e+003;1,130911e-003
3,442314e+003;1,115597e-003
3,442796e+003;1,102010e-003
3,443278e+003;1,093075e-003
3,443760e+003;1,089985e-003
3,444242e+003;1,093772e-003
3,444724e+003;1,104468e-003
3,445207e+003;1,121311e-003
3,445689e+003;1,142671e-003
3,446171e+003;1,165495e-003
3,446653e+003;1,186061e-003
3,447135e+003;1,200680e-003
3,447617e+003;1,206694e-003
3,448099e+003;1,203537e-003
3,448581e+003;1,191975e-003
3,449063e+003;1,173568e-003
3,449546e+003;1,150146e-003
3,450028e+003;1,123204e-003
3,450510e+003;1,093772e-003
3,450992e+003;1,063911e-003
3,451474e+003;1,036509e-003
3,451956e+003;1,015253e-003
3,452438e+003;1,004061e-003
3,452920e+003;1,004991e-003
3,453403e+003;1,017644e-003
3,453885e+003;1,037572e-003
3,454367e+003;1,058198e-003
3,454849e+003;1,072215e-003
3,455331e+003;1,074274e-003
3,455813e+003;1,063313e-003
3,456295e+003;1,042554e-003
3,456777e+003;1,019405e-003
3,457260e+003;1,000939e-003
3,457742e+003;9,933340e-004
3,458224e+003;9,985479e-004
3,458706e+003;1,014323e-003
3,459188e+003;1,035247e-003
3,459670e+003;1,055375e-003
3,460152e+003;1,069823e-003
3,460634e+003;1,075702e-003
3,461116e+003;1,073078e-003
3,461599e+003;1,062781e-003
3,462081e+003;1,046606e-003
3,462563e+003;1,025715e-003
3,463045e+003;1,001470e-003
3,463527e+003;9,756002e-004
3,464009e+003;9,502628e-004
3,464491e+003;9,293099e-004
3,464973e+003;9,164598e-004
3,465456e+003;9,146668e-004
3,465938e+003;9,245616e-004
3,466420e+003;9,442857e-004
3,466902e+003;9,695895e-004
3,467384e+003;9,944963e-004
3,467866e+003;1,013758e-003
3,468348e+003;1,024054e-003
3,468830e+003;1,024320e-003
3,469313e+003;1,016681e-003
3,469794e+003;1,004758e-003
3,470277e+003;9,932010e-004
3,470759e+003;9,864595e-004
3,471241e+003;9,874227e-004
3,471723e+003;9,970203e-004
3,472205e+003;1,014024e-003
3,472687e+003;1,035081e-003
3,473169e+003;1,055839e-003
3,473651e+003;1,072879e-003
3,474134e+003;1,084305e-003
3,474616e+003;1,090816e-003
3,475098e+003;1,095599e-003
3,475580e+003;1,103273e-003
3,476062e+003;1,116726e-003
3,476544e+003;1,136725e-003
3,477026e+003;1,160213e-003
3,477508e+003;1,181011e-003
3,477990e+003;1,191941e-003
3,478473e+003;1,187223e-003
3,478955e+003;1,165229e-003
3,479437e+003;1,129283e-003
3,479919e+003;1,087062e-003
3,480401e+003;1,047935e-003
3,480883e+003;1,020567e-003
3,481365e+003;1,008445e-003
3,481847e+003;1,010039e-003
3,482330e+003;1,019172e-003
3,482812e+003;1,028305e-003
3,483294e+003;1,031062e-003
3,483776e+003;1,024519e-003
3,484258e+003;1,009939e-003
3,484740e+003;9,904115e-004
3,485222e+003;9,711835e-004
3,485704e+003;9,552106e-004
3,486187e+003;9,442192e-004
3,486669e+003;9,375117e-004
3,487151e+003;9,328297e-004
3,487633e+003;9,275501e-004
3,488115e+003;9,193154e-004
3,488597e+003;9,070300e-004
3,489079e+003;8,903954e-004
3,489561e+003;8,698438e-004
3,490043e+003;8,461726e-004
3,490526e+003;8,210751e-004
3,491008e+003;7,964438e-004
3,491490e+003;7,746685e-004
3,491972e+003;7,580722e-004
3,492454e+003;7,485131e-004
3,492936e+003;7,465548e-004
3,493418e+003;7,518986e-004
3,493900e+003;7,624204e-004
3,494383e+003;7,761290e-004
3,494865e+003;7,912655e-004
3,495347e+003;8,069003e-004
3,495829e+003;8,232993e-004
3,496311e+003;8,417572e-004
3,496793e+003;8,634694e-004
3,497275e+003;8,890009e-004
3,497757e+003;9,176551e-004
3,498240e+003;9,472078e-004
3,498721e+003;9,745043e-004
3,499204e+003;9,957915e-004
3,499686e+003;1,007581e-003
3,500168e+003;1,007050e-003
3,500650e+003;9,927362e-004
3,501132e+003;9,650068e-004
3,501614e+003;9,262219e-004
3,502096e+003;8,815638e-004
3,502578e+003;8,376074e-004
3,503061e+003;8,010911e-004
3,503543e+003;7,786849e-004
3,504025e+003;7,740047e-004
3,504507e+003;7,880788e-004
3,504989e+003;8,191165e-004
3,505471e+003;8,638014e-004
3,505953e+003;9,169579e-004
3,506435e+003;9,732424e-004
3,506917e+003;1,027243e-003
3,507400e+003;1,073278e-003
3,507882e+003;1,106362e-003
3,508364e+003;1,122905e-003
3,508846e+003;1,121311e-003
3,509328e+003;1,103306e-003
3,509810e+003;1,073377e-003
3,510292e+003;1,038701e-003
3,510774e+003;1,006452e-003
3,511257e+003;9,827401e-004
3,511739e+003;9,715820e-004
3,512221e+003;9,732424e-004
3,512703e+003;9,845335e-004
3,513185e+003;1,000242e-003
3,513667e+003;1,014489e-003
3,514149e+003;1,022161e-003
3,514631e+003;1,020334e-003
3,515114e+003;1,009209e-003
3,515596e+003;9,918394e-004
3,516078e+003;9,724786e-004
3,516560e+003;9,551442e-004
3,517042e+003;9,421937e-004
3,517524e+003;9,337594e-004
3,518006e+003;9,276165e-004
3,518488e+003;9,203115e-004
3,518970e+003;9,094870e-004
3,519453e+003;8,947781e-004
3,519935e+003;8,781441e-004
3,520417e+003;8,643326e-004
3,520899e+003;8,582570e-004
3,521381e+003;8,639010e-004
3,521863e+003;8,820950e-004
3,522345e+003;9,096530e-004
3,522827e+003;9,399689e-004
3,523310e+003;9,653057e-004
3,523792e+003;9,795189e-004
3,524274e+003;9,798177e-004
3,524756e+003;9,679955e-004
3,525238e+003;9,490674e-004
3,525720e+003;9,286791e-004
3,526202e+003;9,117781e-004
3,526684e+003;9,009206e-004
3,527167e+003;8,964050e-004
3,527648e+003;8,966706e-004
3,528131e+003;9,005886e-004
3,528613e+003;9,075612e-004
3,529095e+003;9,181200e-004
3,529577e+003;9,329625e-004
3,530059e+003;9,511262e-004
3,530541e+003;9,695231e-004
3,531023e+003;9,832714e-004
3,531505e+003;9,874227e-004
3,531988e+003;9,787551e-004
3,532470e+003;9,579668e-004
3,532952e+003;9,295092e-004
3,533434e+003;9,016843e-004
3,533916e+003;8,827590e-004
3,534398e+003;8,791069e-004
3,534880e+003;8,928524e-004
3,535362e+003;9,200458e-004
3,535844e+003;9,523549e-004
3,536327e+003;9,796849e-004
3,536809e+003;9,949944e-004
3,537291e+003;9,952269e-004
3,537773e+003;9,824081e-004
3,538255e+003;9,626159e-004
3,538737e+003;9,427914e-004
3,539219e+003;9,286127e-004
3,539701e+003;9,230010e-004
3,540184e+003;9,264543e-004
3,540666e+003;9,367479e-004
3,541148e+003;9,508273e-004
3,541630e+003;9,650068e-004
3,542112e+003;9,763640e-004
3,542594e+003;9,822752e-004
3,543076e+003;9,806147e-004
3,543558e+003;9,704197e-004
3,544041e+003;9,514582e-004
3,544523e+003;9,252921e-004
3,545005e+003;8,951101e-004
3,545487e+003;8,655278e-004
3,545969e+003;8,411928e-004
3,546451e+003;8,250919e-004
3,546933e+003;8,180542e-004
3,547415e+003;8,187845e-004
3,547897e+003;8,242952e-004
3,548380e+003;8,314658e-004
3,548862e+003;8,383045e-004
3,549344e+003;8,441474e-004
3,549826e+003;8,496584e-004
3,550308e+003;8,565970e-004
3,550790e+003;8,670218e-004
3,551272e+003;8,821946e-004
3,551754e+003;9,025807e-004
3,552237e+003;9,261887e-004
3,552719e+003;9,500968e-004
3,553201e+003;9,705526e-004
3,553683e+003;9,837032e-004
3,554165e+003;9,866920e-004
3,554647e+003;9,782237e-004
3,555129e+003;9,594280e-004
3,555611e+003;9,323648e-004
3,556094e+003;9,020827e-004
3,556575e+003;8,742595e-004
3,557058e+003;8,543395e-004
3,557540e+003;8,461726e-004
3,558022e+003;8,509864e-004
3,558504e+003;8,667230e-004
3,558986e+003;8,884365e-004
3,559468e+003;9,097194e-004
3,559950e+003;9,243956e-004
3,560432e+003;9,285130e-004
3,560915e+003;9,214072e-004
3,561397e+003;9,058014e-004
3,561879e+003;8,871749e-004
3,562361e+003;8,722675e-004
3,562843e+003;8,684826e-004
3,563325e+003;8,819290e-004
3,563807e+003;9,168914e-004
3,564289e+003;9,741390e-004
3,564771e+003;1,050060e-003
3,565254e+003;1,134898e-003
3,565736e+003;1,212276e-003
3,566218e+003;1,263847e-003
3,566700e+003;1,274846e-003
3,567182e+003;1,242214e-003
3,567664e+003;1,176259e-003
3,568146e+003;1,094902e-003
3,568628e+003;1,016050e-003
3,569111e+003;9,511262e-004
3,569593e+003;9,061003e-004
3,570075e+003;8,813313e-004
3,570557e+003;8,743591e-004
3,571039e+003;8,808997e-004
3,571521e+003;8,968035e-004
3,572003e+003;9,178544e-004
3,572485e+003;9,400685e-004
3,572968e+003;9,603245e-004
3,573450e+003;9,750689e-004
3,573932e+003;9,814118e-004
3,574414e+003;9,776591e-004
3,574896e+003;9,637449e-004
3,575378e+003;9,423265e-004
3,575860e+003;9,172235e-004
3,576342e+003;8,940808e-004
3,576824e+003;8,768492e-004
3,577307e+003;8,679514e-004
3,577789e+003;8,666898e-004
3,578271e+003;8,708066e-004
3,578753e+003;8,773140e-004
3,579235e+003;8,839875e-004
3,579717e+003;8,907274e-004
3,580199e+003;8,985632e-004
3,580681e+003;9,089889e-004
3,581164e+003;9,220713e-004
3,581646e+003;9,352869e-004
3,582128e+003;9,445845e-004
3,582610e+003;9,452486e-004
3,583092e+003;9,346228e-004
3,583574e+003;9,130398e-004
3,584056e+003;8,850167e-004
3,584538e+003;8,586554e-004
3,585021e+003;8,432179e-004
3,585502e+003;8,468033e-004
3,585985e+003;8,730643e-004
3,586467e+003;9,188837e-004
3,586949e+003;9,745708e-004
3,587431e+003;1,027973e-003
3,587913e+003;1,072215e-003
3,588395e+003;1,106594e-003
3,588877e+003;1,135761e-003
3,589359e+003;1,164664e-003
3,589842e+003;1,195729e-003
3,590324e+003;1,227328e-003
3,590806e+003;1,254309e-003
3,591288e+003;1,269795e-003
3,591770e+003;1,267934e-003
3,592252e+003;1,245138e-003
3,592734e+003;1,202441e-003
3,593216e+003;1,145130e-003
3,593698e+003;1,081349e-003
3,594181e+003;1,019504e-003
3,594663e+003;9,652725e-004
3,595145e+003;9,209756e-004
3,595627e+003;8,868428e-004
3,596109e+003;8,625398e-004
3,596591e+003;8,488616e-004
3,597073e+003;8,482308e-004
3,597555e+003;8,624734e-004
3,598038e+003;8,916571e-004
3,598520e+003;9,324313e-004
3,599002e+003;9,773935e-004
3,599484e+003;1,016249e-003
3,599966e+003;1,040594e-003
3,600448e+003;1,045410e-003
3,600930e+003;1,032656e-003
3,601412e+003;1,010271e-003
3,601895e+003;9,898802e-004
3,602377e+003;9,817438e-004
3,602859e+003;9,921052e-004
3,603341e+003;1,021530e-003
3,603823e+003;1,065837e-003
3,604305e+003;1,117058e-003
3,604787e+003;1,165993e-003
3,605269e+003;1,204634e-003
3,605751e+003;1,227627e-003
3,606234e+003;1,233109e-003
3,606716e+003;1,223207e-003
3,607198e+003;1,202806e-003
3,607680e+003;1,177887e-003
3,608162e+003;1,152937e-003
3,608644e+003;1,130180e-003
3,609126e+003;1,109551e-003
3,609608e+003;1,089620e-003
3,610091e+003;1,069724e-003
3,610573e+003;1,049662e-003
3,611055e+003;1,030863e-003
3,611537e+003;1,015419e-003
3,612019e+003;1,005555e-003
3,612501e+003;1,002566e-003
3,612983e+003;1,006817e-003
3,613465e+003;1,016748e-003
3,613948e+003;1,030431e-003
3,614429e+003;1,045809e-003
3,614912e+003;1,061818e-003
3,615394e+003;1,078027e-003
3,615876e+003;1,094702e-003
3,616358e+003;1,111577e-003
3,616840e+003;1,127556e-003
3,617322e+003;1,140379e-003
3,617804e+003;1,146592e-003
3,618286e+003;1,142306e-003
3,618769e+003;1,125762e-003
3,619251e+003;1,098257e-003
3,619733e+003;1,063844e-003
3,620215e+003;1,028505e-003
3,620697e+003;9,981826e-004
3,621179e+003;9,773271e-004
3,621661e+003;9,681947e-004
3,622143e+003;9,713827e-004
3,622625e+003;9,861607e-004
3,623108e+003;1,010703e-003
3,623590e+003;1,042554e-003
3,624072e+003;1,078825e-003
3,624554e+003;1,116461e-003
3,625036e+003;1,152206e-003
3,625518e+003;1,183037e-003
3,626000e+003;1,205165e-003
3,626482e+003;1,213405e-003
3,626965e+003;1,202042e-003
3,627447e+003;1,166758e-003
3,627929e+003;1,109318e-003
3,628411e+003;1,041989e-003
3,628893e+003;9,853636e-004
3,629375e+003;9,550114e-004
3,629857e+003;9,551110e-004
3,630339e+003;9,790871e-004
3,630822e+003;1,016714e-003
3,631304e+003;1,057733e-003
3,631786e+003;1,093307e-003
3,632268e+003;1,117058e-003
3,632750e+003;1,124633e-003
3,633232e+003;1,115697e-003
3,633714e+003;1,093540e-003
3,634196e+003;1,064708e-003
3,634678e+003;1,036376e-003
3,635161e+003;1,014057e-003
3,635643e+003;1,000806e-003
3,636125e+003;9,973524e-004
3,636607e+003;1,002400e-003
3,637089e+003;1,013493e-003
3,637571e+003;1,027674e-003
3,638053e+003;1,041358e-003
3,638535e+003;1,051422e-003
3,639018e+003;1,055507e-003
3,639500e+003;1,052153e-003
3,639982e+003;1,041989e-003
3,640464e+003;1,027110e-003
3,640946e+003;1,011932e-003
3,641428e+003;1,001371e-003
3,641910e+003;1,000175e-003
3,642392e+003;1,011168e-003
3,642875e+003;1,034516e-003
3,643356e+003;1,067398e-003
3,643839e+003;1,105199e-003
3,644321e+003;1,142871e-003
3,644803e+003;1,175628e-003
3,645285e+003;1,199517e-003
3,645767e+003;1,213405e-003
3,646249e+003;1,218389e-003
3,646731e+003;1,218622e-003
3,647213e+003;1,220018e-003
3,647696e+003;1,227660e-003
3,648178e+003;1,242746e-003
3,648660e+003;1,260789e-003
3,649142e+003;1,273450e-003
3,649624e+003;1,273949e-003
3,650106e+003;1,260723e-003
3,650588e+003;1,237927e-003
3,651070e+003;1,212973e-003
3,651552e+003;1,192539e-003
3,652035e+003;1,180047e-003
3,652517e+003;1,175828e-003
3,652999e+003;1,177987e-003
3,653481e+003;1,183037e-003
3,653963e+003;1,186725e-003
3,654445e+003;1,184599e-003
3,654927e+003;1,173269e-003
3,655409e+003;1,152073e-003
3,655892e+003;1,123337e-003
3,656374e+003;1,091447e-003
3,656856e+003;1,060390e-003
3,657338e+003;1,031527e-003
3,657820e+003;1,004061e-003
3,658302e+003;9,763308e-004
3,658784e+003;9,477724e-004
3,659266e+003;9,191161e-004
3,659749e+003;8,937157e-004
3,660231e+003;8,756208e-004
3,660713e+003;8,686154e-004
3,661195e+003;8,747575e-004
3,661677e+003;8,933504e-004
3,662159e+003;9,212080e-004
3,662641e+003;9,538824e-004
3,663123e+003;9,870240e-004
3,663605e+003;1,017777e-003
3,664088e+003;1,045942e-003
3,664570e+003;1,072945e-003
3,665052e+003;1,101711e-003
3,665534e+003;1,134665e-003
3,666016e+003;1,173037e-003
3,666498e+003;1,215764e-003
3,666980e+003;1,259526e-003
3,667462e+003;1,297710e-003
3,667945e+003;1,320641e-003
3,668427e+003;1,317584e-003
3,668909e+003;1,280063e-003
3,669391e+003;1,208787e-003
3,669873e+003;1,116328e-003
3,670355e+003;1,022958e-003
3,670837e+003;9,475399e-004
3,671319e+003;8,997585e-004
3,671802e+003;8,827258e-004
3,672283e+003;8,949109e-004
3,672766e+003;9,344899e-004
3,673248e+003;9,987804e-004
3,673730e+003;1,082512e-003
3,674212e+003;1,175063e-003
3,674694e+003;1,257101e-003
3,675176e+003;1,308810e-003
3,675658e+003;1,322403e-003
3,676140e+003;1,304888e-003
3,676623e+003;1,269861e-003
3,677105e+003;1,227826e-003
3,677587e+003;1,184134e-003
3,678069e+003;1,141442e-003
3,678551e+003;1,102210e-003
3,679033e+003;1,070288e-003
3,679515e+003;1,050293e-003
3,679997e+003;1,045908e-003
3,680479e+003;1,057500e-003
3,680962e+003;1,081216e-003
3,681444e+003;1,109717e-003
3,681926e+003;1,134266e-003
3,682408e+003;1,147090e-003
3,682890e+003;1,143701e-003
3,683372e+003;1,124765e-003
3,683854e+003;1,096563e-003
3,684336e+003;1,068461e-003
3,684819e+003;1,050027e-003
3,685301e+003;1,049130e-003
3,685783e+003;1,069657e-003
3,686265e+003;1,111212e-003
3,686747e+003;1,169150e-003
3,687229e+003;1,235768e-003
3,687711e+003;1,301399e-003
3,688193e+003;1,357700e-003
3,688676e+003;1,399349e-003
3,689158e+003;1,425244e-003
3,689640e+003;1,435450e-003
3,690122e+003;1,430397e-003
3,690604e+003;1,409787e-003
3,691086e+003;1,374585e-003
3,691568e+003;1,328053e-003
3,692050e+003;1,275677e-003
3,692532e+003;1,223506e-003
3,693015e+003;1,177223e-003
3,693497e+003;1,140047e-003
3,693979e+003;1,112375e-003
3,694461e+003;1,091613e-003
3,694943e+003;1,073510e-003
3,695425e+003;1,054112e-003
3,695907e+003;1,030497e-003
3,696389e+003;1,002699e-003
3,696872e+003;9,733088e-004
3,697354e+003;9,467429e-004
3,697836e+003;9,270520e-004
3,698318e+003;9,171903e-004
3,698800e+003;9,176884e-004
3,699282e+003;9,272512e-004
3,699764e+003;9,419612e-004
3,700246e+003;9,562069e-004
3,700729e+003;9,644091e-004
3,701211e+003;9,620846e-004
3,701693e+003;9,483368e-004
3,702175e+003;9,262883e-004
3,702657e+003;9,018171e-004
3,703139e+003;8,812650e-004
3,703621e+003;8,698438e-004
3,704103e+003;8,709395e-004
3,704585e+003;8,852824e-004
3,705068e+003;9,113796e-004
3,705550e+003;9,460456e-004
3,706032e+003;9,851311e-004
3,706514e+003;1,025316e-003
3,706996e+003;1,064475e-003
3,707478e+003;1,103239e-003
3,707960e+003;1,144930e-003
3,708442e+003;1,193204e-003
3,708925e+003;1,250721e-003
3,709406e+003;1,315856e-003
3,709889e+003;1,380402e-003
3,710371e+003;1,431029e-003
3,710853e+003;1,453402e-003
3,711335e+003;1,439738e-003
3,711817e+003;1,393166e-003
3,712299e+003;1,327189e-003
3,712781e+003;1,258663e-003
3,713263e+003;1,201577e-003
3,713746e+003;1,163801e-003
3,714228e+003;1,146359e-003
3,714710e+003;1,145528e-003
3,715192e+003;1,155561e-003
3,715674e+003;1,170047e-003
3,716156e+003;1,183236e-003
3,716638e+003;1,191343e-003
3,717120e+003;1,192772e-003
3,717603e+003;1,188187e-003
3,718085e+003;1,180213e-003
3,718567e+003;1,172007e-003
3,719049e+003;1,166625e-003
3,719531e+003;1,165794e-003
3,720013e+003;1,169150e-003
3,720495e+003;1,174299e-003
3,720977e+003;1,177190e-003
3,721459e+003;1,172671e-003
3,721942e+003;1,155993e-003
3,722424e+003;1,124633e-003
3,722906e+003;1,079622e-003
3,723388e+003;1,025250e-003
3,723870e+003;9,690250e-004
3,724352e+003;9,201787e-004
3,724834e+003;8,880049e-004
3,725316e+003;8,798041e-004
3,725799e+003;8,984636e-004
3,726281e+003;9,411643e-004
3,726763e+003;1,000873e-003
3,727245e+003;1,068063e-003
3,727727e+003;1,135064e-003
3,728209e+003;1,196095e-003
3,728691e+003;1,248129e-003
3,729173e+003;1,288970e-003
3,729656e+003;1,317118e-003
3,730138e+003;1,330479e-003
3,730620e+003;1,328285e-003
3,731102e+003;1,312100e-003
3,731584e+003;1,287175e-003
3,732066e+003;1,262052e-003
3,732548e+003;1,246534e-003
3,733030e+003;1,246268e-003
3,733512e+003;1,261354e-003
3,733995e+003;1,283386e-003
3,734477e+003;1,299205e-003
3,734959e+003;1,294320e-003
3,735441e+003;1,261919e-003
3,735923e+003;1,206162e-003
3,736405e+003;1,140412e-003
3,736887e+003;1,078360e-003
3,737369e+003;1,027708e-003
3,737852e+003;9,917731e-004
3,738333e+003;9,695563e-004
3,738816e+003;9,585646e-004
3,739298e+003;9,572695e-004
3,739780e+003;9,652725e-004
3,740262e+003;9,840353e-004
3,740744e+003;1,016117e-003
3,741226e+003;1,064442e-003
3,741708e+003;1,131310e-003
3,742190e+003;1,216296e-003
3,742673e+003;1,314327e-003
3,743155e+003;1,410651e-003
3,743637e+003;1,482991e-003
3,744119e+003;1,511518e-003
3,744601e+003;1,493364e-003
3,745083e+003;1,444160e-003
3,745565e+003;1,385288e-003
3,746047e+003;1,332440e-003
3,746530e+003;1,292924e-003
3,747012e+003;1,269895e-003
3,747494e+003;1,264312e-003
3,747976e+003;1,276607e-003
3,748458e+003;1,304456e-003
3,748940e+003;1,341580e-003
3,749422e+003;1,377676e-003
3,749904e+003;1,398385e-003
3,750386e+003;1,392701e-003
3,750869e+003;1,357434e-003
3,751351e+003;1,299970e-003
3,751833e+003;1,233807e-003
3,752315e+003;1,173867e-003
3,752797e+003;1,129018e-003
3,753279e+003;1,101844e-003
3,753761e+003;1,089819e-003
3,754243e+003;1,087760e-003
3,754726e+003;1,091314e-003
3,755208e+003;1,097227e-003
3,755690e+003;1,104336e-003
3,756172e+003;1,113338e-003
3,756654e+003;1,125430e-003
3,757136e+003;1,140612e-003
3,757618e+003;1,157023e-003
3,758100e+003;1,170013e-003
3,758583e+003;1,174598e-003
3,759065e+003;1,167189e-003
3,759547e+003;1,147688e-003
3,760029e+003;1,119915e-003
3,760511e+003;1,089886e-003
3,760993e+003;1,063080e-003
3,761475e+003;1,042188e-003
3,761957e+003;1,027708e-003
3,762439e+003;1,018375e-003
3,762922e+003;1,012795e-003
3,763404e+003;1,010670e-003
3,763886e+003;1,013128e-003
3,764368e+003;1,022360e-003
3,764850e+003;1,040461e-003
3,765332e+003;1,067531e-003
3,765814e+003;1,101313e-003
3,766296e+003;1,137655e-003
3,766779e+003;1,172738e-003
3,767260e+003;1,202939e-003
3,767743e+003;1,226231e-003
3,768225e+003;1,241350e-003
3,768707e+003;1,247996e-003
3,769189e+003;1,246235e-003
3,769671e+003;1,236831e-003
3,770153e+003;1,221413e-003
3,770635e+003;1,201643e-003
3,771117e+003;1,180047e-003
3,771600e+003;1,159116e-003
3,772082e+003;1,141276e-003
3,772564e+003;1,128386e-003
3,773046e+003;1,121443e-003
3,773528e+003;1,120679e-003
3,774010e+003;1,124765e-003
3,774492e+003;1,131875e-003
3,774974e+003;1,140446e-003
3,775457e+003;1,148751e-003
3,775939e+003;1,156259e-003
3,776421e+003;1,162571e-003
3,776903e+003;1,167289e-003
3,777385e+003;1,169914e-003
3,777867e+003;1,168984e-003
3,778349e+003;1,162837e-003
3,778831e+003;1,150877e-003
3,779313e+003;1,133668e-003
3,779796e+003;1,113139e-003
3,780278e+003;1,091879e-003
3,780760e+003;1,071716e-003
3,781242e+003;1,053348e-003
3,781724e+003;1,036775e-003
3,782206e+003;1,021497e-003
3,782688e+003;1,007149e-003
3,783170e+003;9,942638e-004
3,783653e+003;9,848655e-004
3,784135e+003;9,810133e-004
3,784617e+003;9,847991e-004
3,785099e+003;9,972195e-004
3,785581e+003;1,017711e-003
3,786063e+003;1,045078e-003
3,786545e+003;1,077363e-003
3,787027e+003;1,112674e-003
3,787510e+003;1,148751e-003
3,787992e+003;1,183835e-003
3,788474e+003;1,215532e-003
3,788956e+003;1,242048e-003
3,789438e+003;1,261022e-003
3,789920e+003;1,270725e-003
3,790402e+003;1,269961e-003
3,790884e+003;1,258696e-003
3,791366e+003;1,237529e-003
3,791849e+003;1,208554e-003
3,792331e+003;1,174200e-003
3,792813e+003;1,136891e-003
3,793295e+003;1,099619e-003
3,793777e+003;1,064841e-003
3,794259e+003;1,035280e-003
3,794741e+003;1,014091e-003
3,795223e+003;1,003530e-003
3,795706e+003;1,004958e-003
3,796188e+003;1,017810e-003
3,796670e+003;1,039897e-003
3,797152e+003;1,068428e-003
3,797634e+003;1,102409e-003
3,798116e+003;1,142040e-003
3,798598e+003;1,189649e-003
3,799080e+003;1,247730e-003
3,799563e+003;1,317052e-003
3,800044e+003;1,393565e-003
3,800527e+003;1,467299e-003
3,801009e+003;1,523023e-003
3,801491e+003;1,549458e-003
3,801973e+003;1,545800e-003
3,802455e+003;1,520629e-003
3,802937e+003;1,484886e-003
3,803419e+003;1,446421e-003
3,803901e+003;1,408789e-003
3,804384e+003;1,371826e-003
3,804866e+003;1,333570e-003
3,805348e+003;1,292060e-003
3,805830e+003;1,247763e-003
3,806312e+003;1,205066e-003
3,806794e+003;1,170744e-003
3,807276e+003;1,151409e-003
3,807758e+003;1,149548e-003
3,808240e+003;1,163668e-003
3,808723e+003;1,189283e-003
3,809205e+003;1,221280e-003
3,809687e+003;1,254874e-003
3,810169e+003;1,285248e-003
3,810651e+003;1,308178e-003
3,811133e+003;1,320575e-003
3,811615e+003;1,320641e-003
3,812097e+003;1,307780e-003
3,812580e+003;1,283486e-003
3,813062e+003;1,251252e-003
3,813544e+003;1,216429e-003
3,814026e+003;1,186758e-003
3,814508e+003;1,171874e-003
3,814990e+003;1,179449e-003
3,815472e+003;1,211013e-003
3,815954e+003;1,258496e-003
3,816437e+003;1,309175e-003
3,816919e+003;1,350554e-003
3,817401e+003;1,376147e-003
3,817883e+003;1,384823e-003
3,818365e+003;1,378374e-003
3,818847e+003;1,359628e-003
3,819329e+003;1,331110e-003
3,819811e+003;1,295151e-003
3,820293e+003;1,254476e-003
3,820776e+003;1,212076e-003
3,821258e+003;1,172140e-003
3,821740e+003;1,138685e-003
3,822222e+003;1,114634e-003
3,822704e+003;1,101512e-003
3,823186e+003;1,099253e-003
3,823668e+003;1,106727e-003
3,824150e+003;1,120945e-003
3,824633e+003;1,137688e-003
3,825115e+003;1,151508e-003
3,825597e+003;1,157555e-003
3,826079e+003;1,153635e-003
3,826561e+003;1,141841e-003
3,827043e+003;1,127257e-003
3,827525e+003;1,116560e-003
3,828007e+003;1,114301e-003
3,828490e+003;1,122639e-003
3,828971e+003;1,140412e-003
3,829454e+003;1,163967e-003
3,829936e+003;1,188951e-003
3,830418e+003;1,210348e-003
3,830900e+003;1,225135e-003
3,831382e+003;1,233076e-003
3,831864e+003;1,236299e-003
3,832346e+003;1,238326e-003
3,832828e+003;1,242845e-003
3,833311e+003;1,252382e-003
3,833793e+003;1,267801e-003
3,834275e+003;1,289335e-003
3,834757e+003;1,316753e-003
3,835239e+003;1,349224e-003
3,835721e+003;1,386086e-003
3,836203e+003;1,425444e-003
3,836685e+003;1,464007e-003
3,837167e+003;1,496789e-003
3,837650e+003;1,518268e-003
3,838132e+003;1,523821e-003
3,838614e+003;1,513015e-003
3,839096e+003;1,489375e-003
3,839578e+003;1,458788e-003
3,840060e+003;1,429101e-003
3,840542e+003;1,405897e-003
3,841024e+003;1,392235e-003
3,841507e+003;1,388113e-003
3,841989e+003;1,390241e-003
3,842471e+003;1,393365e-003
3,842953e+003;1,391570e-003
3,843435e+003;1,380369e-003
3,843917e+003;1,358198e-003
3,844399e+003;1,326325e-003
3,844881e+003;1,288704e-003
3,845364e+003;1,250122e-003
3,845846e+003;1,214535e-003
3,846328e+003;1,184399e-003
3,846810e+003;1,160744e-003
3,847292e+003;1,143269e-003
3,847774e+003;1,130579e-003
3,848256e+003;1,121510e-003
3,848738e+003;1,115331e-003
3,849220e+003;1,112574e-003
3,849703e+003;1,115497e-003
3,850185e+003;1,128087e-003
3,850667e+003;1,156359e-003
3,851149e+003;1,206793e-003
3,851631e+003;1,283785e-003
3,852113e+003;1,382230e-003
3,852595e+003;1,482858e-003
3,853077e+003;1,556374e-003
3,853560e+003;1,581647e-003
3,854042e+003;1,559567e-003
3,854524e+003;1,507395e-003
3,855006e+003;1,444492e-003
3,855488e+003;1,385022e-003
3,855970e+003;1,337292e-003
3,856452e+003;1,305553e-003
3,856934e+003;1,290033e-003
3,857417e+003;1,289036e-003
3,857898e+003;1,298873e-003
3,858381e+003;1,315822e-003
3,858863e+003;1,335797e-003
3,859345e+003;1,356171e-003
3,859827e+003;1,375449e-003
3,860309e+003;1,392900e-003
3,860791e+003;1,408224e-003
3,861273e+003;1,420690e-003
3,861755e+003;1,429167e-003
3,862238e+003;1,431727e-003
3,862720e+003;1,426541e-003
3,863202e+003;1,412512e-003
3,863684e+003;1,390341e-003
3,864166e+003;1,363217e-003
3,864648e+003;1,335963e-003
3,865130e+003;1,313429e-003
3,865612e+003;1,299106e-003
3,866094e+003;1,294652e-003
3,866577e+003;1,299538e-003
3,867059e+003;1,312898e-003
3,867541e+003;1,332673e-003
3,868023e+003;1,356038e-003
3,868505e+003;1,378142e-003
3,868987e+003;1,393465e-003
3,869469e+003;1,397421e-003
3,869951e+003;1,390374e-003
3,870434e+003;1,377543e-003
3,870916e+003;1,366043e-003
3,871398e+003;1,361788e-003
3,871880e+003;1,367339e-003
3,872362e+003;1,381632e-003
3,872844e+003;1,399515e-003
3,873326e+003;1,413044e-003
3,873808e+003;1,412745e-003
3,874291e+003;1,393631e-003
3,874773e+003;1,356703e-003
3,875255e+003;1,308810e-003
3,875737e+003;1,258962e-003
3,876219e+003;1,215565e-003
3,876701e+003;1,185031e-003
3,877183e+003;1,170445e-003
3,877665e+003;1,172771e-003
3,878147e+003;1,189616e-003
3,878630e+003;1,217060e-003
3,879112e+003;1,248428e-003
3,879594e+003;1,277837e-003
3,880076e+003;1,301498e-003
3,880558e+003;1,318946e-003
3,881040e+003;1,332772e-003
3,881522e+003;1,346466e-003
3,882004e+003;1,362386e-003
3,882487e+003;1,381997e-003
3,882969e+003;1,404767e-003
3,883451e+003;1,429067e-003
3,883933e+003;1,451573e-003
3,884415e+003;1,467797e-003
3,884897e+003;1,472984e-003
3,885379e+003;1,465038e-003
3,885861e+003;1,445722e-003
3,886344e+003;1,420058e-003
3,886825e+003;1,393665e-003
3,887308e+003;1,370762e-003
3,887790e+003;1,353412e-003
3,888272e+003;1,341713e-003
3,888754e+003;1,334401e-003
3,889236e+003;1,329282e-003
3,889718e+003;1,323898e-003
3,890200e+003;1,317351e-003
3,890682e+003;1,310737e-003
3,891165e+003;1,307547e-003
3,891647e+003;1,311469e-003
3,892129e+003;1,324364e-003
3,892611e+003;1,344671e-003
3,893093e+003;1,367970e-003
3,893575e+003;1,388579e-003
3,894057e+003;1,401609e-003
3,894539e+003;1,404069e-003
3,895021e+003;1,395958e-003
3,895504e+003;1,379671e-003
3,895986e+003;1,359362e-003
3,896468e+003;1,339619e-003
3,896950e+003;1,324131e-003
3,897432e+003;1,314526e-003
3,897914e+003;1,310605e-003
3,898396e+003;1,310571e-003
3,898878e+003;1,313097e-003
3,899361e+003;1,317218e-003
3,899843e+003;1,324131e-003
3,900325e+003;1,334600e-003
3,900807e+003;1,348028e-003
3,901289e+003;1,361589e-003
3,901771e+003;1,369732e-003
3,902253e+003;1,366574e-003
3,902735e+003;1,348958e-003
3,903218e+003;1,318182e-003
3,903700e+003;1,281393e-003
3,904182e+003;1,248993e-003
3,904664e+003;1,231082e-003
3,905146e+003;1,232677e-003
3,905628e+003;1,253279e-003
3,906110e+003;1,287474e-003
3,906592e+003;1,328319e-003
3,907074e+003;1,368270e-003
3,907557e+003;1,400712e-003
3,908039e+003;1,422119e-003
3,908521e+003;1,430231e-003
3,909003e+003;1,425178e-003
3,909485e+003;1,409354e-003
3,909967e+003;1,386285e-003
3,910449e+003;1,360093e-003
3,910931e+003;1,335298e-003
3,911414e+003;1,315822e-003
3,911896e+003;1,304456e-003
3,912378e+003;1,301997e-003
3,912860e+003;1,307613e-003
3,913342e+003;1,318913e-003
3,913824e+003;1,332772e-003
3,914306e+003;1,345602e-003
3,914788e+003;1,354210e-003
3,915271e+003;1,356636e-003
3,915752e+003;1,351551e-003
3,916235e+003;1,339619e-003
3,916717e+003;1,322436e-003
3,917199e+003;1,302163e-003
3,917681e+003;1,280828e-003
3,918163e+003;1,260989e-003
3,918645e+003;1,244573e-003
3,919127e+003;1,233674e-003
3,919609e+003;1,230518e-003
3,920092e+003;1,236233e-003
3,920574e+003;1,250654e-003
3,921056e+003;1,272653e-003
3,921538e+003;1,299371e-003
3,922020e+003;1,326956e-003
3,922502e+003;1,351119e-003
3,922984e+003;1,368037e-003
3,923466e+003;1,374751e-003
3,923948e+003;1,370630e-003
3,924431e+003;1,357534e-003
3,924913e+003;1,339353e-003
3,925395e+003;1,320575e-003
3,925877e+003;1,304988e-003
3,926359e+003;1,294486e-003
3,926841e+003;1,289468e-003
3,927323e+003;1,288803e-003
3,927805e+003;1,290864e-003
3,928288e+003;1,294519e-003
3,928770e+003;1,298242e-003
3,929252e+003;1,301930e-003
3,929734e+003;1,305553e-003
3,930216e+003;1,309042e-003
3,930698e+003;1,312034e-003
3,931180e+003;1,313031e-003
3,931662e+003;1,310006e-003
3,932145e+003;1,301465e-003
3,932627e+003;1,286976e-003
3,933109e+003;1,268233e-003
3,933591e+003;1,247963e-003
3,934073e+003;1,230052e-003
3,934555e+003;1,217426e-003
3,935037e+003;1,211711e-003
3,935519e+003;1,212674e-003
3,936001e+003;1,218190e-003
3,936484e+003;1,225500e-003
3,936966e+003;1,231647e-003
3,937448e+003;1,235336e-003
3,937930e+003;1,236897e-003
3,938412e+003;1,238825e-003
3,938894e+003;1,243776e-003
3,939376e+003;1,254343e-003
3,939858e+003;1,271024e-003
3,940341e+003;1,292293e-003
3,940823e+003;1,314991e-003
3,941305e+003;1,334334e-003
3,941787e+003;1,347130e-003
3,942269e+003;1,352149e-003
3,942751e+003;1,350986e-003
3,943233e+003;1,347729e-003
3,943715e+003;1,347031e-003
3,944198e+003;1,351717e-003
3,944679e+003;1,362519e-003
3,945162e+003;1,377477e-003
3,945644e+003;1,392235e-003
3,946126e+003;1,401476e-003
3,946608e+003;1,399781e-003
3,947090e+003;1,383593e-003
3,947572e+003;1,352016e-003
3,948054e+003;1,308876e-003
3,948536e+003;1,260723e-003
3,949019e+003;1,216230e-003
3,949501e+003;1,183602e-003
3,949983e+003;1,168319e-003
3,950465e+003;1,173136e-003
3,950947e+003;1,196061e-003
3,951429e+003;1,232976e-003
3,951911e+003;1,277604e-003
3,952393e+003;1,323732e-003
3,952875e+003;1,366009e-003
3,953358e+003;1,400446e-003
3,953840e+003;1,425278e-003
3,954322e+003;1,439572e-003
3,954804e+003;1,443694e-003
3,955286e+003;1,438475e-003
3,955768e+003;1,425144e-003
3,956250e+003;1,405798e-003
3,956732e+003;1,383194e-003
3,957215e+003;1,360724e-003
3,957697e+003;1,341679e-003
3,958179e+003;1,328618e-003
3,958661e+003;1,322336e-003
3,959143e+003;1,321572e-003
3,959625e+003;1,323400e-003
3,960107e+003;1,324131e-003
3,960589e+003;1,321705e-003
3,961072e+003;1,315423e-003
3,961554e+003;1,307381e-003
3,962036e+003;1,301365e-003
3,962518e+003;1,301266e-003
3,963000e+003;1,308810e-003
3,963482e+003;1,323333e-003
3,963964e+003;1,341115e-003
3,964446e+003;1,357002e-003
3,964928e+003;1,365943e-003
3,965411e+003;1,364846e-003
3,965893e+003;1,353246e-003
3,966375e+003;1,334102e-003
3,966857e+003;1,312266e-003
3,967339e+003;1,292392e-003
3,967821e+003;1,278302e-003
3,968303e+003;1,271290e-003
3,968785e+003;1,269762e-003
3,969268e+003;1,270659e-003
3,969750e+003;1,269928e-003
3,970232e+003;1,263847e-003
3,970714e+003;1,249923e-003
3,971196e+003;1,227693e-003
3,971678e+003;1,198321e-003
3,972160e+003;1,164797e-003
3,972642e+003;1,131775e-003
3,973125e+003;1,104435e-003
3,973606e+003;1,088225e-003
3,974089e+003;1,086896e-003
3,974571e+003;1,101811e-003
3,975053e+003;1,131310e-003
3,975535e+003;1,170346e-003
3,976017e+003;1,211146e-003
3,976499e+003;1,245869e-003
3,976981e+003;1,267867e-003
3,977463e+003;1,273616e-003
3,977946e+003;1,263880e-003
3,978428e+003;1,243178e-003
3,978910e+003;1,218855e-003
3,979392e+003;1,199284e-003
3,979874e+003;1,191908e-003
3,980356e+003;1,201510e-003
3,980838e+003;1,229288e-003
3,981320e+003;1,272254e-003
3,981802e+003;1,324596e-003
3,982285e+003;1,378973e-003
3,982767e+003;1,427073e-003
3,983249e+003;1,462810e-003
3,983731e+003;1,481861e-003
3,984213e+003;1,483091e-003
3,984695e+003;1,468097e-003
3,985177e+003;1,441234e-003
3,985659e+003;1,408224e-003
3,986142e+003;1,374718e-003
3,986624e+003;1,345668e-003
3,987106e+003;1,324330e-003
3,987588e+003;1,311801e-003
3,988070e+003;1,307746e-003
3,988552e+003;1,310704e-003
3,989034e+003;1,319378e-003
3,989516e+003;1,332008e-003
3,989999e+003;1,347629e-003
3,990481e+003;1,364946e-003
3,990963e+003;1,382995e-003
3,991445e+003;1,400080e-003
3,991927e+003;1,414474e-003
3,992409e+003;1,424280e-003
3,992891e+003;1,428070e-003
3,993373e+003;1,425411e-003
3,993855e+003;1,416734e-003
3,994338e+003;1,403537e-003
3,994820e+003;1,388812e-003
3,995302e+003;1,375050e-003
3,995784e+003;1,365644e-003
3,996266e+003;1,363217e-003
3,996748e+003;1,369666e-003
3,997230e+003;1,385255e-003
3,997712e+003;1,408889e-003
3,998195e+003;1,438043e-003
3,998677e+003;1,468363e-003
3,999159e+003;1,495027e-003
3,999641e+003;1,513613e-003
4,000123e+003;1,521560e-003
