3,996748e+002;0,000000e+000
4,001569e+002;1,903275e-003
4,006390e+002;1,442298e-003
4,011211e+002;1,287640e-003
4,016032e+002;1,340849e-003
4,020854e+002;1,488743e-003
4,025675e+002;1,628306e-003
4,030496e+002;1,695361e-003
4,035317e+002;1,659571e-003
4,040138e+002;1,533663e-003
4,044959e+002;1,362819e-003
4,049781e+002;1,210548e-003
4,054602e+002;1,136891e-003
4,059423e+002;1,181575e-003
4,064244e+002;1,354509e-003
4,069065e+002;1,645635e-003
4,073886e+002;2,045202e-003
4,078708e+002;2,561578e-003
4,083529e+002;3,222282e-003
4,088350e+002;4,056802e-003
4,093171e+002;5,060106e-003
4,097992e+002;6,159756e-003
4,102813e+002;7,199668e-003
4,107635e+002;7,969884e-003
4,112456e+002;8,265513e-003
4,117277e+002;7,934822e-003
4,122098e+002;6,950820e-003
4,126919e+002;5,441959e-003
4,131740e+002;3,687625e-003
4,136562e+002;2,016673e-003
4,141383e+002;7,275036e-004
4,146204e+002;-1,547332e-005
4,151025e+002;-2,145562e-004
4,155846e+002;3,876700e-006
4,160667e+002;4,546381e-004
4,165489e+002;9,747036e-004
4,170310e+002;1,463741e-003
4,175131e+002;1,935158e-003
4,179952e+002;2,510186e-003
4,184773e+002;3,339731e-003
4,189594e+002;4,428032e-003
4,194416e+002;5,557393e-003
4,199237e+002;6,409194e-003
4,204058e+002;6,786346e-003
4,208879e+002;6,667759e-003
4,213700e+002;6,169704e-003
4,218521e+002;5,457561e-003
4,223343e+002;4,700124e-003
4,228164e+002;4,025097e-003
4,232985e+002;3,495756e-003
4,237806e+002;3,116878e-003
4,242627e+002;2,853981e-003
4,247448e+002;2,674948e-003
4,252270e+002;2,588843e-003
4,257091e+002;2,649445e-003
4,261912e+002;2,926628e-003
4,266733e+002;3,462323e-003
4,271554e+002;4,233527e-003
4,276375e+002;5,137348e-003
4,281197e+002;6,013924e-003
4,286018e+002;6,707565e-003
4,290839e+002;7,101378e-003
4,295660e+002;7,166218e-003
4,300481e+002;6,954725e-003
4,305302e+002;6,572078e-003
4,310124e+002;6,122386e-003
4,314945e+002;5,668560e-003
4,319766e+002;5,221110e-003
4,324587e+002;4,752647e-003
4,329408e+002;4,235535e-003
4,334229e+002;3,676999e-003
4,339051e+002;3,128625e-003
4,343872e+002;2,680115e-003
4,348693e+002;2,419948e-003
4,353514e+002;2,389862e-003
4,358335e+002;2,555412e-003
4,363156e+002;2,805455e-003
4,367978e+002;3,006695e-003
4,372799e+002;3,057912e-003
4,377620e+002;2,945810e-003
4,382441e+002;2,741497e-003
4,387262e+002;2,569477e-003
4,392083e+002;2,545180e-003
4,396905e+002;2,736762e-003
4,401726e+002;3,129126e-003
4,406547e+002;3,627112e-003
4,411368e+002;4,076033e-003
4,416189e+002;4,321131e-003
4,421010e+002;4,275922e-003
4,425832e+002;3,959220e-003
4,430653e+002;3,495523e-003
4,435474e+002;3,053107e-003
4,440295e+002;2,778810e-003
4,445116e+002;2,723058e-003
4,449937e+002;2,829200e-003
4,454759e+002;2,957486e-003
4,459580e+002;2,954383e-003
4,464401e+002;2,700720e-003
4,469222e+002;2,175521e-003
4,474043e+002;1,466401e-003
4,478864e+002;7,536910e-004
4,483686e+002;2,370393e-004
4,488507e+002;5,782275e-005
4,493328e+002;2,738397e-004
4,498149e+002;8,488285e-004
4,502970e+002;1,681956e-003
4,507791e+002;2,635210e-003
4,512613e+002;3,582977e-003
4,517434e+002;4,432384e-003
4,522255e+002;5,140868e-003
4,527076e+002;5,713109e-003
4,531897e+002;6,177131e-003
4,536718e+002;6,553308e-003
4,541540e+002;6,837237e-003
4,546361e+002;7,003615e-003
4,551182e+002;7,026446e-003
4,556003e+002;6,905942e-003
4,560824e+002;6,692120e-003
4,565645e+002;6,490578e-003
4,570467e+002;6,435524e-003
4,575288e+002;6,634585e-003
4,580109e+002;7,088176e-003
4,584930e+002;7,664204e-003
4,589751e+002;8,144158e-003
4,594572e+002;8,338565e-003
4,599394e+002;8,136562e-003
4,604215e+002;7,543219e-003
4,609036e+002;6,665101e-003
4,613857e+002;5,697296e-003
4,618678e+002;4,873493e-003
4,623499e+002;4,397372e-003
4,628321e+002;4,393188e-003
4,633142e+002;4,845012e-003
4,637963e+002;5,617302e-003
4,642784e+002;6,493403e-003
4,647606e+002;7,263276e-003
4,652427e+002;7,755538e-003
4,657248e+002;7,866358e-003
4,662069e+002;7,575923e-003
4,666890e+002;6,939002e-003
4,671711e+002;6,071041e-003
4,676533e+002;5,108783e-003
4,681354e+002;4,193111e-003
4,686175e+002;3,435303e-003
4,690996e+002;2,904379e-003
4,695817e+002;2,637577e-003
4,700638e+002;2,633443e-003
4,705460e+002;2,851913e-003
4,710281e+002;3,205692e-003
4,715102e+002;3,575193e-003
4,719923e+002;3,823552e-003
4,724744e+002;3,848723e-003
4,729565e+002;3,634630e-003
4,734387e+002;3,266981e-003
4,739208e+002;2,901877e-003
4,744029e+002;2,694385e-003
4,748850e+002;2,757369e-003
4,753671e+002;3,122384e-003
4,758492e+002;3,743635e-003
4,763314e+002;4,511992e-003
4,768135e+002;5,295563e-003
4,772956e+002;5,972469e-003
4,777777e+002;6,464547e-003
4,782598e+002;6,760634e-003
4,787419e+002;6,902946e-003
4,792241e+002;6,959069e-003
4,797062e+002;6,984759e-003
4,801883e+002;7,013953e-003
4,806704e+002;7,055912e-003
4,811525e+002;7,111684e-003
4,816346e+002;7,188316e-003
4,821168e+002;7,302193e-003
4,825989e+002;7,469626e-003
4,830810e+002;7,683022e-003
4,835631e+002;7,899255e-003
4,840452e+002;8,039444e-003
4,845273e+002;8,013218e-003
4,850095e+002;7,767580e-003
4,854916e+002;7,318434e-003
4,859737e+002;6,759254e-003
4,864558e+002;6,221530e-003
4,869379e+002;5,833182e-003
4,874200e+002;5,660705e-003
4,879022e+002;5,688131e-003
4,883843e+002;5,824585e-003
4,888664e+002;5,945831e-003
4,893485e+002;5,947342e-003
4,898306e+002;5,790132e-003
4,903127e+002;5,523799e-003
4,907949e+002;5,272354e-003
4,912770e+002;5,186973e-003
4,917591e+002;5,370634e-003
4,922412e+002;5,838622e-003
4,927233e+002;6,494042e-003
4,932054e+002;7,168508e-003
4,936876e+002;7,668486e-003
4,941697e+002;7,853099e-003
4,946518e+002;7,668959e-003
4,951339e+002;7,149712e-003
4,956160e+002;6,394802e-003
4,960981e+002;5,540210e-003
4,965803e+002;4,735730e-003
4,970624e+002;4,103393e-003
4,975445e+002;3,727493e-003
4,980266e+002;3,642415e-003
4,985087e+002;3,831574e-003
4,989908e+002;4,236137e-003
4,994730e+002;4,766984e-003
4,999551e+002;5,324745e-003
5,004372e+002;5,801985e-003
5,009193e+002;6,115228e-003
5,014014e+002;6,226472e-003
5,018835e+002;6,154816e-003
5,023657e+002;5,967195e-003
5,028478e+002;5,747993e-003
5,033299e+002;5,562058e-003
5,038120e+002;5,428404e-003
5,042941e+002;5,323872e-003
5,047762e+002;5,205147e-003
5,052584e+002;5,041132e-003
5,057405e+002;4,831811e-003
5,062226e+002;4,619410e-003
5,067047e+002;4,471115e-003
5,071868e+002;4,455147e-003
5,076689e+002;4,603536e-003
5,081511e+002;4,894671e-003
5,086332e+002;5,256859e-003
5,091153e+002;5,602534e-003
5,095974e+002;5,855313e-003
5,100795e+002;5,972200e-003
5,105616e+002;5,954295e-003
5,110438e+002;5,834391e-003
5,115259e+002;5,663021e-003
5,120080e+002;5,483364e-003
5,124901e+002;5,326053e-003
5,129722e+002;5,202029e-003
5,134543e+002;5,111297e-003
5,139365e+002;5,053703e-003
5,144186e+002;5,033423e-003
5,149007e+002;5,061279e-003
5,153828e+002;5,147440e-003
5,158649e+002;5,293685e-003
5,163470e+002;5,488464e-003
5,168292e+002;5,706495e-003
5,173113e+002;5,915566e-003
5,177934e+002;6,080886e-003
5,182755e+002;6,169536e-003
5,187576e+002;6,154782e-003
5,192397e+002;6,015101e-003
5,197219e+002;5,742049e-003
5,202040e+002;5,347521e-003
5,206861e+002;4,872488e-003
5,211682e+002;4,384385e-003
5,216503e+002;3,967579e-003
5,221324e+002;3,712054e-003
5,226146e+002;3,684150e-003
5,230967e+002;3,913179e-003
5,235788e+002;4,379431e-003
5,240609e+002;5,021255e-003
5,245430e+002;5,740572e-003
5,250251e+002;6,432767e-003
5,255073e+002;7,017219e-003
5,259894e+002;7,447783e-003
5,264715e+002;7,721302e-003
5,269536e+002;7,861298e-003
5,274357e+002;7,898412e-003
5,279178e+002;7,854010e-003
5,284000e+002;7,738200e-003
5,288821e+002;7,559874e-003
5,293642e+002;7,337507e-003
5,298463e+002;7,105925e-003
5,303284e+002;6,913988e-003
5,308105e+002;6,804722e-003
5,312927e+002;6,802232e-003
5,317748e+002;6,894698e-003
5,322569e+002;7,038434e-003
5,327390e+002;7,167329e-003
5,332211e+002;7,219410e-003
5,337032e+002;7,156381e-003
5,341854e+002;6,973042e-003
5,346675e+002;6,696494e-003
5,351496e+002;6,376443e-003
5,356317e+002;6,067749e-003
5,361138e+002;5,811388e-003
5,365959e+002;5,631702e-003
5,370781e+002;5,533766e-003
5,375602e+002;5,511484e-003
5,380423e+002;5,552459e-003
5,385244e+002;5,641873e-003
5,390065e+002;5,764411e-003
5,394886e+002;5,902433e-003
5,399708e+002;6,038013e-003
5,404529e+002;6,155387e-003
5,409350e+002;6,242976e-003
5,414171e+002;6,296862e-003
5,418992e+002;6,320059e-003
5,423813e+002;6,321773e-003
5,428635e+002;6,312192e-003
5,433456e+002;6,302207e-003
5,438277e+002;6,300526e-003
5,443098e+002;6,312562e-003
5,447919e+002;6,340029e-003
5,452740e+002;6,377485e-003
5,457562e+002;6,408488e-003
5,462383e+002;6,403074e-003
5,467204e+002;6,324228e-003
5,472025e+002;6,139222e-003
5,476846e+002;5,833047e-003
5,481667e+002;5,423271e-003
5,486489e+002;4,964175e-003
5,491310e+002;4,544034e-003
5,496131e+002;4,255376e-003
5,500952e+002;4,176484e-003
5,505773e+002;4,339905e-003
5,510594e+002;4,721427e-003
5,515416e+002;5,246731e-003
5,520237e+002;5,818171e-003
5,525058e+002;6,346283e-003
5,529879e+002;6,762653e-003
5,534700e+002;7,037289e-003
5,539521e+002;7,170395e-003
5,544343e+002;7,181208e-003
5,549164e+002;7,093093e-003
5,553985e+002;6,926781e-003
5,558806e+002;6,700532e-003
5,563627e+002;6,434549e-003
5,568448e+002;6,160764e-003
5,573270e+002;5,921713e-003
5,578091e+002;5,760885e-003
5,582912e+002;5,713277e-003
5,587733e+002;5,790199e-003
5,592554e+002;5,976500e-003
5,597375e+002;6,234505e-003
5,602197e+002;6,519470e-003
5,607018e+002;6,790519e-003
5,611839e+002;7,017354e-003
5,616660e+002;7,183801e-003
5,621481e+002;7,279920e-003
5,626302e+002;7,295993e-003
5,631124e+002;7,222004e-003
5,635945e+002;7,051703e-003
5,640766e+002;6,792303e-003
5,645587e+002;6,472316e-003
5,650408e+002;6,146044e-003
5,655229e+002;5,879259e-003
5,660051e+002;5,731843e-003
5,664872e+002;5,739531e-003
5,669693e+002;5,896824e-003
5,674514e+002;6,157538e-003
5,679335e+002;6,444672e-003
5,684156e+002;6,679031e-003
5,688978e+002;6,795938e-003
5,693799e+002;6,765379e-003
5,698620e+002;6,594247e-003
5,703441e+002;6,319723e-003
5,708262e+002;5,992692e-003
5,713083e+002;5,661041e-003
5,717905e+002;5,364461e-003
5,722726e+002;5,127122e-003
5,727547e+002;4,958612e-003
5,732368e+002;4,857812e-003
5,737189e+002;4,816031e-003
5,742010e+002;4,820755e-003
5,746832e+002;4,860291e-003
5,751653e+002;4,928047e-003
5,756474e+002;5,025545e-003
5,761295e+002;5,161891e-003
5,766116e+002;5,348896e-003
5,770938e+002;5,593338e-003
5,775759e+002;5,890107e-003
5,780580e+002;6,218236e-003
5,785401e+002;6,540963e-003
5,790222e+002;6,814517e-003
5,795043e+002;6,997386e-003
5,799865e+002;7,057866e-003
5,804686e+002;6,985870e-003
5,809507e+002;6,794491e-003
5,814328e+002;6,516005e-003
5,819149e+002;6,189365e-003
5,823970e+002;5,853903e-003
5,828792e+002;5,542660e-003
5,833613e+002;5,280806e-003
5,838434e+002;5,089338e-003
5,843255e+002;4,982240e-003
5,848076e+002;4,963907e-003
5,852897e+002;5,022462e-003
5,857719e+002;5,130005e-003
5,862540e+002;5,246295e-003
5,867361e+002;5,326086e-003
5,872182e+002;5,335713e-003
5,877003e+002;5,260347e-003
5,881824e+002;5,109520e-003
5,886646e+002;4,911527e-003
5,891467e+002;4,707426e-003
5,896288e+002;4,536835e-003
5,901109e+002;4,426995e-003
5,905930e+002;4,391648e-003
5,910751e+002;4,429941e-003
5,915573e+002;4,530440e-003
5,920394e+002;4,674435e-003
5,925215e+002;4,841394e-003
5,930036e+002;5,008786e-003
5,934857e+002;5,153710e-003
5,939678e+002;5,255551e-003
5,944500e+002;5,298213e-003
5,949321e+002;5,273427e-003
5,954142e+002;5,183988e-003
5,958963e+002;5,043680e-003
5,963784e+002;4,873124e-003
5,968605e+002;4,691650e-003
5,973427e+002;4,513332e-003
5,978248e+002;4,342784e-003
5,983069e+002;4,178224e-003
5,987890e+002;4,018308e-003
5,992711e+002;3,867076e-003
5,997532e+002;3,736851e-003
6,002354e+002;3,644821e-003
6,007175e+002;3,604359e-003
6,011996e+002;3,618893e-003
6,016817e+002;3,678302e-003
6,021638e+002;3,764490e-003
6,026459e+002;3,856178e-003
6,031281e+002;3,939392e-003
6,036102e+002;4,011352e-003
6,040923e+002;4,080448e-003
6,045744e+002;4,161330e-003
6,050565e+002;4,266920e-003
6,055386e+002;4,403531e-003
6,060208e+002;4,568778e-003
6,065029e+002;4,752915e-003
6,069850e+002;4,943698e-003
6,074671e+002;5,130843e-003
6,079492e+002;5,305324e-003
6,084313e+002;5,458601e-003
6,089135e+002;5,581356e-003
6,093956e+002;5,659463e-003
6,098777e+002;5,678329e-003
6,103598e+002;5,626902e-003
6,108419e+002;5,503598e-003
6,113240e+002;5,320418e-003
6,118062e+002;5,102077e-003
6,122883e+002;4,881569e-003
6,127704e+002;4,687798e-003
6,132525e+002;4,539447e-003
6,137346e+002;4,438543e-003
6,142167e+002;4,372202e-003
6,146989e+002;4,316178e-003
6,151810e+002;4,244134e-003
6,156631e+002;4,137144e-003
6,161452e+002;3,989081e-003
6,166273e+002;3,809580e-003
6,171094e+002;3,621566e-003
6,175916e+002;3,456377e-003
6,180737e+002;3,342703e-003
6,185558e+002;3,299865e-003
6,190379e+002;3,333053e-003
6,195200e+002;3,433133e-003
6,200021e+002;3,580171e-003
6,204843e+002;3,750787e-003
6,209664e+002;3,928124e-003
6,214485e+002;4,103426e-003
6,219306e+002;4,278900e-003
6,224127e+002;4,460972e-003
6,228948e+002;4,653268e-003
6,233770e+002;4,847793e-003
6,238591e+002;5,023367e-003
6,243412e+002;5,146769e-003
6,248233e+002;5,186906e-003
6,253054e+002;5,126552e-003
6,257875e+002;4,974766e-003
6,262697e+002;4,767186e-003
6,267518e+002;4,561311e-003
6,272339e+002;4,418660e-003
6,277160e+002;4,382879e-003
6,281981e+002;4,470646e-003
6,286802e+002;4,665693e-003
6,291624e+002;4,926472e-003
6,296445e+002;5,194786e-003
6,301266e+002;5,416024e-003
6,306087e+002;5,549909e-003
6,310908e+002;5,576120e-003
6,315729e+002;5,496585e-003
6,320551e+002;5,329340e-003
6,325372e+002;5,103452e-003
6,330193e+002;4,849301e-003
6,335014e+002;4,600154e-003
6,339835e+002;4,386293e-003
6,344656e+002;4,231386e-003
6,349478e+002;4,151528e-003
6,354299e+002;4,149287e-003
6,359120e+002;4,214356e-003
6,363941e+002;4,322436e-003
6,368762e+002;4,442627e-003
6,373583e+002;4,542494e-003
6,378405e+002;4,593089e-003
6,383226e+002;4,577585e-003
6,388047e+002;4,493344e-003
6,392868e+002;4,352656e-003
6,397689e+002;4,181402e-003
6,402510e+002;4,016201e-003
6,407332e+002;3,898268e-003
6,412153e+002;3,861660e-003
6,416974e+002;3,929629e-003
6,421795e+002;4,103627e-003
6,426616e+002;4,362463e-003
6,431437e+002;4,662110e-003
6,436259e+002;4,946748e-003
6,441080e+002;5,161791e-003
6,445901e+002;5,263332e-003
6,450722e+002;5,232344e-003
6,455543e+002;5,076834e-003
6,460364e+002;4,827925e-003
6,465186e+002;4,528029e-003
6,470007e+002;4,224427e-003
6,474828e+002;3,958718e-003
6,479649e+002;3,759845e-003
6,484470e+002;3,647327e-003
6,489291e+002;3,628850e-003
6,494113e+002;3,701661e-003
6,498934e+002;3,851565e-003
6,503755e+002;4,055631e-003
6,508576e+002;4,281208e-003
6,513397e+002;4,490599e-003
6,518218e+002;4,650153e-003
6,523040e+002;4,734759e-003
6,527861e+002;4,735630e-003
6,532682e+002;4,661808e-003
6,537503e+002;4,536434e-003
6,542324e+002;4,390142e-003
6,547145e+002;4,249220e-003
6,551967e+002;4,133498e-003
6,556788e+002;4,050246e-003
6,561609e+002;3,997675e-003
6,566431e+002;3,967345e-003
6,571251e+002;3,949323e-003
6,576073e+002;3,934076e-003
6,580894e+002;3,913614e-003
6,585715e+002;3,882220e-003
6,590536e+002;3,837324e-003
6,595358e+002;3,780299e-003
6,600178e+002;3,716866e-003
6,605000e+002;3,657986e-003
6,609821e+002;3,616153e-003
6,614642e+002;3,601319e-003
6,619463e+002;3,618392e-003
6,624285e+002;3,662731e-003
6,629105e+002;3,723282e-003
6,633927e+002;3,784043e-003
6,638748e+002;3,831909e-003
6,643569e+002;3,858518e-003
6,648390e+002;3,862496e-003
6,653212e+002;3,847119e-003
6,658032e+002;3,817869e-003
6,662854e+002;3,779397e-003
6,667675e+002;3,734311e-003
6,672496e+002;3,684852e-003
6,677317e+002;3,633962e-003
6,682139e+002;3,587922e-003
6,686959e+002;3,552343e-003
6,691781e+002;3,529293e-003
6,696602e+002;3,514729e-003
6,701423e+002;3,503272e-003
6,706244e+002;3,490445e-003
6,711066e+002;3,474513e-003
6,715886e+002;3,456377e-003
6,720708e+002;3,438743e-003
6,725529e+002;3,425752e-003
6,730350e+002;3,421243e-003
6,735171e+002;3,427321e-003
6,739993e+002;3,446158e-003
6,744813e+002;3,481027e-003
6,749635e+002;3,536341e-003
6,754456e+002;3,619027e-003
6,759277e+002;3,733810e-003
6,764098e+002;3,879312e-003
6,768920e+002;4,045163e-003
6,773740e+002;4,213085e-003
6,778562e+002;4,360455e-003
6,783383e+002;4,467834e-003
6,788204e+002;4,526657e-003
6,793025e+002;4,540251e-003
6,797847e+002;4,524715e-003
6,802667e+002;4,500174e-003
6,807489e+002;4,485142e-003
6,812310e+002;4,488825e-003
6,817131e+002;4,510720e-003
6,821952e+002;4,542996e-003
6,826774e+002;4,578489e-003
6,831594e+002;4,614051e-003
6,836416e+002;4,651895e-003
6,841237e+002;4,696205e-003
6,846058e+002;4,747856e-003
6,850879e+002;4,799815e-003
6,855701e+002;4,839048e-003
6,860521e+002;4,849804e-003
6,865343e+002;4,821425e-003
6,870164e+002;4,755829e-003
6,874985e+002;4,667602e-003
6,879806e+002;4,580598e-003
6,884628e+002;4,519057e-003
6,889448e+002;4,500911e-003
6,894270e+002;4,532215e-003
6,899091e+002;4,610870e-003
6,903912e+002;4,730404e-003
6,908733e+002;4,887868e-003
6,913555e+002;5,083203e-003
6,918375e+002;5,317466e-003
6,923197e+002;5,586893e-003
6,928018e+002;5,878083e-003
6,932839e+002;6,169199e-003
6,937660e+002;6,435558e-003
6,942482e+002;6,657295e-003
6,947302e+002;6,829225e-003
6,952124e+002;6,963681e-003
6,956945e+002;7,088782e-003
6,961766e+002;7,236120e-003
6,966587e+002;7,431570e-003
6,971409e+002;7,685585e-003
6,976229e+002;7,991010e-003
6,981051e+002;8,326710e-003
6,985872e+002;8,666658e-003
6,990693e+002;8,988909e-003
6,995514e+002;9,279817e-003
7,000336e+002;9,535322e-003
7,005156e+002;9,757190e-003
7,009978e+002;9,948286e-003
7,014799e+002;1,010942e-002
7,019620e+002;1,023838e-002
7,024441e+002;1,033301e-002
7,029263e+002;1,039297e-002
7,034083e+002;1,042124e-002
7,038905e+002;1,042422e-002
7,043726e+002;1,041027e-002
7,048547e+002;1,038893e-002
7,053368e+002;1,037254e-002
7,058190e+002;1,037637e-002
7,063010e+002;1,042100e-002
7,067832e+002;1,052802e-002
7,072653e+002;1,071531e-002
7,077474e+002;1,099059e-002
7,082295e+002;1,134835e-002
7,087117e+002;1,176958e-002
7,091937e+002;1,222686e-002
7,096759e+002;1,269602e-002
7,101580e+002;1,316111e-002
7,106401e+002;1,362120e-002
7,111222e+002;1,408838e-002
7,116044e+002;1,458440e-002
7,120864e+002;1,513214e-002
7,125686e+002;1,574887e-002
7,130507e+002;1,644672e-002
7,135328e+002;1,723228e-002
7,140149e+002;1,810911e-002
7,144971e+002;1,907876e-002
7,149791e+002;2,013908e-002
7,154613e+002;2,128062e-002
7,159434e+002;2,248233e-002
7,164255e+002;2,371449e-002
7,169076e+002;2,493956e-002
7,173898e+002;2,612087e-002
7,178718e+002;2,723236e-002
7,183540e+002;2,825933e-002
7,188361e+002;2,919881e-002
7,193182e+002;3,005066e-002
7,198003e+002;3,080639e-002
7,202825e+002;3,144245e-002
7,207645e+002;3,192230e-002
7,212467e+002;3,220593e-002
7,217288e+002;3,226774e-002
7,222109e+002;3,210735e-002
7,226930e+002;3,175251e-002
7,231752e+002;3,124679e-002
7,236572e+002;3,063889e-002
7,241394e+002;2,996850e-002
7,246215e+002;2,925775e-002
7,251036e+002;2,852062e-002
7,255857e+002;2,776889e-002
7,260679e+002;2,702124e-002
7,265499e+002;2,630835e-002
7,270321e+002;2,566412e-002
7,275142e+002;2,511741e-002
7,279963e+002;2,468237e-002
7,284784e+002;2,435440e-002
7,289606e+002;2,411223e-002
7,294426e+002;2,392587e-002
7,299248e+002;2,376817e-002
7,304069e+002;2,361739e-002
7,308890e+002;2,346068e-002
7,313711e+002;2,329029e-002
7,318533e+002;2,309778e-002
7,323353e+002;2,287392e-002
7,328175e+002;2,261024e-002
7,332996e+002;2,230423e-002
7,337817e+002;2,196480e-002
7,342638e+002;2,161220e-002
7,347460e+002;2,127752e-002
7,352280e+002;2,099137e-002
7,357102e+002;2,078020e-002
7,361923e+002;2,066030e-002
7,366744e+002;2,063501e-002
7,371565e+002;2,069554e-002
7,376387e+002;2,082139e-002
7,381207e+002;2,098369e-002
7,386029e+002;2,114357e-002
7,390850e+002;2,125766e-002
7,395671e+002;2,128483e-002
7,400492e+002;2,119075e-002
7,405314e+002;2,096091e-002
7,410134e+002;2,060655e-002
7,414956e+002;2,016542e-002
7,419777e+002;1,969034e-002
7,424598e+002;1,923899e-002
7,429419e+002;1,885779e-002
7,434241e+002;1,857008e-002
7,439061e+002;1,837802e-002
7,443883e+002;1,826590e-002
7,448704e+002;1,821134e-002
7,453525e+002;1,819210e-002
7,458346e+002;1,819213e-002
7,463168e+002;1,820132e-002
7,467988e+002;1,821069e-002
7,472810e+002;1,820913e-002
7,477631e+002;1,818259e-002
7,482452e+002;1,811450e-002
7,487273e+002;1,799257e-002
7,492095e+002;1,781126e-002
7,496915e+002;1,757431e-002
7,501737e+002;1,729165e-002
7,506558e+002;1,697800e-002
7,511379e+002;1,664787e-002
7,516200e+002;1,631411e-002
7,521022e+002;1,599030e-002
7,525842e+002;1,569016e-002
7,530664e+002;1,542606e-002
7,535485e+002;1,520811e-002
7,540306e+002;1,504020e-002
7,545127e+002;1,491704e-002
7,549949e+002;1,482508e-002
7,554769e+002;1,474617e-002
7,559591e+002;1,466240e-002
7,564412e+002;1,456124e-002
7,569233e+002;1,443904e-002
7,574054e+002;1,430125e-002
7,578876e+002;1,415872e-002
7,583696e+002;1,402394e-002
7,588518e+002;1,390839e-002
7,593339e+002;1,382009e-002
7,598160e+002;1,376332e-002
7,602981e+002;1,373904e-002
7,607803e+002;1,374468e-002
7,612623e+002;1,377392e-002
7,617445e+002;1,381619e-002
7,622266e+002;1,385885e-002
7,627087e+002;1,388882e-002
7,631908e+002;1,389587e-002
7,636730e+002;1,387568e-002
7,641550e+002;1,382950e-002
7,646372e+002;1,376270e-002
7,651193e+002;1,368063e-002
7,656014e+002;1,358623e-002
7,660835e+002;1,347882e-002
7,665657e+002;1,335771e-002
7,670477e+002;1,322615e-002
7,675299e+002;1,309503e-002
7,680120e+002;1,298396e-002
7,684941e+002;1,291658e-002
7,689762e+002;1,291094e-002
7,694584e+002;1,297331e-002
7,699404e+002;1,309111e-002
7,704226e+002;1,323592e-002
7,709047e+002;1,336666e-002
7,713868e+002;1,344253e-002
7,718689e+002;1,343419e-002
7,723511e+002;1,333062e-002
7,728331e+002;1,314175e-002
7,733153e+002;1,289705e-002
7,737974e+002;1,263792e-002
7,742795e+002;1,240544e-002
7,747616e+002;1,223368e-002
7,752438e+002;1,214153e-002
7,757258e+002;1,212620e-002
7,762080e+002;1,216348e-002
7,766901e+002;1,221241e-002
7,771722e+002;1,222853e-002
7,776543e+002;1,217131e-002
7,781365e+002;1,202117e-002
7,786185e+002;1,178404e-002
7,791007e+002;1,149316e-002
7,795828e+002;1,119678e-002
7,800649e+002;1,094587e-002
7,805470e+002;1,077930e-002
7,810292e+002;1,071039e-002
7,815112e+002;1,072778e-002
7,819934e+002;1,080016e-002
7,824755e+002;1,088967e-002
7,829576e+002;1,095875e-002
7,834397e+002;1,098043e-002
7,839219e+002;1,094047e-002
7,844039e+002;1,083420e-002
7,848861e+002;1,066369e-002
7,853682e+002;1,043661e-002
7,858503e+002;1,016674e-002
7,863324e+002;9,874658e-003
7,868146e+002;9,588839e-003
7,872966e+002;9,342105e-003
7,877788e+002;9,161393e-003
7,882609e+002;9,063166e-003
7,887430e+002;9,046555e-003
7,892251e+002;9,096391e-003
7,897073e+002;9,186978e-003
7,901893e+002;9,293357e-003
7,906715e+002;9,398815e-003
7,911536e+002;9,497085e-003
7,916357e+002;9,591143e-003
7,921178e+002;9,686339e-003
7,926000e+002;9,784843e-003
7,930820e+002;9,882658e-003
7,935642e+002;9,969781e-003
7,940463e+002;1,003498e-002
7,945284e+002;1,007082e-002
7,950105e+002;1,007645e-002
7,954927e+002;1,005607e-002
7,959747e+002;1,001762e-002
7,964569e+002;9,969577e-003
7,969390e+002;9,920793e-003
7,974211e+002;9,880624e-003
7,979032e+002;9,861202e-003
7,983854e+002;9,873065e-003
7,988674e+002;9,923099e-003
7,993496e+002;1,000657e-002
7,998317e+002;1,010637e-002
8,003138e+002;1,019543e-002
8,007959e+002;1,024608e-002
8,012781e+002;1,024503e-002
8,017601e+002;1,020218e-002
8,022423e+002;1,015280e-002
8,027244e+002;1,014523e-002
8,032065e+002;1,022708e-002
8,036886e+002;1,042164e-002
8,041708e+002;1,071776e-002
8,046528e+002;1,107107e-002
8,051350e+002;1,142175e-002
8,056171e+002;1,171415e-002
8,060992e+002;1,191657e-002
8,065813e+002;1,203214e-002
8,070635e+002;1,209373e-002
8,075455e+002;1,214821e-002
8,080277e+002;1,223395e-002
8,085098e+002;1,237121e-002
8,089919e+002;1,255572e-002
8,094740e+002;1,276709e-002
8,099562e+002;1,297847e-002
8,104382e+002;1,317040e-002
8,109204e+002;1,333431e-002
8,114025e+002;1,347031e-002
8,118846e+002;1,358127e-002
8,123668e+002;1,366606e-002
8,128489e+002;1,371766e-002
8,133310e+002;1,372802e-002
8,138131e+002;1,369191e-002
8,142952e+002;1,361354e-002
8,147773e+002;1,350596e-002
8,152595e+002;1,338823e-002
8,157416e+002;1,327783e-002
8,162237e+002;1,318366e-002
8,167058e+002;1,310504e-002
8,171879e+002;1,303142e-002
8,176700e+002;1,294737e-002
8,181522e+002;1,283845e-002
8,186343e+002;1,269609e-002
8,191164e+002;1,252018e-002
8,195985e+002;1,232062e-002
8,200806e+002;1,211434e-002
8,205627e+002;1,192440e-002
8,210449e+002;1,177301e-002
8,215270e+002;1,167518e-002
8,220091e+002;1,163342e-002
8,224912e+002;1,163386e-002
8,229733e+002;1,165040e-002
8,234554e+002;1,164942e-002
8,239376e+002;1,160371e-002
8,244197e+002;1,150125e-002
8,249018e+002;1,135025e-002
8,253839e+002;1,117465e-002
8,258660e+002;1,100606e-002
8,263481e+002;1,086912e-002
8,268303e+002;1,077105e-002
8,273124e+002;1,070197e-002
8,277945e+002;1,064009e-002
8,282766e+002;1,056591e-002
8,287587e+002;1,047069e-002
8,292408e+002;1,036290e-002
8,297230e+002;1,026043e-002
8,302051e+002;1,018146e-002
8,306872e+002;1,013028e-002
8,311693e+002;1,009280e-002
8,316514e+002;1,003993e-002
8,321335e+002;9,943133e-003
8,326157e+002;9,786402e-003
8,330978e+002;9,579422e-003
8,335799e+002;9,353988e-003
8,340620e+002;9,156419e-003
8,345441e+002;9,027948e-003
8,350262e+002;8,988841e-003
8,355084e+002;9,032886e-003
8,359905e+002;9,131141e-003
8,364726e+002;9,243735e-003
8,369547e+002;9,332186e-003
8,374368e+002;9,374505e-003
8,379189e+002;9,365398e-003
8,384011e+002;9,314786e-003
8,388832e+002;9,238218e-003
8,393653e+002;9,152628e-003
8,398474e+002;9,072707e-003
8,403295e+002;9,010389e-003
8,408116e+002;8,977645e-003
8,412938e+002;8,984715e-003
8,417759e+002;9,037081e-003
8,422580e+002;9,131006e-003
8,427401e+002;9,250470e-003
8,432222e+002;9,370442e-003
8,437043e+002;9,461628e-003
8,441865e+002;9,503519e-003
8,446686e+002;9,491260e-003
8,451507e+002;9,439380e-003
8,456328e+002;9,374674e-003
8,461149e+002;9,328293e-003
8,465970e+002;9,322030e-003
8,470792e+002;9,360590e-003
8,475613e+002;9,431490e-003
8,480434e+002;9,511242e-003
8,485255e+002;9,577085e-003
8,490076e+002;9,614347e-003
8,494897e+002;9,622477e-003
8,499719e+002;9,612991e-003
8,504540e+002;9,603439e-003
8,509361e+002;9,608419e-003
8,514182e+002;9,635283e-003
8,519003e+002;9,682646e-003
8,523824e+002;9,742212e-003
8,528646e+002;9,803889e-003
8,533467e+002;9,859744e-003
8,538288e+002;9,905640e-003
8,543109e+002;9,940591e-003
8,547930e+002;9,965712e-003
8,552751e+002;9,980291e-003
8,557573e+002;9,982596e-003
8,562394e+002;9,969306e-003
8,567215e+002;9,936523e-003
8,572036e+002;9,882726e-003
8,576857e+002;9,810023e-003
8,581678e+002;9,725304e-003
8,586500e+002;9,640161e-003
8,591321e+002;9,568482e-003
8,596142e+002;9,524619e-003
8,600963e+002;9,518082e-003
8,605784e+002;9,551072e-003
8,610605e+002;9,617023e-003
8,615427e+002;9,702568e-003
8,620248e+002;9,791621e-003
8,625069e+002;9,869879e-003
8,629890e+002;9,930828e-003
8,634711e+002;9,975986e-003
8,639532e+002;1,001426e-002
8,644354e+002;1,005580e-002
8,649175e+002;1,010803e-002
8,653996e+002;1,017101e-002
8,658817e+002;1,023865e-002
8,663638e+002;1,030087e-002
8,668459e+002;1,035007e-002
8,673281e+002;1,038448e-002
8,678102e+002;1,040915e-002
8,682923e+002;1,043322e-002
8,687744e+002;1,046522e-002
8,692565e+002;1,050901e-002
8,697386e+002;1,056231e-002
8,702208e+002;1,061843e-002
8,707029e+002;1,066991e-002
8,711850e+002;1,071338e-002
8,716671e+002;1,075074e-002
8,721492e+002;1,078800e-002
8,726313e+002;1,083144e-002
8,731135e+002;1,088403e-002
8,735956e+002;1,094329e-002
8,740777e+002;1,100194e-002
8,745598e+002;1,105047e-002
8,750419e+002;1,108049e-002
8,755240e+002;1,108644e-002
8,760062e+002;1,106628e-002
8,764883e+002;1,101897e-002
8,769704e+002;1,094411e-002
8,774525e+002;1,084082e-002
8,779346e+002;1,070917e-002
8,784167e+002;1,055267e-002
8,788989e+002;1,037909e-002
8,793810e+002;1,019998e-002
8,798631e+002;1,003007e-002
8,803452e+002;9,883912e-003
8,808273e+002;9,772778e-003
8,813094e+002;9,706295e-003
8,817916e+002;9,689083e-003
8,822737e+002;9,722492e-003
8,827558e+002;9,801991e-003
8,832379e+002;9,917505e-003
8,837200e+002;1,005214e-002
8,842021e+002;1,018302e-002
8,846843e+002;1,028910e-002
8,851664e+002;1,035303e-002
8,856485e+002;1,036999e-002
8,861306e+002;1,035000e-002
8,866127e+002;1,031634e-002
8,870948e+002;1,029728e-002
8,875770e+002;1,031651e-002
8,880591e+002;1,038598e-002
8,885412e+002;1,050097e-002
8,890233e+002;1,064346e-002
8,895054e+002;1,078779e-002
8,899875e+002;1,091213e-002
8,904697e+002;1,100228e-002
8,909518e+002;1,105493e-002
8,914339e+002;1,107515e-002
8,919160e+002;1,107131e-002
8,923981e+002;1,105034e-002
8,928802e+002;1,101690e-002
8,933624e+002;1,097357e-002
8,938445e+002;1,092270e-002
8,943266e+002;1,086735e-002
8,948087e+002;1,081001e-002
8,952908e+002;1,074982e-002
8,957729e+002;1,068142e-002
8,962551e+002;1,059582e-002
8,967372e+002;1,048549e-002
8,972193e+002;1,034994e-002
8,977014e+002;1,019964e-002
8,981835e+002;1,005394e-002
8,986656e+002;9,937337e-003
8,991478e+002;9,868286e-003
8,996299e+002;9,850898e-003
9,001120e+002;9,873200e-003
9,005941e+002;9,909607e-003
9,010762e+002;9,931471e-003
9,015583e+002;9,915098e-003
9,020405e+002;9,852016e-003
9,025226e+002;9,749362e-003
9,030047e+002;9,626373e-003
9,034868e+002;9,503858e-003
9,039689e+002;9,399357e-003
9,044510e+002;9,321590e-003
9,049332e+002;9,270948e-003
9,054153e+002;9,242652e-003
9,058974e+002;9,230332e-003
9,063795e+002;9,227895e-003
9,068616e+002;9,229147e-003
9,073438e+002;9,226676e-003
9,078259e+002;9,212597e-003
9,083080e+002;9,179600e-003
9,087901e+002;9,125829e-003
9,092722e+002;9,058362e-003
9,097543e+002;8,992021e-003
9,102365e+002;8,944361e-003
9,107186e+002;8,930122e-003
9,112007e+002;8,953629e-003
9,116829e+002;9,006364e-003
9,121649e+002;9,069898e-003
9,126471e+002;9,124679e-003
9,131292e+002;9,158990e-003
9,136113e+002;9,174963e-003
9,140934e+002;9,186808e-003
9,145756e+002;9,214594e-003
9,150576e+002;9,274334e-003
9,155398e+002;9,368445e-003
9,160219e+002;9,484249e-003
9,165040e+002;9,597952e-003
9,169861e+002;9,686440e-003
9,174683e+002;9,734893e-003
9,179503e+002;9,744043e-003
9,184325e+002;9,727269e-003
9,189146e+002;9,704839e-003
9,193967e+002;9,692607e-003
9,198788e+002;9,696131e-003
9,203610e+002;9,709447e-003
9,208430e+002;9,719510e-003
9,213252e+002;9,713784e-003
9,218073e+002;9,686508e-003
9,222894e+002;9,641550e-003
9,227715e+002;9,590804e-003
9,232537e+002;9,547820e-003
9,237357e+002;9,522790e-003
9,242179e+002;9,519234e-003
9,247000e+002;9,534306e-003
9,251821e+002;9,562858e-003
9,256642e+002;9,600390e-003
9,261464e+002;9,645751e-003
9,266284e+002;9,700468e-003
9,271106e+002;9,765797e-003
9,275927e+002;9,840221e-003
9,280748e+002;9,917675e-003
9,285569e+002;9,988971e-003
9,290391e+002;1,004515e-002
9,295211e+002;1,008134e-002
9,300033e+002;1,009846e-002
9,304854e+002;1,010338e-002
9,309675e+002;1,010606e-002
9,314496e+002;1,011620e-002
9,319318e+002;1,013987e-002
9,324138e+002;1,017874e-002
9,328960e+002;1,022993e-002
9,333781e+002;1,028856e-002
9,338602e+002;1,034902e-002
9,343423e+002;1,040736e-002
9,348245e+002;1,046101e-002
9,353065e+002;1,050830e-002
9,357887e+002;1,054931e-002
9,362708e+002;1,058431e-002
9,367529e+002;1,061527e-002
9,372350e+002;1,064465e-002
9,377172e+002;1,067524e-002
9,381992e+002;1,070893e-002
9,386814e+002;1,074439e-002
9,391635e+002;1,077645e-002
9,396456e+002;1,079652e-002
9,401277e+002;1,079398e-002
9,406099e+002;1,075943e-002
9,410919e+002;1,068879e-002
9,415741e+002;1,058536e-002
9,420562e+002;1,046074e-002
9,425383e+002;1,033175e-002
9,430204e+002;1,021867e-002
9,435026e+002;1,013882e-002
9,439846e+002;1,010169e-002
9,444668e+002;1,010789e-002
9,449489e+002;1,014869e-002
9,454310e+002;1,021049e-002
9,459131e+002;1,027760e-002
9,463953e+002;1,033881e-002
9,468773e+002;1,038879e-002
9,473595e+002;1,042897e-002
9,478416e+002;1,046482e-002
9,483237e+002;1,050260e-002
9,488058e+002;1,054499e-002
9,492880e+002;1,058954e-002
9,497700e+002;1,062760e-002
9,502522e+002;1,064824e-002
9,507343e+002;1,064234e-002
9,512164e+002;1,060624e-002
9,516985e+002;1,054523e-002
9,521807e+002;1,047320e-002
9,526627e+002;1,041038e-002
9,531449e+002;1,037708e-002
9,536270e+002;1,038940e-002
9,541091e+002;1,045368e-002
9,545912e+002;1,056452e-002
9,550734e+002;1,070465e-002
9,555554e+002;1,084924e-002
9,560376e+002;1,097309e-002
9,565197e+002;1,105486e-002
9,570018e+002;1,108338e-002
9,574839e+002;1,105911e-002
9,579661e+002;1,099389e-002
9,584481e+002;1,090608e-002
9,589303e+002;1,081504e-002
9,594124e+002;1,073797e-002
9,598945e+002;1,068410e-002
9,603766e+002;1,065578e-002
9,608588e+002;1,064930e-002
9,613408e+002;1,065928e-002
9,618230e+002;1,068067e-002
9,623051e+002;1,071110e-002
9,627872e+002;1,075050e-002
9,632693e+002;1,080002e-002
9,637515e+002;1,085957e-002
9,642335e+002;1,092668e-002
9,647157e+002;1,099593e-002
9,651978e+002;1,106006e-002
9,656799e+002;1,111162e-002
9,661620e+002;1,114351e-002
9,666442e+002;1,115174e-002
9,671262e+002;1,113450e-002
9,676084e+002;1,109429e-002
9,680905e+002;1,103668e-002
9,685726e+002;1,097146e-002
9,690547e+002;1,091091e-002
9,695369e+002;1,086678e-002
9,700189e+002;1,084857e-002
9,705011e+002;1,085804e-002
9,709832e+002;1,088852e-002
9,714653e+002;1,092365e-002
9,719474e+002;1,094346e-002
9,724296e+002;1,092950e-002
9,729116e+002;1,087092e-002
9,733938e+002;1,076945e-002
9,738759e+002;1,063894e-002
9,743580e+002;1,050175e-002
9,748401e+002;1,037916e-002
9,753223e+002;1,028683e-002
9,758043e+002;1,022963e-002
9,762865e+002;1,020151e-002
9,767686e+002;1,018987e-002
9,772507e+002;1,018064e-002
9,777328e+002;1,016396e-002
9,782150e+002;1,013452e-002
9,786970e+002;1,009100e-002
9,791792e+002;1,003369e-002
9,796613e+002;9,962186e-003
9,801434e+002;9,874353e-003
9,806255e+002;9,769593e-003
9,811077e+002;9,650392e-003
9,815897e+002;9,524077e-003
9,820719e+002;9,402709e-003
9,825540e+002;9,299451e-003
9,830361e+002;9,224037e-003
9,835182e+002;9,180006e-003
9,840004e+002;9,163187e-003
9,844824e+002;9,163897e-003
9,849646e+002;9,169820e-003
9,854467e+002;9,171377e-003
9,859288e+002;9,163017e-003
9,864109e+002;9,144439e-003
9,868931e+002;9,118791e-003
9,873751e+002;9,091417e-003
9,878573e+002;9,067192e-003
9,883394e+002;9,050242e-003
9,888215e+002;9,043374e-003
9,893036e+002;9,048009e-003
9,897858e+002;9,063132e-003
9,902678e+002;9,084616e-003
9,907500e+002;9,105188e-003
9,912321e+002;9,116185e-003
9,917142e+002;9,109383e-003
9,921963e+002;9,081233e-003
9,926785e+002;9,035221e-003
9,931605e+002;8,981535e-003
9,936427e+002;8,933809e-003
9,941248e+002;8,904553e-003
9,946069e+002;8,899649e-003
9,950890e+002;8,916728e-003
9,955712e+002;8,945207e-003
9,960532e+002;8,972132e-003
9,965354e+002;8,987928e-003
9,970175e+002;8,990263e-003
9,974996e+002;8,985459e-003
9,979817e+002;8,984715e-003
9,984639e+002;8,999024e-003
9,989459e+002;9,032615e-003
9,994281e+002;9,080793e-003
9,999102e+002;9,130363e-003
1,000392e+003;9,165623e-003
1,000874e+003;9,172494e-003
1,001357e+003;9,144135e-003
1,001839e+003;9,082485e-003
1,002321e+003;8,996655e-003
1,002803e+003;8,898262e-003
1,003285e+003;8,798708e-003
1,003767e+003;8,707526e-003
1,004249e+003;8,630998e-003
1,004731e+003;8,574388e-003
1,005214e+003;8,543264e-003
1,005696e+003;8,542757e-003
1,006178e+003;8,577531e-003
1,006660e+003;8,648743e-003
1,007142e+003;8,752895e-003
1,007624e+003;8,880406e-003
1,008106e+003;9,017359e-003
1,008588e+003;9,148196e-003
1,009070e+003;9,258425e-003
1,009552e+003;9,337805e-003
1,010035e+003;9,381784e-003
1,010517e+003;9,391603e-003
1,010999e+003;9,373354e-003
1,011481e+003;9,335910e-003
1,011963e+003;9,289465e-003
1,012445e+003;9,241975e-003
1,012927e+003;9,198721e-003
1,013409e+003;9,160073e-003
1,013892e+003;9,122851e-003
1,014374e+003;9,081774e-003
1,014856e+003;9,032717e-003
1,015338e+003;8,976122e-003
1,015820e+003;8,918792e-003
1,016302e+003;8,872289e-003
1,016784e+003;8,850173e-003
1,017266e+003;8,863430e-003
1,017749e+003;8,916019e-003
1,018231e+003;9,002441e-003
1,018713e+003;9,108774e-003
1,019195e+003;9,218012e-003
1,019677e+003;9,313194e-003
1,020159e+003;9,383680e-003
1,020641e+003;9,426716e-003
1,021123e+003;9,446728e-003
1,021605e+003;9,452485e-003
1,022088e+003;9,452350e-003
1,022570e+003;9,453501e-003
1,023052e+003;9,459867e-003
1,023534e+003;9,472803e-003
1,024016e+003;9,492784e-003
1,024498e+003;9,520013e-003
1,024980e+003;9,554323e-003
1,025462e+003;9,593954e-003
1,025944e+003;9,636096e-003
1,026427e+003;9,676344e-003
1,026909e+003;9,710734e-003
1,027391e+003;9,737774e-003
1,027873e+003;9,759698e-003
1,028355e+003;9,781827e-003
1,028837e+003;9,809549e-003
1,029319e+003;9,846085e-003
1,029801e+003;9,889369e-003
1,030284e+003;9,932353e-003
1,030766e+003;9,965069e-003
1,031248e+003;9,979918e-003
1,031730e+003;9,975748e-003
1,032212e+003;9,960322e-003
1,032694e+003;9,947507e-003
1,033176e+003;9,954898e-003
1,033658e+003;9,995819e-003
1,034141e+003;1,007469e-002
1,034623e+003;1,018437e-002
1,035105e+003;1,030891e-002
1,035587e+003;1,042928e-002
1,036069e+003;1,052863e-002
1,036551e+003;1,059959e-002
1,037033e+003;1,064386e-002
1,037515e+003;1,067205e-002
1,037997e+003;1,069636e-002
1,038479e+003;1,072659e-002
1,038962e+003;1,076514e-002
1,039444e+003;1,080695e-002
1,039926e+003;1,084089e-002
1,040408e+003;1,085444e-002
1,040890e+003;1,083899e-002
1,041372e+003;1,079092e-002
1,041854e+003;1,071317e-002
1,042336e+003;1,061188e-002
1,042819e+003;1,049425e-002
1,043301e+003;1,036531e-002
1,043783e+003;1,022841e-002
1,044265e+003;1,008520e-002
1,044747e+003;9,939642e-003
1,045229e+003;9,799686e-003
1,045711e+003;9,677462e-003
1,046193e+003;9,587112e-003
1,046676e+003;9,541994e-003
1,047158e+003;9,549174e-003
1,047640e+003;9,607978e-003
1,048122e+003;9,709582e-003
1,048604e+003;9,840221e-003
1,049086e+003;9,984020e-003
1,049568e+003;1,012600e-002
1,050050e+003;1,025480e-002
1,050532e+003;1,036229e-002
1,051015e+003;1,044343e-002
1,051497e+003;1,049543e-002
1,051979e+003;1,051780e-002
1,052461e+003;1,051200e-002
1,052943e+003;1,048141e-002
1,053425e+003;1,043213e-002
1,053907e+003;1,037006e-002
1,054389e+003;1,030016e-002
1,054871e+003;1,022423e-002
1,055354e+003;1,014130e-002
1,055836e+003;1,005011e-002
1,056318e+003;9,951405e-003
1,056800e+003;9,851305e-003
1,057282e+003;9,761427e-003
1,057764e+003;9,696808e-003
1,058246e+003;9,669161e-003
1,058728e+003;9,683290e-003
1,059211e+003;9,732420e-003
1,059693e+003;9,800060e-003
1,060175e+003;9,863168e-003
1,060657e+003;9,898894e-003
1,061139e+003;9,891979e-003
1,061621e+003;9,836628e-003
1,062103e+003;9,737096e-003
1,062585e+003;9,605167e-003
1,063068e+003;9,456040e-003
1,063550e+003;9,303783e-003
1,064032e+003;9,161123e-003
1,064514e+003;9,039281e-003
1,064996e+003;8,946830e-003
1,065478e+003;8,890620e-003
1,065960e+003;8,872627e-003
1,066442e+003;8,888827e-003
1,066924e+003;8,928397e-003
1,067406e+003;8,976833e-003
1,067889e+003;9,020844e-003
1,068371e+003;9,051460e-003
1,068853e+003;9,069797e-003
1,069335e+003;9,084785e-003
1,069817e+003;9,110467e-003
1,070299e+003;9,158957e-003
1,070781e+003;9,235443e-003
1,071263e+003;9,335368e-003
1,071746e+003;9,446999e-003
1,072228e+003;9,554153e-003
1,072710e+003;9,642160e-003
1,073192e+003;9,703314e-003
1,073674e+003;9,735503e-003
1,074156e+003;9,741399e-003
1,074638e+003;9,725135e-003
1,075120e+003;9,690031e-003
1,075603e+003;9,638128e-003
1,076085e+003;9,571801e-003
1,076567e+003;9,496712e-003
1,077049e+003;9,421467e-003
1,077531e+003;9,357069e-003
1,078013e+003;9,313871e-003
1,078495e+003;9,297081e-003
1,078977e+003;9,305104e-003
1,079459e+003;9,329782e-003
1,079942e+003;9,358660e-003
1,080424e+003;9,376909e-003
1,080906e+003;9,372169e-003
1,081388e+003;9,335368e-003
1,081870e+003;9,262351e-003
1,082352e+003;9,153983e-003
1,082834e+003;9,018407e-003
1,083316e+003;8,871410e-003
1,083798e+003;8,734334e-003
1,084281e+003;8,634007e-003
1,084763e+003;8,595139e-003
1,085245e+003;8,631167e-003
1,085727e+003;8,740115e-003
1,086209e+003;8,901070e-003
1,086691e+003;9,079541e-003
1,087173e+003;9,233885e-003
1,087655e+003;9,330730e-003
1,088138e+003;9,353345e-003
1,088620e+003;9,307168e-003
1,089102e+003;9,215880e-003
1,089584e+003;9,113850e-003
1,090066e+003;9,032886e-003
1,090548e+003;8,991007e-003
1,091030e+003;8,988638e-003
1,091512e+003;9,009781e-003
1,091995e+003;9,030214e-003
1,092477e+003;9,024632e-003
1,092959e+003;8,976731e-003
1,093441e+003;8,883990e-003
1,093923e+003;8,757493e-003
1,094405e+003;8,617715e-003
1,094887e+003;8,490653e-003
1,095369e+003;8,400887e-003
1,095851e+003;8,364811e-003
1,096333e+003;8,388084e-003
1,096816e+003;8,463218e-003
1,097298e+003;8,572597e-003
1,097780e+003;8,689982e-003
1,098262e+003;8,789578e-003
1,098744e+003;8,852202e-003
1,099226e+003;8,868976e-003
1,099708e+003;8,844864e-003
1,100190e+003;8,795766e-003
1,100673e+003;8,743868e-003
1,101155e+003;8,709352e-003
1,101637e+003;8,704754e-003
1,102119e+003;8,732103e-003
1,102601e+003;8,783019e-003
1,103083e+003;8,842193e-003
1,103565e+003;8,891600e-003
1,104047e+003;8,916560e-003
1,104530e+003;8,908003e-003
1,105012e+003;8,863091e-003
1,105494e+003;8,787009e-003
1,105976e+003;8,690624e-003
1,106458e+003;8,588920e-003
1,106940e+003;8,498390e-003
1,107422e+003;8,434534e-003
1,107904e+003;8,407001e-003
1,108386e+003;8,417271e-003
1,108869e+003;8,456562e-003
1,109351e+003;8,509001e-003
1,109833e+003;8,554247e-003
1,110315e+003;8,573172e-003
1,110797e+003;8,554112e-003
1,111279e+003;8,493423e-003
1,111761e+003;8,396631e-003
1,112243e+003;8,274834e-003
1,112725e+003;8,142605e-003
1,113208e+003;8,014028e-003
1,113690e+003;7,903001e-003
1,114172e+003;7,824220e-003
1,114654e+003;7,792475e-003
1,115136e+003;7,821756e-003
1,115618e+003;7,921188e-003
1,116100e+003;8,090718e-003
1,116582e+003;8,316239e-003
1,117065e+003;8,569961e-003
1,117547e+003;8,816223e-003
1,118029e+003;9,015802e-003
1,118511e+003;9,139127e-003
1,118993e+003;9,174422e-003
1,119475e+003;9,131378e-003
1,119957e+003;9,038029e-003
1,120439e+003;8,933369e-003
1,120922e+003;8,857477e-003
1,121404e+003;8,836748e-003
1,121886e+003;8,880169e-003
1,122368e+003;8,975378e-003
1,122850e+003;9,094902e-003
1,123332e+003;9,202105e-003
1,123814e+003;9,263874e-003
1,124296e+003;9,260964e-003
1,124778e+003;9,191783e-003
1,125260e+003;9,073621e-003
1,125743e+003;8,936852e-003
1,126225e+003;8,818150e-003
1,126707e+003;8,746505e-003
1,127189e+003;8,737242e-003
1,127671e+003;8,786704e-003
1,128153e+003;8,875975e-003
1,128635e+003;8,976495e-003
1,129117e+003;9,060662e-003
1,129600e+003;9,112124e-003
1,130082e+003;9,128705e-003
1,130564e+003;9,122208e-003
1,131046e+003;9,111414e-003
1,131528e+003;9,116218e-003
1,132010e+003;9,148669e-003
1,132492e+003;9,210533e-003
1,132974e+003;9,294746e-003
1,133457e+003;9,389537e-003
1,133939e+003;9,483098e-003
1,134421e+003;9,566720e-003
1,134903e+003;9,636909e-003
1,135385e+003;9,693217e-003
1,135867e+003;9,736622e-003
1,136349e+003;9,768305e-003
1,136831e+003;9,789079e-003
1,137313e+003;9,800466e-003
1,137796e+003;9,805651e-003
1,138278e+003;9,809989e-003
1,138760e+003;9,819547e-003
1,139242e+003;9,839442e-003
1,139724e+003;9,872828e-003
1,140206e+003;9,920183e-003
1,140688e+003;9,980258e-003
1,141170e+003;1,005204e-002
1,141652e+003;1,013458e-002
1,142135e+003;1,022732e-002
1,142617e+003;1,032805e-002
1,143099e+003;1,043203e-002
1,143581e+003;1,053131e-002
1,144063e+003;1,061677e-002
1,144545e+003;1,068234e-002
1,145027e+003;1,072747e-002
1,145509e+003;1,075923e-002
1,145992e+003;1,079021e-002
1,146474e+003;1,083494e-002
1,146956e+003;1,090272e-002
1,147438e+003;1,099481e-002
1,147920e+003;1,110177e-002
1,148402e+003;1,120909e-002
1,148884e+003;1,130005e-002
1,149366e+003;1,136355e-002
1,149849e+003;1,139675e-002
1,150331e+003;1,140593e-002
1,150813e+003;1,140253e-002
1,151295e+003;1,139797e-002
1,151777e+003;1,140130e-002
1,152259e+003;1,141546e-002
1,152741e+003;1,144025e-002
1,153223e+003;1,147295e-002
1,153705e+003;1,151160e-002
1,154188e+003;1,155539e-002
1,154670e+003;1,160436e-002
1,155152e+003;1,165789e-002
1,155634e+003;1,171395e-002
1,156116e+003;1,176971e-002
1,156598e+003;1,182242e-002
1,157080e+003;1,187063e-002
1,157562e+003;1,191514e-002
1,158044e+003;1,195819e-002
1,158527e+003;1,200124e-002
1,159009e+003;1,204375e-002
1,159491e+003;1,208245e-002
1,159973e+003;1,211141e-002
1,160455e+003;1,212569e-002
1,160937e+003;1,212201e-002
1,161419e+003;1,210105e-002
1,161901e+003;1,206705e-002
1,162384e+003;1,202607e-002
1,162866e+003;1,198435e-002
1,163348e+003;1,194599e-002
1,163830e+003;1,191344e-002
1,164312e+003;1,188735e-002
1,164794e+003;1,186746e-002
1,165276e+003;1,185238e-002
1,165758e+003;1,183998e-002
1,166240e+003;1,182592e-002
1,166723e+003;1,180372e-002
1,167205e+003;1,176600e-002
1,167687e+003;1,170588e-002
1,168169e+003;1,161964e-002
1,168651e+003;1,150843e-002
1,169133e+003;1,137865e-002
1,169615e+003;1,124017e-002
1,170097e+003;1,110370e-002
1,170579e+003;1,097914e-002
1,171062e+003;1,087343e-002
1,171544e+003;1,079031e-002
1,172026e+003;1,073131e-002
1,172508e+003;1,069602e-002
1,172990e+003;1,068251e-002
1,173472e+003;1,068651e-002
1,173954e+003;1,070129e-002
1,174436e+003;1,071708e-002
1,174919e+003;1,072255e-002
1,175401e+003;1,070774e-002
1,175883e+003;1,066563e-002
1,176365e+003;1,059616e-002
1,176847e+003;1,050548e-002
1,177329e+003;1,040569e-002
1,177811e+003;1,031105e-002
1,178293e+003;1,023448e-002
1,178776e+003;1,018516e-002
1,179258e+003;1,016575e-002
1,179740e+003;1,017301e-002
1,180222e+003;1,019896e-002
1,180704e+003;1,023387e-002
1,181186e+003;1,026789e-002
1,181668e+003;1,029388e-002
1,182150e+003;1,030759e-002
1,182632e+003;1,030759e-002
1,183115e+003;1,029432e-002
1,183597e+003;1,026908e-002
1,184079e+003;1,023349e-002
1,184561e+003;1,018848e-002
1,185043e+003;1,013529e-002
1,185525e+003;1,007584e-002
1,186007e+003;1,001294e-002
1,186489e+003;9,951134e-003
1,186971e+003;9,895539e-003
1,187454e+003;9,850660e-003
1,187936e+003;9,819344e-003
1,188418e+003;9,801110e-003
1,188900e+003;9,793078e-003
1,189382e+003;9,791214e-003
1,189864e+003;9,792299e-003
1,190346e+003;9,795383e-003
1,190828e+003;9,802567e-003
1,191311e+003;9,817072e-003
1,191793e+003;9,841340e-003
1,192275e+003;9,874421e-003
1,192757e+003;9,911573e-003
1,193239e+003;9,943710e-003
1,193721e+003;9,961339e-003
1,194203e+003;9,957033e-003
1,194685e+003;9,928794e-003
1,195167e+003;9,880725e-003
1,195650e+003;9,821445e-003
1,196132e+003;9,762409e-003
1,196614e+003;9,713681e-003
1,197096e+003;9,682442e-003
1,197578e+003;9,672651e-003
1,198060e+003;9,685594e-003
1,198542e+003;9,720899e-003
1,199024e+003;9,777523e-003
1,199506e+003;9,853270e-003
1,199989e+003;9,943439e-003
1,200471e+003;1,003997e-002
1,200953e+003;1,013272e-002
1,201435e+003;1,020971e-002
1,201917e+003;1,026135e-002
1,202399e+003;1,028211e-002
1,202881e+003;1,027251e-002
1,203363e+003;1,023906e-002
1,203846e+003;1,019153e-002
1,204328e+003;1,014133e-002
1,204810e+003;1,009728e-002
1,205292e+003;1,006540e-002
1,205774e+003;1,004841e-002
1,206256e+003;1,004502e-002
1,206738e+003;1,005289e-002
1,207220e+003;1,006774e-002
1,207703e+003;1,008554e-002
1,208185e+003;1,010230e-002
1,208667e+003;1,011552e-002
1,209149e+003;1,012461e-002
1,209631e+003;1,013221e-002
1,210113e+003;1,014228e-002
1,210595e+003;1,015941e-002
1,211077e+003;1,018661e-002
1,211559e+003;1,022243e-002
1,212042e+003;1,026186e-002
1,212524e+003;1,029588e-002
1,213006e+003;1,031604e-002
1,213488e+003;1,031733e-002
1,213970e+003;1,030060e-002
1,214452e+003;1,027142e-002
1,214934e+003;1,024031e-002
1,215416e+003;1,021667e-002
1,215898e+003;1,020622e-002
1,216381e+003;1,020880e-002
1,216863e+003;1,021945e-002
1,217345e+003;1,023000e-002
1,217827e+003;1,023343e-002
1,218309e+003;1,022617e-002
1,218791e+003;1,020941e-002
1,219273e+003;1,018831e-002
1,219755e+003;1,016969e-002
1,220238e+003;1,015894e-002
1,220720e+003;1,015897e-002
1,221202e+003;1,016901e-002
1,221684e+003;1,018468e-002
1,222166e+003;1,020032e-002
1,222648e+003;1,021016e-002
1,223130e+003;1,020988e-002
1,223612e+003;1,019798e-002
1,224094e+003;1,017573e-002
1,224577e+003;1,014727e-002
1,225059e+003;1,011807e-002
1,225541e+003;1,009307e-002
1,226023e+003;1,007578e-002
1,226505e+003;1,006591e-002
1,226987e+003;1,006150e-002
1,227469e+003;1,005909e-002
1,227951e+003;1,005709e-002
1,228434e+003;1,005760e-002
1,228916e+003;1,006587e-002
1,229398e+003;1,008958e-002
1,229880e+003;1,013513e-002
1,230362e+003;1,020395e-002
1,230844e+003;1,029056e-002
1,231326e+003;1,038214e-002
1,231808e+003;1,046332e-002
1,232291e+003;1,051899e-002
1,232773e+003;1,053885e-002
1,233255e+003;1,052150e-002
1,233737e+003;1,047232e-002
1,234219e+003;1,040264e-002
1,234701e+003;1,032452e-002
1,235183e+003;1,024964e-002
1,235665e+003;1,018553e-002
1,236147e+003;1,013797e-002
1,236630e+003;1,011033e-002
1,237112e+003;1,010481e-002
1,237594e+003;1,012193e-002
1,238076e+003;1,015927e-002
1,238558e+003;1,021192e-002
1,239040e+003;1,027054e-002
1,239522e+003;1,032523e-002
1,240004e+003;1,036728e-002
1,240486e+003;1,039225e-002
1,240969e+003;1,040077e-002
1,241451e+003;1,039840e-002
1,241933e+003;1,039242e-002
1,242415e+003;1,038920e-002
1,242897e+003;1,039141e-002
1,243379e+003;1,039779e-002
1,243861e+003;1,040491e-002
1,244343e+003;1,040905e-002
1,244826e+003;1,040868e-002
1,245308e+003;1,040539e-002
1,245790e+003;1,040298e-002
1,246272e+003;1,040617e-002
1,246754e+003;1,041791e-002
1,247236e+003;1,043977e-002
1,247718e+003;1,047103e-002
1,248200e+003;1,051030e-002
1,248682e+003;1,055582e-002
1,249165e+003;1,060597e-002
1,249647e+003;1,065945e-002
1,250129e+003;1,071440e-002
1,250611e+003;1,076860e-002
1,251093e+003;1,082030e-002
1,251575e+003;1,086841e-002
1,252057e+003;1,091329e-002
1,252539e+003;1,095753e-002
1,253021e+003;1,100354e-002
1,253504e+003;1,105292e-002
1,253986e+003;1,110425e-002
1,254468e+003;1,115289e-002
1,254950e+003;1,119216e-002
1,255432e+003;1,121477e-002
1,255914e+003;1,121647e-002
1,256396e+003;1,119668e-002
1,256878e+003;1,116061e-002
1,257361e+003;1,111618e-002
1,257843e+003;1,107383e-002
1,258325e+003;1,104317e-002
1,258807e+003;1,103175e-002
1,259289e+003;1,104347e-002
1,259771e+003;1,107892e-002
1,260253e+003;1,113501e-002
1,260735e+003;1,120586e-002
1,261218e+003;1,128455e-002
1,261700e+003;1,136382e-002
1,262182e+003;1,143876e-002
1,262664e+003;1,150728e-002
1,263146e+003;1,156920e-002
1,263628e+003;1,162661e-002
1,264110e+003;1,167984e-002
1,264592e+003;1,172726e-002
1,265074e+003;1,176392e-002
1,265557e+003;1,178336e-002
1,266039e+003;1,178037e-002
1,266521e+003;1,175480e-002
1,267003e+003;1,171279e-002
1,267485e+003;1,166756e-002
1,267967e+003;1,163407e-002
1,268449e+003;1,162535e-002
1,268931e+003;1,164782e-002
1,269413e+003;1,169908e-002
1,269896e+003;1,176835e-002
1,270378e+003;1,184104e-002
1,270860e+003;1,190458e-002
1,271342e+003;1,195165e-002
1,271824e+003;1,198223e-002
1,272306e+003;1,200294e-002
1,272788e+003;1,202280e-002
1,273270e+003;1,204907e-002
1,273753e+003;1,208484e-002
1,274235e+003;1,212824e-002
1,274717e+003;1,217394e-002
1,275199e+003;1,221497e-002
1,275681e+003;1,224503e-002
1,276163e+003;1,226064e-002
1,276645e+003;1,226046e-002
1,277127e+003;1,224683e-002
1,277609e+003;1,222396e-002
1,278092e+003;1,219987e-002
1,278574e+003;1,218375e-002
1,279056e+003;1,218443e-002
1,279538e+003;1,220887e-002
1,280020e+003;1,225876e-002
1,280502e+003;1,232935e-002
1,280984e+003;1,241025e-002
1,281466e+003;1,248813e-002
1,281948e+003;1,255108e-002
1,282431e+003;1,259150e-002
1,282913e+003;1,260869e-002
1,283395e+003;1,260852e-002
1,283877e+003;1,260064e-002
1,284359e+003;1,259437e-002
1,284841e+003;1,259679e-002
1,285323e+003;1,261166e-002
1,285805e+003;1,263929e-002
1,286288e+003;1,267920e-002
1,286770e+003;1,273041e-002
1,287252e+003;1,279235e-002
1,287734e+003;1,286309e-002
1,288216e+003;1,293924e-002
1,288698e+003;1,301527e-002
1,289180e+003;1,308496e-002
1,289662e+003;1,314373e-002
1,290145e+003;1,319069e-002
1,290627e+003;1,322980e-002
1,291109e+003;1,326779e-002
1,291591e+003;1,331258e-002
1,292073e+003;1,336967e-002
1,292555e+003;1,343969e-002
1,293037e+003;1,351909e-002
1,293519e+003;1,360175e-002
1,294001e+003;1,368169e-002
1,294484e+003;1,375535e-002
1,294966e+003;1,382256e-002
1,295448e+003;1,388605e-002
1,295930e+003;1,394934e-002
1,296412e+003;1,401507e-002
1,296894e+003;1,408424e-002
1,297376e+003;1,415578e-002
1,297858e+003;1,422791e-002
1,298340e+003;1,429759e-002
1,298823e+003;1,436218e-002
1,299305e+003;1,441814e-002
1,299787e+003;1,446206e-002
1,300269e+003;1,449094e-002
1,300751e+003;1,450416e-002
1,301233e+003;1,450464e-002
1,301715e+003;1,449827e-002
1,302197e+003;1,449337e-002
1,302680e+003;1,449789e-002
1,303162e+003;1,451485e-002
1,303644e+003;1,454188e-002
1,304126e+003;1,457121e-002
1,304608e+003;1,459365e-002
1,305090e+003;1,460160e-002
1,305572e+003;1,459348e-002
1,306054e+003;1,457381e-002
1,306536e+003;1,455206e-002
1,307019e+003;1,453715e-002
1,307501e+003;1,453438e-002
1,307983e+003;1,454253e-002
1,308465e+003;1,455555e-002
1,308947e+003;1,456535e-002
1,309429e+003;1,456545e-002
1,309911e+003;1,455387e-002
1,310393e+003;1,453284e-002
1,310875e+003;1,450556e-002
1,311358e+003;1,447394e-002
1,311840e+003;1,443561e-002
1,312322e+003;1,438523e-002
1,312804e+003;1,431605e-002
1,313286e+003;1,422514e-002
1,313768e+003;1,411450e-002
1,314250e+003;1,399287e-002
1,314732e+003;1,387219e-002
1,315215e+003;1,376356e-002
1,315697e+003;1,367478e-002
1,316179e+003;1,360869e-002
1,316661e+003;1,356267e-002
1,317143e+003;1,353030e-002
1,317625e+003;1,350309e-002
1,318107e+003;1,347247e-002
1,318589e+003;1,343067e-002
1,319072e+003;1,337237e-002
1,319554e+003;1,329659e-002
1,320036e+003;1,320695e-002
1,320518e+003;1,311214e-002
1,321000e+003;1,302459e-002
1,321482e+003;1,295785e-002
1,321964e+003;1,292156e-002
1,322446e+003;1,291951e-002
1,322928e+003;1,294699e-002
1,323411e+003;1,299287e-002
1,323893e+003;1,304190e-002
1,324375e+003;1,308120e-002
1,324857e+003;1,310490e-002
1,325339e+003;1,311576e-002
1,325821e+003;1,312385e-002
1,326303e+003;1,314175e-002
1,326785e+003;1,317952e-002
1,327267e+003;1,323961e-002
1,327750e+003;1,331671e-002
1,328232e+003;1,339947e-002
1,328714e+003;1,347660e-002
1,329196e+003;1,354083e-002
1,329678e+003;1,359218e-002
1,330160e+003;1,363860e-002
1,330642e+003;1,369270e-002
1,331124e+003;1,376752e-002
1,331607e+003;1,387250e-002
1,332089e+003;1,401145e-002
1,332571e+003;1,418190e-002
1,333053e+003;1,437684e-002
1,333535e+003;1,458632e-002
1,334017e+003;1,479999e-002
1,334499e+003;1,500841e-002
1,334981e+003;1,520361e-002
1,335464e+003;1,538123e-002
1,335946e+003;1,554099e-002
1,336428e+003;1,568727e-002
1,336910e+003;1,582817e-002
1,337392e+003;1,597342e-002
1,337874e+003;1,613037e-002
1,338356e+003;1,629980e-002
1,338838e+003;1,647325e-002
1,339320e+003;1,663531e-002
1,339802e+003;1,676856e-002
1,340285e+003;1,686156e-002
1,340767e+003;1,691430e-002
1,341249e+003;1,693803e-002
1,341731e+003;1,694992e-002
1,342213e+003;1,696618e-002
1,342695e+003;1,700036e-002
1,343177e+003;1,705956e-002
1,343659e+003;1,714465e-002
1,344142e+003;1,725207e-002
1,344624e+003;1,737514e-002
1,345106e+003;1,750679e-002
1,345588e+003;1,764073e-002
1,346070e+003;1,777326e-002
1,346552e+003;1,790296e-002
1,347034e+003;1,803056e-002
1,347516e+003;1,815810e-002
1,347999e+003;1,828896e-002
1,348481e+003;1,842593e-002
1,348963e+003;1,857053e-002
1,349445e+003;1,872119e-002
1,349927e+003;1,887267e-002
1,350409e+003;1,901669e-002
1,350891e+003;1,914355e-002
1,351373e+003;1,924533e-002
1,351855e+003;1,931869e-002
1,352338e+003;1,936636e-002
1,352820e+003;1,939616e-002
1,353302e+003;1,942055e-002
1,353784e+003;1,945284e-002
1,354266e+003;1,950378e-002
1,354748e+003;1,958197e-002
1,355230e+003;1,969273e-002
1,355712e+003;1,983952e-002
1,356194e+003;2,002640e-002
1,356677e+003;2,025751e-002
1,357159e+003;2,053669e-002
1,357641e+003;2,086582e-002
1,358123e+003;2,124419e-002
1,358605e+003;2,166907e-002
1,359087e+003;2,213813e-002
1,359569e+003;2,265582e-002
1,360051e+003;2,323590e-002
1,360534e+003;2,390514e-002
1,361016e+003;2,469682e-002
1,361498e+003;2,564018e-002
1,361980e+003;2,674079e-002
1,362462e+003;2,796553e-002
1,362944e+003;2,924119e-002
1,363426e+003;3,047707e-002
1,363908e+003;3,159633e-002
1,364391e+003;3,255242e-002
1,364873e+003;3,333288e-002
1,365355e+003;3,394536e-002
1,365837e+003;3,440785e-002
1,366319e+003;3,474372e-002
1,366801e+003;3,498690e-002
1,367283e+003;3,518781e-002
1,367765e+003;3,540995e-002
1,368247e+003;3,572991e-002
1,368729e+003;3,621671e-002
1,369212e+003;3,691504e-002
1,369694e+003;3,784363e-002
1,370176e+003;3,899920e-002
1,370658e+003;4,037417e-002
1,371140e+003;4,197128e-002
1,371622e+003;4,381459e-002
1,372104e+003;4,594154e-002
1,372586e+003;4,837796e-002
1,373069e+003;5,110483e-002
1,373551e+003;5,401317e-002
1,374033e+003;5,689786e-002
1,374515e+003;5,951374e-002
1,374997e+003;6,164287e-002
1,375479e+003;6,316607e-002
1,375961e+003;6,406053e-002
1,376443e+003;6,434748e-002
1,376926e+003;6,404717e-002
1,377408e+003;6,316009e-002
1,377890e+003;6,168259e-002
1,378372e+003;5,964250e-002
1,378854e+003;5,712935e-002
1,379336e+003;5,429629e-002
1,379818e+003;5,131241e-002
1,380300e+003;4,833556e-002
1,380782e+003;4,547296e-002
1,381265e+003;4,277505e-002
1,381747e+003;4,026113e-002
1,382229e+003;3,793344e-002
1,382711e+003;3,578999e-002
1,383193e+003;3,382517e-002
1,383675e+003;3,202077e-002
1,384157e+003;3,034128e-002
1,384639e+003;2,873368e-002
1,385121e+003;2,714072e-002
1,385604e+003;2,551482e-002
1,386086e+003;2,384024e-002
1,386568e+003;2,214712e-002
1,387050e+003;2,050497e-002
1,387532e+003;1,899384e-002
1,388014e+003;1,766896e-002
1,388496e+003;1,654216e-002
1,388978e+003;1,559123e-002
1,389461e+003;1,478134e-002
1,389943e+003;1,408065e-002
1,390425e+003;1,346758e-002
1,390907e+003;1,292869e-002
1,391389e+003;1,245471e-002
1,391871e+003;1,203568e-002
1,392353e+003;1,166232e-002
1,392835e+003;1,132733e-002
1,393318e+003;1,102927e-002
1,393800e+003;1,077203e-002
1,394282e+003;1,056231e-002
1,394764e+003;1,040223e-002
1,395246e+003;1,028367e-002
1,395728e+003;1,019129e-002
1,396210e+003;1,011054e-002
1,396692e+003;1,003278e-002
1,397174e+003;9,957711e-003
1,397656e+003;9,889674e-003
1,398139e+003;9,831849e-003
1,398621e+003;9,781623e-003
1,399103e+003;9,729404e-003
1,399585e+003;9,665028e-003
1,400067e+003;9,585215e-003
1,400549e+003;9,496509e-003
1,401031e+003;9,413036e-003
1,401513e+003;9,349045e-003
1,401996e+003;9,314751e-003
1,402478e+003;9,311502e-003
1,402960e+003;9,331678e-003
1,403442e+003;9,360895e-003
1,403924e+003;9,385170e-003
1,404406e+003;9,396783e-003
1,404888e+003;9,398307e-003
1,405370e+003;9,399492e-003
1,405853e+003;9,409955e-003
1,406335e+003;9,433081e-003
1,406817e+003;9,464947e-003
1,407299e+003;9,498541e-003
1,407781e+003;9,530445e-003
1,408263e+003;9,563468e-003
1,408745e+003;9,606115e-003
1,409227e+003;9,667298e-003
1,409709e+003;9,750278e-003
1,410192e+003;9,848016e-003
1,410674e+003;9,945134e-003
1,411156e+003;1,002467e-002
1,411638e+003;1,007710e-002
1,412120e+003;1,010691e-002
1,412602e+003;1,013055e-002
1,413084e+003;1,016955e-002
1,413566e+003;1,023906e-002
1,414048e+003;1,034434e-002
1,414531e+003;1,047897e-002
1,415013e+003;1,063082e-002
1,415495e+003;1,078807e-002
1,415977e+003;1,094730e-002
1,416459e+003;1,111305e-002
1,416941e+003;1,129488e-002
1,417423e+003;1,149758e-002
1,417905e+003;1,171341e-002
1,418388e+003;1,191861e-002
1,418870e+003;1,208644e-002
1,419352e+003;1,220614e-002
1,419834e+003;1,229383e-002
1,420316e+003;1,237963e-002
1,420798e+003;1,249222e-002
1,421280e+003;1,264536e-002
1,421762e+003;1,284026e-002
1,422245e+003;1,307072e-002
1,422727e+003;1,333069e-002
1,423209e+003;1,361785e-002
1,423691e+003;1,393497e-002
1,424173e+003;1,428653e-002
1,424655e+003;1,467258e-002
1,425137e+003;1,508675e-002
1,425619e+003;1,551904e-002
1,426101e+003;1,596397e-002
1,426584e+003;1,642679e-002
1,427066e+003;1,692715e-002
1,427548e+003;1,749682e-002
1,428030e+003;1,817057e-002
1,428512e+003;1,897363e-002
1,428994e+003;1,990865e-002
1,429476e+003;2,095277e-002
1,429958e+003;2,206620e-002
1,430441e+003;2,321028e-002
1,430923e+003;2,436032e-002
1,431405e+003;2,550843e-002
1,431887e+003;2,665486e-002
1,432369e+003;2,780026e-002
1,432851e+003;2,894139e-002
1,433333e+003;3,007697e-002
1,433815e+003;3,121777e-002
1,434297e+003;3,239353e-002
1,434780e+003;3,365890e-002
1,435262e+003;3,508298e-002
1,435744e+003;3,671780e-002
1,436226e+003;3,854164e-002
1,436708e+003;4,043955e-002
1,437190e+003;4,225265e-002
1,437672e+003;4,386928e-002
1,438154e+003;4,527441e-002
1,438636e+003;4,652721e-002
1,439119e+003;4,771101e-002
1,439601e+003;4,890638e-002
1,440083e+003;5,017024e-002
1,440565e+003;5,153251e-002
1,441047e+003;5,299485e-002
1,441529e+003;5,453951e-002
1,442011e+003;5,613828e-002
1,442493e+003;5,776056e-002
1,442976e+003;5,938387e-002
1,443458e+003;6,099021e-002
1,443940e+003;6,256545e-002
1,444422e+003;6,410097e-002
1,444904e+003;6,559314e-002
1,445386e+003;6,704985e-002
1,445868e+003;6,849173e-002
1,446350e+003;6,995031e-002
1,446833e+003;7,145514e-002
1,447315e+003;7,301909e-002
1,447797e+003;7,463205e-002
1,448279e+003;7,626370e-002
1,448761e+003;7,788616e-002
1,449243e+003;7,949673e-002
1,449725e+003;8,111904e-002
1,450207e+003;8,279518e-002
1,450689e+003;8,456226e-002
1,451172e+003;8,643278e-002
1,451654e+003;8,837929e-002
1,452136e+003;9,033946e-002
1,452618e+003;9,224323e-002
1,453100e+003;9,402931e-002
1,453582e+003;9,567434e-002
1,454064e+003;9,719058e-002
1,454546e+003;9,860680e-002
1,455028e+003;9,994553e-002
1,455511e+003;1,011945e-001
1,455993e+003;1,022873e-001
1,456475e+003;1,031132e-001
1,456957e+003;1,035964e-001
1,457439e+003;1,037763e-001
1,457921e+003;1,037770e-001
1,458403e+003;1,037162e-001
1,458885e+003;1,036346e-001
1,459368e+003;1,035191e-001
1,459850e+003;1,033438e-001
1,460332e+003;1,030963e-001
1,460814e+003;1,027792e-001
1,461296e+003;1,023991e-001
1,461778e+003;1,019521e-001
1,462260e+003;1,014093e-001
1,462742e+003;1,007110e-001
1,463224e+003;9,977518e-002
1,463707e+003;9,851945e-002
1,464189e+003;9,690119e-002
1,464671e+003;9,494745e-002
1,465153e+003;9,273373e-002
1,465635e+003;9,032913e-002
1,466117e+003;8,775456e-002
1,466599e+003;8,497541e-002
1,467081e+003;8,195172e-002
1,467563e+003;7,867482e-002
1,468046e+003;7,519010e-002
1,468528e+003;7,156803e-002
1,469010e+003;6,789083e-002
1,469492e+003;6,421151e-002
1,469974e+003;6,050840e-002
1,470456e+003;5,670390e-002
1,470938e+003;5,268859e-002
1,471420e+003;4,840852e-002
1,471903e+003;4,397068e-002
1,472385e+003;3,968805e-002
1,472867e+003;3,594459e-002
1,473349e+003;3,295656e-002
1,473831e+003;3,068377e-002
1,474313e+003;2,891592e-002
1,474795e+003;2,741373e-002
1,475277e+003;2,601894e-002
1,475760e+003;2,466396e-002
1,476242e+003;2,335931e-002
1,476724e+003;2,215061e-002
1,477206e+003;2,107953e-002
1,477688e+003;2,015494e-002
1,478170e+003;1,935444e-002
1,478652e+003;1,864063e-002
1,479134e+003;1,797869e-002
1,479616e+003;1,734593e-002
1,480099e+003;1,673316e-002
1,480581e+003;1,614062e-002
1,481063e+003;1,557200e-002
1,481545e+003;1,503046e-002
1,482027e+003;1,451845e-002
1,482509e+003;1,403954e-002
1,482991e+003;1,360082e-002
1,483473e+003;1,320985e-002
1,483955e+003;1,287333e-002
1,484438e+003;1,259020e-002
1,484920e+003;1,234980e-002
1,485402e+003;1,213243e-002
1,485884e+003;1,191660e-002
1,486366e+003;1,168665e-002
1,486848e+003;1,143951e-002
1,487330e+003;1,118594e-002
1,487812e+003;1,094400e-002
1,488295e+003;1,072754e-002
1,488777e+003;1,053787e-002
1,489259e+003;1,036151e-002
1,489741e+003;1,018163e-002
1,490223e+003;9,993006e-003
1,490705e+003;9,805786e-003
1,491187e+003;9,637891e-003
1,491669e+003;9,501725e-003
1,492151e+003;9,398104e-003
1,492634e+003;9,317189e-003
1,493116e+003;9,244547e-003
1,493598e+003;9,165590e-003
1,494080e+003;9,069763e-003
1,494562e+003;8,952817e-003
1,495044e+003;8,816865e-003
1,495526e+003;8,668821e-003
1,496008e+003;8,516164e-003
1,496490e+003;8,364236e-003
1,496973e+003;8,214759e-003
1,497455e+003;8,069890e-003
1,497937e+003;7,935530e-003
1,498419e+003;7,820879e-003
1,498901e+003;7,733478e-003
1,499383e+003;7,673916e-003
1,499865e+003;7,633246e-003
1,500347e+003;7,595682e-003
1,500830e+003;7,546220e-003
1,501312e+003;7,475694e-003
1,501794e+003;7,385598e-003
1,502276e+003;7,284469e-003
1,502758e+003;7,186193e-003
1,503240e+003;7,104073e-003
1,503722e+003;7,045641e-003
1,504204e+003;7,012033e-003
1,504687e+003;6,995803e-003
1,505169e+003;6,981762e-003
1,505651e+003;6,945062e-003
1,506133e+003;6,860867e-003
1,506615e+003;6,718165e-003
1,507097e+003;6,534976e-003
1,507579e+003;6,344098e-003
1,508061e+003;6,165738e-003
1,508543e+003;6,002838e-003
1,509026e+003;5,854372e-003
1,509508e+003;5,723181e-003
1,509990e+003;5,615859e-003
1,510472e+003;5,537894e-003
1,510954e+003;5,491082e-003
1,511436e+003;5,469036e-003
1,511918e+003;5,459708e-003
1,512400e+003;5,448669e-003
1,512882e+003;5,427096e-003
1,513365e+003;5,393244e-003
1,513847e+003;5,352452e-003
1,514329e+003;5,311160e-003
1,514811e+003;5,273293e-003
1,515293e+003;5,234725e-003
1,515775e+003;5,184391e-003
1,516257e+003;5,108246e-003
1,516739e+003;5,000976e-003
1,517222e+003;4,873158e-003
1,517704e+003;4,746617e-003
1,518186e+003;4,641981e-003
1,518668e+003;4,570017e-003
1,519150e+003;4,529838e-003
1,519632e+003;4,510352e-003
1,520114e+003;4,493445e-003
1,520596e+003;4,458294e-003
1,521078e+003;4,393489e-003
1,521561e+003;4,304332e-003
1,522043e+003;4,211010e-003
1,522525e+003;4,131557e-003
1,523007e+003;4,071685e-003
1,523489e+003;4,026736e-003
1,523971e+003;3,988980e-003
1,524453e+003;3,952733e-003
1,524935e+003;3,916823e-003
1,525417e+003;3,883056e-003
1,525900e+003;3,853671e-003
1,526382e+003;3,827229e-003
1,526864e+003;3,797981e-003
1,527346e+003;3,758909e-003
1,527828e+003;3,706974e-003
1,528310e+003;3,645623e-003
1,528792e+003;3,584380e-003
1,529274e+003;3,534437e-003
1,529757e+003;3,506311e-003
1,530239e+003;3,504575e-003
1,530721e+003;3,529059e-003
1,531203e+003;3,574158e-003
1,531685e+003;3,631456e-003
1,532167e+003;3,691101e-003
1,532649e+003;3,742499e-003
1,533131e+003;3,777759e-003
1,533614e+003;3,794003e-003
1,534096e+003;3,794872e-003
1,534578e+003;3,786683e-003
1,535060e+003;3,776088e-003
1,535542e+003;3,768100e-003
1,536024e+003;3,766395e-003
1,536506e+003;3,773982e-003
1,536988e+003;3,793101e-003
1,537470e+003;3,823385e-003
1,537953e+003;3,858150e-003
1,538435e+003;3,882688e-003
1,538917e+003;3,875166e-003
1,539399e+003;3,818638e-003
1,539881e+003;3,720910e-003
1,540363e+003;3,621299e-003
1,540845e+003;3,563500e-003
1,541327e+003;3,562331e-003
1,541809e+003;3,602655e-003
1,542292e+003;3,655212e-003
1,542774e+003;3,694442e-003
1,543256e+003;3,702095e-003
1,543738e+003;3,672588e-003
1,544220e+003;3,611509e-003
1,544702e+003;3,532400e-003
1,545184e+003;3,449831e-003
1,545666e+003;3,374124e-003
1,546149e+003;3,309715e-003
1,546631e+003;3,256398e-003
1,547113e+003;3,213135e-003
1,547595e+003;3,180825e-003
1,548077e+003;3,161566e-003
1,548559e+003;3,157995e-003
1,549041e+003;3,169810e-003
1,549523e+003;3,191639e-003
1,550005e+003;3,214070e-003
1,550488e+003;3,229125e-003
1,550970e+003;3,234833e-003
1,551452e+003;3,236168e-003
1,551934e+003;3,242210e-003
1,552416e+003;3,262307e-003
1,552898e+003;3,302536e-003
1,553380e+003;3,363238e-003
1,553862e+003;3,438376e-003
1,554344e+003;3,520374e-003
1,554827e+003;3,605462e-003
1,555309e+003;3,698219e-003
1,555791e+003;3,811719e-003
1,556273e+003;3,962229e-003
1,556755e+003;4,162601e-003
1,557237e+003;4,411129e-003
1,557719e+003;4,667736e-003
1,558201e+003;4,824340e-003
1,558684e+003;4,748359e-003
1,559166e+003;4,428803e-003
1,559648e+003;4,026535e-003
1,560130e+003;3,691669e-003
1,560612e+003;3,465061e-003
1,561094e+003;3,321367e-003
1,561576e+003;3,224685e-003
1,562058e+003;3,148683e-003
1,562541e+003;3,079836e-003
1,563023e+003;3,016438e-003
1,563505e+003;2,965793e-003
1,563987e+003;2,940038e-003
1,564469e+003;2,948912e-003
1,564951e+003;2,993950e-003
1,565433e+003;3,065821e-003
1,565915e+003;3,149084e-003
1,566397e+003;3,228891e-003
1,566880e+003;3,296961e-003
1,567362e+003;3,351451e-003
1,567844e+003;3,394427e-003
1,568326e+003;3,429692e-003
1,568808e+003;3,459350e-003
1,569290e+003;3,482763e-003
1,569772e+003;3,497493e-003
1,570254e+003;3,503706e-003
1,570736e+003;3,504808e-003
1,571219e+003;3,506278e-003
1,571701e+003;3,513526e-003
1,572183e+003;3,529527e-003
1,572665e+003;3,555516e-003
1,573147e+003;3,591630e-003
1,573629e+003;3,637002e-003
1,574111e+003;3,690098e-003
1,574593e+003;3,747846e-003
1,575076e+003;3,804064e-003
1,575558e+003;3,847888e-003
1,576040e+003;3,867009e-003
1,576522e+003;3,855610e-003
1,577004e+003;3,819106e-003
1,577486e+003;3,771242e-003
1,577968e+003;3,727125e-003
1,578450e+003;3,697183e-003
1,578932e+003;3,685954e-003
1,579415e+003;3,692036e-003
1,579897e+003;3,709447e-003
1,580379e+003;3,728696e-003
1,580861e+003;3,739725e-003
1,581343e+003;3,735982e-003
1,581825e+003;3,717768e-003
1,582307e+003;3,692772e-003
1,582789e+003;3,672956e-003
1,583271e+003;3,670182e-003
1,583754e+003;3,691669e-003
1,584236e+003;3,737386e-003
1,584718e+003;3,799987e-003
1,585200e+003;3,867912e-003
1,585682e+003;3,930331e-003
1,586164e+003;3,979183e-003
1,586646e+003;4,011887e-003
1,587128e+003;4,029478e-003
1,587611e+003;4,035163e-003
1,588093e+003;4,032187e-003
1,588575e+003;4,022388e-003
1,589057e+003;4,007707e-003
1,589539e+003;3,989816e-003
1,590021e+003;3,971157e-003
1,590503e+003;3,955274e-003
1,590985e+003;3,945712e-003
1,591468e+003;3,945611e-003
1,591950e+003;3,956244e-003
1,592432e+003;3,976909e-003
1,592914e+003;4,005299e-003
1,593396e+003;4,036835e-003
1,593878e+003;4,067571e-003
1,594360e+003;4,093125e-003
1,594842e+003;4,111387e-003
1,595324e+003;4,122794e-003
1,595807e+003;4,131658e-003
1,596289e+003;4,144570e-003
1,596771e+003;4,169225e-003
1,597253e+003;4,211747e-003
1,597735e+003;4,274851e-003
1,598217e+003;4,356037e-003
1,598699e+003;4,448151e-003
1,599181e+003;4,542025e-003
1,599663e+003;4,627949e-003
1,600146e+003;4,699421e-003
1,600628e+003;4,755159e-003
1,601110e+003;4,798241e-003
1,601592e+003;4,833419e-003
1,602074e+003;4,864279e-003
1,602556e+003;4,890851e-003
1,603038e+003;4,911292e-003
1,603520e+003;4,922451e-003
1,604003e+003;4,924663e-003
1,604485e+003;4,921647e-003
1,604967e+003;4,920407e-003
1,605449e+003;4,927176e-003
1,605931e+003;4,944134e-003
1,606413e+003;4,966823e-003
1,606895e+003;4,984318e-003
1,607377e+003;4,983782e-003
1,607859e+003;4,954624e-003
1,608342e+003;4,894671e-003
1,608824e+003;4,811642e-003
1,609306e+003;4,720556e-003
1,609788e+003;4,636891e-003
1,610270e+003;4,572730e-003
1,610752e+003;4,532751e-003
1,611234e+003;4,514470e-003
1,611716e+003;4,511055e-003
1,612198e+003;4,514168e-003
1,612681e+003;4,517784e-003
1,613163e+003;4,518119e-003
1,613645e+003;4,512227e-003
1,614127e+003;4,497061e-003
1,614609e+003;4,467065e-003
1,615091e+003;4,414810e-003
1,615573e+003;4,333313e-003
1,616055e+003;4,222988e-003
1,616538e+003;4,095399e-003
1,617020e+003;3,971692e-003
1,617502e+003;3,870386e-003
1,617984e+003;3,799251e-003
1,618466e+003;3,754865e-003
1,618948e+003;3,729064e-003
1,619430e+003;3,713557e-003
1,619912e+003;3,702730e-003
1,620395e+003;3,693607e-003
1,620877e+003;3,686356e-003
1,621359e+003;3,683281e-003
1,621841e+003;3,687692e-003
1,622323e+003;3,702663e-003
1,622805e+003;3,728496e-003
1,623287e+003;3,761482e-003
1,623769e+003;3,794806e-003
1,624251e+003;3,820878e-003
1,624734e+003;3,834650e-003
1,625216e+003;3,832210e-003
1,625698e+003;3,813323e-003
1,626180e+003;3,779330e-003
1,626662e+003;3,735213e-003
1,627144e+003;3,688895e-003
1,627626e+003;3,648764e-003
1,628108e+003;3,622100e-003
1,628590e+003;3,609972e-003
1,629073e+003;3,607132e-003
1,629555e+003;3,604927e-003
1,630037e+003;3,595840e-003
1,630519e+003;3,575928e-003
1,631001e+003;3,546797e-003
1,631483e+003;3,514362e-003
1,631965e+003;3,487272e-003
1,632447e+003;3,474513e-003
1,632930e+003;3,483131e-003
1,633412e+003;3,517134e-003
1,633894e+003;3,576195e-003
1,634376e+003;3,653508e-003
1,634858e+003;3,733709e-003
1,635340e+003;3,796577e-003
1,635822e+003;3,825323e-003
1,636304e+003;3,816265e-003
1,636786e+003;3,778996e-003
1,637269e+003;3,726557e-003
1,637751e+003;3,668044e-003
1,638233e+003;3,608402e-003
1,638715e+003;3,550171e-003
1,639197e+003;3,495656e-003
1,639679e+003;3,446191e-003
1,640161e+003;3,402509e-003
1,640643e+003;3,363706e-003
1,641125e+003;3,327477e-003
1,641608e+003;3,291586e-003
1,642090e+003;3,255163e-003
1,642572e+003;3,220713e-003
1,643054e+003;3,193608e-003
1,643536e+003;3,181893e-003
1,644018e+003;3,193542e-003
1,644500e+003;3,234365e-003
1,644982e+003;3,304339e-003
1,645465e+003;3,391889e-003
1,645947e+003;3,472643e-003
1,646429e+003;3,516165e-003
1,646911e+003;3,501501e-003
1,647393e+003;3,433934e-003
1,647875e+003;3,339664e-003
1,648357e+003;3,246984e-003
1,648839e+003;3,171980e-003
1,649322e+003;3,120215e-003
1,649804e+003;3,091448e-003
1,650286e+003;3,084274e-003
1,650768e+003;3,098690e-003
1,651250e+003;3,136935e-003
1,651732e+003;3,202153e-003
1,652214e+003;3,289616e-003
1,652696e+003;3,376127e-003
1,653178e+003;3,422145e-003
1,653661e+003;3,406750e-003
1,654143e+003;3,347912e-003
1,654625e+003;3,274392e-003
1,655107e+003;3,202754e-003
1,655589e+003;3,137402e-003
1,656071e+003;3,077800e-003
1,656553e+003;3,023511e-003
1,657035e+003;2,974833e-003
1,657517e+003;2,935235e-003
1,658000e+003;2,908415e-003
1,658482e+003;2,897975e-003
1,658964e+003;2,905480e-003
1,659446e+003;2,928163e-003
1,659928e+003;2,960388e-003
1,660410e+003;2,993717e-003
1,660892e+003;3,020175e-003
1,661374e+003;3,033821e-003
1,661857e+003;3,034388e-003
1,662339e+003;3,027215e-003
1,662821e+003;3,021209e-003
1,663303e+003;3,024145e-003
1,663785e+003;3,038626e-003
1,664267e+003;3,062484e-003
1,664749e+003;3,091916e-003
1,665231e+003;3,124520e-003
1,665714e+003;3,159964e-003
1,666196e+003;3,200785e-003
1,666678e+003;3,249955e-003
1,667160e+003;3,309114e-003
1,667642e+003;3,376662e-003
1,668124e+003;3,444387e-003
1,668606e+003;3,498629e-003
1,669088e+003;3,525184e-003
1,669570e+003;3,516767e-003
1,670052e+003;3,478688e-003
1,670535e+003;3,424917e-003
1,671017e+003;3,371119e-003
1,671499e+003;3,327410e-003
1,671981e+003;3,297295e-003
1,672463e+003;3,279767e-003
1,672945e+003;3,271154e-003
1,673427e+003;3,266947e-003
1,673909e+003;3,261406e-003
1,674392e+003;3,248553e-003
1,674874e+003;3,223316e-003
1,675356e+003;3,184229e-003
1,675838e+003;3,134933e-003
1,676320e+003;3,082572e-003
1,676802e+003;3,034422e-003
1,677284e+003;2,995518e-003
1,677766e+003;2,968595e-003
1,678249e+003;2,954350e-003
1,678731e+003;2,951414e-003
1,679213e+003;2,955784e-003
1,679695e+003;2,961756e-003
1,680177e+003;2,963324e-003
1,680659e+003;2,956518e-003
1,681141e+003;2,940706e-003
1,681623e+003;2,918656e-003
1,682105e+003;2,895606e-003
1,682588e+003;2,877628e-003
1,683070e+003;2,870857e-003
1,683552e+003;2,877628e-003
1,684034e+003;2,892538e-003
1,684516e+003;2,903912e-003
1,684998e+003;2,903946e-003
1,685480e+003;2,893172e-003
1,685962e+003;2,876227e-003
1,686444e+003;2,857649e-003
1,686927e+003;2,840806e-003
1,687409e+003;2,828200e-003
1,687891e+003;2,821030e-003
1,688373e+003;2,819962e-003
1,688855e+003;2,823998e-003
1,689337e+003;2,830801e-003
1,689819e+003;2,836971e-003
1,690301e+003;2,839506e-003
1,690784e+003;2,837772e-003
1,691266e+003;2,834203e-003
1,691748e+003;2,834270e-003
1,692230e+003;2,844742e-003
1,692712e+003;2,873259e-003
1,693194e+003;2,925828e-003
1,693676e+003;3,005160e-003
1,694158e+003;3,107133e-003
1,694641e+003;3,217542e-003
1,695123e+003;3,309915e-003
1,695605e+003;3,356226e-003
1,696087e+003;3,346008e-003
1,696569e+003;3,296460e-003
1,697051e+003;3,239006e-003
1,697533e+003;3,199984e-003
1,698015e+003;3,195745e-003
1,698497e+003;3,230193e-003
1,698979e+003;3,297362e-003
1,699462e+003;3,377931e-003
1,699944e+003;3,443853e-003
1,700426e+003;3,473645e-003
1,700908e+003;3,470238e-003
1,701390e+003;3,453171e-003
1,701872e+003;3,442150e-003
1,702354e+003;3,446759e-003
1,702836e+003;3,467767e-003
1,703319e+003;3,500666e-003
1,703801e+003;3,537878e-003
1,704283e+003;3,569146e-003
1,704765e+003;3,582476e-003
1,705247e+003;3,568779e-003
1,705729e+003;3,525452e-003
1,706211e+003;3,457847e-003
1,706693e+003;3,376896e-003
1,707176e+003;3,295125e-003
1,707658e+003;3,223850e-003
1,708140e+003;3,171012e-003
1,708622e+003;3,142909e-003
1,709104e+003;3,142108e-003
1,709586e+003;3,167073e-003
1,710068e+003;3,212434e-003
1,710550e+003;3,269651e-003
1,711032e+003;3,329748e-003
1,711515e+003;3,385511e-003
1,711997e+003;3,433032e-003
1,712479e+003;3,472576e-003
1,712961e+003;3,507113e-003
1,713443e+003;3,542054e-003
1,713925e+003;3,583211e-003
1,714407e+003;3,636234e-003
1,714889e+003;3,704367e-003
1,715371e+003;3,786483e-003
1,715854e+003;3,874230e-003
1,716336e+003;3,950760e-003
1,716818e+003;3,989850e-003
1,717300e+003;3,966576e-003
1,717782e+003;3,872960e-003
1,718264e+003;3,725856e-003
1,718746e+003;3,559225e-003
1,719229e+003;3,404879e-003
1,719711e+003;3,281904e-003
1,720193e+003;3,194476e-003
1,720675e+003;3,139205e-003
1,721157e+003;3,107367e-003
1,721639e+003;3,088746e-003
1,722121e+003;3,072094e-003
1,722603e+003;3,048169e-003
1,723085e+003;3,011900e-003
1,723568e+003;2,963557e-003
1,724050e+003;2,907915e-003
1,724532e+003;2,851846e-003
1,725014e+003;2,801554e-003
1,725496e+003;2,760870e-003
1,725978e+003;2,730594e-003
1,726460e+003;2,710222e-003
1,726942e+003;2,698686e-003
1,727424e+003;2,695585e-003
1,727907e+003;2,700986e-003
1,728389e+003;2,715156e-003
1,728871e+003;2,737963e-003
1,729353e+003;2,768340e-003
1,729835e+003;2,803921e-003
1,730317e+003;2,842074e-003
1,730799e+003;2,880563e-003
1,731281e+003;2,918556e-003
1,731764e+003;2,955351e-003
1,732246e+003;2,989513e-003
1,732728e+003;3,016704e-003
1,733210e+003;3,029217e-003
1,733692e+003;3,019774e-003
1,734174e+003;2,988712e-003
1,734656e+003;2,947278e-003
1,735138e+003;2,908882e-003
1,735620e+003;2,881898e-003
1,736103e+003;2,867088e-003
1,736585e+003;2,860284e-003
1,737067e+003;2,854714e-003
1,737549e+003;2,842174e-003
1,738031e+003;2,812826e-003
1,738513e+003;2,757969e-003
1,738995e+003;2,674148e-003
1,739477e+003;2,565977e-003
1,739959e+003;2,446504e-003
1,740442e+003;2,330628e-003
1,740924e+003;2,232002e-003
1,741406e+003;2,159737e-003
1,741888e+003;2,118314e-003
1,742370e+003;2,108991e-003
1,742852e+003;2,129502e-003
1,743334e+003;2,173856e-003
1,743816e+003;2,232235e-003
1,744299e+003;2,294386e-003
1,744781e+003;2,350983e-003
1,745263e+003;2,395859e-003
1,745745e+003;2,427312e-003
1,746227e+003;2,446771e-003
1,746709e+003;2,458500e-003
1,747191e+003;2,467697e-003
1,747673e+003;2,479460e-003
1,748156e+003;2,497289e-003
1,748638e+003;2,520984e-003
1,749120e+003;2,546046e-003
1,749602e+003;2,564044e-003
1,750084e+003;2,565044e-003
1,750566e+003;2,540514e-003
1,751048e+003;2,488858e-003
1,751530e+003;2,416549e-003
1,752012e+003;2,337424e-003
1,752495e+003;2,265807e-003
1,752977e+003;2,213984e-003
1,753459e+003;2,189141e-003
1,753941e+003;2,192904e-003
1,754423e+003;2,222377e-003
1,754905e+003;2,270870e-003
1,755387e+003;2,327464e-003
1,755869e+003;2,378301e-003
1,756351e+003;2,410785e-003
1,756834e+003;2,418182e-003
1,757316e+003;2,402622e-003
1,757798e+003;2,372771e-003
1,758280e+003;2,338424e-003
1,758762e+003;2,306778e-003
1,759244e+003;2,279664e-003
1,759726e+003;2,254983e-003
1,760208e+003;2,228405e-003
1,760691e+003;2,195868e-003
1,761173e+003;2,155441e-003
1,761655e+003;2,109324e-003
1,762137e+003;2,062580e-003
1,762619e+003;2,021234e-003
1,763101e+003;1,989378e-003
1,763583e+003;1,968541e-003
1,764065e+003;1,958156e-003
1,764547e+003;1,957624e-003
1,765030e+003;1,966344e-003
1,765512e+003;1,983220e-003
1,765994e+003;2,007419e-003
1,766476e+003;2,037146e-003
1,766958e+003;2,069272e-003
1,767440e+003;2,100435e-003
1,767922e+003;2,127904e-003
1,768404e+003;2,151212e-003
1,768886e+003;2,171724e-003
1,769369e+003;2,191605e-003
1,769851e+003;2,211686e-003
1,770333e+003;2,229870e-003
1,770815e+003;2,240128e-003
1,771297e+003;2,234000e-003
1,771779e+003;2,203527e-003
1,772261e+003;2,148049e-003
1,772743e+003;2,075231e-003
1,773226e+003;1,998132e-003
1,773708e+003;1,927969e-003
1,774190e+003;1,870829e-003
1,774672e+003;1,828935e-003
1,775154e+003;1,802549e-003
1,775636e+003;1,791736e-003
1,776118e+003;1,796128e-003
1,776600e+003;1,814594e-003
1,777083e+003;1,844441e-003
1,777565e+003;1,881145e-003
1,778047e+003;1,918850e-003
1,778529e+003;1,950069e-003
1,779011e+003;1,966977e-003
1,779493e+003;1,963648e-003
1,779975e+003;1,937688e-003
1,780457e+003;1,892293e-003
1,780939e+003;1,835057e-003
1,781422e+003;1,776166e-003
1,781904e+003;1,723968e-003
1,782386e+003;1,683320e-003
1,782868e+003;1,656045e-003
1,783350e+003;1,641011e-003
1,783832e+003;1,634659e-003
1,784314e+003;1,631765e-003
1,784796e+003;1,627142e-003
1,785278e+003;1,616067e-003
1,785761e+003;1,596546e-003
1,786243e+003;1,569742e-003
1,786725e+003;1,539150e-003
1,787207e+003;1,509025e-003
1,787689e+003;1,483224e-003
1,788171e+003;1,463409e-003
1,788653e+003;1,450044e-003
1,789135e+003;1,441700e-003
1,789618e+003;1,437910e-003
1,790100e+003;1,440104e-003
1,790582e+003;1,453036e-003
1,791064e+003;1,484853e-003
1,791546e+003;1,540812e-003
1,792028e+003;1,619094e-003
1,792510e+003;1,707170e-003
1,792992e+003;1,785947e-003
1,793474e+003;1,837420e-003
1,793957e+003;1,851295e-003
1,794439e+003;1,826173e-003
1,794921e+003;1,768048e-003
1,795403e+003;1,687644e-003
1,795885e+003;1,598574e-003
1,796367e+003;1,514012e-003
1,796849e+003;1,443628e-003
1,797331e+003;1,392136e-003
1,797813e+003;1,360027e-003
1,798296e+003;1,344438e-003
1,798778e+003;1,341679e-003
1,799260e+003;1,347695e-003
1,799742e+003;1,359594e-003
1,800224e+003;1,373754e-003
1,800706e+003;1,385953e-003
1,801188e+003;1,392235e-003
1,801670e+003;1,389044e-003
1,802153e+003;1,375482e-003
1,802635e+003;1,353379e-003
1,803117e+003;1,326657e-003
1,803599e+003;1,299704e-003
1,804081e+003;1,276408e-003
1,804563e+003;1,258729e-003
1,805045e+003;1,246301e-003
1,805527e+003;1,237695e-003
1,806010e+003;1,229986e-003
1,806492e+003;1,220018e-003
1,806974e+003;1,204534e-003
1,807456e+003;1,179715e-003
1,807938e+003;1,142804e-003
1,808420e+003;1,091514e-003
1,808902e+003;1,026778e-003
1,809384e+003;9,531518e-004
1,809866e+003;8,803021e-004
1,810349e+003;8,199132e-004
1,810831e+003;7,834648e-004
1,811313e+003;7,767265e-004
1,811795e+003;7,973401e-004
1,812277e+003;8,353167e-004
1,812759e+003;8,779448e-004
1,813241e+003;9,147996e-004
1,813723e+003;9,403342e-004
1,814205e+003;9,552438e-004
1,814688e+003;9,643094e-004
1,815170e+003;9,732092e-004
1,815652e+003;9,847991e-004
1,816134e+003;9,978173e-004
1,816616e+003;1,006684e-003
1,817098e+003;1,005854e-003
1,817580e+003;9,928690e-004
1,818062e+003;9,720137e-004
1,818545e+003;9,525209e-004
1,819027e+003;9,460124e-004
1,819509e+003;9,604574e-004
1,819991e+003;9,967213e-004
1,820473e+003;1,047104e-003
1,820955e+003;1,098788e-003
1,821437e+003;1,137954e-003
1,821919e+003;1,154332e-003
1,822401e+003;1,144233e-003
1,822884e+003;1,111145e-003
1,823366e+003;1,063911e-003
1,823848e+003;1,012762e-003
1,824330e+003;9,670989e-004
1,824812e+003;9,318999e-004
1,825294e+003;9,070964e-004
1,825776e+003;8,896317e-004
1,826258e+003;8,760856e-004
1,826740e+003;8,657270e-004
1,827223e+003;8,597842e-004
1,827705e+003;8,620418e-004
1,828187e+003;8,770152e-004
1,828669e+003;9,095202e-004
1,829151e+003;9,618853e-004
1,829633e+003;1,031959e-003
1,830115e+003;1,112607e-003
1,830597e+003;1,193403e-003
1,831080e+003;1,263481e-003
1,831562e+003;1,314493e-003
1,832044e+003;1,340649e-003
1,832526e+003;1,338954e-003
1,833008e+003;1,308976e-003
1,833490e+003;1,254376e-003
1,833972e+003;1,183735e-003
1,834454e+003;1,108986e-003
1,834937e+003;1,043152e-003
1,835419e+003;9,971199e-004
1,835901e+003;9,749692e-004
1,836383e+003;9,747036e-004
1,836865e+003;9,887510e-004
1,837347e+003;1,008412e-003
1,837829e+003;1,027243e-003
1,838311e+003;1,043484e-003
1,838793e+003;1,060357e-003
1,839276e+003;1,083807e-003
1,839758e+003;1,118653e-003
1,840240e+003;1,165827e-003
1,840722e+003;1,221214e-003
1,841204e+003;1,275909e-003
1,841686e+003;1,318348e-003
1,842168e+003;1,337060e-003
1,842650e+003;1,325892e-003
1,843132e+003;1,288272e-003
1,843615e+003;1,239556e-003
1,844097e+003;1,200281e-003
1,844579e+003;1,188951e-003
1,845061e+003;1,211412e-003
1,845543e+003;1,259560e-003
1,846025e+003;1,317417e-003
1,846507e+003;1,369300e-003
1,846989e+003;1,404003e-003
1,847472e+003;1,416269e-003
1,847954e+003;1,406861e-003
1,848436e+003;1,379205e-003
1,848918e+003;1,338157e-003
1,849400e+003;1,287308e-003
1,849882e+003;1,227992e-003
1,850364e+003;1,161375e-003
1,850846e+003;1,090417e-003
1,851328e+003;1,022128e-003
1,851811e+003;9,666008e-004
1,852293e+003;9,350213e-004
1,852775e+003;9,352205e-004
1,853257e+003;9,664347e-004
1,853739e+003;1,018508e-003
1,854221e+003;1,074141e-003
1,854703e+003;1,115663e-003
1,855185e+003;1,131177e-003
1,855667e+003;1,117557e-003
1,856150e+003;1,081449e-003
1,856632e+003;1,036144e-003
1,857114e+003;9,962897e-004
1,857596e+003;9,715156e-004
1,858078e+003;9,654717e-004
1,858560e+003;9,754674e-004
1,859042e+003;9,957250e-004
1,859524e+003;1,021198e-003
1,860007e+003;1,048765e-003
1,860489e+003;1,076632e-003
1,860971e+003;1,101778e-003
1,861453e+003;1,119218e-003
1,861935e+003;1,121809e-003
1,862417e+003;1,102276e-003
1,862899e+003;1,058364e-003
1,863381e+003;9,930350e-004
1,863864e+003;9,160613e-004
1,864346e+003;8,391345e-004
1,864828e+003;7,737059e-004
1,865310e+003;7,250807e-004
1,865792e+003;6,917598e-004
1,866274e+003;6,676337e-004
1,866756e+003;6,479554e-004
1,867238e+003;6,341181e-004
1,867720e+003;6,373036e-004
1,868203e+003;6,734411e-004
1,868685e+003;7,537905e-004
1,869167e+003;8,742263e-004
1,869649e+003;1,014124e-003
1,870131e+003;1,143668e-003
1,870613e+003;1,237130e-003
1,871095e+003;1,281359e-003
1,871577e+003;1,276441e-003
1,872059e+003;1,234704e-003
1,872542e+003;1,175429e-003
1,873024e+003;1,119118e-003
1,873506e+003;1,080486e-003
1,873988e+003;1,065472e-003
1,874470e+003;1,070952e-003
1,874952e+003;1,087660e-003
1,875434e+003;1,104834e-003
1,875916e+003;1,113604e-003
1,876399e+003;1,109252e-003
1,876881e+003;1,090916e-003
1,877363e+003;1,059261e-003
1,877845e+003;1,016349e-003
1,878327e+003;9,652061e-004
1,878809e+003;9,103503e-004
1,879291e+003;8,597842e-004
1,879773e+003;8,240960e-004
1,880255e+003;8,127096e-004
1,880738e+003;8,313994e-004
1,881220e+003;8,791733e-004
1,881702e+003;9,476395e-004
1,882184e+003;1,022360e-003
1,882666e+003;1,086431e-003
1,883148e+003;1,126161e-003
1,883630e+003;1,132306e-003
1,884112e+003;1,103173e-003
1,884594e+003;1,043916e-003
1,885077e+003;9,641102e-004
1,885559e+003;8,744588e-004
1,886041e+003;7,857884e-004
1,886523e+003;7,089178e-004
1,887005e+003;6,543599e-004
1,887487e+003;6,328571e-004
1,887969e+003;6,532648e-004
1,888451e+003;7,192062e-004
1,888934e+003;8,249923e-004
1,889416e+003;9,553102e-004
1,889898e+003;1,088690e-003
1,890380e+003;1,203537e-003
1,890862e+003;1,286444e-003
1,891344e+003;1,335132e-003
1,891826e+003;1,357367e-003
1,892308e+003;1,365810e-003
1,892791e+003;1,373953e-003
1,893273e+003;1,391936e-003
1,893755e+003;1,423349e-003
1,894237e+003;1,464439e-003
1,894719e+003;1,505932e-003
1,895201e+003;1,536922e-003
1,895683e+003;1,548992e-003
1,896165e+003;1,539881e-003
1,896647e+003;1,513480e-003
1,897130e+003;1,478868e-003
1,897612e+003;1,446022e-003
1,898094e+003;1,423615e-003
1,898576e+003;1,417333e-003
1,899058e+003;1,428003e-003
1,899540e+003;1,452671e-003
1,900022e+003;1,484753e-003
1,900504e+003;1,517936e-003
1,900986e+003;1,545900e-003
1,901469e+003;1,565486e-003
1,901951e+003;1,575728e-003
1,902433e+003;1,577956e-003
1,902915e+003;1,574464e-003
1,903397e+003;1,567015e-003
1,903879e+003;1,555776e-003
1,904361e+003;1,538618e-003
1,904843e+003;1,511319e-003
1,905326e+003;1,468230e-003
1,905808e+003;1,404468e-003
1,906290e+003;1,317717e-003
1,906772e+003;1,210913e-003
1,907254e+003;1,092444e-003
1,907736e+003;9,783566e-004
1,908218e+003;8,891670e-004
1,908700e+003;8,447450e-004
1,909182e+003;8,603818e-004
1,909665e+003;9,392384e-004
1,910147e+003;1,069856e-003
1,910629e+003;1,226563e-003
1,911111e+003;1,379571e-003
1,911593e+003;1,501510e-003
1,912075e+003;1,575794e-003
1,912557e+003;1,599639e-003
1,913039e+003;1,583310e-003
1,913521e+003;1,545767e-003
1,914004e+003;1,506232e-003
1,914486e+003;1,480564e-003
1,914968e+003;1,475477e-003
1,915450e+003;1,489142e-003
1,915932e+003;1,514810e-003
1,916414e+003;1,545201e-003
1,916896e+003;1,576227e-003
1,917378e+003;1,607919e-003
1,917861e+003;1,642907e-003
1,918343e+003;1,681989e-003
1,918825e+003;1,721607e-003
1,919307e+003;1,755073e-003
1,919789e+003;1,773571e-003
1,920271e+003;1,770244e-003
1,920753e+003;1,742698e-003
1,921235e+003;1,692966e-003
1,921718e+003;1,628173e-003
1,922200e+003;1,558403e-003
1,922682e+003;1,494495e-003
1,923164e+003;1,444991e-003
1,923646e+003;1,415205e-003
1,924128e+003;1,408158e-003
1,924610e+003;1,425278e-003
1,925092e+003;1,467232e-003
1,925574e+003;1,531602e-003
1,926057e+003;1,611312e-003
1,926539e+003;1,694995e-003
1,927021e+003;1,767915e-003
1,927503e+003;1,818021e-003
1,927985e+003;1,839250e-003
1,928467e+003;1,834758e-003
1,928949e+003;1,815027e-003
1,929431e+003;1,793699e-003
1,929913e+003;1,779958e-003
1,930396e+003;1,773937e-003
1,930878e+003;1,766085e-003
1,931360e+003;1,742531e-003
1,931842e+003;1,691968e-003
1,932324e+003;1,613108e-003
1,932806e+003;1,516473e-003
1,933288e+003;1,422219e-003
1,933770e+003;1,352016e-003
1,934253e+003;1,317617e-003
1,934735e+003;1,317218e-003
1,935217e+003;1,336328e-003
1,935699e+003;1,355340e-003
1,936181e+003;1,358797e-003
1,936663e+003;1,343674e-003
1,937145e+003;1,320940e-003
1,937627e+003;1,311169e-003
1,938109e+003;1,331609e-003
1,938592e+003;1,388712e-003
1,939074e+003;1,470324e-003
1,939556e+003;1,549424e-003
1,940038e+003;1,589629e-003
1,940520e+003;1,556840e-003
1,941002e+003;1,433688e-003
1,941484e+003;1,228823e-003
1,941966e+003;9,783233e-004
1,942448e+003;7,333118e-004
1,942931e+003;5,453309e-004
1,943413e+003;4,440242e-004
1,943895e+003;4,323161e-004
1,944377e+003;4,898316e-004
1,944859e+003;5,870016e-004
1,945341e+003;6,942156e-004
1,945823e+003;7,924272e-004
1,946305e+003;8,774800e-004
1,946788e+003;9,568045e-004
1,947270e+003;1,043650e-003
1,947752e+003;1,148784e-003
1,948234e+003;1,274514e-003
1,948716e+003;1,412147e-003
1,949198e+003;1,546864e-003
1,949680e+003;1,662265e-003
1,950162e+003;1,749351e-003
1,950645e+003;1,809270e-003
1,951127e+003;1,852926e-003
1,951609e+003;1,896053e-003
1,952091e+003;1,952232e-003
1,952573e+003;2,026560e-003
1,953055e+003;2,113486e-003
1,953537e+003;2,198032e-003
1,954019e+003;2,261577e-003
1,954501e+003;2,288624e-003
1,954984e+003;2,270837e-003
1,955466e+003;2,207923e-003
1,955948e+003;2,107693e-003
1,956430e+003;1,981955e-003
1,956912e+003;1,841013e-003
1,957394e+003;1,693365e-003
1,957876e+003;1,543705e-003
1,958358e+003;1,394429e-003
1,958840e+003;1,248029e-003
1,959323e+003;1,108322e-003
1,959805e+003;9,813785e-004
1,960287e+003;8,758532e-004
1,960769e+003;8,023857e-004
1,961251e+003;7,728761e-004
1,961733e+003;8,005600e-004
1,962215e+003;8,947449e-004
1,962697e+003;1,057301e-003
1,963180e+003;1,276640e-003
1,963662e+003;1,527379e-003
1,964144e+003;1,772340e-003
1,964626e+003;1,973301e-003
1,965108e+003;2,107060e-003
1,965590e+003;2,172224e-003
1,966072e+003;2,195301e-003
1,966554e+003;2,217681e-003
1,967036e+003;2,282428e-003
1,967519e+003;2,409653e-003
1,968001e+003;2,586043e-003
1,968483e+003;2,767206e-003
1,968965e+003;2,901377e-003
1,969447e+003;2,949479e-003
1,969929e+003;2,901210e-003
1,970411e+003;2,777877e-003
1,970893e+003;2,623443e-003
1,971375e+003;2,485358e-003
1,971858e+003;2,389562e-003
1,972340e+003;2,329862e-003
1,972822e+003;2,271037e-003
1,973304e+003;2,167828e-003
1,973786e+003;1,990010e-003
1,974268e+003;1,742864e-003
1,974750e+003;1,470922e-003
1,975232e+003;1,249857e-003
1,975715e+003;1,150213e-003
1,976197e+003;1,211777e-003
1,976679e+003;1,423416e-003
1,977161e+003;1,730588e-003
1,977643e+003;2,053092e-003
1,978125e+003;2,315805e-003
1,978607e+003;2,475161e-003
1,979089e+003;2,526716e-003
1,979572e+003;2,501288e-003
1,980054e+003;2,446904e-003
1,980536e+003;2,414284e-003
1,981018e+003;2,437674e-003
1,981500e+003;2,531748e-003
1,981982e+003;2,690184e-003
1,982464e+003;2,889602e-003
1,982946e+003;3,093518e-003
1,983428e+003;3,259703e-003
1,983911e+003;3,353822e-003
1,984393e+003;3,354189e-003
1,984875e+003;3,259369e-003
1,985357e+003;3,087644e-003
1,985839e+003;2,875427e-003
1,986321e+003;2,664813e-003
1,986803e+003;2,491090e-003
1,987285e+003;2,370505e-003
1,987767e+003;2,293120e-003
1,988250e+003;2,228938e-003
1,988732e+003;2,139624e-003
1,989214e+003;1,999464e-003
1,989696e+003;1,806542e-003
1,990178e+003;1,587966e-003
1,990660e+003;1,390041e-003
1,991142e+003;1,264278e-003
1,991624e+003;1,243045e-003
1,992107e+003;1,327056e-003
1,992589e+003;1,484919e-003
1,993071e+003;1,669749e-003
1,993553e+003;1,842111e-003
1,994035e+003;1,981522e-003
1,994517e+003;2,095008e-003
1,994999e+003;2,209455e-003
1,995481e+003;2,358612e-003
1,995964e+003;2,564544e-003
1,996446e+003;2,829767e-003
1,996928e+003;3,131128e-003
1,997410e+003;3,431229e-003
1,997892e+003;3,684751e-003
1,998374e+003;3,857381e-003
1,998856e+003;3,939058e-003
1,999338e+003;3,944140e-003
1,999820e+003;3,904520e-003
2,000302e+003;3,856880e-003
2,000785e+003;3,830973e-003
2,001267e+003;3,836956e-003
2,001749e+003;3,863165e-003
2,002231e+003;3,877741e-003
2,002713e+003;3,843274e-003
2,003195e+003;3,723216e-003
2,003677e+003;3,495990e-003
2,004159e+003;3,160531e-003
2,004642e+003;2,738796e-003
2,005124e+003;2,272436e-003
2,005606e+003;1,813396e-003
2,006088e+003;1,417532e-003
2,006570e+003;1,128586e-003
2,007052e+003;9,708846e-004
2,007534e+003;9,489346e-004
2,008016e+003;1,049329e-003
2,008499e+003;1,245803e-003
2,008981e+003;1,501145e-003
2,009463e+003;1,775134e-003
2,009945e+003;2,023065e-003
2,010427e+003;2,206291e-003
2,010909e+003;2,300915e-003
2,011391e+003;2,301315e-003
2,011873e+003;2,228139e-003
2,012355e+003;2,119380e-003
2,012838e+003;2,031886e-003
2,013320e+003;2,019503e-003
2,013802e+003;2,119047e-003
2,014284e+003;2,341322e-003
2,014766e+003;2,662846e-003
2,015248e+003;3,033688e-003
2,015730e+003;3,386646e-003
2,016212e+003;3,658755e-003
2,016694e+003;3,802193e-003
2,017177e+003;3,800421e-003
2,017659e+003;3,669748e-003
2,018141e+003;3,454307e-003
2,018623e+003;3,207528e-003
2,019105e+003;2,975901e-003
2,019587e+003;2,795718e-003
2,020069e+003;2,687183e-003
2,020551e+003;2,657879e-003
2,021034e+003;2,709522e-003
2,021516e+003;2,838739e-003
2,021998e+003;3,041429e-003
2,022480e+003;3,310549e-003
2,022962e+003;3,635900e-003
2,023444e+003;4,001153e-003
2,023926e+003;4,382076e-003
2,024408e+003;4,750737e-003
2,024891e+003;5,078041e-003
2,025373e+003;5,340040e-003
2,025855e+003;5,522793e-003
2,026337e+003;5,621062e-003
2,026819e+003;5,633716e-003
2,027301e+003;5,558601e-003
2,027783e+003;5,389923e-003
2,028265e+003;5,123836e-003
2,028747e+003;4,765209e-003
2,029229e+003;4,337061e-003
2,029712e+003;3,880181e-003
2,030194e+003;3,450933e-003
2,030676e+003;3,108168e-003
2,031158e+003;2,894306e-003
2,031640e+003;2,825098e-003
2,032122e+003;2,878962e-003
2,032604e+003;3,002191e-003
2,033086e+003;3,120882e-003
2,033569e+003;3,170845e-003
2,034051e+003;3,114308e-003
2,034533e+003;2,948045e-003
2,035015e+003;2,698652e-003
2,035497e+003;2,407853e-003
2,035979e+003;2,115950e-003
2,036461e+003;1,844774e-003
2,036943e+003;1,601335e-003
2,037426e+003;1,381133e-003
2,037908e+003;1,182173e-003
2,038390e+003;1,013858e-003
2,038872e+003;8,963054e-004
2,039354e+003;8,523143e-004
2,039836e+003;8,941804e-004
2,040318e+003;1,014390e-003
2,040800e+003;1,182771e-003
2,041282e+003;1,359262e-003
2,041765e+003;1,513281e-003
2,042247e+003;1,634592e-003
2,042729e+003;1,740036e-003
2,043211e+003;1,860513e-003
2,043693e+003;2,026227e-003
2,044175e+003;2,247755e-003
2,044657e+003;2,506753e-003
2,045139e+003;2,756369e-003
2,045622e+003;2,941173e-003
2,046104e+003;3,013068e-003
2,046586e+003;2,944676e-003
2,047068e+003;2,739030e-003
2,047550e+003;2,425479e-003
2,048032e+003;2,051295e-003
2,048514e+003;1,663429e-003
2,048996e+003;1,302196e-003
2,049479e+003;9,949944e-004
2,049960e+003;7,563794e-004
2,050443e+003;5,945996e-004
2,050925e+003;5,115925e-004
2,051407e+003;5,047921e-004
2,051889e+003;5,636111e-004
2,052371e+003;6,717818e-004
2,052853e+003;8,104854e-004
2,053335e+003;9,614868e-004
2,053817e+003;1,115231e-003
2,054300e+003;1,269928e-003
2,054782e+003;1,428735e-003
2,055264e+003;1,592189e-003
2,055746e+003;1,750748e-003
2,056228e+003;1,881744e-003
2,056710e+003;1,954762e-003
2,057192e+003;1,938919e-003
2,057674e+003;1,816025e-003
2,058156e+003;1,590393e-003
2,058639e+003;1,292791e-003
2,059121e+003;9,723790e-004
2,059603e+003;6,874124e-004
2,060085e+003;4,904618e-004
2,060567e+003;4,133781e-004
2,061049e+003;4,661478e-004
2,061531e+003;6,369718e-004
2,062013e+003;9,005886e-004
2,062496e+003;1,223141e-003
2,062978e+003;1,566882e-003
2,063460e+003;1,895554e-003
2,063942e+003;2,172690e-003
2,064424e+003;2,367207e-003
2,064906e+003;2,456801e-003
2,065388e+003;2,431476e-003
2,065870e+003;2,297384e-003
2,066353e+003;2,078627e-003
2,066835e+003;1,813197e-003
2,067317e+003;1,542774e-003
2,067799e+003;1,307713e-003
2,068281e+003;1,136492e-003
2,068763e+003;1,040561e-003
2,069245e+003;1,014223e-003
2,069727e+003;1,038170e-003
2,070209e+003;1,086099e-003
2,070692e+003;1,130081e-003
2,071174e+003;1,151076e-003
2,071656e+003;1,141243e-003
2,072138e+003;1,105067e-003
2,072620e+003;1,055341e-003
2,073102e+003;1,006585e-003
2,073584e+003;9,713827e-004
2,074066e+003;9,541812e-004
2,074549e+003;9,524545e-004
2,075031e+003;9,593947e-004
2,075513e+003;9,686929e-004
2,075995e+003;9,786554e-004
2,076477e+003;9,937657e-004
2,076959e+003;1,020667e-003
2,077441e+003;1,065206e-003
2,077923e+003;1,125895e-003
2,078406e+003;1,193071e-003
2,078887e+003;1,250089e-003
2,079370e+003;1,281359e-003
2,079852e+003;1,277604e-003
2,080334e+003;1,241250e-003
2,080816e+003;1,185263e-003
2,081298e+003;1,130944e-003
2,081780e+003;1,098390e-003
2,082262e+003;1,100017e-003
2,082744e+003;1,137522e-003
2,083227e+003;1,201776e-003
2,083709e+003;1,277770e-003
2,084191e+003;1,348194e-003
2,084673e+003;1,398385e-003
2,085155e+003;1,417366e-003
2,085637e+003;1,398451e-003
2,086119e+003;1,339685e-003
2,086601e+003;1,245803e-003
2,087083e+003;1,130380e-003
2,087566e+003;1,015187e-003
2,088048e+003;9,299077e-004
2,088530e+003;9,038093e-004
2,089012e+003;9,551774e-004
2,089494e+003;1,083475e-003
2,089976e+003;1,264544e-003
2,090458e+003;1,457125e-003
2,090940e+003;1,611478e-003
2,091423e+003;1,690005e-003
2,091905e+003;1,676601e-003
2,092387e+003;1,581248e-003
2,092869e+003;1,434586e-003
2,093351e+003;1,275012e-003
2,093833e+003;1,136858e-003
2,094315e+003;1,035214e-003
2,094797e+003;9,693570e-004
2,095280e+003;9,269192e-004
2,095762e+003;8,965046e-004
2,096244e+003;8,752223e-004
2,096726e+003;8,719687e-004
2,097208e+003;8,998581e-004
2,097690e+003;9,681283e-004
2,098172e+003;1,073643e-003
2,098654e+003;1,198985e-003
2,099136e+003;1,318082e-003
2,099619e+003;1,408490e-003
2,100101e+003;1,458588e-003
2,100583e+003;1,474480e-003
2,101065e+003;1,474746e-003
2,101547e+003;1,484919e-003
2,102029e+003;1,523921e-003
2,102511e+003;1,598009e-003
2,102993e+003;1,696458e-003
2,103476e+003;1,797126e-003
2,103958e+003;1,872692e-003
2,104440e+003;1,897751e-003
2,104922e+003;1,857252e-003
2,105404e+003;1,749983e-003
2,105886e+003;1,588498e-003
2,106368e+003;1,397155e-003
2,106850e+003;1,209252e-003
2,107333e+003;1,059759e-003
2,107814e+003;9,758327e-004
2,108297e+003;9,726779e-004
2,108779e+003;1,044680e-003
2,109261e+003;1,168053e-003
2,109743e+003;1,303526e-003
2,110225e+003;1,411615e-003
2,110707e+003;1,464573e-003
2,111189e+003;1,455064e-003
2,111671e+003;1,398684e-003
2,112154e+003;1,327554e-003
2,112636e+003;1,278302e-003
2,113118e+003;1,274912e-003
2,113600e+003;1,322569e-003
2,114082e+003;1,404867e-003
2,114564e+003;1,492699e-003
2,115046e+003;1,553548e-003
2,115528e+003;1,564555e-003
2,116010e+003;1,518634e-003
2,116493e+003;1,424613e-003
2,116975e+003;1,300867e-003
2,117457e+003;1,168984e-003
2,117939e+003;1,049761e-003
2,118421e+003;9,574687e-004
2,118903e+003;9,024479e-004
2,119385e+003;8,904286e-004
2,119867e+003;9,225029e-004
2,120350e+003;9,941641e-004
2,120832e+003;1,093606e-003
2,121314e+003;1,204733e-003
2,121796e+003;1,309242e-003
2,122278e+003;1,395028e-003
2,122760e+003;1,459253e-003
2,123242e+003;1,510754e-003
2,123724e+003;1,564388e-003
2,124207e+003;1,632863e-003
2,124689e+003;1,717648e-003
2,125171e+003;1,805045e-003
2,125653e+003;1,866236e-003
2,126135e+003;1,867401e-003
2,126617e+003;1,783485e-003
2,127099e+003;1,606589e-003
2,127581e+003;1,353313e-003
2,128063e+003;1,060157e-003
2,128546e+003;7,765605e-004
2,129028e+003;5,495774e-004
2,129510e+003;4,124164e-004
2,129992e+003;3,813413e-004
2,130474e+003;4,537757e-004
2,130956e+003;6,108246e-004
2,131438e+003;8,213407e-004
2,131920e+003;1,050160e-003
2,132403e+003;1,259095e-003
2,132885e+003;1,414042e-003
2,133367e+003;1,494129e-003
2,133849e+003;1,495160e-003
2,134331e+003;1,433356e-003
2,134813e+003;1,341347e-003
2,135295e+003;1,262750e-003
2,135777e+003;1,233109e-003
2,136260e+003;1,271058e-003
2,136741e+003;1,369799e-003
2,137224e+003;1,502840e-003
2,137706e+003;1,631799e-003
2,138188e+003;1,720775e-003
2,138670e+003;1,748985e-003
2,139152e+003;1,712891e-003
2,139634e+003;1,623484e-003
2,140116e+003;1,497554e-003
2,140598e+003;1,352382e-003
2,141081e+003;1,200347e-003
2,141563e+003;1,052219e-003
2,142045e+003;9,242628e-004
2,142527e+003;8,392673e-004
2,143009e+003;8,256895e-004
2,143491e+003;9,100847e-004
2,143973e+003;1,104070e-003
2,144455e+003;1,396789e-003
2,144938e+003;1,753110e-003
2,145420e+003;2,124641e-003
2,145902e+003;2,457001e-003
2,146384e+003;2,706388e-003
2,146866e+003;2,850979e-003
2,147348e+003;2,892304e-003
2,147830e+003;2,854081e-003
2,148312e+003;2,770974e-003
2,148794e+003;2,685150e-003
2,149277e+003;2,633676e-003
2,149759e+003;2,646077e-003
2,150241e+003;2,740330e-003
2,150723e+003;2,918189e-003
2,151205e+003;3,163168e-003
2,151687e+003;3,441048e-003
2,152169e+003;3,713190e-003
2,152651e+003;3,938690e-003
2,153134e+003;4,091552e-003
2,153616e+003;4,167184e-003
2,154098e+003;4,179729e-003
2,154580e+003;4,155476e-003
2,155062e+003;4,117475e-003
2,155544e+003;4,076501e-003
2,156026e+003;4,025565e-003
2,156508e+003;3,948386e-003
2,156990e+003;3,835419e-003
2,157473e+003;3,697417e-003
2,157955e+003;3,570683e-003
2,158437e+003;3,501602e-003
2,158919e+003;3,518203e-003
2,159401e+003;3,609371e-003
2,159883e+003;3,719372e-003
2,160365e+003;3,772779e-003
2,160847e+003;3,698787e-003
2,161330e+003;3,468167e-003
2,161812e+003;3,104063e-003
2,162294e+003;2,680449e-003
2,162776e+003;2,290855e-003
2,163258e+003;2,024663e-003
2,163740e+003;1,939318e-003
2,164222e+003;2,046334e-003
2,164704e+003;2,320402e-003
2,165187e+003;2,710422e-003
2,165668e+003;3,161232e-003
2,166151e+003;3,619594e-003
2,166633e+003;4,041751e-003
2,167115e+003;4,392083e-003
2,167597e+003;4,636020e-003
2,168079e+003;4,741726e-003
2,168561e+003;4,683478e-003
2,169043e+003;4,450762e-003
2,169525e+003;4,055631e-003
2,170008e+003;3,537277e-003
2,170490e+003;2,958787e-003
2,170972e+003;2,387796e-003
2,171454e+003;1,891494e-003
2,171936e+003;1,523056e-003
2,172418e+003;1,312166e-003
2,172900e+003;1,270360e-003
2,173382e+003;1,387382e-003
2,173865e+003;1,634559e-003
2,174347e+003;1,964380e-003
2,174829e+003;2,321701e-003
2,175311e+003;2,649278e-003
2,175793e+003;2,896741e-003
2,176275e+003;3,036190e-003
2,176757e+003;3,064753e-003
2,177239e+003;3,006161e-003
2,177721e+003;2,900410e-003
2,178204e+003;2,795851e-003
2,178686e+003;2,732528e-003
2,179168e+003;2,733195e-003
2,179650e+003;2,800520e-003
2,180132e+003;2,922492e-003
2,180614e+003;3,080336e-003
2,181096e+003;3,254796e-003
2,181578e+003;3,431162e-003
2,182061e+003;3,600049e-003
2,182543e+003;3,751790e-003
2,183025e+003;3,876002e-003
2,183507e+003;3,958284e-003
2,183989e+003;3,982928e-003
2,184471e+003;3,938456e-003
2,184953e+003;3,821881e-003
2,185435e+003;3,640611e-003
2,185917e+003;3,414030e-003
2,186400e+003;3,168475e-003
2,186882e+003;2,934434e-003
2,187364e+003;2,740463e-003
2,187846e+003;2,612009e-003
2,188328e+003;2,563211e-003
2,188810e+003;2,595009e-003
2,189292e+003;2,690284e-003
2,189774e+003;2,816127e-003
2,190257e+003;2,927963e-003
2,190739e+003;2,980238e-003
2,191221e+003;2,942107e-003
2,191703e+003;2,804288e-003
2,192185e+003;2,585943e-003
2,192667e+003;2,327597e-003
2,193149e+003;2,082190e-003
2,193631e+003;1,894023e-003
2,194114e+003;1,784916e-003
2,194595e+003;1,750748e-003
2,195078e+003;1,763157e-003
2,195560e+003;1,782986e-003
2,196042e+003;1,774702e-003
2,196524e+003;1,720276e-003
2,197006e+003;1,623916e-003
2,197488e+003;1,511219e-003
2,197970e+003;1,415737e-003
2,198452e+003;1,370430e-003
2,198935e+003;1,396889e-003
2,199417e+003;1,498451e-003
2,199899e+003;1,662597e-003
2,200381e+003;1,865737e-003
2,200863e+003;2,079726e-003
2,201345e+003;2,278897e-003
2,201827e+003;2,447737e-003
2,202309e+003;2,580710e-003
2,202792e+003;2,682749e-003
2,203274e+003;2,765706e-003
2,203756e+003;2,843174e-003
2,204238e+003;2,925928e-003
2,204720e+003;3,016805e-003
2,205202e+003;3,109302e-003
2,205684e+003;3,189937e-003
2,206166e+003;3,241576e-003
2,206648e+003;3,248853e-003
2,207131e+003;3,203522e-003
2,207613e+003;3,108835e-003
2,208095e+003;2,978003e-003
2,208577e+003;2,831502e-003
2,209059e+003;2,691417e-003
2,209541e+003;2,575910e-003
2,210023e+003;2,493956e-003
2,210505e+003;2,446804e-003
2,210988e+003;2,426912e-003
2,211470e+003;2,423580e-003
2,211952e+003;2,423247e-003
2,212434e+003;2,414884e-003
2,212916e+003;2,390695e-003
2,213398e+003;2,345186e-003
2,213880e+003;2,276266e-003
2,214362e+003;2,183646e-003
2,214844e+003;2,068373e-003
2,215327e+003;1,932096e-003
2,215809e+003;1,779093e-003
2,216291e+003;1,615835e-003
2,216773e+003;1,453269e-003
2,217255e+003;1,305952e-003
2,217737e+003;1,191808e-003
2,218219e+003;1,126825e-003
2,218701e+003;1,122806e-003
2,219184e+003;1,181708e-003
2,219666e+003;1,293090e-003
2,220148e+003;1,436481e-003
2,220630e+003;1,587035e-003
2,221112e+003;1,721939e-003
2,221594e+003;1,826905e-003
2,222076e+003;1,898583e-003
2,222558e+003;1,943678e-003
2,223041e+003;1,973600e-003
2,223522e+003;1,998465e-003
2,224005e+003;2,023198e-003
2,224487e+003;2,048398e-003
2,224969e+003;2,071369e-003
2,225451e+003;2,090546e-003
2,225933e+003;2,107859e-003
2,226415e+003;2,127604e-003
2,226897e+003;2,153410e-003
2,227379e+003;2,184911e-003
2,227862e+003;2,216582e-003
2,228344e+003;2,240495e-003
2,228826e+003;2,252318e-003
2,229308e+003;2,255549e-003
2,229790e+003;2,264642e-003
2,230272e+003;2,298283e-003
2,230754e+003;2,371704e-003
2,231236e+003;2,487091e-003
2,231719e+003;2,626776e-003
2,232201e+003;2,755002e-003
2,232683e+003;2,830501e-003
2,233165e+003;2,819896e-003
2,233647e+003;2,708688e-003
2,234129e+003;2,509386e-003
2,234611e+003;2,257048e-003
2,235093e+003;1,996834e-003
2,235575e+003;1,767582e-003
2,236058e+003;1,592854e-003
2,236540e+003;1,475710e-003
2,237022e+003;1,404501e-003
2,237504e+003;1,360924e-003
2,237986e+003;1,330878e-003
2,238468e+003;1,308444e-003
2,238950e+003;1,295018e-003
2,239432e+003;1,294985e-003
2,239915e+003;1,309541e-003
2,240397e+003;1,335896e-003
2,240879e+003;1,366973e-003
2,241361e+003;1,396324e-003
2,241843e+003;1,420557e-003
2,242325e+003;1,440304e-003
2,242807e+003;1,458887e-003
2,243289e+003;1,478469e-003
2,243771e+003;1,497687e-003
2,244254e+003;1,513181e-003
2,244736e+003;1,522890e-003
2,245218e+003;1,530737e-003
2,245700e+003;1,549424e-003
2,246182e+003;1,596113e-003
2,246664e+003;1,687743e-003
2,247146e+003;1,831896e-003
2,247628e+003;2,020735e-003
2,248111e+003;2,230736e-003
2,248593e+003;2,427512e-003
2,249075e+003;2,578176e-003
2,249557e+003;2,657745e-003
2,250039e+003;2,658446e-003
2,250521e+003;2,588909e-003
2,251003e+003;2,470996e-003
2,251485e+003;2,330262e-003
2,251968e+003;2,188741e-003
2,252449e+003;2,061715e-003
2,252932e+003;1,955727e-003
2,253414e+003;1,870629e-003
2,253896e+003;1,802716e-003
2,254378e+003;1,747022e-003
2,254860e+003;1,698654e-003
2,255342e+003;1,653617e-003
2,255824e+003;1,610414e-003
2,256306e+003;1,570873e-003
2,256789e+003;1,541411e-003
2,257271e+003;1,530704e-003
2,257753e+003;1,548128e-003
2,258235e+003;1,598641e-003
2,258717e+003;1,678729e-003
2,259199e+003;1,775766e-003
2,259681e+003;1,871261e-003
2,260163e+003;1,946041e-003
2,260646e+003;1,987614e-003
2,261128e+003;1,995403e-003
2,261610e+003;1,981522e-003
2,262092e+003;1,966710e-003
2,262574e+003;1,971437e-003
2,263056e+003;2,010515e-003
2,263538e+003;2,086118e-003
2,264020e+003;2,189107e-003
2,264502e+003;2,300848e-003
2,264985e+003;2,401423e-003
2,265467e+003;2,474328e-003
2,265949e+003;2,508686e-003
2,266431e+003;2,500621e-003
2,266913e+003;2,451902e-003
2,267395e+003;2,367074e-003
2,267877e+003;2,253650e-003
2,268359e+003;2,122743e-003
2,268842e+003;1,988878e-003
2,269324e+003;1,869132e-003
2,269806e+003;1,782287e-003
2,270288e+003;1,742032e-003
2,270770e+003;1,754940e-003
2,271252e+003;1,817422e-003
2,271734e+003;1,917353e-003
2,272216e+003;2,036846e-003
2,272698e+003;2,155974e-003
2,273181e+003;2,259179e-003
2,273663e+003;2,335525e-003
2,274145e+003;2,379534e-003
2,274627e+003;2,390195e-003
2,275109e+003;2,368473e-003
2,275591e+003;2,317504e-003
2,276073e+003;2,241627e-003
2,276555e+003;2,148415e-003
2,277038e+003;2,048565e-003
2,277520e+003;1,953730e-003
2,278002e+003;1,876053e-003
2,278484e+003;1,823977e-003
2,278966e+003;1,800520e-003
2,279448e+003;1,803681e-003
2,279930e+003;1,828170e-003
2,280412e+003;1,866370e-003
2,280895e+003;1,912427e-003
2,281376e+003;1,963349e-003
2,281859e+003;2,017605e-003
2,282341e+003;2,073933e-003
2,282823e+003;2,129702e-003
2,283305e+003;2,178418e-003
2,283787e+003;2,210920e-003
2,284269e+003;2,217115e-003
2,284751e+003;2,188841e-003
2,285233e+003;2,123342e-003
2,285716e+003;2,025129e-003
2,286198e+003;1,906969e-003
2,286680e+003;1,785980e-003
2,287162e+003;1,682388e-003
2,287644e+003;1,613374e-003
2,288126e+003;1,589429e-003
2,288608e+003;1,611644e-003
2,289090e+003;1,671079e-003
2,289573e+003;1,751713e-003
2,290055e+003;1,833893e-003
2,290537e+003;1,899781e-003
2,291019e+003;1,938386e-003
2,291501e+003;1,946674e-003
2,291983e+003;1,930133e-003
2,292465e+003;1,899847e-003
2,292947e+003;1,868100e-003
2,293429e+003;1,844141e-003
2,293912e+003;1,832262e-003
2,294394e+003;1,831131e-003
2,294876e+003;1,835690e-003
2,295358e+003;1,840647e-003
2,295840e+003;1,842344e-003
2,296322e+003;1,840148e-003
2,296804e+003;1,836488e-003
2,297286e+003;1,834658e-003
2,297769e+003;1,836588e-003
2,298251e+003;1,842943e-003
2,298733e+003;1,852061e-003
2,299215e+003;1,861445e-003
2,299697e+003;1,869764e-003
2,300179e+003;1,876985e-003
2,300661e+003;1,884705e-003
2,301143e+003;1,895521e-003
2,301625e+003;1,910563e-003
2,302108e+003;1,929833e-003
2,302590e+003;1,951267e-003
2,303072e+003;1,971370e-003
2,303554e+003;1,987148e-003
2,304036e+003;1,997167e-003
2,304518e+003;2,001161e-003
2,305000e+003;2,000995e-003
2,305482e+003;1,998665e-003
2,305965e+003;1,996002e-003
2,306447e+003;1,993672e-003
2,306929e+003;1,992207e-003
2,307411e+003;1,991142e-003
2,307893e+003;1,990842e-003
2,308375e+003;1,991974e-003
2,308857e+003;1,995403e-003
2,309339e+003;2,001294e-003
2,309822e+003;2,008784e-003
2,310303e+003;2,015508e-003
2,310786e+003;2,018338e-003
2,311268e+003;2,015009e-003
2,311750e+003;2,004290e-003
2,312232e+003;1,987680e-003
2,312714e+003;1,969140e-003
2,313196e+003;1,953830e-003
2,313678e+003;1,946341e-003
2,314160e+003;1,949869e-003
2,314643e+003;1,963915e-003
2,315125e+003;1,985583e-003
2,315607e+003;2,009350e-003
2,316089e+003;2,028824e-003
2,316571e+003;2,039476e-003
2,317053e+003;2,039277e-003
2,317535e+003;2,030056e-003
2,318017e+003;2,017406e-003
2,318500e+003;2,009217e-003
2,318982e+003;2,013012e-003
2,319464e+003;2,034317e-003
2,319946e+003;2,073766e-003
2,320428e+003;2,127038e-003
2,320910e+003;2,185877e-003
2,321392e+003;2,240028e-003
2,321874e+003;2,280796e-003
2,322356e+003;2,303180e-003
2,322839e+003;2,306711e-003
2,323321e+003;2,295352e-003
2,323803e+003;2,275800e-003
2,324285e+003;2,254050e-003
2,324767e+003;2,234966e-003
2,325249e+003;2,221111e-003
2,325731e+003;2,212819e-003
2,326213e+003;2,210055e-003
2,326696e+003;2,212686e-003
2,327178e+003;2,220978e-003
2,327660e+003;2,235699e-003
2,328142e+003;2,256715e-003
2,328624e+003;2,283427e-003
2,329106e+003;2,313540e-003
2,329588e+003;2,344786e-003
2,330070e+003;2,375036e-003
2,330552e+003;2,403355e-003
2,331035e+003;2,430277e-003
2,331517e+003;2,456234e-003
2,331999e+003;2,480260e-003
2,332481e+003;2,499388e-003
2,332963e+003;2,506653e-003
2,333445e+003;2,494223e-003
2,333927e+003;2,454801e-003
2,334409e+003;2,384031e-003
2,334892e+003;2,283128e-003
2,335374e+003;2,159470e-003
2,335856e+003;2,026627e-003
2,336338e+003;1,900912e-003
2,336820e+003;1,798723e-003
2,337302e+003;1,735246e-003
2,337784e+003;1,718945e-003
2,338266e+003;1,752877e-003
2,338749e+003;1,833028e-003
2,339230e+003;1,949736e-003
2,339713e+003;2,087949e-003
2,340195e+003;2,229937e-003
2,340677e+003;2,358445e-003
2,341159e+003;2,458167e-003
2,341641e+003;2,519384e-003
2,342123e+003;2,539180e-003
2,342605e+003;2,520883e-003
2,343087e+003;2,471662e-003
2,343570e+003;2,401090e-003
2,344052e+003;2,318237e-003
2,344534e+003;2,230803e-003
2,345016e+003;2,145818e-003
2,345498e+003;2,070837e-003
2,345980e+003;2,012878e-003
2,346462e+003;1,979459e-003
2,346944e+003;1,976030e-003
2,347427e+003;2,004923e-003
2,347909e+003;2,064711e-003
2,348391e+003;2,150446e-003
2,348873e+003;2,253784e-003
2,349355e+003;2,363409e-003
2,349837e+003;2,468597e-003
2,350319e+003;2,558811e-003
2,350801e+003;2,627576e-003
2,351283e+003;2,673881e-003
2,351766e+003;2,703020e-003
2,352248e+003;2,724959e-003
2,352730e+003;2,748866e-003
2,353212e+003;2,781412e-003
2,353694e+003;2,822330e-003
2,354176e+003;2,865454e-003
2,354658e+003;2,900610e-003
2,355140e+003;2,918289e-003
2,355623e+003;2,911951e-003
2,356105e+003;2,880963e-003
2,356587e+003;2,829567e-003
2,357069e+003;2,766873e-003
2,357551e+003;2,704220e-003
2,358033e+003;2,653445e-003
2,358515e+003;2,626143e-003
2,358997e+003;2,630843e-003
2,359479e+003;2,671114e-003
2,359962e+003;2,743798e-003
2,360444e+003;2,839172e-003
2,360926e+003;2,942707e-003
2,361408e+003;3,037024e-003
2,361890e+003;3,107333e-003
2,362372e+003;3,144278e-003
2,362854e+003;3,145913e-003
2,363336e+003;3,116878e-003
2,363819e+003;3,066321e-003
2,364301e+003;3,004193e-003
2,364783e+003;2,937837e-003
2,365265e+003;2,870857e-003
2,365747e+003;2,803821e-003
2,366229e+003;2,735462e-003
2,366711e+003;2,665346e-003
2,367193e+003;2,594209e-003
2,367676e+003;2,525449e-003
2,368157e+003;2,463232e-003
2,368640e+003;2,412285e-003
2,369122e+003;2,376535e-003
2,369604e+003;2,358878e-003
2,370086e+003;2,360044e-003
2,370568e+003;2,378568e-003
2,371050e+003;2,410086e-003
2,371532e+003;2,447970e-003
2,372014e+003;2,483692e-003
2,372497e+003;2,507520e-003
2,372979e+003;2,512719e-003
2,373461e+003;2,494756e-003
2,373943e+003;2,455035e-003
2,374425e+003;2,398857e-003
2,374907e+003;2,335059e-003
2,375389e+003;2,272769e-003
2,375872e+003;2,219546e-003
2,376354e+003;2,179550e-003
2,376836e+003;2,152577e-003
2,377318e+003;2,134863e-003
2,377800e+003;2,120678e-003
2,378282e+003;2,104064e-003
2,378764e+003;2,080325e-003
2,379246e+003;2,046867e-003
2,379729e+003;2,003858e-003
2,380210e+003;1,953730e-003
2,380693e+003;1,900380e-003
2,381175e+003;1,848168e-003
2,381657e+003;1,801618e-003
2,382139e+003;1,763723e-003
2,382621e+003;1,735845e-003
2,383103e+003;1,717781e-003
2,383585e+003;1,707835e-003
2,384067e+003;1,704009e-003
2,384550e+003;1,704841e-003
2,385032e+003;1,709897e-003
2,385514e+003;1,719710e-003
2,385996e+003;1,735079e-003
2,386478e+003;1,755073e-003
2,386960e+003;1,776698e-003
2,387442e+003;1,794963e-003
2,387924e+003;1,803049e-003
2,388406e+003;1,795263e-003
2,388889e+003;1,768880e-003
2,389371e+003;1,725632e-003
2,389853e+003;1,672576e-003
2,390335e+003;1,619061e-003
2,390817e+003;1,575894e-003
2,391299e+003;1,550788e-003
2,391781e+003;1,546565e-003
2,392263e+003;1,560764e-003
2,392746e+003;1,587001e-003
2,393228e+003;1,617431e-003
2,393710e+003;1,645069e-003
2,394192e+003;1,665857e-003
2,394674e+003;1,679361e-003
2,395156e+003;1,687511e-003
2,395638e+003;1,693132e-003
2,396120e+003;1,698654e-003
2,396603e+003;1,705673e-003
2,397085e+003;1,714521e-003
2,397567e+003;1,725798e-003
2,398049e+003;1,740469e-003
2,398531e+003;1,760130e-003
2,399013e+003;1,786479e-003
2,399495e+003;1,820450e-003
2,399977e+003;1,860546e-003
2,400459e+003;1,902576e-003
2,400942e+003;1,940550e-003
2,401424e+003;1,967243e-003
2,401906e+003;1,976762e-003
2,402388e+003;1,965878e-003
2,402870e+003;1,935391e-003
2,403352e+003;1,889930e-003
2,403834e+003;1,836189e-003
2,404316e+003;1,782454e-003
2,404799e+003;1,735811e-003
2,405281e+003;1,700683e-003
2,405763e+003;1,678896e-003
2,406245e+003;1,669682e-003
2,406727e+003;1,670813e-003
2,407209e+003;1,679760e-003
2,407691e+003;1,694762e-003
2,408173e+003;1,714687e-003
2,408656e+003;1,738705e-003
2,409137e+003;1,765287e-003
2,409620e+003;1,791903e-003
2,410102e+003;1,814960e-003
2,410584e+003;1,830732e-003
2,411066e+003;1,836555e-003
2,411548e+003;1,832229e-003
2,412030e+003;1,820250e-003
2,412512e+003;1,805710e-003
2,412994e+003;1,793932e-003
2,413477e+003;1,789707e-003
2,413959e+003;1,794897e-003
2,414441e+003;1,808039e-003
2,414923e+003;1,825275e-003
2,415405e+003;1,841346e-003
2,415887e+003;1,852393e-003
2,416369e+003;1,856054e-003
2,416851e+003;1,853092e-003
2,417333e+003;1,845705e-003
2,417816e+003;1,837054e-003
2,418298e+003;1,830099e-003
2,418780e+003;1,826206e-003
2,419262e+003;1,825774e-003
2,419744e+003;1,827970e-003
2,420226e+003;1,831597e-003
2,420708e+003;1,835756e-003
2,421190e+003;1,838950e-003
2,421673e+003;1,840880e-003
2,422155e+003;1,841346e-003
2,422637e+003;1,840581e-003
2,423119e+003;1,839882e-003
2,423601e+003;1,840914e-003
2,424083e+003;1,845073e-003
2,424565e+003;1,852893e-003
2,425047e+003;1,863574e-003
2,425530e+003;1,874057e-003
2,426012e+003;1,880612e-003
2,426494e+003;1,879980e-003
2,426976e+003;1,870895e-003
2,427458e+003;1,855555e-003
2,427940e+003;1,838618e-003
2,428422e+003;1,826606e-003
2,428904e+003;1,825308e-003
2,429386e+003;1,836954e-003
2,429869e+003;1,860380e-003
2,430351e+003;1,890629e-003
2,430833e+003;1,921679e-003
2,431315e+003;1,947938e-003
2,431797e+003;1,966444e-003
2,432279e+003;1,977328e-003
2,432761e+003;1,982421e-003
2,433243e+003;1,983054e-003
2,433726e+003;1,978959e-003
2,434208e+003;1,967409e-003
2,434690e+003;1,944943e-003
2,435172e+003;1,908700e-003
2,435654e+003;1,859448e-003
2,436136e+003;1,802317e-003
2,436618e+003;1,746557e-003
2,437100e+003;1,702779e-003
2,437583e+003;1,680492e-003
2,438064e+003;1,684816e-003
2,438547e+003;1,716085e-003
2,439029e+003;1,768880e-003
2,439511e+003;1,834658e-003
2,439993e+003;1,904407e-003
2,440475e+003;1,970139e-003
2,440957e+003;2,026793e-003
2,441439e+003;2,072035e-003
2,441921e+003;2,106228e-003
2,442404e+003;2,130734e-003
2,442886e+003;2,146983e-003
2,443368e+003;2,156373e-003
2,443850e+003;2,159370e-003
2,444332e+003;2,156573e-003
2,444814e+003;2,148215e-003
2,445296e+003;2,134829e-003
2,445778e+003;2,117182e-003
2,446260e+003;2,096339e-003
2,446743e+003;2,073433e-003
2,447225e+003;2,049796e-003
2,447707e+003;2,026960e-003
2,448189e+003;2,006620e-003
2,448671e+003;1,990709e-003
2,449153e+003;1,981389e-003
2,449635e+003;1,980191e-003
2,450117e+003;1,988013e-003
2,450600e+003;2,004490e-003
2,451082e+003;2,027293e-003
2,451564e+003;2,052626e-003
2,452046e+003;2,075764e-003
2,452528e+003;2,091845e-003
2,453010e+003;2,097371e-003
2,453492e+003;2,090746e-003
2,453974e+003;2,073500e-003
2,454457e+003;2,049497e-003
2,454939e+003;2,023697e-003
2,455421e+003;2,002326e-003
2,455903e+003;1,990410e-003
2,456385e+003;1,990909e-003
2,456867e+003;2,004790e-003
2,457349e+003;2,030754e-003
2,457831e+003;2,065244e-003
2,458313e+003;2,102898e-003
2,458796e+003;2,138193e-003
2,459278e+003;2,165031e-003
2,459760e+003;2,179150e-003
2,460242e+003;2,178751e-003
2,460724e+003;2,164898e-003
2,461206e+003;2,142355e-003
2,461688e+003;2,117116e-003
2,462170e+003;2,095440e-003
2,462653e+003;2,081191e-003
2,463135e+003;2,074199e-003
2,463617e+003;2,069705e-003
2,464099e+003;2,061082e-003
2,464581e+003;2,041407e-003
2,465063e+003;2,007386e-003
2,465545e+003;1,959987e-003
2,466027e+003;1,905838e-003
2,466510e+003;1,854324e-003
2,466992e+003;1,813529e-003
2,467474e+003;1,789507e-003
2,467956e+003;1,782420e-003
2,468438e+003;1,788642e-003
2,468920e+003;1,801518e-003
2,469402e+003;1,814594e-003
2,469884e+003;1,823678e-003
2,470366e+003;1,827105e-003
2,470849e+003;1,825208e-003
2,471331e+003;1,818653e-003
2,471813e+003;1,807840e-003
2,472295e+003;1,792069e-003
2,472777e+003;1,771375e-003
2,473259e+003;1,747555e-003
2,473741e+003;1,725000e-003
2,474223e+003;1,710795e-003
2,474706e+003;1,712259e-003
2,475188e+003;1,734081e-003
2,475670e+003;1,776598e-003
2,476152e+003;1,834225e-003
2,476634e+003;1,897152e-003
2,477116e+003;1,953364e-003
2,477598e+003;1,992806e-003
2,478080e+003;2,010249e-003
2,478563e+003;2,006121e-003
2,479044e+003;1,986315e-003
2,479527e+003;1,960220e-003
2,480009e+003;1,937521e-003
2,480491e+003;1,924541e-003
2,480973e+003;1,923576e-003
2,481455e+003;1,931996e-003
2,481937e+003;1,943279e-003
2,482419e+003;1,949703e-003
2,482901e+003;1,944877e-003
2,483384e+003;1,925872e-003
2,483866e+003;1,894223e-003
2,484348e+003;1,855488e-003
2,484830e+003;1,817489e-003
2,485312e+003;1,787178e-003
2,485794e+003;1,768115e-003
2,486276e+003;1,759331e-003
2,486758e+003;1,755872e-003
2,487240e+003;1,751813e-003
2,487723e+003;1,743097e-003
2,488205e+003;1,730721e-003
2,488687e+003;1,721241e-003
2,489169e+003;1,725299e-003
2,489651e+003;1,752877e-003
2,490133e+003;1,808904e-003
2,490615e+003;1,889830e-003
2,491097e+003;1,983952e-003
2,491580e+003;2,073766e-003
2,492062e+003;2,140823e-003
2,492544e+003;2,173822e-003
2,493026e+003;2,169593e-003
2,493508e+003;2,135928e-003
2,493990e+003;2,086318e-003
2,494472e+003;2,037579e-003
2,494954e+003;2,002093e-003
2,495437e+003;1,985483e-003
2,495919e+003;1,985017e-003
2,496401e+003;1,992540e-003
2,496883e+003;1,996934e-003
2,497365e+003;1,988679e-003
2,497847e+003;1,962583e-003
2,498329e+003;1,919150e-003
2,498811e+003;1,863940e-003
2,499293e+003;1,805943e-003
2,499776e+003;1,755406e-003
2,500258e+003;1,721573e-003
2,500740e+003;1,709964e-003
2,501222e+003;1,721607e-003
2,501704e+003;1,752345e-003
2,502186e+003;1,793932e-003
2,502668e+003;1,835523e-003
2,503150e+003;1,867035e-003
2,503633e+003;1,881943e-003
2,504115e+003;1,878915e-003
2,504597e+003;1,862044e-003
2,505079e+003;1,839816e-003
2,505561e+003;1,821914e-003
2,506043e+003;1,816324e-003
2,506525e+003;1,827371e-003
2,507007e+003;1,855322e-003
2,507490e+003;1,897085e-003
2,507971e+003;1,947772e-003
2,508454e+003;2,002892e-003
2,508936e+003;2,058286e-003
2,509418e+003;2,110689e-003
2,509900e+003;2,156473e-003
2,510382e+003;2,191638e-003
2,510864e+003;2,211853e-003
2,511346e+003;2,213585e-003
2,511828e+003;2,196001e-003
2,512311e+003;2,161501e-003
2,512793e+003;2,115651e-003
2,513275e+003;2,066575e-003
2,513757e+003;2,021900e-003
2,514239e+003;1,987281e-003
2,514721e+003;1,964847e-003
2,515203e+003;1,953697e-003
2,515685e+003;1,950701e-003
2,516167e+003;1,952398e-003
2,516650e+003;1,956293e-003
2,517132e+003;1,961784e-003
2,517614e+003;1,969639e-003
2,518096e+003;1,981423e-003
2,518578e+003;1,997999e-003
2,519060e+003;2,019403e-003
2,519542e+003;2,043971e-003
2,520024e+003;2,068906e-003
2,520507e+003;2,090779e-003
2,520989e+003;2,106261e-003
2,521471e+003;2,112854e-003
2,521953e+003;2,110123e-003
2,522435e+003;2,099802e-003
2,522917e+003;2,085985e-003
2,523399e+003;2,074898e-003
2,523881e+003;2,072867e-003
2,524364e+003;2,085219e-003
2,524846e+003;2,113919e-003
2,525328e+003;2,156540e-003
2,525810e+003;2,206325e-003
2,526292e+003;2,253917e-003
2,526774e+003;2,289623e-003
2,527256e+003;2,306011e-003
2,527738e+003;2,301048e-003
2,528220e+003;2,277865e-003
2,528703e+003;2,243859e-003
2,529185e+003;2,208956e-003
2,529667e+003;2,182680e-003
2,530149e+003;2,170759e-003
2,530631e+003;2,174388e-003
2,531113e+003;2,189707e-003
2,531595e+003;2,209289e-003
2,532077e+003;2,224009e-003
2,532560e+003;2,225408e-003
2,533042e+003;2,208556e-003
2,533524e+003;2,172424e-003
2,534006e+003;2,121211e-003
2,534488e+003;2,062747e-003
2,534970e+003;2,008019e-003
2,535452e+003;1,967742e-003
2,535934e+003;1,950501e-003
2,536417e+003;1,961451e-003
2,536898e+003;1,999763e-003
2,537381e+003;2,059484e-003
2,537863e+003;2,130567e-003
2,538345e+003;2,201695e-003
2,538827e+003;2,261145e-003
2,539309e+003;2,300948e-003
2,539791e+003;2,318103e-003
2,540273e+003;2,314972e-003
2,540755e+003;2,299116e-003
2,541238e+003;2,280563e-003
2,541720e+003;2,269971e-003
2,542202e+003;2,274834e-003
2,542684e+003;2,297850e-003
2,543166e+003;2,335825e-003
2,543648e+003;2,381100e-003
2,544130e+003;2,423447e-003
2,544612e+003;2,453902e-003
2,545094e+003;2,467697e-003
2,545577e+003;2,465264e-003
2,546059e+003;2,453002e-003
2,546541e+003;2,439274e-003
2,547023e+003;2,432743e-003
2,547505e+003;2,438440e-003
2,547987e+003;2,456134e-003
2,548469e+003;2,481293e-003
2,548951e+003;2,506620e-003
2,549434e+003;2,525449e-003
2,549916e+003;2,533815e-003
2,550398e+003;2,531982e-003
2,550880e+003;2,524216e-003
2,551362e+003;2,516451e-003
2,551844e+003;2,513918e-003
2,552326e+003;2,520317e-003
2,552808e+003;2,536281e-003
2,553291e+003;2,559844e-003
2,553773e+003;2,587476e-003
2,554255e+003;2,614876e-003
2,554737e+003;2,637843e-003
2,555219e+003;2,652011e-003
2,555701e+003;2,653912e-003
2,556183e+003;2,640610e-003
2,556665e+003;2,610976e-003
2,557147e+003;2,566344e-003
2,557630e+003;2,511485e-003
2,558112e+003;2,454601e-003
2,558594e+003;2,405221e-003
2,559076e+003;2,373704e-003
2,559558e+003;2,368173e-003
2,560040e+003;2,391828e-003
2,560522e+003;2,443072e-003
2,561004e+003;2,515318e-003
2,561487e+003;2,598142e-003
2,561969e+003;2,679049e-003
2,562451e+003;2,746899e-003
2,562933e+003;2,793050e-003
2,563415e+003;2,813659e-003
2,563897e+003;2,809657e-003
2,564379e+003;2,787014e-003
2,564861e+003;2,755435e-003
2,565344e+003;2,724859e-003
2,565825e+003;2,704920e-003
2,566308e+003;2,701286e-003
2,566790e+003;2,714756e-003
2,567272e+003;2,741564e-003
2,567754e+003;2,774642e-003
2,568236e+003;2,805889e-003
2,568718e+003;2,828300e-003
2,569200e+003;2,838972e-003
2,569682e+003;2,839106e-003
2,570165e+003;2,834203e-003
2,570647e+003;2,831902e-003
2,571129e+003;2,840573e-003
2,571611e+003;2,866321e-003
2,572093e+003;2,911150e-003
2,572575e+003;2,972398e-003
2,573057e+003;3,042563e-003
2,573539e+003;3,111605e-003
2,574021e+003;3,168074e-003
2,574504e+003;3,203021e-003
2,574986e+003;3,212434e-003
2,575468e+003;3,197881e-003
2,575950e+003;3,166272e-003
2,576432e+003;3,128025e-003
2,576914e+003;3,093451e-003
2,577396e+003;3,068924e-003
2,577878e+003;3,056244e-003
2,578361e+003;3,052006e-003
2,578843e+003;3,050504e-003
2,579325e+003;3,046601e-003
2,579807e+003;3,039360e-003
2,580289e+003;3,032687e-003
2,580771e+003;3,034956e-003
2,581253e+003;3,054275e-003
2,581735e+003;3,096020e-003
2,582218e+003;3,158996e-003
2,582700e+003;3,235734e-003
2,583182e+003;3,314022e-003
2,583664e+003;3,380802e-003
2,584146e+003;3,427388e-003
2,584628e+003;3,450232e-003
2,585110e+003;3,452804e-003
2,585592e+003;3,442183e-003
2,586074e+003;3,427655e-003
2,586557e+003;3,416468e-003
2,587039e+003;3,413061e-003
2,587521e+003;3,418471e-003
2,588003e+003;3,431964e-003
2,588485e+003;3,451601e-003
2,588967e+003;3,475248e-003
2,589449e+003;3,501268e-003
2,589931e+003;3,527890e-003
2,590414e+003;3,552777e-003
2,590896e+003;3,574024e-003
2,591378e+003;3,590327e-003
2,591860e+003;3,601720e-003
2,592342e+003;3,609872e-003
2,592824e+003;3,617456e-003
2,593306e+003;3,626778e-003
2,593788e+003;3,638873e-003
2,594271e+003;3,652439e-003
2,594752e+003;3,664201e-003
2,595235e+003;3,669948e-003
2,595717e+003;3,665972e-003
2,596199e+003;3,650869e-003
2,596681e+003;3,625843e-003
2,597163e+003;3,594670e-003
2,597645e+003;3,561563e-003
2,598127e+003;3,531999e-003
2,598609e+003;3,509251e-003
2,599092e+003;3,495422e-003
2,599574e+003;3,491281e-003
2,600056e+003;3,495656e-003
2,600538e+003;3,507581e-003
2,601020e+003;3,524950e-003
2,601502e+003;3,546697e-003
2,601984e+003;3,571050e-003
2,602466e+003;3,597577e-003
2,602948e+003;3,625542e-003
2,603431e+003;3,654043e-003
2,603913e+003;3,681644e-003
2,604395e+003;3,706005e-003
2,604877e+003;3,723984e-003
2,605359e+003;3,731738e-003
2,605841e+003;3,726658e-003
2,606323e+003;3,708311e-003
2,606805e+003;3,678503e-003
2,607288e+003;3,643317e-003
2,607770e+003;3,610173e-003
2,608252e+003;3,587320e-003
2,608734e+003;3,581708e-003
2,609216e+003;3,597443e-003
2,609698e+003;3,635098e-003
2,610180e+003;3,691335e-003
2,610662e+003;3,760546e-003
2,611145e+003;3,834750e-003
2,611627e+003;3,905423e-003
2,612109e+003;3,964637e-003
2,612591e+003;4,006169e-003
2,613073e+003;4,026267e-003
2,613555e+003;4,024328e-003
2,614037e+003;4,004029e-003
2,614519e+003;3,971859e-003
2,615001e+003;3,934611e-003
2,615484e+003;3,899572e-003
2,615966e+003;3,871188e-003
2,616448e+003;3,850495e-003
2,616930e+003;3,835753e-003
2,617412e+003;3,824187e-003
2,617894e+003;3,814159e-003
2,618376e+003;3,805970e-003
2,618858e+003;3,802259e-003
2,619341e+003;3,806638e-003
2,619823e+003;3,821613e-003
2,620305e+003;3,847152e-003
2,620787e+003;3,880214e-003
2,621269e+003;3,915486e-003
2,621751e+003;3,948353e-003
2,622233e+003;3,975638e-003
2,622715e+003;3,996839e-003
2,623198e+003;4,013593e-003
2,623679e+003;4,028006e-003
2,624162e+003;4,040949e-003
2,624644e+003;4,051350e-003
2,625126e+003;4,056935e-003
2,625608e+003;4,056199e-003
2,626090e+003;4,049879e-003
2,626572e+003;4,041384e-003
2,627054e+003;4,035966e-003
2,627536e+003;4,038407e-003
2,628019e+003;4,050380e-003
2,628501e+003;4,069578e-003
2,628983e+003;4,089646e-003
2,629465e+003;4,102557e-003
2,629947e+003;4,102757e-003
2,630429e+003;4,087572e-003
2,630911e+003;4,059711e-003
2,631393e+003;4,024963e-003
2,631875e+003;3,990151e-003
2,632358e+003;3,960056e-003
2,632840e+003;3,936550e-003
2,633322e+003;3,918562e-003
2,633804e+003;3,903584e-003
2,634286e+003;3,889876e-003
2,634768e+003;3,877206e-003
2,635250e+003;3,867711e-003
2,635732e+003;3,864469e-003
2,636215e+003;3,870152e-003
2,636697e+003;3,886031e-003
2,637179e+003;3,911842e-003
2,637661e+003;3,945945e-003
2,638143e+003;3,986205e-003
2,638625e+003;4,030414e-003
2,639107e+003;4,076267e-003
2,639589e+003;4,120820e-003
2,640072e+003;4,160192e-003
2,640554e+003;4,190301e-003
2,641036e+003;4,207363e-003
2,641518e+003;4,209338e-003
2,642000e+003;4,196791e-003
2,642482e+003;4,173541e-003
2,642964e+003;4,145273e-003
2,643446e+003;4,117876e-003
2,643928e+003;4,096268e-003
2,644411e+003;4,082756e-003
2,644893e+003;4,077069e-003
2,645375e+003;4,077270e-003
2,645857e+003;4,081384e-003
2,646339e+003;4,088107e-003
2,646821e+003;4,097573e-003
2,647303e+003;4,111320e-003
2,647785e+003;4,131223e-003
2,648268e+003;4,158754e-003
2,648750e+003;4,194684e-003
2,649232e+003;4,238178e-003
2,649714e+003;4,287165e-003
2,650196e+003;4,338332e-003
2,650678e+003;4,387397e-003
2,651160e+003;4,430275e-003
2,651642e+003;4,463114e-003
2,652125e+003;4,483669e-003
2,652606e+003;4,492173e-003
2,653089e+003;4,491671e-003
2,653571e+003;4,487385e-003
2,654053e+003;4,485243e-003
2,654535e+003;4,490197e-003
2,655017e+003;4,504459e-003
2,655499e+003;4,527025e-003
2,655981e+003;4,553878e-003
2,656463e+003;4,579661e-003
2,656946e+003;4,599987e-003
2,657428e+003;4,612612e-003
2,657910e+003;4,618539e-003
2,658392e+003;4,621051e-003
2,658874e+003;4,624634e-003
2,659356e+003;4,633006e-003
2,659838e+003;4,648110e-003
2,660320e+003;4,670014e-003
2,660802e+003;4,697277e-003
2,661285e+003;4,728260e-003
2,661767e+003;4,760820e-003
2,662249e+003;4,793953e-003
2,662731e+003;4,826484e-003
2,663213e+003;4,857142e-003
2,663695e+003;4,884417e-003
2,664177e+003;4,906533e-003
2,664659e+003;4,922317e-003
2,665142e+003;4,931801e-003
2,665624e+003;4,936358e-003
2,666106e+003;4,938671e-003
2,666588e+003;4,941788e-003
2,667070e+003;4,948256e-003
2,667552e+003;4,959450e-003
2,668034e+003;4,975000e-003
2,668516e+003;4,993233e-003
2,668999e+003;5,011735e-003
2,669481e+003;5,027389e-003
2,669963e+003;5,037814e-003
2,670445e+003;5,041065e-003
2,670927e+003;5,036238e-003
2,671409e+003;5,023367e-003
2,671891e+003;5,003758e-003
2,672373e+003;4,980162e-003
2,672855e+003;4,955361e-003
2,673338e+003;4,933108e-003
2,673820e+003;4,915983e-003
2,674302e+003;4,905427e-003
2,674784e+003;4,901239e-003
2,675266e+003;4,901808e-003
2,675748e+003;4,905093e-003
2,676230e+003;4,908745e-003
2,676712e+003;4,911560e-003
2,677195e+003;4,912934e-003
2,677677e+003;4,912766e-003
2,678159e+003;4,910990e-003
2,678641e+003;4,907170e-003
2,679123e+003;4,900468e-003
2,679605e+003;4,890415e-003
2,680087e+003;4,876945e-003
2,680569e+003;4,861196e-003
2,681052e+003;4,845147e-003
2,681533e+003;4,831308e-003
2,682016e+003;4,821559e-003
2,682498e+003;4,816667e-003
2,682980e+003;4,815863e-003
2,683462e+003;4,817639e-003
2,683944e+003;4,820252e-003
2,684426e+003;4,822296e-003
2,684908e+003;4,823301e-003
2,685390e+003;4,823603e-003
2,685873e+003;4,823703e-003
2,686355e+003;4,823804e-003
2,686837e+003;4,823301e-003
2,687319e+003;4,821391e-003
2,687801e+003;4,816902e-003
2,688283e+003;4,809129e-003
2,688765e+003;4,798073e-003
2,689247e+003;4,783668e-003
2,689729e+003;4,766448e-003
2,690212e+003;4,746115e-003
2,690694e+003;4,722599e-003
2,691176e+003;4,695870e-003
2,691658e+003;4,666932e-003
2,692140e+003;4,638599e-003
2,692622e+003;4,615224e-003
2,693104e+003;4,601862e-003
2,693586e+003;4,603034e-003
2,694069e+003;4,621084e-003
2,694551e+003;4,654942e-003
2,695033e+003;4,699689e-003
2,695515e+003;4,747890e-003
2,695997e+003;4,791641e-003
2,696479e+003;4,823536e-003
2,696961e+003;4,839651e-003
2,697443e+003;4,839551e-003
2,697926e+003;4,826484e-003
2,698408e+003;4,805176e-003
2,698890e+003;4,781222e-003
2,699372e+003;4,758509e-003
2,699854e+003;4,738779e-003
2,700336e+003;4,721327e-003
2,700818e+003;4,704177e-003
2,701300e+003;4,685052e-003
2,701782e+003;4,662980e-003
2,702265e+003;4,638699e-003
2,702747e+003;4,614989e-003
2,703229e+003;4,596035e-003
2,703711e+003;4,585755e-003
2,704193e+003;4,586894e-003
2,704675e+003;4,600489e-003
2,705157e+003;4,625505e-003
2,705639e+003;4,658626e-003
2,706122e+003;4,696306e-003
2,706604e+003;4,735061e-003
2,707086e+003;4,772143e-003
2,707568e+003;4,806349e-003
2,708050e+003;4,837273e-003
2,708532e+003;4,865719e-003
2,709014e+003;4,893230e-003
2,709496e+003;4,921379e-003
2,709979e+003;4,952076e-003
2,710461e+003;4,986731e-003
2,710943e+003;5,025746e-003
2,711425e+003;5,068352e-003
2,711907e+003;5,112605e-003
2,712389e+003;5,155152e-003
2,712871e+003;5,192405e-003
2,713353e+003;5,222015e-003
2,713835e+003;5,243210e-003
2,714318e+003;5,257865e-003
2,714800e+003;5,270207e-003
2,715282e+003;5,285467e-003
2,715764e+003;5,308242e-003
2,716246e+003;5,340845e-003
2,716728e+003;5,382811e-003
2,717210e+003;5,430484e-003
2,717692e+003;5,478666e-003
2,718175e+003;5,522055e-003
2,718656e+003;5,557023e-003
2,719139e+003;5,583000e-003
2,719621e+003;5,601628e-003
2,720103e+003;5,616698e-003
2,720585e+003;5,632776e-003
2,721067e+003;5,653420e-003
2,721549e+003;5,680511e-003
2,722031e+003;5,714183e-003
2,722513e+003;5,752760e-003
2,722996e+003;5,793624e-003
2,723478e+003;5,833283e-003
2,723960e+003;5,868814e-003
2,724442e+003;5,897496e-003
2,724924e+003;5,917380e-003
2,725406e+003;5,927524e-003
2,725888e+003;5,928330e-003
2,726370e+003;5,921511e-003
2,726853e+003;5,909521e-003
2,727335e+003;5,895884e-003
2,727817e+003;5,883591e-003
2,728299e+003;5,875094e-003
2,728781e+003;5,870829e-003
2,729263e+003;5,869385e-003
2,729745e+003;5,867235e-003
2,730227e+003;5,859242e-003
2,730709e+003;5,839730e-003
2,731192e+003;5,804235e-003
2,731674e+003;5,750141e-003
2,732156e+003;5,678195e-003
2,732638e+003;5,592297e-003
2,733120e+003;5,499638e-003
2,733602e+003;5,407972e-003
2,734084e+003;5,325382e-003
2,734566e+003;5,257060e-003
2,735049e+003;5,205013e-003
2,735531e+003;5,167457e-003
2,736013e+003;5,140399e-003
2,736495e+003;5,118975e-003
2,736977e+003;5,098893e-003
2,737459e+003;5,078342e-003
2,737941e+003;5,057759e-003
2,738423e+003;5,038819e-003
2,738906e+003;5,023031e-003
2,739388e+003;5,010764e-003
2,739870e+003;5,000306e-003
2,740352e+003;4,988340e-003
2,740834e+003;4,971113e-003
2,741316e+003;4,946245e-003
2,741798e+003;4,913503e-003
2,742280e+003;4,875604e-003
2,742762e+003;4,836536e-003
2,743245e+003;4,801323e-003
2,743727e+003;4,773751e-003
2,744209e+003;4,755762e-003
2,744691e+003;4,747053e-003
2,745173e+003;4,745847e-003
2,745655e+003;4,749866e-003
2,746137e+003;4,756968e-003
2,746619e+003;4,766181e-003
2,747102e+003;4,776599e-003
2,747583e+003;4,788123e-003
2,748066e+003;4,800050e-003
2,748548e+003;4,811273e-003
2,749030e+003;4,820487e-003
2,749512e+003;4,826484e-003
2,749994e+003;4,829131e-003
2,750476e+003;4,829231e-003
2,750958e+003;4,828628e-003
2,751440e+003;4,829835e-003
2,751923e+003;4,834760e-003
2,752405e+003;4,844275e-003
2,752887e+003;4,857678e-003
2,753369e+003;4,873057e-003
2,753851e+003;4,888069e-003
2,754333e+003;4,900300e-003
2,754815e+003;4,908912e-003
2,755297e+003;4,914509e-003
2,755780e+003;4,918865e-003
2,756262e+003;4,924696e-003
2,756744e+003;4,934214e-003
2,757226e+003;4,948826e-003
2,757708e+003;4,968130e-003
2,758190e+003;4,990653e-003
2,758672e+003;5,013747e-003
2,759154e+003;5,035669e-003
2,759636e+003;5,054843e-003
2,760119e+003;5,071671e-003
2,760601e+003;5,087059e-003
2,761083e+003;5,102748e-003
2,761565e+003;5,119981e-003
2,762047e+003;5,139360e-003
2,762529e+003;5,160651e-003
2,763011e+003;5,183049e-003
2,763493e+003;5,205349e-003
2,763976e+003;5,227146e-003
2,764458e+003;5,248475e-003
2,764940e+003;5,269637e-003
2,765422e+003;5,291304e-003
2,765904e+003;5,313809e-003
2,766386e+003;5,336720e-003
2,766868e+003;5,359094e-003
2,767350e+003;5,379758e-003
2,767833e+003;5,398176e-003
2,768315e+003;5,414414e-003
2,768797e+003;5,429981e-003
2,769279e+003;5,447059e-003
2,769761e+003;5,468130e-003
2,770243e+003;5,495444e-003
2,770725e+003;5,529874e-003
2,771207e+003;5,571153e-003
2,771689e+003;5,617605e-003
2,772172e+003;5,666479e-003
2,772654e+003;5,715526e-003
2,773136e+003;5,762699e-003
2,773618e+003;5,807492e-003
2,774100e+003;5,850880e-003
2,774582e+003;5,894507e-003
2,775064e+003;5,940725e-003
2,775546e+003;5,991180e-003
2,776029e+003;6,046682e-003
2,776510e+003;6,106727e-003
2,776993e+003;6,170141e-003
2,777475e+003;6,235412e-003
2,777957e+003;6,301266e-003
2,778439e+003;6,367062e-003
2,778921e+003;6,432632e-003
2,779403e+003;6,498415e-003
2,779885e+003;6,564779e-003
2,780367e+003;6,631321e-003
2,780850e+003;6,698008e-003
2,781332e+003;6,764201e-003
2,781814e+003;6,829562e-003
2,782296e+003;6,893991e-003
2,782778e+003;6,958059e-003
2,783260e+003;7,022236e-003
2,783742e+003;7,086997e-003
2,784224e+003;7,152710e-003
2,784707e+003;7,219781e-003
2,785189e+003;7,289085e-003
2,785671e+003;7,361704e-003
2,786153e+003;7,439896e-003
2,786635e+003;7,525688e-003
2,787117e+003;7,620465e-003
2,787599e+003;7,723967e-003
2,788081e+003;7,833935e-003
2,788563e+003;7,946700e-003
2,789046e+003;8,057536e-003
2,789528e+003;8,162423e-003
2,790010e+003;8,259063e-003
2,790492e+003;8,347516e-003
2,790974e+003;8,429568e-003
2,791456e+003;8,508393e-003
2,791938e+003;8,586791e-003
2,792420e+003;8,666725e-003
2,792903e+003;8,749109e-003
2,793385e+003;8,833705e-003
2,793867e+003;8,920685e-003
2,794349e+003;9,010762e-003
2,794831e+003;9,104985e-003
2,795313e+003;9,205219e-003
2,795795e+003;9,312958e-003
2,796277e+003;9,429154e-003
2,796760e+003;9,553612e-003
2,797242e+003;9,685255e-003
2,797724e+003;9,822495e-003
2,798206e+003;9,963542e-003
2,798688e+003;1,010660e-002
2,799170e+003;1,024998e-002
2,799652e+003;1,039195e-002
2,800134e+003;1,053118e-002
2,800616e+003;1,066682e-002
2,801099e+003;1,079904e-002
2,801581e+003;1,092939e-002
2,802063e+003;1,106060e-002
2,802545e+003;1,119590e-002
2,803027e+003;1,133804e-002
2,803509e+003;1,148880e-002
2,803991e+003;1,164802e-002
2,804473e+003;1,181397e-002
2,804956e+003;1,198435e-002
2,805438e+003;1,215707e-002
2,805920e+003;1,233143e-002
2,806402e+003;1,250804e-002
2,806884e+003;1,268916e-002
2,807366e+003;1,287719e-002
2,807848e+003;1,307413e-002
2,808330e+003;1,328067e-002
2,808813e+003;1,349564e-002
2,809294e+003;1,371657e-002
2,809777e+003;1,393976e-002
2,810259e+003;1,416160e-002
2,810741e+003;1,437923e-002
2,811223e+003;1,459191e-002
2,811705e+003;1,480095e-002
2,812187e+003;1,501084e-002
2,812669e+003;1,522780e-002
2,813151e+003;1,545868e-002
2,813634e+003;1,570991e-002
2,814116e+003;1,598494e-002
2,814598e+003;1,628363e-002
2,815080e+003;1,660240e-002
2,815562e+003;1,693566e-002
2,816044e+003;1,727745e-002
2,816526e+003;1,762410e-002
2,817008e+003;1,797551e-002
2,817490e+003;1,833457e-002
2,817973e+003;1,870608e-002
2,818455e+003;1,909434e-002
2,818937e+003;1,950167e-002
2,819419e+003;1,992697e-002
2,819901e+003;2,036699e-002
2,820383e+003;2,081760e-002
2,820865e+003;2,127676e-002
2,821347e+003;2,174490e-002
2,821830e+003;2,222638e-002
2,822312e+003;2,272771e-002
2,822794e+003;2,325628e-002
2,823276e+003;2,381833e-002
2,823758e+003;2,441759e-002
2,824240e+003;2,505590e-002
2,824722e+003;2,573313e-002
2,825204e+003;2,644919e-002
2,825687e+003;2,720492e-002
2,826169e+003;2,800239e-002
2,826651e+003;2,884503e-002
2,827133e+003;2,973770e-002
2,827615e+003;3,068540e-002
2,828097e+003;3,169387e-002
2,828579e+003;3,276943e-002
2,829061e+003;3,391845e-002
2,829543e+003;3,514807e-002
2,830026e+003;3,646612e-002
2,830508e+003;3,788039e-002
2,830990e+003;3,939938e-002
2,831472e+003;4,103118e-002
2,831954e+003;4,278412e-002
2,832436e+003;4,466647e-002
2,832918e+003;4,668624e-002
2,833400e+003;4,885127e-002
2,833883e+003;5,116931e-002
2,834365e+003;5,364755e-002
2,834847e+003;5,629287e-002
2,835329e+003;5,911192e-002
2,835811e+003;6,210950e-002
2,836293e+003;6,528828e-002
2,836775e+003;6,864724e-002
2,837257e+003;7,218029e-002
2,837740e+003;7,587608e-002
2,838221e+003;7,971909e-002
2,838704e+003;8,369098e-002
2,839186e+003;8,777273e-002
2,839668e+003;9,194827e-002
2,840150e+003;9,620401e-002
2,840632e+003;1,005300e-001
2,841114e+003;1,049201e-001
2,841596e+003;1,093695e-001
2,842078e+003;1,138748e-001
2,842561e+003;1,184330e-001
2,843043e+003;1,230402e-001
2,843525e+003;1,276918e-001
2,844007e+003;1,323800e-001
2,844489e+003;1,370929e-001
2,844971e+003;1,418142e-001
2,845453e+003;1,465208e-001
2,845935e+003;1,511833e-001
2,846417e+003;1,557685e-001
2,846900e+003;1,602374e-001
2,847382e+003;1,645458e-001
2,847864e+003;1,686473e-001
2,848346e+003;1,724857e-001
2,848828e+003;1,760009e-001
2,849310e+003;1,791290e-001
2,849792e+003;1,818025e-001
2,850274e+003;1,839615e-001
2,850757e+003;1,855566e-001
2,851239e+003;1,865547e-001
2,851721e+003;1,869428e-001
2,852203e+003;1,867285e-001
2,852685e+003;1,859378e-001
2,853167e+003;1,846092e-001
2,853649e+003;1,827932e-001
2,854131e+003;1,805463e-001
2,854614e+003;1,779256e-001
2,855096e+003;1,749936e-001
2,855578e+003;1,718124e-001
2,856060e+003;1,684432e-001
2,856542e+003;1,649500e-001
2,857024e+003;1,613932e-001
2,857506e+003;1,578290e-001
2,857988e+003;1,543108e-001
2,858470e+003;1,508812e-001
2,858953e+003;1,475768e-001
2,859435e+003;1,444268e-001
2,859917e+003;1,414518e-001
2,860399e+003;1,386681e-001
2,860881e+003;1,360875e-001
2,861363e+003;1,337169e-001
2,861845e+003;1,315611e-001
2,862327e+003;1,296216e-001
2,862810e+003;1,278967e-001
2,863292e+003;1,263817e-001
2,863774e+003;1,250690e-001
2,864256e+003;1,239473e-001
2,864738e+003;1,230001e-001
2,865220e+003;1,222082e-001
2,865702e+003;1,215470e-001
2,866184e+003;1,209883e-001
2,866667e+003;1,205033e-001
2,867148e+003;1,200599e-001
2,867631e+003;1,196264e-001
2,868113e+003;1,191730e-001
2,868595e+003;1,186682e-001
2,869077e+003;1,180832e-001
2,869559e+003;1,173909e-001
2,870041e+003;1,165666e-001
2,870523e+003;1,155920e-001
2,871005e+003;1,144554e-001
2,871488e+003;1,131556e-001
2,871970e+003;1,117014e-001
2,872452e+003;1,101137e-001
2,872934e+003;1,084231e-001
2,873416e+003;1,066661e-001
2,873898e+003;1,048855e-001
2,874380e+003;1,031240e-001
2,874862e+003;1,014208e-001
2,875344e+003;9,981333e-002
2,875827e+003;9,833163e-002
2,876309e+003;9,699915e-002
2,876791e+003;9,583408e-002
2,877273e+003;9,484847e-002
2,877755e+003;9,404963e-002
2,878237e+003;9,344229e-002
2,878719e+003;9,302758e-002
2,879201e+003;9,280479e-002
2,879684e+003;9,277008e-002
2,880166e+003;9,291767e-002
2,880648e+003;9,323813e-002
2,881130e+003;9,372067e-002
2,881612e+003;9,435401e-002
2,882094e+003;9,512730e-002
2,882576e+003;9,603231e-002
2,883058e+003;9,706366e-002
2,883541e+003;9,821771e-002
2,884023e+003;9,949181e-002
2,884505e+003;1,008824e-001
2,884987e+003;1,023831e-001
2,885469e+003;1,039859e-001
2,885951e+003;1,056789e-001
2,886433e+003;1,074498e-001
2,886915e+003;1,092864e-001
2,887397e+003;1,111774e-001
2,887880e+003;1,131137e-001
2,888362e+003;1,150883e-001
2,888844e+003;1,170953e-001
2,889326e+003;1,191298e-001
2,889808e+003;1,211863e-001
2,890290e+003;1,232586e-001
2,890772e+003;1,253401e-001
2,891254e+003;1,274231e-001
2,891737e+003;1,295005e-001
2,892219e+003;1,315657e-001
2,892701e+003;1,336135e-001
2,893183e+003;1,356405e-001
2,893665e+003;1,376450e-001
2,894147e+003;1,396271e-001
2,894629e+003;1,415884e-001
2,895111e+003;1,435309e-001
2,895594e+003;1,454568e-001
2,896075e+003;1,473684e-001
2,896558e+003;1,492678e-001
2,897040e+003;1,511569e-001
2,897522e+003;1,530382e-001
2,898004e+003;1,549147e-001
2,898486e+003;1,567914e-001
2,898968e+003;1,586737e-001
2,899450e+003;1,605680e-001
2,899932e+003;1,624801e-001
2,900415e+003;1,644144e-001
2,900897e+003;1,663742e-001
2,901379e+003;1,683606e-001
2,901861e+003;1,703749e-001
2,902343e+003;1,724186e-001
2,902825e+003;1,744948e-001
2,903307e+003;1,766088e-001
2,903789e+003;1,787672e-001
2,904271e+003;1,809771e-001
2,904754e+003;1,832448e-001
2,905236e+003;1,855756e-001
2,905718e+003;1,879732e-001
2,906200e+003;1,904410e-001
2,906682e+003;1,929827e-001
2,907164e+003;1,956027e-001
2,907646e+003;1,983055e-001
2,908128e+003;2,010946e-001
2,908611e+003;2,039711e-001
2,909093e+003;2,069333e-001
2,909575e+003;2,099779e-001
2,910057e+003;2,131014e-001
2,910539e+003;2,163019e-001
2,911021e+003;2,195802e-001
2,911503e+003;2,229387e-001
2,911985e+003;2,263789e-001
2,912468e+003;2,298980e-001
2,912950e+003;2,334852e-001
2,913432e+003;2,371215e-001
2,913914e+003;2,407811e-001
2,914396e+003;2,444323e-001
2,914878e+003;2,480431e-001
2,915360e+003;2,515820e-001
2,915842e+003;2,550151e-001
2,916324e+003;2,583081e-001
2,916807e+003;2,614200e-001
2,917289e+003;2,643032e-001
2,917771e+003;2,669079e-001
2,918253e+003;2,691815e-001
2,918735e+003;2,710754e-001
2,919217e+003;2,725507e-001
2,919699e+003;2,735745e-001
2,920181e+003;2,741219e-001
2,920664e+003;2,741745e-001
2,921146e+003;2,737177e-001
2,921628e+003;2,727434e-001
2,922110e+003;2,712528e-001
2,922592e+003;2,692581e-001
2,923074e+003;2,667834e-001
2,923556e+003;2,638644e-001
2,924038e+003;2,605444e-001
2,924521e+003;2,568688e-001
2,925002e+003;2,528856e-001
2,925485e+003;2,486424e-001
2,925967e+003;2,441846e-001
2,926449e+003;2,395602e-001
2,926931e+003;2,348140e-001
2,927413e+003;2,299880e-001
2,927895e+003;2,251205e-001
2,928377e+003;2,202419e-001
2,928859e+003;2,153759e-001
2,929342e+003;2,105404e-001
2,929824e+003;2,057472e-001
2,930306e+003;2,010040e-001
2,930788e+003;1,963160e-001
2,931270e+003;1,916852e-001
2,931752e+003;1,871133e-001
2,932234e+003;1,826031e-001
2,932716e+003;1,781606e-001
2,933198e+003;1,737974e-001
2,933681e+003;1,695293e-001
2,934163e+003;1,653750e-001
2,934645e+003;1,613542e-001
2,935127e+003;1,574817e-001
2,935609e+003;1,537677e-001
2,936091e+003;1,502170e-001
2,936573e+003;1,468309e-001
2,937055e+003;1,436112e-001
2,937538e+003;1,405623e-001
2,938020e+003;1,376917e-001
2,938502e+003;1,350098e-001
2,938984e+003;1,325266e-001
2,939466e+003;1,302485e-001
2,939948e+003;1,281782e-001
2,940430e+003;1,263135e-001
2,940912e+003;1,246497e-001
2,941395e+003;1,231814e-001
2,941877e+003;1,219056e-001
2,942359e+003;1,208211e-001
2,942841e+003;1,199283e-001
2,943323e+003;1,192274e-001
2,943805e+003;1,187170e-001
2,944287e+003;1,183907e-001
2,944769e+003;1,182394e-001
2,945251e+003;1,182489e-001
2,945734e+003;1,184026e-001
2,946216e+003;1,186826e-001
2,946698e+003;1,190684e-001
2,947180e+003;1,195398e-001
2,947662e+003;1,200758e-001
2,948144e+003;1,206538e-001
2,948626e+003;1,212517e-001
2,949108e+003;1,218460e-001
2,949591e+003;1,224110e-001
2,950073e+003;1,229208e-001
2,950555e+003;1,233456e-001
2,951037e+003;1,236551e-001
2,951519e+003;1,238206e-001
2,952001e+003;1,238157e-001
2,952483e+003;1,236230e-001
2,952965e+003;1,232347e-001
2,953448e+003;1,226538e-001
2,953929e+003;1,218911e-001
2,954412e+003;1,209614e-001
2,954894e+003;1,198796e-001
2,955376e+003;1,186555e-001
2,955858e+003;1,172954e-001
2,956340e+003;1,158020e-001
2,956822e+003;1,141788e-001
2,957304e+003;1,124328e-001
2,957786e+003;1,105757e-001
2,958269e+003;1,086222e-001
2,958751e+003;1,065883e-001
2,959233e+003;1,044873e-001
2,959715e+003;1,023268e-001
2,960197e+003;1,001096e-001
2,960679e+003;9,783411e-002
2,961161e+003;9,549716e-002
2,961643e+003;9,309651e-002
2,962125e+003;9,063312e-002
2,962608e+003;8,811203e-002
2,963090e+003;8,554140e-002
2,963572e+003;8,293252e-002
2,964054e+003;8,029832e-002
2,964536e+003;7,765333e-002
2,965018e+003;7,501128e-002
2,965500e+003;7,238626e-002
2,965982e+003;6,979106e-002
2,966465e+003;6,723700e-002
2,966947e+003;6,473463e-002
2,967429e+003;6,229265e-002
2,967911e+003;5,991859e-002
2,968393e+003;5,761892e-002
2,968875e+003;5,539833e-002
2,969357e+003;5,325940e-002
2,969839e+003;5,120238e-002
2,970322e+003;4,922497e-002
2,970804e+003;4,732232e-002
2,971286e+003;4,548831e-002
2,971768e+003;4,371704e-002
2,972250e+003;4,200410e-002
2,972732e+003;4,034773e-002
2,973214e+003;3,874932e-002
2,973696e+003;3,721296e-002
2,974178e+003;3,574390e-002
2,974661e+003;3,434678e-002
2,975143e+003;3,302370e-002
2,975625e+003;3,177365e-002
2,976107e+003;3,059224e-002
2,976589e+003;2,947305e-002
2,977071e+003;2,840907e-002
2,977553e+003;2,739425e-002
2,978035e+003;2,642475e-002
2,978518e+003;2,549841e-002
2,979000e+003;2,461497e-002
2,979482e+003;2,377381e-002
2,979964e+003;2,297378e-002
2,980446e+003;2,221271e-002
2,980928e+003;2,148817e-002
2,981410e+003;2,079755e-002
2,981892e+003;2,013939e-002
2,982375e+003;1,951335e-002
2,982856e+003;1,891943e-002
2,983339e+003;1,835756e-002
2,983821e+003;1,782614e-002
2,984303e+003;1,732227e-002
2,984785e+003;1,684227e-002
2,985267e+003;1,638278e-002
2,985749e+003;1,594169e-002
2,986231e+003;1,551915e-002
2,986713e+003;1,511670e-002
2,987196e+003;1,473691e-002
2,987678e+003;1,438170e-002
2,988160e+003;1,405142e-002
2,988642e+003;1,374423e-002
2,989124e+003;1,345695e-002
2,989606e+003;1,318502e-002
2,990088e+003;1,292463e-002
2,990570e+003;1,267238e-002
2,991052e+003;1,242597e-002
2,991535e+003;1,218457e-002
2,992017e+003;1,194794e-002
2,992499e+003;1,171691e-002
2,992981e+003;1,149292e-002
2,993463e+003;1,127805e-002
2,993945e+003;1,107491e-002
2,994427e+003;1,088533e-002
2,994909e+003;1,071053e-002
2,995392e+003;1,055032e-002
2,995874e+003;1,040315e-002
2,996356e+003;1,026647e-002
2,996838e+003;1,013767e-002
2,997320e+003;1,001494e-002
2,997802e+003;9,897166e-003
2,998284e+003;9,784030e-003
2,998766e+003;9,675192e-003
2,999249e+003;9,569566e-003
2,999731e+003;9,464879e-003
3,000213e+003;9,358288e-003
3,000695e+003;9,247424e-003
3,001177e+003;9,130972e-003
3,001659e+003;9,009984e-003
3,002141e+003;8,887745e-003
3,002623e+003;8,769056e-003
3,003105e+003;8,658917e-003
3,003588e+003;8,561174e-003
3,004070e+003;8,477002e-003
3,004552e+003;8,404603e-003
3,005034e+003;8,340018e-003
3,005516e+003;8,277874e-003
3,005998e+003;8,212328e-003
3,006480e+003;8,139296e-003
3,006962e+003;8,056422e-003
3,007445e+003;7,963506e-003
3,007927e+003;7,862579e-003
3,008409e+003;7,757325e-003
3,008891e+003;7,651625e-003
3,009373e+003;7,549523e-003
3,009855e+003;7,454053e-003
3,010337e+003;7,367197e-003
3,010819e+003;7,289153e-003
3,011302e+003;7,219545e-003
3,011783e+003;7,156954e-003
3,012266e+003;7,099627e-003
3,012748e+003;7,045843e-003
3,013230e+003;6,994120e-003
3,013712e+003;6,943379e-003
3,014194e+003;6,892981e-003
3,014676e+003;6,842824e-003
3,015158e+003;6,793178e-003
3,015640e+003;6,744884e-003
3,016123e+003;6,698446e-003
3,016605e+003;6,653560e-003
3,017087e+003;6,608881e-003
3,017569e+003;6,561751e-003
3,018051e+003;6,508707e-003
3,018533e+003;6,447160e-003
3,019015e+003;6,375602e-003
3,019497e+003;6,295618e-003
3,019979e+003;6,210876e-003
3,020462e+003;6,126822e-003
3,020944e+003;6,048597e-003
3,021426e+003;5,979288e-003
3,021908e+003;5,919496e-003
3,022390e+003;5,866799e-003
3,022872e+003;5,817869e-003
3,023354e+003;5,769582e-003
3,023836e+003;5,720528e-003
3,024319e+003;5,671984e-003
3,024801e+003;5,626097e-003
3,025283e+003;5,585148e-003
3,025765e+003;5,549338e-003
3,026247e+003;5,516618e-003
3,026729e+003;5,483498e-003
3,027211e+003;5,445918e-003
3,027693e+003;5,401934e-003
3,028176e+003;5,351982e-003
3,028658e+003;5,299051e-003
3,029140e+003;5,247737e-003
3,029622e+003;5,201358e-003
3,030104e+003;5,161422e-003
3,030586e+003;5,126820e-003
3,031068e+003;5,094467e-003
3,031550e+003;5,060642e-003
3,032032e+003;5,022864e-003
3,032515e+003;4,980329e-003
3,032997e+003;4,934214e-003
3,033479e+003;4,886193e-003
3,033961e+003;4,838445e-003
3,034443e+003;4,792244e-003
3,034925e+003;4,748594e-003
3,035407e+003;4,708967e-003
3,035889e+003;4,674602e-003
3,036372e+003;4,647139e-003
3,036854e+003;4,627883e-003
3,037336e+003;4,616228e-003
3,037818e+003;4,609062e-003
3,038300e+003;4,601460e-003
3,038782e+003;4,587932e-003
3,039264e+003;4,564057e-003
3,039746e+003;4,528331e-003
3,040229e+003;4,482866e-003
3,040711e+003;4,433321e-003
3,041193e+003;4,386360e-003
3,041675e+003;4,347436e-003
3,042157e+003;4,319324e-003
3,042639e+003;4,301119e-003
3,043121e+003;4,288470e-003
3,043603e+003;4,275788e-003
3,044085e+003;4,258254e-003
3,044568e+003;4,233160e-003
3,045050e+003;4,200505e-003
3,045532e+003;4,163370e-003
3,046014e+003;4,126473e-003
3,046496e+003;4,095165e-003
3,046978e+003;4,073290e-003
3,047460e+003;4,063357e-003
3,047942e+003;4,065397e-003
3,048425e+003;4,077103e-003
3,048906e+003;4,094562e-003
3,049389e+003;4,112792e-003
3,049871e+003;4,126674e-003
3,050353e+003;4,132160e-003
3,050835e+003;4,126774e-003
3,051317e+003;4,109882e-003
3,051799e+003;4,083023e-003
3,052281e+003;4,048875e-003
3,052763e+003;4,011218e-003
3,053246e+003;3,973632e-003
3,053728e+003;3,939325e-003
3,054210e+003;3,910772e-003
3,054692e+003;3,889408e-003
3,055174e+003;3,875935e-003
3,055656e+003;3,869751e-003
3,056138e+003;3,868948e-003
3,056620e+003;3,871188e-003
3,057103e+003;3,873127e-003
3,057585e+003;3,871489e-003
3,058067e+003;3,864435e-003
3,058549e+003;3,851331e-003
3,059031e+003;3,833346e-003
3,059513e+003;3,813089e-003
3,059995e+003;3,793602e-003
3,060477e+003;3,777158e-003
3,060959e+003;3,764624e-003
3,061442e+003;3,754731e-003
3,061924e+003;3,745273e-003
3,062406e+003;3,732974e-003
3,062888e+003;3,715796e-003
3,063370e+003;3,692939e-003
3,063852e+003;3,665538e-003
3,064334e+003;3,636067e-003
3,064816e+003;3,607500e-003
3,065299e+003;3,582075e-003
3,065781e+003;3,560093e-003
3,066263e+003;3,540250e-003
3,066745e+003;3,520007e-003
3,067227e+003;3,496692e-003
3,067709e+003;3,468268e-003
3,068191e+003;3,434602e-003
3,068673e+003;3,397165e-003
3,069156e+003;3,359064e-003
3,069638e+003;3,323170e-003
3,070120e+003;3,291719e-003
3,070602e+003;3,265278e-003
3,071084e+003;3,242911e-003
3,071566e+003;3,222682e-003
3,072048e+003;3,202521e-003
3,072530e+003;3,182327e-003
3,073012e+003;3,162934e-003
3,073495e+003;3,147081e-003
3,073977e+003;3,137336e-003
3,074459e+003;3,135467e-003
3,074941e+003;3,140673e-003
3,075423e+003;3,149818e-003
3,075905e+003;3,157628e-003
3,076387e+003;3,158329e-003
3,076869e+003;3,147882e-003
3,077352e+003;3,124387e-003
3,077833e+003;3,089013e-003
3,078316e+003;3,044999e-003
3,078798e+003;2,996419e-003
3,079280e+003;2,947011e-003
3,079762e+003;2,899476e-003
3,080244e+003;2,855115e-003
3,080726e+003;2,814726e-003
3,081208e+003;2,778944e-003
3,081690e+003;2,748433e-003
3,082173e+003;2,723692e-003
3,082655e+003;2,704154e-003
3,083137e+003;2,688517e-003
3,083619e+003;2,674248e-003
3,084101e+003;2,658412e-003
3,084583e+003;2,639010e-003
3,085065e+003;2,615342e-003
3,085547e+003;2,588909e-003
3,086030e+003;2,562111e-003
3,086512e+003;2,537714e-003
3,086994e+003;2,516684e-003
3,087476e+003;2,499022e-003
3,087958e+003;2,482359e-003
3,088440e+003;2,464998e-003
3,088922e+003;2,445838e-003
3,089404e+003;2,425746e-003
3,089886e+003;2,407520e-003
3,090369e+003;2,394226e-003
3,090851e+003;2,388596e-003
3,091333e+003;2,390961e-003
3,091815e+003;2,399291e-003
3,092297e+003;2,409519e-003
3,092779e+003;2,417149e-003
3,093261e+003;2,418349e-003
3,093743e+003;2,411152e-003
3,094226e+003;2,395493e-003
3,094708e+003;2,373037e-003
3,095190e+003;2,346219e-003
3,095672e+003;2,317337e-003
3,096154e+003;2,289123e-003
3,096636e+003;2,263976e-003
3,097118e+003;2,243859e-003
3,097600e+003;2,231203e-003
3,098083e+003;2,227273e-003
3,098565e+003;2,232502e-003
3,099047e+003;2,245557e-003
3,099529e+003;2,263809e-003
3,100011e+003;2,283661e-003
3,100493e+003;2,301881e-003
3,100975e+003;2,316504e-003
3,101457e+003;2,327597e-003
3,101939e+003;2,336058e-003
3,102422e+003;2,344320e-003
3,102904e+003;2,353914e-003
3,103386e+003;2,365275e-003
3,103868e+003;2,377068e-003
3,104350e+003;2,386830e-003
3,104832e+003;2,391661e-003
3,105314e+003;2,388962e-003
3,105796e+003;2,377068e-003
3,106279e+003;2,356313e-003
3,106760e+003;2,328330e-003
3,107243e+003;2,295918e-003
3,107725e+003;2,262710e-003
3,108207e+003;2,232235e-003
3,108689e+003;2,207124e-003
3,109171e+003;2,189008e-003
3,109653e+003;2,177352e-003
3,110135e+003;2,170659e-003
3,110617e+003;2,166130e-003
3,111100e+003;2,161335e-003
3,111582e+003;2,154742e-003
3,112064e+003;2,146883e-003
3,112546e+003;2,139325e-003
3,113028e+003;2,134863e-003
3,113510e+003;2,135329e-003
3,113992e+003;2,141389e-003
3,114474e+003;2,151279e-003
3,114957e+003;2,161435e-003
3,115439e+003;2,167828e-003
3,115921e+003;2,166896e-003
3,116403e+003;2,157139e-003
3,116885e+003;2,139491e-003
3,117367e+003;2,117182e-003
3,117849e+003;2,094142e-003
3,118331e+003;2,074566e-003
3,118813e+003;2,061082e-003
3,119296e+003;2,054823e-003
3,119778e+003;2,055589e-003
3,120260e+003;2,061382e-003
3,120742e+003;2,070537e-003
3,121224e+003;2,080525e-003
3,121706e+003;2,089581e-003
3,122188e+003;2,096706e-003
3,122670e+003;2,101367e-003
3,123153e+003;2,104463e-003
3,123635e+003;2,107160e-003
3,124117e+003;2,111023e-003
3,124599e+003;2,116550e-003
3,125081e+003;2,123475e-003
3,125563e+003;2,128936e-003
3,126045e+003;2,129402e-003
3,126527e+003;2,121311e-003
3,127010e+003;2,102099e-003
3,127492e+003;2,072068e-003
3,127974e+003;2,034183e-003
3,128456e+003;1,994570e-003
3,128938e+003;1,959388e-003
3,129420e+003;1,934626e-003
3,129902e+003;1,923077e-003
3,130384e+003;1,925240e-003
3,130866e+003;1,938586e-003
3,131349e+003;1,959455e-003
3,131831e+003;1,984451e-003
3,132313e+003;2,010948e-003
3,132795e+003;2,038278e-003
3,133277e+003;2,066276e-003
3,133759e+003;2,095074e-003
3,134241e+003;2,123908e-003
3,134723e+003;2,151045e-003
3,135206e+003;2,174355e-003
3,135688e+003;2,191838e-003
3,136170e+003;2,202062e-003
3,136652e+003;2,204826e-003
3,137134e+003;2,200763e-003
3,137616e+003;2,190439e-003
3,138098e+003;2,174388e-003
3,138580e+003;2,152777e-003
3,139063e+003;2,125773e-003
3,139544e+003;2,093909e-003
3,140027e+003;2,059018e-003
3,140509e+003;2,024296e-003
3,140991e+003;1,993605e-003
3,141473e+003;1,971071e-003
3,141955e+003;1,959654e-003
3,142437e+003;1,960819e-003
3,142919e+003;1,973634e-003
3,143401e+003;1,995968e-003
3,143884e+003;2,024296e-003
3,144366e+003;2,055523e-003
3,144848e+003;2,087250e-003
3,145330e+003;2,117948e-003
3,145812e+003;2,146783e-003
3,146294e+003;2,173256e-003
3,146776e+003;2,196900e-003
3,147258e+003;2,216449e-003
3,147740e+003;2,230736e-003
3,148223e+003;2,238163e-003
3,148705e+003;2,237264e-003
3,149187e+003;2,227939e-003
3,149669e+003;2,210021e-003
3,150151e+003;2,184878e-003
3,150633e+003;2,154375e-003
3,151115e+003;2,121045e-003
3,151597e+003;2,087883e-003
3,152080e+003;2,057853e-003
3,152562e+003;2,034117e-003
3,153044e+003;2,019303e-003
3,153526e+003;2,014709e-003
3,154008e+003;2,020934e-003
3,154490e+003;2,036347e-003
3,154972e+003;2,057853e-003
3,155454e+003;2,080991e-003
3,155937e+003;2,100934e-003
3,156419e+003;2,113187e-003
3,156901e+003;2,115018e-003
3,157383e+003;2,106061e-003
3,157865e+003;2,088948e-003
3,158347e+003;2,068273e-003
3,158829e+003;2,049497e-003
3,159311e+003;2,038211e-003
3,159793e+003;2,037679e-003
3,160276e+003;2,048298e-003
3,160758e+003;2,066875e-003
3,161240e+003;2,088049e-003
3,161722e+003;2,104596e-003
3,162204e+003;2,109624e-003
3,162686e+003;2,099136e-003
3,163168e+003;2,072301e-003
3,163650e+003;2,032519e-003
3,164133e+003;1,986382e-003
3,164615e+003;1,942813e-003
3,165097e+003;1,910031e-003
3,165579e+003;1,893957e-003
3,166061e+003;1,896952e-003
3,166543e+003;1,916720e-003
3,167025e+003;1,947739e-003
3,167507e+003;1,981988e-003
3,167990e+003;2,012279e-003
3,168471e+003;2,033018e-003
3,168954e+003;2,041607e-003
3,169436e+003;2,039310e-003
3,169918e+003;2,029756e-003
3,170400e+003;2,017040e-003
3,170882e+003;2,004790e-003
3,171364e+003;1,995170e-003
3,171846e+003;1,987847e-003
3,172328e+003;1,981256e-003
3,172811e+003;1,972901e-003
3,173293e+003;1,961319e-003
3,173775e+003;1,946308e-003
3,174257e+003;1,929201e-003
3,174739e+003;1,913026e-003
3,175221e+003;1,901045e-003
3,175703e+003;1,896619e-003
3,176185e+003;1,901411e-003
3,176667e+003;1,915755e-003
3,177150e+003;1,937754e-003
3,177632e+003;1,963781e-003
3,178114e+003;1,989145e-003
3,178596e+003;2,009383e-003
3,179078e+003;2,020368e-003
3,179560e+003;2,020335e-003
3,180042e+003;2,009550e-003
3,180524e+003;1,990243e-003
3,181007e+003;1,966378e-003
3,181489e+003;1,942114e-003
3,181971e+003;1,921812e-003
3,182453e+003;1,908267e-003
3,182935e+003;1,902909e-003
3,183417e+003;1,905771e-003
3,183899e+003;1,916188e-003
3,184381e+003;1,932895e-003
3,184864e+003;1,954595e-003
3,185346e+003;1,979825e-003
3,185828e+003;2,007053e-003
3,186310e+003;2,033950e-003
3,186792e+003;2,057753e-003
3,187274e+003;2,075664e-003
3,187756e+003;2,085852e-003
3,188238e+003;2,087283e-003
3,188720e+003;2,081224e-003
3,189203e+003;2,070071e-003
3,189685e+003;2,056654e-003
3,190167e+003;2,043804e-003
3,190649e+003;2,032519e-003
3,191131e+003;2,022665e-003
3,191613e+003;2,012179e-003
3,192095e+003;1,999097e-003
3,192577e+003;1,981489e-003
3,193060e+003;1,959255e-003
3,193542e+003;1,933694e-003
3,194024e+003;1,907568e-003
3,194506e+003;1,884140e-003
3,194988e+003;1,865637e-003
3,195470e+003;1,853991e-003
3,195952e+003;1,849499e-003
3,196434e+003;1,851462e-003
3,196917e+003;1,858683e-003
3,197398e+003;1,869265e-003
3,197881e+003;1,881311e-003
3,198363e+003;1,892493e-003
3,198845e+003;1,900779e-003
3,199327e+003;1,904373e-003
3,199809e+003;1,902277e-003
3,200291e+003;1,895022e-003
3,200773e+003;1,884239e-003
3,201255e+003;1,873125e-003
3,201738e+003;1,864672e-003
3,202220e+003;1,861145e-003
3,202702e+003;1,862510e-003
3,203184e+003;1,866802e-003
3,203666e+003;1,869864e-003
3,204148e+003;1,867401e-003
3,204630e+003;1,856320e-003
3,205112e+003;1,835989e-003
3,205594e+003;1,808306e-003
3,206077e+003;1,777896e-003
3,206559e+003;1,749917e-003
3,207041e+003;1,728592e-003
3,207523e+003;1,715586e-003
3,208005e+003;1,709864e-003
3,208487e+003;1,708334e-003
3,208969e+003;1,706571e-003
3,209451e+003;1,700683e-003
3,209934e+003;1,688309e-003
3,210416e+003;1,669117e-003
3,210898e+003;1,644138e-003
3,211380e+003;1,615203e-003
3,211862e+003;1,584574e-003
3,212344e+003;1,554213e-003
3,212826e+003;1,526148e-003
3,213308e+003;1,502907e-003
3,213791e+003;1,487081e-003
3,214273e+003;1,480930e-003
3,214755e+003;1,486183e-003
3,215237e+003;1,502541e-003
3,215719e+003;1,527778e-003
3,216201e+003;1,557505e-003
3,216683e+003;1,586503e-003
3,217165e+003;1,609682e-003
3,217647e+003;1,623617e-003
3,218130e+003;1,627109e-003
3,218612e+003;1,621555e-003
3,219094e+003;1,609549e-003
3,219576e+003;1,593985e-003
3,220058e+003;1,576726e-003
3,220540e+003;1,557937e-003
3,221022e+003;1,536124e-003
3,221504e+003;1,509457e-003
3,221987e+003;1,476774e-003
3,222469e+003;1,438907e-003
3,222951e+003;1,398784e-003
3,223433e+003;1,361522e-003
3,223915e+003;1,332805e-003
3,224397e+003;1,317384e-003
3,224879e+003;1,317683e-003
3,225361e+003;1,332772e-003
3,225844e+003;1,358896e-003
3,226325e+003;1,389875e-003
3,226808e+003;1,419128e-003
3,227290e+003;1,441168e-003
3,227772e+003;1,452804e-003
3,228254e+003;1,453768e-003
3,228736e+003;1,446088e-003
3,229218e+003;1,433888e-003
3,229700e+003;1,420989e-003
3,230182e+003;1,410784e-003
3,230665e+003;1,405299e-003
3,231147e+003;1,405565e-003
3,231629e+003;1,411748e-003
3,232111e+003;1,423482e-003
3,232593e+003;1,440270e-003
3,233075e+003;1,460915e-003
3,233557e+003;1,482725e-003
3,234039e+003;1,502342e-003
3,234521e+003;1,514910e-003
3,235004e+003;1,515808e-003
3,235486e+003;1,502009e-003
3,235968e+003;1,473316e-003
3,236450e+003;1,432890e-003
3,236932e+003;1,387150e-003
3,237414e+003;1,343906e-003
3,237896e+003;1,309873e-003
3,238378e+003;1,289468e-003
3,238861e+003;1,283054e-003
3,239343e+003;1,288139e-003
3,239825e+003;1,299371e-003
3,240307e+003;1,311635e-003
3,240789e+003;1,321306e-003
3,241271e+003;1,326856e-003
3,241753e+003;1,328983e-003
3,242235e+003;1,329748e-003
3,242718e+003;1,331775e-003
3,243200e+003;1,337060e-003
3,243682e+003;1,346565e-003
3,244164e+003;1,360691e-003
3,244646e+003;1,378009e-003
3,245128e+003;1,396922e-003
3,245610e+003;1,414706e-003
3,246092e+003;1,428535e-003
3,246574e+003;1,435882e-003
3,247057e+003;1,435882e-003
3,247539e+003;1,429533e-003
3,248021e+003;1,420624e-003
3,248503e+003;1,414341e-003
3,248985e+003;1,415903e-003
3,249467e+003;1,428835e-003
3,249949e+003;1,452837e-003
3,250431e+003;1,483091e-003
3,250914e+003;1,511252e-003
3,251396e+003;1,528742e-003
3,251878e+003;1,527977e-003
3,252360e+003;1,505600e-003
3,252842e+003;1,463010e-003
3,253324e+003;1,406030e-003
3,253806e+003;1,342278e-003
3,254288e+003;1,279133e-003
3,254771e+003;1,222310e-003
3,255252e+003;1,175130e-003
3,255735e+003;1,138818e-003
3,256217e+003;1,113969e-003
3,256699e+003;1,101379e-003
3,257181e+003;1,101512e-003
3,257663e+003;1,114501e-003
3,258145e+003;1,139250e-003
3,258627e+003;1,172671e-003
3,259109e+003;1,210515e-003
3,259592e+003;1,248295e-003
3,260074e+003;1,282822e-003
3,260556e+003;1,312034e-003
3,261038e+003;1,336096e-003
3,261520e+003;1,355473e-003
3,262002e+003;1,370530e-003
3,262484e+003;1,380402e-003
3,262966e+003;1,383227e-003
3,263448e+003;1,377444e-003
3,263931e+003;1,362253e-003
3,264413e+003;1,339021e-003
3,264895e+003;1,311435e-003
3,265377e+003;1,284683e-003
3,265859e+003;1,263581e-003
3,266341e+003;1,251286e-003
3,266823e+003;1,249126e-003
3,267305e+003;1,256237e-003
3,267788e+003;1,269961e-003
3,268270e+003;1,287441e-003
3,268752e+003;1,306085e-003
3,269234e+003;1,324031e-003
3,269716e+003;1,339552e-003
3,270198e+003;1,351651e-003
3,270680e+003;1,359229e-003
3,271162e+003;1,362120e-003
3,271645e+003;1,360625e-003
3,272127e+003;1,356636e-003
3,272609e+003;1,351983e-003
3,273091e+003;1,348859e-003
3,273573e+003;1,348925e-003
3,274055e+003;1,352415e-003
3,274537e+003;1,358431e-003
3,275019e+003;1,365079e-003
3,275501e+003;1,371062e-003
3,275984e+003;1,375150e-003
3,276466e+003;1,377410e-003
3,276948e+003;1,378341e-003
3,277430e+003;1,378973e-003
3,277912e+003;1,379671e-003
3,278394e+003;1,380767e-003
3,278876e+003;1,381565e-003
3,279358e+003;1,381333e-003
3,279841e+003;1,379072e-003
3,280323e+003;1,373355e-003
3,280805e+003;1,362719e-003
3,281287e+003;1,345369e-003
3,281769e+003;1,320176e-003
3,282251e+003;1,286344e-003
3,282733e+003;1,245404e-003
3,283215e+003;1,200347e-003
3,283698e+003;1,156193e-003
3,284179e+003;1,118753e-003
3,284662e+003;1,093673e-003
3,285144e+003;1,084438e-003
3,285626e+003;1,092410e-003
3,286108e+003;1,116095e-003
3,286590e+003;1,152505e-003
3,287072e+003;1,196726e-003
3,287554e+003;1,243875e-003
3,288036e+003;1,288803e-003
3,288519e+003;1,327222e-003
3,289001e+003;1,354642e-003
3,289483e+003;1,368901e-003
3,289965e+003;1,368901e-003
3,290447e+003;1,356537e-003
3,290929e+003;1,336096e-003
3,291411e+003;1,313695e-003
3,291893e+003;1,296015e-003
3,292375e+003;1,288405e-003
3,292858e+003;1,293456e-003
3,293340e+003;1,309574e-003
3,293822e+003;1,332506e-003
3,294304e+003;1,355938e-003
3,294786e+003;1,374186e-003
3,295268e+003;1,382562e-003
3,295750e+003;1,379837e-003
3,296232e+003;1,366907e-003
3,296715e+003;1,346665e-003
3,297197e+003;1,322835e-003
3,297679e+003;1,298607e-003
3,298161e+003;1,276873e-003
3,298643e+003;1,258563e-003
3,299125e+003;1,244374e-003
3,299607e+003;1,234206e-003
3,300089e+003;1,227427e-003
3,300572e+003;1,223639e-003
3,301054e+003;1,222177e-003
3,301536e+003;1,222144e-003
3,302018e+003;1,223241e-003
3,302500e+003;1,224603e-003
3,302982e+003;1,225566e-003
3,303464e+003;1,225101e-003
3,303946e+003;1,222676e-003
3,304428e+003;1,217692e-003
3,304911e+003;1,210548e-003
3,305393e+003;1,202540e-003
3,305875e+003;1,196128e-003
3,306357e+003;1,193603e-003
3,306839e+003;1,196958e-003
3,307321e+003;1,205929e-003
3,307803e+003;1,218389e-003
3,308285e+003;1,230484e-003
3,308768e+003;1,237728e-003
3,309250e+003;1,237163e-003
3,309732e+003;1,228491e-003
3,310214e+003;1,214734e-003
3,310696e+003;1,200580e-003
3,311178e+003;1,191676e-003
3,311660e+003;1,191709e-003
3,312142e+003;1,201178e-003
3,312625e+003;1,217260e-003
3,313106e+003;1,235103e-003
3,313589e+003;1,249192e-003
3,314071e+003;1,254908e-003
3,314553e+003;1,250654e-003
3,315035e+003;1,236598e-003
3,315517e+003;1,215465e-003
3,315999e+003;1,190513e-003
3,316481e+003;1,166060e-003
3,316963e+003;1,146193e-003
3,317446e+003;1,134499e-003
3,317928e+003;1,134599e-003
3,318410e+003;1,148087e-003
3,318892e+003;1,175130e-003
3,319374e+003;1,212076e-003
3,319856e+003;1,253279e-003
3,320338e+003;1,291263e-003
3,320820e+003;1,318182e-003
3,321302e+003;1,329216e-003
3,321785e+003;1,322569e-003
3,322267e+003;1,300967e-003
3,322749e+003;1,269496e-003
3,323231e+003;1,235103e-003
3,323713e+003;1,203338e-003
3,324195e+003;1,178020e-003
3,324677e+003;1,160279e-003
3,325159e+003;1,149183e-003
3,325642e+003;1,143303e-003
3,326124e+003;1,140811e-003
3,326606e+003;1,140645e-003
3,327088e+003;1,142273e-003
3,327570e+003;1,145695e-003
3,328052e+003;1,151176e-003
3,328534e+003;1,159183e-003
3,329016e+003;1,170445e-003
3,329499e+003;1,185629e-003
3,329981e+003;1,205232e-003
3,330463e+003;1,228823e-003
3,330945e+003;1,254941e-003
3,331427e+003;1,280894e-003
3,331909e+003;1,303692e-003
3,332391e+003;1,320575e-003
3,332873e+003;1,330678e-003
3,333355e+003;1,334700e-003
3,333838e+003;1,334700e-003
3,334320e+003;1,332805e-003
3,334802e+003;1,330778e-003
3,335284e+003;1,328518e-003
3,335766e+003;1,324962e-003
3,336248e+003;1,318348e-003
3,336730e+003;1,307647e-003
3,337212e+003;1,292924e-003
3,337695e+003;1,275577e-003
3,338177e+003;1,257499e-003
3,338659e+003;1,240087e-003
3,339141e+003;1,224437e-003
3,339623e+003;1,210481e-003
3,340105e+003;1,198188e-003
3,340587e+003;1,188652e-003
3,341069e+003;1,183668e-003
3,341552e+003;1,185629e-003
3,342033e+003;1,196228e-003
3,342516e+003;1,215465e-003
3,342998e+003;1,240685e-003
3,343480e+003;1,267469e-003
3,343962e+003;1,290465e-003
3,344444e+003;1,305752e-003
3,344926e+003;1,311801e-003
3,345408e+003;1,309308e-003
3,345890e+003;1,300967e-003
3,346373e+003;1,290099e-003
3,346855e+003;1,279166e-003
3,347337e+003;1,269064e-003
3,347819e+003;1,260224e-003
3,348301e+003;1,251950e-003
3,348783e+003;1,244673e-003
3,349265e+003;1,238625e-003
3,349747e+003;1,234638e-003
3,350229e+003;1,232976e-003
3,350712e+003;1,232511e-003
3,351194e+003;1,231780e-003
3,351676e+003;1,229620e-003
3,352158e+003;1,225666e-003
3,352640e+003;1,221081e-003
3,353122e+003;1,218290e-003
3,353604e+003;1,219220e-003
3,354086e+003;1,224204e-003
3,354569e+003;1,230850e-003
3,355051e+003;1,234937e-003
3,355533e+003;1,231415e-003
3,356015e+003;1,217060e-003
3,356497e+003;1,191443e-003
3,356979e+003;1,158352e-003
3,357461e+003;1,124400e-003
3,357943e+003;1,096098e-003
3,358426e+003;1,079290e-003
3,358908e+003;1,076234e-003
3,359390e+003;1,086066e-003
3,359872e+003;1,105266e-003
3,360354e+003;1,129516e-003
3,360836e+003;1,154864e-003
3,361318e+003;1,178452e-003
3,361800e+003;1,198653e-003
3,362282e+003;1,214535e-003
3,362765e+003;1,225633e-003
3,363247e+003;1,231979e-003
3,363729e+003;1,233242e-003
3,364211e+003;1,230418e-003
3,364693e+003;1,224869e-003
3,365175e+003;1,218024e-003
3,365657e+003;1,211744e-003
3,366139e+003;1,206461e-003
3,366622e+003;1,202075e-003
3,367104e+003;1,197424e-003
3,367586e+003;1,191443e-003
3,368068e+003;1,183502e-003
3,368550e+003;1,173834e-003
3,369032e+003;1,163668e-003
3,369514e+003;1,155229e-003
3,369996e+003;1,150346e-003
3,370479e+003;1,150578e-003
3,370961e+003;1,156957e-003
3,371443e+003;1,169017e-003
3,371925e+003;1,184665e-003
3,372407e+003;1,201078e-003
3,372889e+003;1,214103e-003
3,373371e+003;1,218988e-003
3,373853e+003;1,211711e-003
3,374335e+003;1,190347e-003
3,374818e+003;1,155761e-003
3,375300e+003;1,111677e-003
3,375782e+003;1,064575e-003
3,376264e+003;1,021397e-003
3,376746e+003;9,881865e-004
3,377228e+003;9,689254e-004
3,377710e+003;9,650068e-004
3,378192e+003;9,758327e-004
3,378675e+003;9,992121e-004
3,379156e+003;1,032689e-003
3,379639e+003;1,073643e-003
3,380121e+003;1,118454e-003
3,380603e+003;1,162837e-003
3,381085e+003;1,201112e-003
3,381567e+003;1,227394e-003
3,382049e+003;1,237927e-003
3,382531e+003;1,232146e-003
3,383013e+003;1,214236e-003
3,383496e+003;1,191676e-003
3,383978e+003;1,173834e-003
3,384460e+003;1,168319e-003
3,384942e+003;1,177555e-003
3,385424e+003;1,198420e-003
3,385906e+003;1,223606e-003
3,386388e+003;1,243776e-003
3,386870e+003;1,251717e-003
3,387353e+003;1,244606e-003
3,387835e+003;1,224204e-003
3,388317e+003;1,195397e-003
3,388799e+003;1,163767e-003
3,389281e+003;1,133303e-003
3,389763e+003;1,105166e-003
3,390245e+003;1,079190e-003
3,390727e+003;1,054378e-003
3,391209e+003;1,031261e-003
3,391692e+003;1,012663e-003
3,392174e+003;1,002799e-003
3,392656e+003;1,004958e-003
3,393138e+003;1,020334e-003
3,393620e+003;1,046041e-003
3,394102e+003;1,076666e-003
3,394584e+003;1,104767e-003
3,395066e+003;1,124001e-003
3,395549e+003;1,129848e-003
3,396031e+003;1,121211e-003
3,396513e+003;1,099619e-003
3,396995e+003;1,068162e-003
3,397477e+003;1,030929e-003
3,397959e+003;9,914410e-004
3,398441e+003;9,524213e-004
3,398923e+003;9,164598e-004
3,399406e+003;8,852491e-004
3,399888e+003;8,600830e-004
3,400370e+003;8,423547e-004
3,400852e+003;8,326941e-004
3,401334e+003;8,320633e-004
3,401816e+003;8,412924e-004
3,402298e+003;8,610790e-004
3,402780e+003;8,923211e-004
3,403262e+003;9,352205e-004
3,403745e+003;9,879872e-004
3,404227e+003;1,046506e-003
3,404709e+003;1,104934e-003
3,405191e+003;1,156060e-003
3,405673e+003;1,192971e-003
3,406155e+003;1,211877e-003
3,406637e+003;1,211777e-003
3,407119e+003;1,195729e-003
3,407602e+003;1,169482e-003
3,408083e+003;1,139814e-003
3,408566e+003;1,112939e-003
3,409048e+003;1,092410e-003
3,409530e+003;1,079655e-003
3,410012e+003;1,073510e-003
3,410494e+003;1,071251e-003
3,410976e+003;1,068993e-003
3,411458e+003;1,062981e-003
3,411940e+003;1,049960e-003
3,412423e+003;1,027674e-003
3,412905e+003;9,958912e-004
3,413387e+003;9,565721e-004
3,413869e+003;9,140359e-004
3,414351e+003;8,735291e-004
3,414833e+003;8,411928e-004
3,415315e+003;8,217058e-004
3,415797e+003;8,175562e-004
3,416280e+003;8,282457e-004
3,416762e+003;8,514179e-004
3,417244e+003;8,832570e-004
3,417726e+003;9,197802e-004
3,418208e+003;9,582325e-004
3,418690e+003;9,964225e-004
3,419172e+003;1,032557e-003
3,419654e+003;1,065572e-003
3,420136e+003;1,093540e-003
3,420619e+003;1,115398e-003
3,421101e+003;1,129915e-003
3,421583e+003;1,137456e-003
3,422065e+003;1,138917e-003
3,422547e+003;1,135562e-003
3,423029e+003;1,128453e-003
3,423511e+003;1,117955e-003
3,423993e+003;1,103937e-003
3,424476e+003;1,086398e-003
3,424958e+003;1,066402e-003
3,425440e+003;1,046473e-003
3,425922e+003;1,029800e-003
3,426404e+003;1,019405e-003
3,426886e+003;1,016615e-003
3,427368e+003;1,020135e-003
3,427850e+003;1,026578e-003
3,428333e+003;1,031527e-003
3,428815e+003;1,031128e-003
3,429297e+003;1,024420e-003
3,429779e+003;1,013028e-003
3,430261e+003;1,000175e-003
3,430743e+003;9,888174e-004
3,431225e+003;9,806812e-004
3,431707e+003;9,744379e-004
3,432189e+003;9,674310e-004
3,432672e+003;9,571699e-004
3,433154e+003;9,435219e-004
3,433636e+003;9,291772e-004
3,434118e+003;9,194814e-004
3,434600e+003;9,197138e-004
3,435082e+003;9,330621e-004
3,435564e+003;9,587638e-004
3,436046e+003;9,913413e-004
3,436529e+003;1,022593e-003
3,437010e+003;1,044912e-003
3,437493e+003;1,052784e-003
3,437975e+003;1,045277e-003
3,438457e+003;1,025117e-003
3,438939e+003;9,975848e-004
3,439421e+003;9,684936e-004
3,439903e+003;9,417288e-004
3,440385e+003;9,192490e-004
3,440867e+003;9,014519e-004
3,441350e+003;8,881377e-004
3,441832e+003;8,795053e-004
3,442314e+003;8,759196e-004
3,442796e+003;8,783432e-004
3,443278e+003;8,875401e-004
3,443760e+003;9,028463e-004
3,444242e+003;9,227022e-004
3,444724e+003;9,443521e-004
3,445207e+003;9,649736e-004
3,445689e+003;9,815778e-004
3,446171e+003;9,915406e-004
3,446653e+003;9,937988e-004
3,447135e+003;9,885849e-004
3,447617e+003;9,773603e-004
3,448099e+003;9,629480e-004
3,448581e+003;9,492002e-004
3,449063e+003;9,401681e-004
3,449546e+003;9,390391e-004
3,450028e+003;9,481708e-004
3,450510e+003;9,678295e-004
3,450992e+003;9,964888e-004
3,451474e+003;1,031195e-003
3,451956e+003;1,068461e-003
3,452438e+003;1,105266e-003
3,452920e+003;1,139549e-003
3,453403e+003;1,170213e-003
3,453885e+003;1,195962e-003
3,454367e+003;1,214635e-003
3,454849e+003;1,223307e-003
3,455331e+003;1,218323e-003
3,455813e+003;1,195962e-003
3,456295e+003;1,155262e-003
3,456777e+003;1,097459e-003
3,457260e+003;1,027043e-003
3,457742e+003;9,504952e-004
3,458224e+003;8,755543e-004
3,458706e+003;8,084605e-004
3,459188e+003;7,543216e-004
3,459670e+003;7,158210e-004
3,460152e+003;6,934524e-004
3,460634e+003;6,864832e-004
3,461116e+003;6,929878e-004
3,461599e+003;7,102453e-004
3,462081e+003;7,348385e-004
3,462563e+003;7,632502e-004
3,463045e+003;7,921617e-004
3,463527e+003;8,189837e-004
3,464009e+003;8,430851e-004
3,464491e+003;8,652290e-004
3,464973e+003;8,868760e-004
3,465456e+003;9,098190e-004
3,465938e+003;9,343239e-004
3,466420e+003;9,591291e-004
3,466902e+003;9,812457e-004
3,467384e+003;9,975848e-004
3,467866e+003;1,005755e-003
3,468348e+003;1,005655e-003
3,468830e+003;9,998431e-004
3,469313e+003;9,918394e-004
3,469794e+003;9,857954e-004
3,470277e+003;9,846995e-004
3,470759e+003;9,889171e-004
3,471241e+003;9,964557e-004
3,471723e+003;1,004194e-003
3,472205e+003;1,008378e-003
3,472687e+003;1,007116e-003
3,473169e+003;1,000242e-003
3,473651e+003;9,897805e-004
3,474134e+003;9,789543e-004
3,474616e+003;9,710506e-004
3,475098e+003;9,680951e-004
3,475580e+003;9,707850e-004
3,476062e+003;9,778916e-004
3,476544e+003;9,866920e-004
3,477026e+003;9,941974e-004
3,477508e+003;9,970866e-004
3,477990e+003;9,930350e-004
3,478473e+003;9,805483e-004
3,478955e+003;9,603245e-004
3,479437e+003;9,335602e-004
3,479919e+003;9,042741e-004
3,480401e+003;8,767496e-004
3,480883e+003;8,562651e-004
3,481365e+003;8,463385e-004
3,481847e+003;8,483969e-004
3,482330e+003;8,608798e-004
3,482812e+003;8,796381e-004
3,483294e+003;8,987956e-004
3,483776e+003;9,129734e-004
3,484258e+003;9,181864e-004
3,484740e+003;9,136707e-004
3,485222e+003;9,015182e-004
3,485704e+003;8,862784e-004
3,486187e+003;8,739607e-004
3,486669e+003;8,701427e-004
3,487151e+003;8,781441e-004
3,487633e+003;8,987292e-004
3,488115e+003;9,292767e-004
3,488597e+003;9,652061e-004
3,489079e+003;1,001537e-003
3,489561e+003;1,033985e-003
3,490043e+003;1,059792e-003
3,490526e+003;1,077795e-003
3,491008e+003;1,087926e-003
3,491490e+003;1,091314e-003
3,491972e+003;1,088358e-003
3,492454e+003;1,080419e-003
3,492936e+003;1,068561e-003
3,493418e+003;1,054278e-003
3,493900e+003;1,039232e-003
3,494383e+003;1,025017e-003
3,494865e+003;1,012364e-003
3,495347e+003;1,000972e-003
3,495829e+003;9,882196e-004
3,496311e+003;9,713827e-004
3,496793e+003;9,473739e-004
3,497275e+003;9,142351e-004
3,497757e+003;8,726991e-004
3,498240e+003;8,255567e-004
3,498721e+003;7,774236e-004
3,499204e+003;7,340420e-004
3,499686e+003;7,009859e-004
3,500168e+003;6,823017e-004
3,500650e+003;6,806756e-004
3,501132e+003;6,961073e-004
3,501614e+003;7,261760e-004
3,502096e+003;7,661380e-004
3,502578e+003;8,086929e-004
3,503061e+003;8,461726e-004
3,503543e+003;8,714042e-004
3,504025e+003;8,798041e-004
3,504507e+003;8,705079e-004
3,504989e+003;8,467701e-004
3,505471e+003;8,149006e-004
3,505953e+003;7,827677e-004
3,506435e+003;7,582382e-004
3,506917e+003;7,465216e-004
3,507400e+003;7,491437e-004
3,507882e+003;7,630510e-004
3,508364e+003;7,815396e-004
3,508846e+003;7,962447e-004
3,509328e+003;8,003276e-004
3,509810e+003;7,909999e-004
3,510292e+003;7,702871e-004
3,510774e+003;7,438000e-004
3,511257e+003;7,183765e-004
3,511739e+003;7,003222e-004
3,512221e+003;6,930209e-004
3,512703e+003;6,974016e-004
3,513185e+003;7,117056e-004
3,513667e+003;7,334113e-004
3,514149e+003;7,597319e-004
3,514631e+003;7,879792e-004
3,515114e+003;8,166268e-004
3,515596e+003;8,440478e-004
3,516078e+003;8,689806e-004
3,516560e+003;8,896650e-004
3,517042e+003;9,047057e-004
3,517524e+003;9,127078e-004
3,518006e+003;9,132058e-004
3,518488e+003;9,067644e-004
3,518970e+003;8,946453e-004
3,519453e+003;8,785093e-004
3,519935e+003;8,606806e-004
3,520417e+003;8,429523e-004
3,520899e+003;8,268513e-004
3,521381e+003;8,135395e-004
3,521863e+003;8,031492e-004
3,522345e+003;7,947509e-004
3,522827e+003;7,865519e-004
3,523310e+003;7,765273e-004
3,523792e+003;7,632502e-004
3,524274e+003;7,467208e-004
3,524756e+003;7,287979e-004
3,525238e+003;7,130331e-004
3,525720e+003;7,036409e-004
3,526202e+003;7,040724e-004
3,526684e+003;7,157546e-004
3,527167e+003;7,377925e-004
3,527648e+003;7,664699e-004
3,528131e+003;7,962114e-004
3,528613e+003;8,225690e-004
3,529095e+003;8,418235e-004
3,529577e+003;8,524471e-004
3,530059e+003;8,549371e-004
3,530541e+003;8,501896e-004
3,531023e+003;8,394996e-004
3,531505e+003;8,238968e-004
3,531988e+003;8,045434e-004
3,532470e+003;7,823362e-004
3,532952e+003;7,589021e-004
3,533434e+003;7,364316e-004
3,533916e+003;7,164516e-004
3,534398e+003;7,008531e-004
3,534880e+003;6,906315e-004
3,535362e+003;6,856535e-004
3,535844e+003;6,856867e-004
3,536327e+003;6,904656e-004
3,536809e+003;6,996252e-004
3,537291e+003;7,134646e-004
3,537773e+003;7,318182e-004
3,538255e+003;7,540229e-004
3,538737e+003;7,784857e-004
3,539219e+003;8,030497e-004
3,539701e+003;8,256563e-004
3,540184e+003;8,449774e-004
3,540666e+003;8,606806e-004
3,541148e+003;8,736287e-004
3,541630e+003;8,851827e-004
3,542112e+003;8,959402e-004
3,542594e+003;9,053698e-004
3,543076e+003;9,117117e-004
3,543558e+003;9,127742e-004
3,544041e+003;9,066979e-004
3,544523e+003;8,938152e-004
3,545005e+003;8,770152e-004
3,545487e+003;8,609794e-004
3,545969e+003;8,509864e-004
3,546451e+003;8,503224e-004
3,546933e+003;8,601162e-004
3,547415e+003;8,789077e-004
3,547897e+003;9,034440e-004
3,548380e+003;9,300073e-004
3,548862e+003;9,553767e-004
3,549344e+003;9,764636e-004
3,549826e+003;9,899797e-004
3,550308e+003;9,931015e-004
3,550790e+003;9,834043e-004
3,551272e+003;9,602249e-004
3,551754e+003;9,257570e-004
3,552237e+003;8,855147e-004
3,552719e+003;8,463385e-004
3,553201e+003;8,148673e-004
3,553683e+003;7,949832e-004
3,554165e+003;7,866182e-004
3,554647e+003;7,861535e-004
3,555129e+003;7,885767e-004
3,555611e+003;7,889750e-004
3,556094e+003;7,843942e-004
3,556575e+003;7,749673e-004
3,557058e+003;7,634162e-004
3,557540e+003;7,539897e-004
3,558022e+003;7,503718e-004
3,558504e+003;7,542220e-004
3,558986e+003;7,645779e-004
3,559468e+003;7,786185e-004
3,559950e+003;7,932903e-004
3,560432e+003;8,066680e-004
3,560915e+003;8,196144e-004
3,561397e+003;8,347856e-004
3,561879e+003;8,552027e-004
3,562361e+003;8,829914e-004
3,562843e+003;9,174227e-004
3,563325e+003;9,547789e-004
3,563807e+003;9,891496e-004
3,564289e+003;1,013559e-003
3,564771e+003;1,021895e-003
3,565254e+003;1,011932e-003
3,565736e+003;9,865924e-004
3,566218e+003;9,541812e-004
3,566700e+003;9,261887e-004
3,567182e+003;9,110476e-004
3,567664e+003;9,103171e-004
3,568146e+003;9,189501e-004
3,568628e+003;9,284798e-004
3,569111e+003;9,318668e-004
3,569593e+003;9,251593e-004
3,570075e+003;9,080592e-004
3,570557e+003;8,843195e-004
3,571039e+003;8,595186e-004
3,571521e+003;8,399644e-004
3,572003e+003;8,309014e-004
3,572485e+003;8,343540e-004
3,572968e+003;8,486293e-004
3,573450e+003;8,681174e-004
3,573932e+003;8,852824e-004
3,574414e+003;8,929852e-004
3,574896e+003;8,865440e-004
3,575378e+003;8,653618e-004
3,575860e+003;8,327273e-004
3,576342e+003;7,950164e-004
3,576824e+003;7,590016e-004
3,577307e+003;7,301255e-004
3,577789e+003;7,114733e-004
3,578271e+003;7,033090e-004
3,578753e+003;7,034418e-004
3,579235e+003;7,083204e-004
3,579717e+003;7,145930e-004
3,580199e+003;7,197704e-004
3,580681e+003;7,228570e-004
3,581164e+003;7,243174e-004
3,581646e+003;7,259437e-004
3,582128e+003;7,302251e-004
3,582610e+003;7,400494e-004
3,583092e+003;7,586365e-004
3,583574e+003;7,887759e-004
3,584056e+003;8,323953e-004
3,584538e+003;8,896317e-004
3,585021e+003;9,586310e-004
3,585502e+003;1,033619e-003
3,585985e+003;1,105067e-003
3,586467e+003;1,161242e-003
3,586949e+003;1,191808e-003
3,587431e+003;1,192971e-003
3,587913e+003;1,169947e-003
3,588395e+003;1,133170e-003
3,588877e+003;1,093241e-003
3,589359e+003;1,056902e-003
3,589842e+003;1,026910e-003
3,590324e+003;1,002766e-003
3,590806e+003;9,821423e-004
3,591288e+003;9,626823e-004
3,591770e+003;9,430902e-004
3,592252e+003;9,232335e-004
3,592734e+003;9,050046e-004
3,593216e+003;8,914579e-004
3,593698e+003;8,863448e-004
3,594181e+003;8,924208e-004
3,594663e+003;9,106823e-004
3,595145e+003;9,402678e-004
3,595627e+003;9,785889e-004
3,596109e+003;1,022261e-003
3,596591e+003;1,067830e-003
3,597073e+003;1,111743e-003
3,597555e+003;1,150977e-003
3,598038e+003;1,182074e-003
3,598520e+003;1,201809e-003
3,599002e+003;1,207524e-003
3,599484e+003;1,198022e-003
3,599966e+003;1,173635e-003
3,600448e+003;1,137555e-003
3,600930e+003;1,094869e-003
3,601412e+003;1,050724e-003
3,601895e+003;1,010271e-003
3,602377e+003;9,759987e-004
3,602859e+003;9,485693e-004
3,603341e+003;9,266867e-004
3,603823e+003;9,084577e-004
3,604305e+003;8,929188e-004
3,604787e+003;8,800697e-004
3,605269e+003;8,718691e-004
3,605751e+003;8,717694e-004
3,606234e+003;8,836223e-004
3,606716e+003;9,097526e-004
3,607198e+003;9,490674e-004
3,607680e+003;9,964225e-004
3,608162e+003;1,044314e-003
3,608644e+003;1,085302e-003
3,609126e+003;1,115730e-003
3,609608e+003;1,136393e-003
3,610091e+003;1,150811e-003
3,610573e+003;1,163369e-003
3,611055e+003;1,176824e-003
3,611537e+003;1,190812e-003
3,612019e+003;1,201976e-003
3,612501e+003;1,204135e-003
3,612983e+003;1,192340e-003
3,613465e+003;1,165329e-003
3,613948e+003;1,126858e-003
3,614429e+003;1,084438e-003
3,614912e+003;1,045975e-003
3,615394e+003;1,018475e-003
3,615876e+003;1,006120e-003
3,616358e+003;1,010271e-003
3,616840e+003;1,029169e-003
3,617322e+003;1,058696e-003
3,617804e+003;1,092244e-003
3,618286e+003;1,122706e-003
3,618769e+003;1,144598e-003
3,619251e+003;1,155495e-003
3,619733e+003;1,156924e-003
3,620215e+003;1,151907e-003
3,620697e+003;1,144465e-003
3,621179e+003;1,137821e-003
3,621661e+003;1,134067e-003
3,622143e+003;1,134599e-003
3,622625e+003;1,139981e-003
3,623108e+003;1,150645e-003
3,623590e+003;1,167090e-003
3,624072e+003;1,189848e-003
3,624554e+003;1,220117e-003
3,625036e+003;1,259792e-003
3,625518e+003;1,311701e-003
3,626000e+003;1,378640e-003
3,626482e+003;1,461713e-003
3,626965e+003;1,557704e-003
3,627447e+003;1,652819e-003
3,627929e+003;1,722571e-003
3,628411e+003;1,740069e-003
3,628893e+003;1,693831e-003
3,629375e+003;1,598741e-003
3,629857e+003;1,483457e-003
3,630339e+003;1,373754e-003
3,630822e+003;1,282954e-003
3,631304e+003;1,215499e-003
3,631786e+003;1,169482e-003
3,632268e+003;1,139250e-003
3,632750e+003;1,116527e-003
3,633232e+003;1,091547e-003
3,633714e+003;1,056504e-003
3,634196e+003;1,006718e-003
3,634678e+003;9,429242e-004
3,635161e+003;8,705079e-004
3,635643e+003;7,985351e-004
3,636125e+003;7,366308e-004
3,636607e+003;6,946139e-004
3,637089e+003;6,798459e-004
3,637571e+003;6,954768e-004
3,638053e+003;7,391864e-004
3,638535e+003;8,038131e-004
3,639018e+003;8,790073e-004
3,639500e+003;9,528861e-004
3,639982e+003;1,014589e-003
3,640464e+003;1,056437e-003
3,640946e+003;1,073909e-003
3,641428e+003;1,066967e-003
3,641910e+003;1,040162e-003
3,642392e+003;1,001304e-003
3,642875e+003;9,595608e-004
3,643356e+003;9,236984e-004
3,643839e+003;9,015182e-004
3,644321e+003;8,987292e-004
3,644803e+003;9,205107e-004
3,645285e+003;9,705193e-004
3,645767e+003;1,051887e-003
3,646249e+003;1,164963e-003
3,646731e+003;1,305852e-003
3,647213e+003;1,464739e-003
3,647696e+003;1,624182e-003
3,648178e+003;1,761860e-003
3,648660e+003;1,854024e-003
3,649142e+003;1,881178e-003
3,649624e+003;1,837154e-003
3,650106e+003;1,731021e-003
3,650588e+003;1,585937e-003
3,651070e+003;1,428602e-003
3,651552e+003;1,281692e-003
3,652035e+003;1,159382e-003
3,652517e+003;1,067830e-003
3,652999e+003;1,009773e-003
3,653481e+003;9,848987e-004
3,653963e+003;9,910756e-004
3,654445e+003;1,023324e-003
3,654927e+003;1,072779e-003
3,655409e+003;1,126892e-003
3,655892e+003;1,171675e-003
3,656374e+003;1,198885e-003
3,656856e+003;1,207159e-003
3,657338e+003;1,201278e-003
3,657820e+003;1,187323e-003
3,658302e+003;1,169449e-003
3,658784e+003;1,148917e-003
3,659266e+003;1,123935e-003
3,659749e+003;1,092145e-003
3,660231e+003;1,051588e-003
3,660713e+003;1,003031e-003
3,661195e+003;9,496983e-004
3,661677e+003;8,970027e-004
3,662159e+003;8,507540e-004
3,662641e+003;8,161620e-004
3,663123e+003;7,950496e-004
3,663605e+003;7,869833e-004
3,664088e+003;7,886763e-004
3,664570e+003;7,963442e-004
3,665052e+003;8,070331e-004
3,665534e+003;8,188841e-004
3,666016e+003;8,328601e-004
3,666498e+003;8,516171e-004
3,666980e+003;8,785424e-004
3,667462e+003;9,166590e-004
3,667945e+003;9,669329e-004
3,668427e+003;1,026246e-003
3,668909e+003;1,086763e-003
3,669391e+003;1,137223e-003
3,669873e+003;1,169748e-003
3,670355e+003;1,183835e-003
3,670837e+003;1,186692e-003
3,671319e+003;1,187423e-003
3,671802e+003;1,194433e-003
3,672283e+003;1,212874e-003
3,672766e+003;1,244706e-003
3,673248e+003;1,289269e-003
3,673730e+003;1,341447e-003
3,674212e+003;1,390440e-003
3,674694e+003;1,421787e-003
3,675176e+003;1,425976e-003
3,675658e+003;1,406994e-003
3,676140e+003;1,379671e-003
3,676623e+003;1,356669e-003
3,677105e+003;1,344172e-003
3,677587e+003;1,339752e-003
3,678069e+003;1,337292e-003
3,678551e+003;1,328152e-003
3,679033e+003;1,304224e-003
3,679515e+003;1,260856e-003
3,679997e+003;1,197490e-003
3,680479e+003;1,118487e-003
3,680962e+003;1,030365e-003
3,681444e+003;9,413303e-004
3,681926e+003;8,583567e-004
3,682408e+003;7,877136e-004
3,682890e+003;7,341415e-004
3,683372e+003;7,003553e-004
3,683854e+003;6,869478e-004
3,684336e+003;6,927554e-004
3,684819e+003;7,155886e-004
3,685301e+003;7,528611e-004
3,685783e+003;8,026181e-004
3,686265e+003;8,637018e-004
3,686747e+003;9,345896e-004
3,687229e+003;1,012762e-003
3,687711e+003;1,093008e-003
3,688193e+003;1,167389e-003
3,688676e+003;1,226198e-003
3,689158e+003;1,260590e-003
3,689640e+003;1,264910e-003
3,690122e+003;1,238226e-003
3,690604e+003;1,184366e-003
3,691086e+003;1,111478e-003
3,691568e+003;1,030830e-003
3,692050e+003;9,552106e-004
3,692532e+003;8,956082e-004
3,693015e+003;8,600498e-004
3,693497e+003;8,520819e-004
3,693979e+003;8,705743e-004
3,694461e+003;9,093210e-004
3,694943e+003;9,576679e-004
3,695425e+003;1,003795e-003
3,695907e+003;1,036210e-003
3,696389e+003;1,047768e-003
3,696872e+003;1,037837e-003
3,697354e+003;1,011234e-003
3,697836e+003;9,761979e-004
3,698318e+003;9,407990e-004
3,698800e+003;9,115124e-004
3,699282e+003;8,909599e-004
3,699764e+003;8,783432e-004
3,700246e+003;8,695782e-004
3,700729e+003;8,598506e-004
3,701211e+003;8,450438e-004
3,701693e+003;8,242288e-004
3,702175e+003;7,999293e-004
3,702657e+003;7,767265e-004
3,703139e+003;7,593004e-004
3,703621e+003;7,511020e-004
3,704103e+003;7,538237e-004
3,704585e+003;7,680299e-004
3,705068e+003;7,932903e-004
3,705550e+003;8,290756e-004
3,706032e+003;8,746247e-004
3,706514e+003;9,290443e-004
3,706996e+003;9,917399e-004
3,707478e+003;1,061519e-003
3,707960e+003;1,137024e-003
3,708442e+003;1,215067e-003
3,708925e+003;1,290033e-003
3,709406e+003;1,353113e-003
3,709889e+003;1,392634e-003
3,710371e+003;1,397487e-003
3,710853e+003;1,361755e-003
3,711335e+003;1,288238e-003
3,711817e+003;1,190247e-003
3,712299e+003;1,086465e-003
3,712781e+003;9,937325e-004
3,713263e+003;9,236651e-004
3,713746e+003;8,809661e-004
3,714228e+003;8,646646e-004
3,714710e+003;8,715703e-004
3,715192e+003;8,970359e-004
3,715674e+003;9,366815e-004
3,716156e+003;9,866256e-004
3,716638e+003;1,043849e-003
3,717120e+003;1,105233e-003
3,717603e+003;1,167754e-003
3,718085e+003;1,227859e-003
3,718567e+003;1,281393e-003
3,719049e+003;1,324231e-003
3,719531e+003;1,352614e-003
3,720013e+003;1,363649e-003
3,720495e+003;1,356969e-003
3,720977e+003;1,335165e-003
3,721459e+003;1,303825e-003
3,721942e+003;1,271490e-003
3,722424e+003;1,245636e-003
3,722906e+003;1,231381e-003
3,723388e+003;1,229188e-003
3,723870e+003;1,234937e-003
3,724352e+003;1,241350e-003
3,724834e+003;1,240586e-003
3,725316e+003;1,226530e-003
3,725799e+003;1,197556e-003
3,726281e+003;1,157156e-003
3,726763e+003;1,112973e-003
3,727245e+003;1,073510e-003
3,727727e+003;1,045078e-003
3,728209e+003;1,031261e-003
3,728691e+003;1,032922e-003
3,729173e+003;1,049994e-003
3,729656e+003;1,082346e-003
3,730138e+003;1,130546e-003
3,730620e+003;1,195663e-003
3,731102e+003;1,278402e-003
3,731584e+003;1,377842e-003
3,732066e+003;1,489674e-003
3,732548e+003;1,605858e-003
3,733030e+003;1,715652e-003
3,733512e+003;1,804512e-003
3,733995e+003;1,856686e-003
3,734477e+003;1,858516e-003
3,734959e+003;1,805477e-003
3,735441e+003;1,708034e-003
3,735923e+003;1,588664e-003
3,736405e+003;1,472319e-003
3,736887e+003;1,374518e-003
3,737369e+003;1,299471e-003
3,737852e+003;1,244773e-003
3,738333e+003;1,206029e-003
3,738816e+003;1,180711e-003
3,739298e+003;1,169781e-003
3,739780e+003;1,176858e-003
3,740262e+003;1,207657e-003
3,740744e+003;1,267402e-003
3,741226e+003;1,359063e-003
3,741708e+003;1,481362e-003
3,742190e+003;1,625247e-003
3,742673e+003;1,770576e-003
3,743155e+003;1,880646e-003
3,743637e+003;1,912893e-003
3,744119e+003;1,845306e-003
3,744601e+003;1,699951e-003
3,745083e+003;1,527877e-003
3,745565e+003;1,376247e-003
3,746047e+003;1,270526e-003
3,746530e+003;1,216728e-003
3,747012e+003;1,213306e-003
3,747494e+003;1,256536e-003
3,747976e+003;1,341214e-003
3,748458e+003;1,459353e-003
3,748940e+003;1,597377e-003
3,749422e+003;1,735445e-003
3,749904e+003;1,849532e-003
3,750386e+003;1,917785e-003
3,750869e+003;1,927170e-003
3,751351e+003;1,876819e-003
3,751833e+003;1,777397e-003
3,752315e+003;1,647397e-003
3,752797e+003;1,506232e-003
3,753279e+003;1,369233e-003
3,753761e+003;1,247564e-003
3,754243e+003;1,147854e-003
3,754726e+003;1,073278e-003
3,755208e+003;1,025947e-003
3,755690e+003;1,005921e-003
3,756172e+003;1,010404e-003
3,756654e+003;1,032988e-003
3,757136e+003;1,063977e-003
3,757618e+003;1,092377e-003
3,758100e+003;1,107425e-003
3,758583e+003;1,103605e-003
3,759065e+003;1,081548e-003
3,759547e+003;1,048134e-003
3,760029e+003;1,013493e-003
3,760511e+003;9,870240e-004
3,760993e+003;9,742719e-004
3,761475e+003;9,760319e-004
3,761957e+003;9,893819e-004
3,762439e+003;1,009375e-003
3,762922e+003;1,031295e-003
3,763404e+003;1,049828e-003
3,763886e+003;1,061519e-003
3,764368e+003;1,064741e-003
3,764850e+003;1,061752e-003
3,765332e+003;1,057334e-003
3,765814e+003;1,058098e-003
3,766296e+003;1,069956e-003
3,766779e+003;1,096430e-003
3,767260e+003;1,137456e-003
3,767743e+003;1,188685e-003
3,768225e+003;1,241117e-003
3,768707e+003;1,280562e-003
3,769189e+003;1,291960e-003
3,769671e+003;1,265641e-003
3,770153e+003;1,202341e-003
3,770635e+003;1,113006e-003
3,771117e+003;1,015021e-003
3,771600e+003;9,257902e-004
3,772082e+003;8,573607e-004
3,772564e+003;8,165272e-004
3,773046e+003;8,039791e-004
3,773528e+003;8,156308e-004
3,774010e+003;8,431515e-004
3,774492e+003;8,773804e-004
3,774974e+003;9,104167e-004
3,775457e+003;9,373788e-004
3,775939e+003;9,571366e-004
3,776421e+003;9,720469e-004
3,776903e+003;9,855629e-004
3,777385e+003;1,000673e-003
3,777867e+003;1,018109e-003
3,778349e+003;1,036110e-003
3,778831e+003;1,050891e-003
3,779313e+003;1,058829e-003
3,779796e+003;1,058165e-003
3,780278e+003;1,050426e-003
3,780760e+003;1,038269e-003
3,781242e+003;1,025084e-003
3,781724e+003;1,013360e-003
3,782206e+003;1,004360e-003
3,782688e+003;9,989465e-004
3,783170e+003;9,963560e-004
3,783653e+003;9,958912e-004
3,784135e+003;9,955590e-004
3,784617e+003;9,935000e-004
3,785099e+003;9,878543e-004
3,785581e+003;9,775928e-004
3,786063e+003;9,634129e-004
3,786545e+003;9,479716e-004
3,787027e+003;9,345232e-004
3,787510e+003;9,272512e-004
3,787992e+003;9,294760e-004
3,788474e+003;9,420608e-004
3,788956e+003;9,634460e-004
3,789438e+003;9,891496e-004
3,789920e+003;1,013825e-003
3,790402e+003;1,031760e-003
3,790884e+003;1,040229e-003
3,791366e+003;1,039033e-003
3,791849e+003;1,031162e-003
3,792331e+003;1,020999e-003
3,792813e+003;1,013360e-003
3,793295e+003;1,011400e-003
3,793777e+003;1,016083e-003
3,794259e+003;1,026113e-003
3,794741e+003;1,038170e-003
3,795223e+003;1,048101e-003
3,795706e+003;1,052518e-003
3,796188e+003;1,050359e-003
3,796670e+003;1,043550e-003
3,797152e+003;1,036908e-003
3,797634e+003;1,035380e-003
3,798116e+003;1,043949e-003
3,798598e+003;1,066269e-003
3,799080e+003;1,103505e-003
3,799563e+003;1,152771e-003
3,800044e+003;1,204069e-003
3,800527e+003;1,240818e-003
3,801009e+003;1,243842e-003
3,801491e+003;1,204634e-003
3,801973e+003;1,131044e-003
3,802455e+003;1,041989e-003
3,802937e+003;9,561072e-004
3,803419e+003;8,857471e-004
3,803901e+003;8,376406e-004
3,804384e+003;8,137387e-004
3,804866e+003;8,130748e-004
3,805348e+003;8,317978e-004
3,805830e+003;8,632702e-004
3,806312e+003;8,981316e-004
3,806794e+003;9,284134e-004
3,807276e+003;9,506281e-004
3,807758e+003;9,656046e-004
3,808240e+003;9,774267e-004
3,808723e+003;9,896477e-004
3,809205e+003;1,004227e-003
3,809687e+003;1,021696e-003
3,810169e+003;1,042388e-003
3,810651e+003;1,066402e-003
3,811133e+003;1,094370e-003
3,811615e+003;1,127456e-003
3,812097e+003;1,166392e-003
3,812580e+003;1,211345e-003
3,813062e+003;1,259925e-003
3,813544e+003;1,307613e-003
3,814026e+003;1,346931e-003
3,814508e+003;1,367937e-003
3,814990e+003;1,361988e-003
3,815472e+003;1,327322e-003
3,815954e+003;1,271789e-003
3,816437e+003;1,209186e-003
3,816919e+003;1,153236e-003
3,817401e+003;1,112873e-003
3,817883e+003;1,091912e-003
3,818365e+003;1,092510e-003
3,818847e+003;1,115730e-003
3,819329e+003;1,160844e-003
3,819811e+003;1,222078e-003
3,820293e+003;1,285447e-003
3,820776e+003;1,332673e-003
3,821258e+003;1,349623e-003
3,821740e+003;1,335398e-003
3,822222e+003;1,300269e-003
3,822704e+003;1,257898e-003
3,823186e+003;1,218655e-003
3,823668e+003;1,189184e-003
3,824150e+003;1,171442e-003
3,824633e+003;1,163734e-003
3,825115e+003;1,160279e-003
3,825597e+003;1,154133e-003
3,826079e+003;1,138187e-003
3,826561e+003;1,108787e-003
3,827043e+003;1,067332e-003
3,827525e+003;1,018508e-003
3,828007e+003;9,690914e-004
3,828490e+003;9,246613e-004
3,828971e+003;8,892334e-004
3,829454e+003;8,657270e-004
3,829936e+003;8,557671e-004
3,830418e+003;8,602158e-004
3,830900e+003;8,785093e-004
3,831382e+003;9,092214e-004
3,831864e+003;9,490010e-004
3,832346e+003;9,940313e-004
3,832828e+003;1,040329e-003
3,833311e+003;1,084770e-003
3,833793e+003;1,126194e-003
3,834275e+003;1,164598e-003
3,834757e+003;1,201510e-003
3,835239e+003;1,239489e-003
3,835721e+003;1,280296e-003
3,836203e+003;1,324596e-003
3,836685e+003;1,369832e-003
3,837167e+003;1,412213e-003
3,837650e+003;1,446022e-003
3,838132e+003;1,467764e-003
3,838614e+003;1,476508e-003
3,839096e+003;1,474879e-003
3,839578e+003;1,466534e-003
3,840060e+003;1,454599e-003
3,840542e+003;1,439639e-003
3,841024e+003;1,420092e-003
3,841507e+003;1,392102e-003
3,841989e+003;1,352016e-003
3,842471e+003;1,297610e-003
3,842953e+003;1,229288e-003
3,843435e+003;1,151209e-003
3,843917e+003;1,070355e-003
3,844399e+003;9,946623e-004
3,844881e+003;9,305718e-004
3,845364e+003;8,824934e-004
3,845846e+003;8,520819e-004
3,846328e+003;8,385369e-004
3,846810e+003;8,396989e-004
3,847292e+003;8,525135e-004
3,847774e+003;8,738943e-004
3,848256e+003;9,016843e-004
3,848738e+003;9,354529e-004
3,849220e+003;9,773271e-004
3,849703e+003;1,032225e-003
3,850185e+003;1,106395e-003
3,850667e+003;1,206494e-003
3,851149e+003;1,334766e-003
3,851631e+003;1,483091e-003
3,852113e+003;1,624415e-003
3,852595e+003;1,715652e-003
3,853077e+003;1,722039e-003
3,853560e+003;1,645568e-003
3,854042e+003;1,522358e-003
3,854524e+003;1,393266e-003
3,855006e+003;1,283287e-003
3,855488e+003;1,199616e-003
3,855970e+003;1,140246e-003
3,856452e+003;1,099087e-003
3,856934e+003;1,070487e-003
3,857417e+003;1,050492e-003
3,857898e+003;1,037937e-003
3,858381e+003;1,033154e-003
3,858863e+003;1,037605e-003
3,859345e+003;1,051987e-003
3,859827e+003;1,075470e-003
3,860309e+003;1,104601e-003
3,860791e+003;1,134233e-003
3,861273e+003;1,157920e-003
3,861755e+003;1,170445e-003
3,862238e+003;1,168618e-003
3,862720e+003;1,152405e-003
3,863202e+003;1,124400e-003
3,863684e+003;1,089288e-003
3,864166e+003;1,052518e-003
3,864648e+003;1,019405e-003
3,865130e+003;9,935000e-004
3,865612e+003;9,762644e-004
3,866094e+003;9,680287e-004
3,866577e+003;9,675306e-004
3,867059e+003;9,735081e-004
3,867541e+003;9,849651e-004
3,868023e+003;1,001006e-003
3,868505e+003;1,020733e-003
3,868987e+003;1,044214e-003
3,869469e+003;1,071849e-003
3,869951e+003;1,104867e-003
3,870434e+003;1,143967e-003
3,870916e+003;1,189283e-003
3,871398e+003;1,239257e-003
3,871880e+003;1,290199e-003
3,872362e+003;1,336362e-003
3,872844e+003;1,369765e-003
3,873326e+003;1,382862e-003
3,873808e+003;1,371128e-003
3,874291e+003;1,336262e-003
3,874773e+003;1,286377e-003
3,875255e+003;1,231315e-003
3,875737e+003;1,179283e-003
3,876219e+003;1,135329e-003
3,876701e+003;1,102044e-003
3,877183e+003;1,079987e-003
3,877665e+003;1,069092e-003
3,878147e+003;1,068295e-003
3,878630e+003;1,075769e-003
3,879112e+003;1,087992e-003
3,879594e+003;1,100615e-003
3,880076e+003;1,110249e-003
3,880558e+003;1,115863e-003
3,881040e+003;1,119882e-003
3,881522e+003;1,126792e-003
3,882004e+003;1,141475e-003
3,882487e+003;1,166890e-003
3,882969e+003;1,203570e-003
3,883451e+003;1,249325e-003
3,883933e+003;1,298009e-003
3,884415e+003;1,340151e-003
3,884897e+003;1,366109e-003
3,885379e+003;1,371394e-003
3,885861e+003;1,359262e-003
3,886344e+003;1,338854e-003
3,886825e+003;1,319777e-003
3,887308e+003;1,308345e-003
3,887790e+003;1,306317e-003
3,888272e+003;1,311901e-003
3,888754e+003;1,321073e-003
3,889236e+003;1,329349e-003
3,889718e+003;1,331742e-003
3,890200e+003;1,325560e-003
3,890682e+003;1,310804e-003
3,891165e+003;1,290731e-003
3,891647e+003;1,269795e-003
3,892129e+003;1,251485e-003
3,892611e+003;1,237363e-003
3,893093e+003;1,226896e-003
3,893575e+003;1,219353e-003
3,894057e+003;1,214867e-003
3,894539e+003;1,213804e-003
3,895021e+003;1,217891e-003
3,895504e+003;1,229055e-003
3,895986e+003;1,248428e-003
3,896468e+003;1,276042e-003
3,896950e+003;1,310272e-003
3,897432e+003;1,347596e-003
3,897914e+003;1,383260e-003
3,898396e+003;1,413244e-003
3,898878e+003;1,435251e-003
3,899361e+003;1,450277e-003
3,899843e+003;1,461747e-003
3,900325e+003;1,474181e-003
3,900807e+003;1,490405e-003
3,901289e+003;1,510055e-003
3,901771e+003;1,528476e-003
3,902253e+003;1,537786e-003
3,902735e+003;1,529773e-003
3,903218e+003;1,497687e-003
3,903700e+003;1,441401e-003
3,904182e+003;1,366807e-003
3,904664e+003;1,284649e-003
3,905146e+003;1,206328e-003
3,905628e+003;1,139349e-003
3,906110e+003;1,087660e-003
3,906592e+003;1,050691e-003
3,907074e+003;1,025947e-003
3,907557e+003;1,009507e-003
3,908039e+003;9,979501e-004
3,908521e+003;9,883525e-004
3,909003e+003;9,793196e-004
3,909485e+003;9,704197e-004
3,909967e+003;9,624166e-004
3,910449e+003;9,566385e-004
3,910931e+003;9,543473e-004
3,911414e+003;9,562401e-004
3,911896e+003;9,628483e-004
3,912378e+003;9,732756e-004
3,912860e+003;9,863931e-004
3,913342e+003;1,001769e-003
3,913824e+003;1,018541e-003
3,914306e+003;1,036941e-003
3,914788e+003;1,057467e-003
3,915271e+003;1,080751e-003
3,915752e+003;1,107093e-003
3,916235e+003;1,136060e-003
3,916717e+003;1,166126e-003
3,917199e+003;1,195098e-003
3,917681e+003;1,220981e-003
3,918163e+003;1,242314e-003
3,918645e+003;1,258363e-003
3,919127e+003;1,269895e-003
3,919609e+003;1,278103e-003
3,920092e+003;1,284782e-003
3,920574e+003;1,291595e-003
3,921056e+003;1,299205e-003
3,921538e+003;1,307547e-003
3,922020e+003;1,314792e-003
3,922502e+003;1,318614e-003
3,922984e+003;1,316221e-003
3,923466e+003;1,305353e-003
3,923948e+003;1,285248e-003
3,924431e+003;1,257765e-003
3,924913e+003;1,226464e-003
3,925395e+003;1,195297e-003
3,925877e+003;1,167322e-003
3,926359e+003;1,144532e-003
3,926841e+003;1,126892e-003
3,927323e+003;1,113903e-003
3,927805e+003;1,104668e-003
3,928288e+003;1,098556e-003
3,928770e+003;1,096064e-003
3,929252e+003;1,098057e-003
3,929734e+003;1,105432e-003
3,930216e+003;1,119052e-003
3,930698e+003;1,137954e-003
3,931180e+003;1,160113e-003
3,931662e+003;1,181442e-003
3,932145e+003;1,198321e-003
3,932627e+003;1,207690e-003
3,933109e+003;1,209119e-003
3,933591e+003;1,204002e-003
3,934073e+003;1,195131e-003
3,934555e+003;1,185263e-003
3,935037e+003;1,176625e-003
3,935519e+003;1,170080e-003
3,936001e+003;1,165262e-003
3,936484e+003;1,161708e-003
3,936966e+003;1,158651e-003
3,937448e+003;1,156326e-003
3,937930e+003;1,155528e-003
3,938412e+003;1,157289e-003
3,938894e+003;1,161674e-003
3,939376e+003;1,167954e-003
3,939858e+003;1,173435e-003
3,940341e+003;1,175097e-003
3,940823e+003;1,169714e-003
3,941305e+003;1,155894e-003
3,941787e+003;1,134964e-003
3,942269e+003;1,111013e-003
3,942751e+003;1,089055e-003
3,943233e+003;1,072812e-003
3,943715e+003;1,063446e-003
3,944198e+003;1,059061e-003
3,944679e+003;1,056172e-003
3,945162e+003;1,051455e-003
3,945644e+003;1,043484e-003
3,946126e+003;1,033420e-003
3,946608e+003;1,025416e-003
3,947090e+003;1,024386e-003
3,947572e+003;1,034649e-003
3,948054e+003;1,056736e-003
3,948536e+003;1,087295e-003
3,949019e+003;1,119052e-003
3,949501e+003;1,143568e-003
3,949983e+003;1,155030e-003
3,950465e+003;1,151076e-003
3,950947e+003;1,133668e-003
3,951429e+003;1,108853e-003
3,951911e+003;1,084405e-003
3,952393e+003;1,066933e-003
3,952875e+003;1,061320e-003
3,953358e+003;1,068627e-003
3,953840e+003;1,086564e-003
3,954322e+003;1,109817e-003
3,954804e+003;1,132041e-003
3,955286e+003;1,147356e-003
3,955768e+003;1,151575e-003
3,956250e+003;1,143269e-003
3,956732e+003;1,123802e-003
3,957215e+003;1,096895e-003
3,957697e+003;1,067531e-003
3,958179e+003;1,040196e-003
3,958661e+003;1,018873e-003
3,959143e+003;1,005589e-003
3,959625e+003;1,000839e-003
3,960107e+003;1,003696e-003
3,960589e+003;1,012131e-003
3,961072e+003;1,023921e-003
3,961554e+003;1,036509e-003
3,962036e+003;1,048034e-003
3,962518e+003;1,056770e-003
3,963000e+003;1,062117e-003
3,963482e+003;1,063745e-003
3,963964e+003;1,062449e-003
3,964446e+003;1,059261e-003
3,964928e+003;1,055375e-003
3,965411e+003;1,051455e-003
3,965893e+003;1,047636e-003
3,966375e+003;1,042786e-003
3,966857e+003;1,034882e-003
3,967339e+003;1,022427e-003
3,967821e+003;1,004194e-003
3,968303e+003;9,807143e-004
3,968785e+003;9,541812e-004
3,969268e+003;9,280813e-004
3,969750e+003;9,062995e-004
3,970232e+003;8,918563e-004
3,970714e+003;8,864776e-004
3,971196e+003;8,902626e-004
3,971678e+003;9,020163e-004
3,972160e+003;9,200127e-004
3,972642e+003;9,424262e-004
3,973125e+003;9,674642e-004
3,973606e+003;9,933340e-004
3,974089e+003;1,017877e-003
3,974571e+003;1,038635e-003
3,975053e+003;1,053282e-003
3,975535e+003;1,060822e-003
3,976017e+003;1,061586e-003
3,976499e+003;1,058264e-003
3,976981e+003;1,054278e-003
3,977463e+003;1,054046e-003
3,977946e+003;1,059991e-003
3,978428e+003;1,072348e-003
3,978910e+003;1,089421e-003
3,979392e+003;1,107425e-003
3,979874e+003;1,122739e-003
3,980356e+003;1,132805e-003
3,980838e+003;1,137157e-003
3,981320e+003;1,137223e-003
3,981802e+003;1,135296e-003
3,982285e+003;1,133303e-003
3,982767e+003;1,132207e-003
3,983249e+003;1,131410e-003
3,983731e+003;1,130214e-003
3,984213e+003;1,127755e-003
3,984695e+003;1,124998e-003
3,985177e+003;1,123204e-003
3,985659e+003;1,124300e-003
3,986142e+003;1,129483e-003
3,986624e+003;1,138319e-003
3,987106e+003;1,149083e-003
3,987588e+003;1,159415e-003
3,988070e+003;1,166857e-003
3,988552e+003;1,170678e-003
3,989034e+003;1,171675e-003
3,989516e+003;1,171974e-003
3,989999e+003;1,173801e-003
3,990481e+003;1,178485e-003
3,990963e+003;1,185629e-003
3,991445e+003;1,193736e-003
3,991927e+003;1,200813e-003
3,992409e+003;1,204833e-003
3,992891e+003;1,204966e-003
3,993373e+003;1,201377e-003
3,993855e+003;1,194899e-003
3,994338e+003;1,186459e-003
3,994820e+003;1,177323e-003
3,995302e+003;1,167821e-003
3,995784e+003;1,159083e-003
3,996266e+003;1,152073e-003
3,996748e+003;1,148319e-003
3,997230e+003;1,148784e-003
3,997712e+003;1,154432e-003
3,998195e+003;1,164365e-003
3,998677e+003;1,177389e-003
3,999159e+003;1,191310e-003
3,999641e+003;1,204235e-003
4,000123e+003;1,214701e-003
