3,996748e+002;0,000000e+000
4,001569e+002;1,256302e-002
4,006390e+002;1,066838e-002
4,011211e+002;8,192169e-003
4,016032e+002;5,507390e-003
4,020854e+002;2,972899e-003
4,025675e+002;8,707403e-004
4,030496e+002;-6,371638e-004
4,035317e+002;-1,451427e-003
4,040138e+002;-1,520672e-003
4,044959e+002;-8,018321e-004
4,049781e+002;7,501727e-004
4,054602e+002;3,129092e-003
4,059423e+002;6,223581e-003
4,064244e+002;9,768136e-003
4,069065e+002;1,338385e-002
4,073886e+002;1,660463e-002
4,078708e+002;1,894850e-002
4,083529e+002;2,004128e-002
4,088350e+002;1,966046e-002
4,093171e+002;1,784931e-002
4,097992e+002;1,492057e-002
4,102813e+002;1,141137e-002
4,107635e+002;7,901179e-003
4,112456e+002;4,852149e-003
4,117277e+002;2,558278e-003
4,122098e+002;1,099585e-003
4,126919e+002;3,926170e-004
4,131740e+002;2,456921e-004
4,136562e+002;4,435599e-004
4,141383e+002;7,927924e-004
4,146204e+002;1,171077e-003
4,151025e+002;1,544536e-003
4,155846e+002;1,939285e-003
4,160667e+002;2,416683e-003
4,165489e+002;3,034322e-003
4,170310e+002;3,798616e-003
4,175131e+002;4,605813e-003
4,179952e+002;5,208702e-003
4,184773e+002;5,255618e-003
4,189594e+002;4,536232e-003
4,194416e+002;3,196212e-003
4,199237e+002;1,687245e-003
4,204058e+002;4,534109e-004
4,208879e+002;-2,301543e-004
4,213700e+002;-2,862500e-004
4,218521e+002;2,244417e-004
4,223343e+002;1,168286e-003
4,228164e+002;2,360744e-003
4,232985e+002;3,610206e-003
4,237806e+002;4,734223e-003
4,242627e+002;5,623177e-003
4,247448e+002;6,259716e-003
4,252270e+002;6,698749e-003
4,257091e+002;7,009811e-003
4,261912e+002;7,229753e-003
4,266733e+002;7,339496e-003
4,271554e+002;7,282448e-003
4,276375e+002;6,993884e-003
4,281197e+002;6,442385e-003
4,286018e+002;5,651943e-003
4,290839e+002;4,711378e-003
4,295660e+002;3,755032e-003
4,300481e+002;2,930264e-003
4,305302e+002;2,389062e-003
4,310124e+002;2,245957e-003
4,314945e+002;2,561544e-003
4,319766e+002;3,325073e-003
4,324587e+002;4,448050e-003
4,329408e+002;5,772906e-003
4,334229e+002;7,092015e-003
4,339051e+002;8,202907e-003
4,343872e+002;8,925420e-003
4,348693e+002;9,165826e-003
4,353514e+002;8,953189e-003
4,358335e+002;8,457609e-003
4,363156e+002;7,932696e-003
4,367978e+002;7,600875e-003
4,372799e+002;7,567494e-003
4,377620e+002;7,762385e-003
4,382441e+002;7,980244e-003
4,387262e+002;7,953854e-003
4,392083e+002;7,477008e-003
4,396905e+002;6,459906e-003
4,401726e+002;4,981000e-003
4,406547e+002;3,258768e-003
4,411368e+002;1,612309e-003
4,416189e+002;3,510645e-004
4,421010e+002;-3,371074e-004
4,425832e+002;-4,362555e-004
4,430653e+002;-1,078710e-004
4,435474e+002;3,991503e-004
4,440295e+002;8,380390e-004
4,445116e+002;1,073278e-003
4,449937e+002;1,093108e-003
4,454759e+002;9,825409e-004
4,459580e+002;8,630046e-004
4,464401e+002;8,484633e-004
4,469222e+002;1,002002e-003
4,474043e+002;1,321705e-003
4,478864e+002;1,753011e-003
4,483686e+002;2,218480e-003
4,488507e+002;2,653812e-003
4,493328e+002;3,020008e-003
4,498149e+002;3,311785e-003
4,502970e+002;3,551040e-003
4,507791e+002;3,777492e-003
4,512613e+002;4,035163e-003
4,517434e+002;4,362730e-003
4,522255e+002;4,778509e-003
4,527076e+002;5,271582e-003
4,531897e+002;5,802187e-003
4,536718e+002;6,316159e-003
4,541540e+002;6,766456e-003
4,546361e+002;7,123911e-003
4,551182e+002;7,386575e-003
4,556003e+002;7,576732e-003
4,560824e+002;7,732972e-003
4,565645e+002;7,894430e-003
4,570467e+002;8,082886e-003
4,575288e+002;8,291449e-003
4,580109e+002;8,484503e-003
4,584930e+002;8,614843e-003
4,589751e+002;8,650568e-003
4,594572e+002;8,585034e-003
4,599394e+002;8,435007e-003
4,604215e+002;8,232081e-003
4,609036e+002;8,013556e-003
4,613857e+002;7,826446e-003
4,618678e+002;7,723460e-003
4,623499e+002;7,752266e-003
4,628321e+002;7,944709e-003
4,633142e+002;8,295570e-003
4,637963e+002;8,753301e-003
4,642784e+002;9,219129e-003
4,647606e+002;9,574307e-003
4,652427e+002;9,694572e-003
4,657248e+002;9,488415e-003
4,662069e+002;8,937461e-003
4,666890e+002;8,119210e-003
4,671711e+002;7,205025e-003
4,676533e+002;6,402670e-003
4,681354e+002;5,908345e-003
4,686175e+002;5,834223e-003
4,690996e+002;6,188659e-003
4,695817e+002;6,883319e-003
4,700638e+002;7,771358e-003
4,705460e+002;8,678860e-003
4,710281e+002;9,429086e-003
4,715102e+002;9,894894e-003
4,719923e+002;1,001677e-002
4,724744e+002;9,830799e-003
4,729565e+002;9,454788e-003
4,734387e+002;9,058463e-003
4,739208e+002;8,793636e-003
4,744029e+002;8,739169e-003
4,748850e+002;8,893392e-003
4,753671e+002;9,175505e-003
4,758492e+002;9,459731e-003
4,763314e+002;9,599814e-003
4,768135e+002;9,487941e-003
4,772956e+002;9,090842e-003
4,777777e+002;8,479165e-003
4,782598e+002;7,801988e-003
4,787419e+002;7,245790e-003
4,792241e+002;6,959372e-003
4,797062e+002;6,995736e-003
4,801883e+002;7,302125e-003
4,806704e+002;7,731859e-003
4,811525e+002;8,103141e-003
4,816346e+002;8,241503e-003
4,821168e+002;8,050920e-003
4,825989e+002;7,535195e-003
4,830810e+002;6,788668e-003
4,835631e+002;5,948115e-003
4,840452e+002;5,150726e-003
4,845273e+002;4,500308e-003
4,850095e+002;4,046133e-003
4,854916e+002;3,798549e-003
4,859737e+002;3,748080e-003
4,864558e+002;3,882555e-003
4,869379e+002;4,192409e-003
4,874200e+002;4,660602e-003
4,879022e+002;5,247637e-003
4,883843e+002;5,877882e-003
4,888664e+002;6,450288e-003
4,893485e+002;6,859217e-003
4,898306e+002;7,019745e-003
4,903127e+002;6,902104e-003
4,907949e+002;6,534370e-003
4,912770e+002;5,997059e-003
4,917591e+002;5,388514e-003
4,922412e+002;4,803266e-003
4,927233e+002;4,302692e-003
4,932054e+002;3,905389e-003
4,936876e+002;3,596341e-003
4,941697e+002;3,348813e-003
4,946518e+002;3,148049e-003
4,951339e+002;3,002458e-003
4,956160e+002;2,944842e-003
4,960981e+002;3,020608e-003
4,965803e+002;3,269451e-003
4,970624e+002;3,701493e-003
4,975445e+002;4,288035e-003
4,980266e+002;4,956098e-003
4,985087e+002;5,611429e-003
4,989908e+002;6,146851e-003
4,994730e+002;6,465253e-003
4,999551e+002;6,501206e-003
5,004372e+002;6,229194e-003
5,009193e+002;5,682021e-003
5,014014e+002;4,947083e-003
5,018835e+002;4,158988e-003
5,023657e+002;3,448495e-003
5,028478e+002;2,910784e-003
5,033299e+002;2,581409e-003
5,038120e+002;2,439807e-003
5,042941e+002;2,431510e-003
5,047762e+002;2,497222e-003
5,052584e+002;2,593809e-003
5,057405e+002;2,698119e-003
5,062226e+002;2,803355e-003
5,067047e+002;2,908115e-003
5,071868e+002;3,005294e-003
5,076689e+002;3,078801e-003
5,081511e+002;3,110904e-003
5,086332e+002;3,093684e-003
5,091153e+002;3,039827e-003
5,095974e+002;2,984642e-003
5,100795e+002;2,980939e-003
5,105616e+002;3,076532e-003
5,110438e+002;3,302703e-003
5,115259e+002;3,657518e-003
5,120080e+002;4,106838e-003
5,124901e+002;4,593390e-003
5,129722e+002;5,059670e-003
5,134543e+002;5,467426e-003
5,139365e+002;5,800272e-003
5,144186e+002;6,062406e-003
5,149007e+002;6,261766e-003
5,153828e+002;6,396416e-003
5,158649e+002;6,446891e-003
5,163470e+002;6,376678e-003
5,168292e+002;6,149640e-003
5,173113e+002;5,754305e-003
5,177934e+002;5,221009e-003
5,182755e+002;4,627782e-003
5,187576e+002;4,078039e-003
5,192397e+002;3,681544e-003
5,197219e+002;3,514963e-003
5,202040e+002;3,599715e-003
5,206861e+002;3,901678e-003
5,211682e+002;4,346164e-003
5,216503e+002;4,845683e-003
5,221324e+002;5,319244e-003
5,226146e+002;5,718682e-003
5,230967e+002;6,028438e-003
5,235788e+002;6,260253e-003
5,240609e+002;6,438820e-003
5,245430e+002;6,587115e-003
5,250251e+002;6,710324e-003
5,255073e+002;6,793515e-003
5,259894e+002;6,808055e-003
5,264715e+002;6,728159e-003
5,269536e+002;6,547421e-003
5,274357e+002;6,282373e-003
5,279178e+002;5,966859e-003
5,284000e+002;5,638348e-003
5,288821e+002;5,328703e-003
5,293642e+002;5,055077e-003
5,298463e+002;4,826718e-003
5,303284e+002;4,649919e-003
5,308105e+002;4,534860e-003
5,312927e+002;4,500911e-003
5,317748e+002;4,570318e-003
5,322569e+002;4,758844e-003
5,327390e+002;5,063324e-003
5,332211e+002;5,454172e-003
5,337032e+002;5,875967e-003
5,341854e+002;6,253530e-003
5,346675e+002;6,517384e-003
5,351496e+002;6,622305e-003
5,356317e+002;6,564173e-003
5,361138e+002;6,381453e-003
5,365959e+002;6,146313e-003
5,370781e+002;5,942438e-003
5,375602e+002;5,835667e-003
5,380423e+002;5,865019e-003
5,385244e+002;6,030454e-003
5,390065e+002;6,301031e-003
5,394886e+002;6,624828e-003
5,399708e+002;6,948799e-003
5,404529e+002;7,231538e-003
5,409350e+002;7,445659e-003
5,414171e+002;7,580644e-003
5,418992e+002;7,635708e-003
5,423813e+002;7,615273e-003
5,428635e+002;7,525148e-003
5,433456e+002;7,371275e-003
5,438277e+002;7,162175e-003
5,443098e+002;6,910453e-003
5,447919e+002;6,635156e-003
5,452740e+002;6,361413e-003
5,457562e+002;6,115430e-003
5,462383e+002;5,919395e-003
5,467204e+002;5,784323e-003
5,472025e+002;5,707032e-003
5,476846e+002;5,671984e-003
5,481667e+002;5,659161e-003
5,486489e+002;5,651440e-003
5,491310e+002;5,639960e-003
5,496131e+002;5,627171e-003
5,500952e+002;5,624385e-003
5,505773e+002;5,644592e-003
5,510594e+002;5,695248e-003
5,515416e+002;5,775559e-003
5,520237e+002;5,876135e-003
5,525058e+002;5,985839e-003
5,529879e+002;6,096007e-003
5,534700e+002;6,205531e-003
5,539521e+002;6,318613e-003
5,544343e+002;6,439728e-003
5,549164e+002;6,564510e-003
5,553985e+002;6,674858e-003
5,558806e+002;6,740240e-003
5,563627e+002;6,730447e-003
5,568448e+002;6,627822e-003
5,573270e+002;6,445041e-003
5,578091e+002;6,226606e-003
5,582912e+002;6,046077e-003
5,587733e+002;5,979826e-003
5,592554e+002;6,078971e-003
5,597375e+002;6,351696e-003
5,602197e+002;6,753297e-003
5,607018e+002;7,197681e-003
5,611839e+002;7,578250e-003
5,616660e+002;7,810894e-003
5,621481e+002;7,853268e-003
5,626302e+002;7,721841e-003
5,631124e+002;7,478053e-003
5,635945e+002;7,210752e-003
5,640766e+002;7,001427e-003
5,645587e+002;6,898031e-003
5,650408e+002;6,907995e-003
5,655229e+002;7,000113e-003
5,660051e+002;7,120307e-003
5,664872e+002;7,207754e-003
5,669693e+002;7,218433e-003
5,674514e+002;7,131085e-003
5,679335e+002;6,949910e-003
5,684156e+002;6,699691e-003
5,688978e+002;6,416525e-003
5,693799e+002;6,138920e-003
5,698620e+002;5,896791e-003
5,703441e+002;5,708006e-003
5,708262e+002;5,574878e-003
5,713083e+002;5,488028e-003
5,717905e+002;5,428605e-003
5,722726e+002;5,379993e-003
5,727547e+002;5,334573e-003
5,732368e+002;5,300125e-003
5,737189e+002;5,299856e-003
5,742010e+002;5,365132e-003
5,746832e+002;5,523095e-003
5,751653e+002;5,778279e-003
5,756474e+002;6,102795e-003
5,761295e+002;6,435625e-003
5,766116e+002;6,705445e-003
5,770938e+002;6,849489e-003
5,775759e+002;6,843565e-003
5,780580e+002;6,708709e-003
5,785401e+002;6,505411e-003
5,790222e+002;6,307687e-003
5,795043e+002;6,177299e-003
5,799865e+002;6,142784e-003
5,804686e+002;6,187079e-003
5,809507e+002;6,254774e-003
5,814328e+002;6,278339e-003
5,819149e+002;6,213766e-003
5,823970e+002;6,057333e-003
5,828792e+002;5,850376e-003
5,833613e+002;5,657281e-003
5,838434e+002;5,544304e-003
5,843255e+002;5,545881e-003
5,848076e+002;5,652179e-003
5,852897e+002;5,810078e-003
5,857719e+002;5,949727e-003
5,862540e+002;6,012816e-003
5,867361e+002;5,975896e-003
5,872182e+002;5,857697e-003
5,877003e+002;5,710457e-003
5,881824e+002;5,597332e-003
5,886646e+002;5,563232e-003
5,891467e+002;5,623714e-003
5,896288e+002;5,759945e-003
5,901109e+002;5,931219e-003
5,905930e+002;6,088917e-003
5,910751e+002;6,195448e-003
5,915573e+002;6,234135e-003
5,920394e+002;6,207346e-003
5,925215e+002;6,129376e-003
5,930036e+002;6,016881e-003
5,934857e+002;5,884767e-003
5,939678e+002;5,745709e-003
5,944500e+002;5,615221e-003
5,949321e+002;5,515779e-003
5,954142e+002;5,472391e-003
5,958963e+002;5,505343e-003
5,963784e+002;5,618712e-003
5,968605e+002;5,793926e-003
5,973427e+002;5,988829e-003
5,978248e+002;6,152900e-003
5,983069e+002;6,243144e-003
5,987890e+002;6,237497e-003
5,992711e+002;6,144532e-003
5,997532e+002;6,002267e-003
6,002354e+002;5,865388e-003
6,007175e+002;5,782811e-003
6,011996e+002;5,785129e-003
6,016817e+002;5,873314e-003
6,021638e+002;6,022559e-003
6,026459e+002;6,189197e-003
6,031281e+002;6,323992e-003
6,036102e+002;6,384950e-003
6,040923e+002;6,342551e-003
6,045744e+002;6,188894e-003
6,050565e+002;5,940255e-003
6,055386e+002;5,638684e-003
6,060208e+002;5,342187e-003
6,065029e+002;5,118405e-003
6,069850e+002;5,028629e-003
6,074671e+002;5,105967e-003
6,079492e+002;5,344066e-003
6,084313e+002;5,689709e-003
6,089135e+002;6,058441e-003
6,093956e+002;6,348502e-003
6,098777e+002;6,475545e-003
6,103598e+002;6,397190e-003
6,108419e+002;6,121815e-003
6,113240e+002;5,705219e-003
6,118062e+002;5,230566e-003
6,122883e+002;4,785376e-003
6,127704e+002;4,428200e-003
6,132525e+002;4,182974e-003
6,137346e+002;4,038374e-003
6,142167e+002;3,963700e-003
6,146989e+002;3,923945e-003
6,151810e+002;3,895526e-003
6,156631e+002;3,871322e-003
6,161452e+002;3,858485e-003
6,166273e+002;3,870419e-003
6,171094e+002;3,917592e-003
6,175916e+002;4,003661e-003
6,180737e+002;4,124366e-003
6,185558e+002;4,269698e-003
6,190379e+002;4,427363e-003
6,195200e+002;4,585186e-003
6,200021e+002;4,729265e-003
6,204843e+002;4,844912e-003
6,209664e+002;4,918430e-003
6,214485e+002;4,937464e-003
6,219306e+002;4,895777e-003
6,224127e+002;4,795661e-003
6,228948e+002;4,648646e-003
6,233770e+002;4,473459e-003
6,238591e+002;4,293255e-003
6,243412e+002;4,133431e-003
6,248233e+002;4,017439e-003
6,253054e+002;3,966008e-003
6,257875e+002;3,993328e-003
6,262697e+002;4,102624e-003
6,267518e+002;4,282982e-003
6,272339e+002;4,506736e-003
6,277160e+002;4,736501e-003
6,281981e+002;4,930628e-003
6,286802e+002;5,057290e-003
6,291624e+002;5,106268e-003
6,296445e+002;5,094702e-003
6,301266e+002;5,061916e-003
6,306087e+002;5,056753e-003
6,310908e+002;5,120987e-003
6,315729e+002;5,269470e-003
6,320551e+002;5,486082e-003
6,325372e+002;5,726068e-003
6,330193e+002;5,937466e-003
6,335014e+002;6,074670e-003
6,339835e+002;6,116505e-003
6,344656e+002;6,069664e-003
6,349478e+002;5,962290e-003
6,354299e+002;5,826432e-003
6,359120e+002;5,683196e-003
6,363941e+002;5,537257e-003
6,368762e+002;5,378550e-003
6,373583e+002;5,195288e-003
6,378405e+002;4,985760e-003
6,383226e+002;4,765477e-003
6,388047e+002;4,565296e-003
6,392868e+002;4,423379e-003
6,397689e+002;4,367550e-003
6,402510e+002;4,409555e-003
6,407332e+002;4,538409e-003
6,412153e+002;4,726016e-003
6,416974e+002;4,934181e-003
6,421795e+002;5,126284e-003
6,426616e+002;5,274266e-003
6,431437e+002;5,358725e-003
6,436259e+002;5,370835e-003
6,441080e+002;5,308980e-003
6,445901e+002;5,180434e-003
6,450722e+002;5,000574e-003
6,455543e+002;4,794087e-003
6,460364e+002;4,593357e-003
6,465186e+002;4,430342e-003
6,470007e+002;4,331873e-003
6,474828e+002;4,311761e-003
6,479649e+002;4,367818e-003
6,484470e+002;4,481995e-003
6,489291e+002;4,627681e-003
6,494113e+002;4,778843e-003
6,498934e+002;4,915648e-003
6,503755e+002;5,031311e-003
6,508576e+002;5,130474e-003
6,513397e+002;5,224932e-003
6,518218e+002;5,327193e-003
6,523040e+002;5,445415e-003
6,527861e+002;5,578838e-003
6,532682e+002;5,716600e-003
6,537503e+002;5,837816e-003
6,542324e+002;5,914760e-003
6,547145e+002;5,920067e-003
6,551967e+002;5,829857e-003
6,556788e+002;5,633011e-003
6,561609e+002;5,335210e-003
6,566431e+002;4,961494e-003
6,571251e+002;4,549458e-003
6,576073e+002;4,145205e-003
6,580894e+002;3,794471e-003
6,585715e+002;3,531464e-003
6,590536e+002;3,377396e-003
6,595358e+002;3,336559e-003
6,600178e+002;3,397032e-003
6,605000e+002;3,534170e-003
6,609821e+002;3,713925e-003
6,614642e+002;3,900909e-003
6,619463e+002;4,059544e-003
6,624285e+002;4,162902e-003
6,629105e+002;4,198230e-003
6,633927e+002;4,169760e-003
6,638748e+002;4,096937e-003
6,643569e+002;4,007841e-003
6,648390e+002;3,931836e-003
6,653212e+002;3,887636e-003
6,658032e+002;3,884293e-003
6,662854e+002;3,919164e-003
6,667675e+002;3,982460e-003
6,672496e+002;4,062788e-003
6,677317e+002;4,158587e-003
6,682139e+002;4,278766e-003
6,686959e+002;4,433690e-003
6,691781e+002;4,613181e-003
6,696602e+002;4,783936e-003
6,701423e+002;4,901004e-003
6,706244e+002;4,925568e-003
6,711066e+002;4,829667e-003
6,715886e+002;4,607555e-003
6,720708e+002;4,282848e-003
6,725529e+002;3,912076e-003
6,730350e+002;3,573289e-003
6,735171e+002;3,337661e-003
6,739993e+002;3,250255e-003
6,744813e+002;3,309147e-003
6,749635e+002;3,472409e-003
6,754456e+002;3,671519e-003
6,759277e+002;3,841503e-003
6,764098e+002;3,939091e-003
6,768920e+002;3,948754e-003
6,773740e+002;3,881351e-003
6,778562e+002;3,761081e-003
6,783383e+002;3,611242e-003
6,788204e+002;3,447894e-003
6,793025e+002;3,283239e-003
6,797847e+002;3,130060e-003
6,802667e+002;3,006261e-003
6,807489e+002;2,934201e-003
6,812310e+002;2,930932e-003
6,817131e+002;3,000022e-003
6,821952e+002;3,125655e-003
6,826774e+002;3,277864e-003
6,831594e+002;3,420742e-003
6,836416e+002;3,525852e-003
6,841237e+002;3,584681e-003
6,846058e+002;3,610273e-003
6,850879e+002;3,631322e-003
6,855701e+002;3,677133e-003
6,860521e+002;3,768534e-003
6,865343e+002;3,908532e-003
6,870164e+002;4,084395e-003
6,874985e+002;4,274048e-003
6,879806e+002;4,456318e-003
6,884628e+002;4,618238e-003
6,889448e+002;4,757236e-003
6,894270e+002;4,878453e-003
6,899091e+002;4,990317e-003
6,903912e+002;5,101407e-003
6,908733e+002;5,218863e-003
6,913555e+002;5,351513e-003
6,918375e+002;5,511551e-003
6,923197e+002;5,711766e-003
6,928018e+002;5,962627e-003
6,932839e+002;6,265565e-003
6,937660e+002;6,609689e-003
6,942482e+002;6,970516e-003
6,947302e+002;7,317828e-003
6,952124e+002;7,624681e-003
6,956945e+002;7,875164e-003
6,961766e+002;8,071375e-003
6,966587e+002;8,230426e-003
6,971409e+002;8,377308e-003
6,976229e+002;8,533127e-003
6,981051e+002;8,708405e-003
6,985872e+002;8,898465e-003
6,990693e+002;9,087425e-003
6,995514e+002;9,251046e-003
7,000336e+002;9,366582e-003
7,005156e+002;9,418860e-003
7,009978e+002;9,402438e-003
7,014799e+002;9,323418e-003
7,019620e+002;9,199940e-003
7,024441e+002;9,061643e-003
7,029263e+002;8,943887e-003
7,034083e+002;8,885309e-003
7,038905e+002;8,918893e-003
7,043726e+002;9,062557e-003
7,048547e+002;9,316850e-003
7,053368e+002;9,663469e-003
7,058190e+002;1,007238e-002
7,063010e+002;1,050718e-002
7,067832e+002;1,093643e-002
7,072653e+002;1,134035e-002
7,077474e+002;1,171232e-002
7,082295e+002;1,205704e-002
7,087117e+002;1,238611e-002
7,091937e+002;1,271284e-002
7,096759e+002;1,304962e-002
7,101580e+002;1,340788e-002
7,106401e+002;1,379950e-002
7,111222e+002;1,423517e-002
7,116044e+002;1,472375e-002
7,120864e+002;1,526830e-002
7,125686e+002;1,586391e-002
7,130507e+002;1,649837e-002
7,135328e+002;1,715662e-002
7,140149e+002;1,782770e-002
7,144971e+002;1,851022e-002
7,149791e+002;1,921488e-002
7,154613e+002;1,996124e-002
7,159434e+002;2,077057e-002
7,164255e+002;2,165497e-002
7,169076e+002;2,261289e-002
7,173898e+002;2,362810e-002
7,178718e+002;2,467592e-002
7,183540e+002;2,572785e-002
7,188361e+002;2,675947e-002
7,193182e+002;2,775155e-002
7,198003e+002;2,868469e-002
7,202825e+002;2,953518e-002
7,207645e+002;3,027076e-002
7,212467e+002;3,085203e-002
7,217288e+002;3,124383e-002
7,222109e+002;3,142300e-002
7,226930e+002;3,138592e-002
7,231752e+002;3,114721e-002
7,236572e+002;3,073469e-002
7,241394e+002;3,018220e-002
7,246215e+002;2,952230e-002
7,251036e+002;2,879008e-002
7,255857e+002;2,802413e-002
7,260679e+002;2,726542e-002
7,265499e+002;2,655928e-002
7,270321e+002;2,594176e-002
7,275142e+002;2,543405e-002
7,279963e+002;2,503484e-002
7,284784e+002;2,472235e-002
7,289606e+002;2,446123e-002
7,294426e+002;2,421217e-002
7,299248e+002;2,394740e-002
7,304069e+002;2,365311e-002
7,308890e+002;2,332994e-002
7,313711e+002;2,298524e-002
7,318533e+002;2,262828e-002
7,323353e+002;2,226576e-002
7,328175e+002;2,190395e-002
7,332996e+002;2,155582e-002
7,337817e+002;2,124172e-002
7,342638e+002;2,098991e-002
7,347460e+002;2,082792e-002
7,352280e+002;2,077002e-002
7,357102e+002;2,080829e-002
7,361923e+002;2,090865e-002
7,366744e+002;2,102166e-002
7,371565e+002;2,109077e-002
7,376387e+002;2,107261e-002
7,381207e+002;2,095034e-002
7,386029e+002;2,073439e-002
7,390850e+002;2,045613e-002
7,395671e+002;2,015403e-002
7,400492e+002;1,986280e-002
7,405314e+002;1,960215e-002
7,410134e+002;1,937655e-002
7,414956e+002;1,917914e-002
7,419777e+002;1,899921e-002
7,424598e+002;1,882890e-002
7,429419e+002;1,866654e-002
7,434241e+002;1,851676e-002
7,439061e+002;1,838736e-002
7,443883e+002;1,828488e-002
7,448704e+002;1,821072e-002
7,453525e+002;1,815896e-002
7,458346e+002;1,811588e-002
7,463168e+002;1,806206e-002
7,467988e+002;1,797448e-002
7,472810e+002;1,783564e-002
7,477631e+002;1,763631e-002
7,482452e+002;1,738272e-002
7,487273e+002;1,709537e-002
7,492095e+002;1,680565e-002
7,496915e+002;1,654635e-002
7,501737e+002;1,633792e-002
7,506558e+002;1,618196e-002
7,511379e+002;1,605847e-002
7,516200e+002;1,593427e-002
7,521022e+002;1,577100e-002
7,525842e+002;1,554425e-002
7,530664e+002;1,525262e-002
7,535485e+002;1,492037e-002
7,540306e+002;1,458875e-002
7,545127e+002;1,430327e-002
7,549949e+002;1,409858e-002
7,554769e+002;1,398493e-002
7,559591e+002;1,394534e-002
7,564412e+002;1,393997e-002
7,569233e+002;1,392132e-002
7,574054e+002;1,384489e-002
7,578876e+002;1,368586e-002
7,583696e+002;1,344509e-002
7,588518e+002;1,314998e-002
7,593339e+002;1,284463e-002
7,598160e+002;1,257973e-002
7,602981e+002;1,240145e-002
7,607803e+002;1,233671e-002
7,612623e+002;1,239119e-002
7,617445e+002;1,254873e-002
7,622266e+002;1,278078e-002
7,627087e+002;1,305204e-002
7,631908e+002;1,332983e-002
7,636730e+002;1,358930e-002
7,641550e+002;1,381260e-002
7,646372e+002;1,398664e-002
7,651193e+002;1,410214e-002
7,656014e+002;1,415030e-002
7,660835e+002;1,412548e-002
7,665657e+002;1,402794e-002
7,670477e+002;1,386846e-002
7,675299e+002;1,366568e-002
7,680120e+002;1,344533e-002
7,684941e+002;1,323137e-002
7,689762e+002;1,303726e-002
7,694584e+002;1,286401e-002
7,699404e+002;1,270329e-002
7,704226e+002;1,254576e-002
7,709047e+002;1,239245e-002
7,713868e+002;1,226036e-002
7,718689e+002;1,218014e-002
7,723511e+002;1,218774e-002
7,728331e+002;1,230576e-002
7,733153e+002;1,253181e-002
7,737974e+002;1,283094e-002
7,742795e+002;1,314629e-002
7,747616e+002;1,340822e-002
7,752438e+002;1,355693e-002
7,757258e+002;1,356206e-002
7,762080e+002;1,342503e-002
7,766901e+002;1,317806e-002
7,771722e+002;1,286695e-002
7,776543e+002;1,253881e-002
7,781365e+002;1,222672e-002
7,786185e+002;1,194654e-002
7,791007e+002;1,169959e-002
7,795828e+002;1,147982e-002
7,800649e+002;1,127965e-002
7,805470e+002;1,109534e-002
7,810292e+002;1,092681e-002
7,815112e+002;1,077587e-002
7,819934e+002;1,064441e-002
7,824755e+002;1,053298e-002
7,829576e+002;1,044157e-002
7,834397e+002;1,037026e-002
7,839219e+002;1,031903e-002
7,844039e+002;1,028801e-002
7,848861e+002;1,027434e-002
7,853682e+002;1,027231e-002
7,858503e+002;1,027169e-002
7,863324e+002;1,026026e-002
7,868146e+002;1,022481e-002
7,872966e+002;1,015361e-002
7,877788e+002;1,003949e-002
7,882609e+002;9,880760e-003
7,887430e+002;9,683255e-003
7,892251e+002;9,460205e-003
7,897073e+002;9,234359e-003
7,901893e+002;9,034375e-003
7,906715e+002;8,888286e-003
7,911536e+002;8,817440e-003
7,916357e+002;8,825623e-003
7,921178e+002;8,895320e-003
7,926000e+002;8,988064e-003
7,930820e+002;9,058023e-003
7,935642e+002;9,063302e-003
7,940463e+002;8,982854e-003
7,945284e+002;8,824609e-003
7,950105e+002;8,625658e-003
7,954927e+002;8,440109e-003
7,959747e+002;8,316172e-003
7,964569e+002;8,285168e-003
7,969390e+002;8,348834e-003
7,974211e+002;8,482172e-003
7,979032e+002;8,643065e-003
7,983854e+002;8,791370e-003
7,988674e+002;8,899852e-003
7,993496e+002;8,960529e-003
7,998317e+002;8,982820e-003
8,003138e+002;8,984444e-003
8,007959e+002;8,983497e-003
8,012781e+002;8,991074e-003
8,017601e+002;9,012623e-003
8,022423e+002;9,050546e-003
8,027244e+002;9,108538e-003
8,032065e+002;9,193171e-003
8,036886e+002;9,313567e-003
8,041708e+002;9,477341e-003
8,046528e+002;9,687185e-003
8,051350e+002;9,938930e-003
8,056171e+002;1,022138e-002
8,060992e+002;1,051695e-002
8,065813e+002;1,080549e-002
8,070635e+002;1,106519e-002
8,075455e+002;1,127479e-002
8,080277e+002;1,141811e-002
8,085098e+002;1,148737e-002
8,089919e+002;1,148856e-002
8,094740e+002;1,144396e-002
8,099562e+002;1,139304e-002
8,104382e+002;1,138083e-002
8,109204e+002;1,144747e-002
8,114025e+002;1,161651e-002
8,118846e+002;1,188558e-002
8,123668e+002;1,222771e-002
8,128489e+002;1,259726e-002
8,133310e+002;1,294788e-002
8,138131e+002;1,323985e-002
8,142952e+002;1,345015e-002
8,147773e+002;1,357283e-002
8,152595e+002;1,361197e-002
8,157416e+002;1,357365e-002
8,162237e+002;1,346232e-002
8,167058e+002;1,328009e-002
8,171879e+002;1,303159e-002
8,176700e+002;1,272857e-002
8,181522e+002;1,239146e-002
8,186343e+002;1,204334e-002
8,191164e+002;1,170599e-002
8,195985e+002;1,139389e-002
8,200806e+002;1,111292e-002
8,205627e+002;1,086552e-002
8,210449e+002;1,065738e-002
8,215270e+002;1,050012e-002
8,220091e+002;1,041285e-002
8,224912e+002;1,041353e-002
8,229733e+002;1,050714e-002
8,234554e+002;1,067945e-002
8,239376e+002;1,089480e-002
8,244197e+002;1,110224e-002
8,249018e+002;1,124663e-002
8,253839e+002;1,128856e-002
8,258660e+002;1,121069e-002
8,263481e+002;1,102261e-002
8,268303e+002;1,075254e-002
8,273124e+002;1,043841e-002
8,277945e+002;1,011647e-002
8,282766e+002;9,814124e-003
8,287587e+002;9,550767e-003
8,292408e+002;9,338482e-003
8,297230e+002;9,185082e-003
8,302051e+002;9,095274e-003
8,306872e+002;9,069290e-003
8,311693e+002;9,101365e-003
8,316514e+002;9,177874e-003
8,321335e+002;9,281239e-003
8,326157e+002;9,392145e-003
8,330978e+002;9,493868e-003
8,335799e+002;9,576882e-003
8,340620e+002;9,636874e-003
8,345441e+002;9,672008e-003
8,350262e+002;9,680782e-003
8,355084e+002;9,660014e-003
8,359905e+002;9,606251e-003
8,364726e+002;9,521232e-003
8,369547e+002;9,414289e-003
8,374368e+002;9,302294e-003
8,379189e+002;9,205997e-003
8,384011e+002;9,143289e-003
8,388832e+002;9,120042e-003
8,393653e+002;9,128197e-003
8,398474e+002;9,146571e-003
8,403295e+002;9,149821e-003
8,408116e+002;9,116286e-003
8,412938e+002;9,038604e-003
8,417759e+002;8,925996e-003
8,422580e+002;8,803982e-003
8,427401e+002;8,704078e-003
8,432222e+002;8,654421e-003
8,437043e+002;8,673182e-003
8,441865e+002;8,760773e-003
8,446686e+002;8,901712e-003
8,451507e+002;9,068139e-003
8,456328e+002;9,229960e-003
8,461149e+002;9,360590e-003
8,465970e+002;9,444391e-003
8,470792e+002;9,480016e-003
8,475613e+002;9,479068e-003
8,480434e+002;9,461831e-003
8,485255e+002;9,448997e-003
8,490076e+002;9,456616e-003
8,494897e+002;9,489837e-003
8,499719e+002;9,542062e-003
8,504540e+002;9,599746e-003
8,509361e+002;9,649917e-003
8,514182e+002;9,685288e-003
8,519003e+002;9,709548e-003
8,523824e+002;9,734012e-003
8,528646e+002;9,772541e-003
8,533467e+002;9,833375e-003
8,538288e+002;9,913437e-003
8,543109e+002;9,997583e-003
8,547930e+002;1,006530e-002
8,552751e+002;1,009989e-002
8,557573e+002;1,009541e-002
8,562394e+002;1,006062e-002
8,567215e+002;1,001606e-002
8,572036e+002;9,985682e-003
8,576857e+002;9,986190e-003
8,581678e+002;1,002315e-002
8,586500e+002;1,008853e-002
8,591321e+002;1,016826e-002
8,596142e+002;1,024713e-002
8,600963e+002;1,031553e-002
8,605784e+002;1,037104e-002
8,610605e+002;1,041611e-002
8,615427e+002;1,045283e-002
8,620248e+002;1,048040e-002
8,625069e+002;1,049492e-002
8,629890e+002;1,049299e-002
8,634711e+002;1,047408e-002
8,639532e+002;1,044364e-002
8,644354e+002;1,040956e-002
8,649175e+002;1,037831e-002
8,653996e+002;1,035123e-002
8,658817e+002;1,032279e-002
8,663638e+002;1,028489e-002
8,668459e+002;1,023312e-002
8,673281e+002;1,017271e-002
8,678102e+002;1,011969e-002
8,682923e+002;1,009497e-002
8,687744e+002;1,011532e-002
8,692565e+002;1,018502e-002
8,697386e+002;1,029134e-002
8,702208e+002;1,040698e-002
8,707029e+002;1,049924e-002
8,711850e+002;1,054425e-002
8,716671e+002;1,053291e-002
8,721492e+002;1,047463e-002
8,726313e+002;1,038849e-002
8,731135e+002;1,029650e-002
8,735956e+002;1,021267e-002
8,740777e+002;1,013950e-002
8,745598e+002;1,007082e-002
8,750419e+002;9,998498e-003
8,755240e+002;9,917979e-003
8,760062e+002;9,831206e-003
8,764883e+002;9,744415e-003
8,769704e+002;9,663842e-003
8,774525e+002;9,591482e-003
8,779346e+002;9,526312e-003
8,784167e+002;9,466640e-003
8,788989e+002;9,416726e-003
8,793810e+002;9,388827e-003
8,798631e+002;9,402302e-003
8,803452e+002;9,476257e-003
8,808273e+002;9,618615e-003
8,813094e+002;9,821309e-003
8,817916e+002;1,005913e-002
8,822737e+002;1,029711e-002
8,827558e+002;1,050073e-002
8,832379e+002;1,065066e-002
8,837200e+002;1,074568e-002
8,842021e+002;1,080097e-002
8,846843e+002;1,083753e-002
8,851664e+002;1,087218e-002
8,856485e+002;1,090965e-002
8,861306e+002;1,094258e-002
8,866127e+002;1,095770e-002
8,870948e+002;1,094652e-002
8,875770e+002;1,091281e-002
8,880591e+002;1,087445e-002
8,885412e+002;1,085512e-002
8,890233e+002;1,087534e-002
8,895054e+002;1,093969e-002
8,899875e+002;1,103199e-002
8,904697e+002;1,111621e-002
8,909518e+002;1,114613e-002
8,914339e+002;1,108375e-002
8,919160e+002;1,090901e-002
8,923981e+002;1,063038e-002
8,928802e+002;1,028313e-002
8,933624e+002;9,923505e-003
8,938445e+002;9,610113e-003
8,943266e+002;9,387879e-003
8,948087e+002;9,277550e-003
8,952908e+002;9,268512e-003
8,957729e+002;9,324874e-003
8,962551e+002;9,395971e-003
8,967372e+002;9,436298e-003
8,972193e+002;9,415304e-003
8,977014e+002;9,328970e-003
8,981835e+002;9,195574e-003
8,986656e+002;9,050749e-003
8,991478e+002;8,930258e-003
8,996299e+002;8,856057e-003
9,001120e+002;8,831541e-003
9,005941e+002;8,841922e-003
9,010762e+002;8,861265e-003
9,015583e+002;8,865492e-003
9,020405e+002;8,843105e-003
9,025226e+002;8,798505e-003
9,030047e+002;8,749007e-003
9,034868e+002;8,714761e-003
9,039689e+002;8,709521e-003
9,044510e+002;8,732914e-003
9,049332e+002;8,771422e-003
9,054153e+002;8,802157e-003
9,058974e+002;8,803847e-003
9,063795e+002;8,766013e-003
9,068616e+002;8,691300e-003
9,073438e+002;8,594666e-003
9,078259e+002;8,496972e-003
9,083080e+002;8,417879e-003
9,087901e+002;8,369134e-003
9,092722e+002;8,353664e-003
9,097543e+002;8,366837e-003
9,102365e+002;8,401597e-003
9,107186e+002;8,451528e-003
9,112007e+002;8,513089e-003
9,116829e+002;8,586014e-003
9,121649e+002;8,671559e-003
9,126471e+002;8,770577e-003
9,131292e+002;8,882604e-003
9,136113e+002;9,007040e-003
9,140934e+002;9,142342e-003
9,145756e+002;9,288076e-003
9,150576e+002;9,443105e-003
9,155398e+002;9,605438e-003
9,160219e+002;9,770915e-003
9,165040e+002;9,932760e-003
9,169861e+002;1,008364e-002
9,174683e+002;1,021616e-002
9,179503e+002;1,032462e-002
9,184325e+002;1,040563e-002
9,189146e+002;1,045708e-002
9,193967e+002;1,047826e-002
9,198788e+002;1,046957e-002
9,203610e+002;1,043427e-002
9,208430e+002;1,037831e-002
9,213252e+002;1,031132e-002
9,218073e+002;1,024611e-002
9,222894e+002;1,019347e-002
9,227715e+002;1,015985e-002
9,232537e+002;1,014411e-002
9,237357e+002;1,013689e-002
9,242179e+002;1,012363e-002
9,247000e+002;1,009066e-002
9,251821e+002;1,003159e-002
9,256642e+002;9,951643e-003
9,261464e+002;9,867303e-003
9,266284e+002;9,800873e-003
9,271106e+002;9,775523e-003
9,275927e+002;9,804363e-003
9,280748e+002;9,886997e-003
9,285569e+002;1,000796e-002
9,290391e+002;1,014506e-002
9,295211e+002;1,027380e-002
9,300033e+002;1,037810e-002
9,304854e+002;1,045558e-002
9,309675e+002;1,051621e-002
9,314496e+002;1,057810e-002
9,319318e+002;1,065833e-002
9,324138e+002;1,076653e-002
9,328960e+002;1,089888e-002
9,333781e+002;1,103984e-002
9,338602e+002;1,116462e-002
9,343423e+002;1,125074e-002
9,348245e+002;1,128339e-002
9,353065e+002;1,126088e-002
9,357887e+002;1,119474e-002
9,362708e+002;1,110663e-002
9,367529e+002;1,101999e-002
9,372350e+002;1,095134e-002
9,377172e+002;1,090697e-002
9,381992e+002;1,088132e-002
9,386814e+002;1,086083e-002
9,391635e+002;1,082890e-002
9,396456e+002;1,077336e-002
9,401277e+002;1,068978e-002
9,406099e+002;1,058302e-002
9,410919e+002;1,046370e-002
9,415741e+002;1,034593e-002
9,420562e+002;1,024245e-002
9,425383e+002;1,016260e-002
9,430204e+002;1,011132e-002
9,435026e+002;1,009070e-002
9,439846e+002;1,010067e-002
9,444668e+002;1,014059e-002
9,449489e+002;1,020914e-002
9,454310e+002;1,030430e-002
9,459131e+002;1,042293e-002
9,463953e+002;1,055986e-002
9,468773e+002;1,070832e-002
9,473595e+002;1,086008e-002
9,478416e+002;1,100650e-002
9,483237e+002;1,113831e-002
9,488058e+002;1,124663e-002
9,492880e+002;1,132372e-002
9,497700e+002;1,136416e-002
9,502522e+002;1,136743e-002
9,507343e+002;1,133841e-002
9,512164e+002;1,128954e-002
9,516985e+002;1,123755e-002
9,521807e+002;1,119872e-002
9,526627e+002;1,118658e-002
9,531449e+002;1,120440e-002
9,536270e+002;1,124510e-002
9,541091e+002;1,129135e-002
9,545912e+002;1,132277e-002
9,550734e+002;1,132022e-002
9,555554e+002;1,127298e-002
9,560376e+002;1,118271e-002
9,565197e+002;1,106281e-002
9,570018e+002;1,093446e-002
9,574839e+002;1,082074e-002
9,579661e+002;1,074211e-002
9,584481e+002;1,071093e-002
9,589303e+002;1,073070e-002
9,594124e+002;1,079622e-002
9,598945e+002;1,089749e-002
9,603766e+002;1,102233e-002
9,608588e+002;1,115820e-002
9,613408e+002;1,129505e-002
9,618230e+002;1,142382e-002
9,623051e+002;1,153691e-002
9,627872e+002;1,162763e-002
9,632693e+002;1,169070e-002
9,637515e+002;1,172297e-002
9,642335e+002;1,172569e-002
9,647157e+002;1,170496e-002
9,651978e+002;1,167283e-002
9,656799e+002;1,164537e-002
9,661620e+002;1,164094e-002
9,666442e+002;1,167501e-002
9,671262e+002;1,175609e-002
9,676084e+002;1,188245e-002
9,680905e+002;1,204195e-002
9,685726e+002;1,221292e-002
9,690547e+002;1,236866e-002
9,695369e+002;1,248506e-002
9,700189e+002;1,254307e-002
9,705011e+002;1,253335e-002
9,709832e+002;1,245723e-002
9,714653e+002;1,232379e-002
9,719474e+002;1,214610e-002
9,724296e+002;1,193918e-002
9,729116e+002;1,171759e-002
9,733938e+002;1,149411e-002
9,738759e+002;1,128108e-002
9,743580e+002;1,108994e-002
9,748401e+002;1,092936e-002
9,753223e+002;1,080464e-002
9,758043e+002;1,071589e-002
9,762865e+002;1,065680e-002
9,767686e+002;1,061589e-002
9,772507e+002;1,057894e-002
9,777328e+002;1,053210e-002
9,782150e+002;1,046495e-002
9,786970e+002;1,037369e-002
9,791792e+002;1,026036e-002
9,796613e+002;1,013319e-002
9,801434e+002;1,000341e-002
9,806255e+002;9,884014e-003
9,811077e+002;9,786774e-003
9,815897e+002;9,720763e-003
9,820719e+002;9,690641e-003
9,825540e+002;9,696774e-003
9,830361e+002;9,734724e-003
9,835182e+002;9,796162e-003
9,840004e+002;9,871235e-003
9,844824e+002;9,950355e-003
9,849646e+002;1,002461e-002
9,854467e+002;1,008843e-002
9,859288e+002;1,013764e-002
9,864109e+002;1,016864e-002
9,868931e+002;1,017695e-002
9,873751e+002;1,015707e-002
9,878573e+002;1,010240e-002
9,883394e+002;1,000969e-002
9,888215e+002;9,881709e-003
9,893036e+002;9,730523e-003
9,897858e+002;9,575865e-003
9,902678e+002;9,444256e-003
9,907500e+002;9,359845e-003
9,912321e+002;9,339194e-003
9,917142e+002;9,385746e-003
9,921963e+002;9,488720e-003
9,926785e+002;9,625051e-003
9,931605e+002;9,765594e-003
9,936427e+002;9,885539e-003
9,941248e+002;9,969103e-003
9,946069e+002;1,001291e-002
9,950890e+002;1,002481e-002
9,955712e+002;1,001989e-002
9,960532e+002;1,001281e-002
9,965354e+002;1,001331e-002
9,970175e+002;1,002413e-002
9,974996e+002;1,004129e-002
9,979817e+002;1,005770e-002
9,984639e+002;1,006720e-002
9,989459e+002;1,006767e-002
9,994281e+002;1,006174e-002
9,999102e+002;1,005563e-002
1,000392e+003;1,005543e-002
1,000874e+003;1,006499e-002
1,001357e+003;1,008388e-002
1,001839e+003;1,010823e-002
1,002321e+003;1,013221e-002
1,002803e+003;1,015171e-002
1,003285e+003;1,016619e-002
1,003767e+003;1,017973e-002
1,004249e+003;1,019994e-002
1,004731e+003;1,023455e-002
1,005214e+003;1,028961e-002
1,005696e+003;1,036629e-002
1,006178e+003;1,046085e-002
1,006660e+003;1,056469e-002
1,007142e+003;1,066808e-002
1,007624e+003;1,076001e-002
1,008106e+003;1,083066e-002
1,008588e+003;1,087296e-002
1,009070e+003;1,088033e-002
1,009552e+003;1,084829e-002
1,010035e+003;1,077495e-002
1,010517e+003;1,066200e-002
1,010999e+003;1,051723e-002
1,011481e+003;1,035581e-002
1,011963e+003;1,020079e-002
1,012445e+003;1,007720e-002
1,012927e+003;1,000908e-002
1,013409e+003;1,001267e-002
1,013892e+003;1,009087e-002
1,014374e+003;1,023231e-002
1,014856e+003;1,041313e-002
1,015338e+003;1,060427e-002
1,015820e+003;1,077421e-002
1,016302e+003;1,089912e-002
1,016784e+003;1,096585e-002
1,017266e+003;1,097251e-002
1,017749e+003;1,092630e-002
1,018231e+003;1,083994e-002
1,018713e+003;1,072832e-002
1,019195e+003;1,060505e-002
1,019677e+003;1,048365e-002
1,020159e+003;1,037692e-002
1,020641e+003;1,029809e-002
1,021123e+003;1,026087e-002
1,021605e+003;1,027763e-002
1,022088e+003;1,035513e-002
1,022570e+003;1,049139e-002
1,023052e+003;1,067286e-002
1,023534e+003;1,087391e-002
1,024016e+003;1,105931e-002
1,024498e+003;1,119420e-002
1,024980e+003;1,125085e-002
1,025462e+003;1,121712e-002
1,025944e+003;1,109969e-002
1,026427e+003;1,092511e-002
1,026909e+003;1,073246e-002
1,027391e+003;1,056075e-002
1,027873e+003;1,044309e-002
1,028355e+003;1,039480e-002
1,028837e+003;1,041221e-002
1,029319e+003;1,047588e-002
1,029801e+003;1,055966e-002
1,030284e+003;1,063952e-002
1,030766e+003;1,070034e-002
1,031248e+003;1,074045e-002
1,031730e+003;1,076949e-002
1,032212e+003;1,080413e-002
1,032694e+003;1,086018e-002
1,033176e+003;1,094818e-002
1,033658e+003;1,107009e-002
1,034141e+003;1,121899e-002
1,034623e+003;1,137957e-002
1,035105e+003;1,153215e-002
1,035587e+003;1,165660e-002
1,036069e+003;1,173329e-002
1,036551e+003;1,174915e-002
1,037033e+003;1,169931e-002
1,037515e+003;1,158918e-002
1,037997e+003;1,143352e-002
1,038479e+003;1,125557e-002
1,038962e+003;1,108045e-002
1,039444e+003;1,092769e-002
1,039926e+003;1,080770e-002
1,040408e+003;1,071851e-002
1,040890e+003;1,065035e-002
1,041372e+003;1,059056e-002
1,041854e+003;1,053138e-002
1,042336e+003;1,047456e-002
1,042819e+003;1,043006e-002
1,043301e+003;1,041031e-002
1,043783e+003;1,042276e-002
1,044265e+003;1,046230e-002
1,044747e+003;1,051166e-002
1,045229e+003;1,054337e-002
1,045711e+003;1,053019e-002
1,046193e+003;1,045759e-002
1,046676e+003;1,032910e-002
1,047158e+003;1,016891e-002
1,047640e+003;1,001382e-002
1,048122e+003;9,907437e-003
1,048604e+003;9,883369e-003
1,049086e+003;9,959271e-003
1,049568e+003;1,013346e-002
1,050050e+003;1,038628e-002
1,050532e+003;1,068590e-002
1,051015e+003;1,099477e-002
1,051497e+003;1,128019e-002
1,051979e+003;1,151541e-002
1,052461e+003;1,168420e-002
1,052943e+003;1,178071e-002
1,053425e+003;1,180934e-002
1,053907e+003;1,178299e-002
1,054389e+003;1,171987e-002
1,054871e+003;1,164094e-002
1,055354e+003;1,156369e-002
1,055836e+003;1,149925e-002
1,056318e+003;1,145019e-002
1,056800e+003;1,141222e-002
1,057282e+003;1,137637e-002
1,057764e+003;1,133488e-002
1,058246e+003;1,128421e-002
1,058728e+003;1,122721e-002
1,059211e+003;1,117115e-002
1,059693e+003;1,112407e-002
1,060175e+003;1,109055e-002
1,060657e+003;1,106879e-002
1,061139e+003;1,105075e-002
1,061621e+003;1,102329e-002
1,062103e+003;1,097533e-002
1,062585e+003;1,090092e-002
1,063068e+003;1,080396e-002
1,063550e+003;1,069660e-002
1,064032e+003;1,059860e-002
1,064514e+003;1,053019e-002
1,064996e+003;1,050585e-002
1,065478e+003;1,053081e-002
1,065960e+003;1,059779e-002
1,066442e+003;1,069090e-002
1,066924e+003;1,078997e-002
1,067406e+003;1,087829e-002
1,067889e+003;1,094859e-002
1,068371e+003;1,100480e-002
1,068853e+003;1,105911e-002
1,069335e+003;1,112804e-002
1,069817e+003;1,122422e-002
1,070299e+003;1,135134e-002
1,070781e+003;1,150193e-002
1,071263e+003;1,165963e-002
1,071746e+003;1,180577e-002
1,072228e+003;1,192386e-002
1,072710e+003;1,200465e-002
1,073192e+003;1,204644e-002
1,073674e+003;1,205431e-002
1,074156e+003;1,203462e-002
1,074638e+003;1,199378e-002
1,075120e+003;1,193823e-002
1,075603e+003;1,187509e-002
1,076085e+003;1,181557e-002
1,076567e+003;1,177506e-002
1,077049e+003;1,176750e-002
1,077531e+003;1,180107e-002
1,078013e+003;1,187026e-002
1,078495e+003;1,195505e-002
1,078977e+003;1,202263e-002
1,079459e+003;1,203919e-002
1,079942e+003;1,198152e-002
1,080424e+003;1,184754e-002
1,080906e+003;1,165884e-002
1,081388e+003;1,145464e-002
1,081870e+003;1,128080e-002
1,082352e+003;1,117135e-002
1,082834e+003;1,114045e-002
1,083316e+003;1,117924e-002
1,083798e+003;1,126431e-002
1,084281e+003;1,136586e-002
1,084763e+003;1,146152e-002
1,085245e+003;1,154287e-002
1,085727e+003;1,161314e-002
1,086209e+003;1,168151e-002
1,086691e+003;1,175497e-002
1,087173e+003;1,183202e-002
1,087655e+003;1,190445e-002
1,088138e+003;1,196231e-002
1,088620e+003;1,200189e-002
1,089102e+003;1,203098e-002
1,089584e+003;1,206947e-002
1,090066e+003;1,214204e-002
1,090548e+003;1,226752e-002
1,091030e+003;1,245099e-002
1,091512e+003;1,267797e-002
1,091995e+003;1,292002e-002
1,092477e+003;1,313902e-002
1,092959e+003;1,330195e-002
1,093441e+003;1,339055e-002
1,093923e+003;1,340350e-002
1,094405e+003;1,335501e-002
1,094887e+003;1,326683e-002
1,095369e+003;1,316241e-002
1,095851e+003;1,305549e-002
1,096333e+003;1,295061e-002
1,096816e+003;1,284203e-002
1,097298e+003;1,271922e-002
1,097780e+003;1,257230e-002
1,098262e+003;1,239719e-002
1,098744e+003;1,219902e-002
1,099226e+003;1,199283e-002
1,099708e+003;1,179923e-002
1,100190e+003;1,164023e-002
1,100673e+003;1,153555e-002
1,101155e+003;1,149554e-002
1,101637e+003;1,152031e-002
1,102119e+003;1,159932e-002
1,102601e+003;1,171361e-002
1,103083e+003;1,183804e-002
1,103565e+003;1,194736e-002
1,104047e+003;1,202209e-002
1,104530e+003;1,205162e-002
1,105012e+003;1,203871e-002
1,105494e+003;1,199787e-002
1,105976e+003;1,195345e-002
1,106458e+003;1,193135e-002
1,106940e+003;1,195029e-002
1,107422e+003;1,201660e-002
1,107904e+003;1,211904e-002
1,108386e+003;1,223064e-002
1,108869e+003;1,231548e-002
1,109351e+003;1,234265e-002
1,109833e+003;1,229346e-002
1,110315e+003;1,217050e-002
1,110797e+003;1,199668e-002
1,111279e+003;1,181009e-002
1,111761e+003;1,165142e-002
1,112243e+003;1,155035e-002
1,112725e+003;1,151929e-002
1,113208e+003;1,155059e-002
1,113690e+003;1,162250e-002
1,114172e+003;1,170612e-002
1,114654e+003;1,177802e-002
1,115136e+003;1,182405e-002
1,115618e+003;1,184141e-002
1,116100e+003;1,183624e-002
1,116582e+003;1,181833e-002
1,117065e+003;1,179715e-002
1,117547e+003;1,177880e-002
1,118029e+003;1,176757e-002
1,118511e+003;1,176559e-002
1,118993e+003;1,177444e-002
1,119475e+003;1,179324e-002
1,119957e+003;1,181795e-002
1,120439e+003;1,184084e-002
1,120922e+003;1,185034e-002
1,121404e+003;1,183678e-002
1,121886e+003;1,179545e-002
1,122368e+003;1,173189e-002
1,122850e+003;1,166102e-002
1,123332e+003;1,160572e-002
1,123814e+003;1,158870e-002
1,124296e+003;1,162481e-002
1,124778e+003;1,171695e-002
1,125260e+003;1,185401e-002
1,125743e+003;1,201453e-002
1,126225e+003;1,217087e-002
1,126707e+003;1,229912e-002
1,127189e+003;1,238236e-002
1,127671e+003;1,241499e-002
1,128153e+003;1,240132e-002
1,128635e+003;1,235420e-002
1,129117e+003;1,229220e-002
1,129600e+003;1,223378e-002
1,130082e+003;1,219718e-002
1,130564e+003;1,219541e-002
1,131046e+003;1,223385e-002
1,131528e+003;1,230989e-002
1,132010e+003;1,241386e-002
1,132492e+003;1,253093e-002
1,132974e+003;1,264488e-002
1,133457e+003;1,274423e-002
1,133939e+003;1,282337e-002
1,134421e+003;1,288517e-002
1,134903e+003;1,293777e-002
1,135385e+003;1,299226e-002
1,135867e+003;1,305798e-002
1,136349e+003;1,313984e-002
1,136831e+003;1,323875e-002
1,137313e+003;1,335248e-002
1,137796e+003;1,347855e-002
1,138278e+003;1,361481e-002
1,138760e+003;1,375952e-002
1,139242e+003;1,391003e-002
1,139724e+003;1,405997e-002
1,140206e+003;1,419946e-002
1,140688e+003;1,431584e-002
1,141170e+003;1,439622e-002
1,141652e+003;1,443294e-002
1,142135e+003;1,442595e-002
1,142617e+003;1,438499e-002
1,143099e+003;1,432725e-002
1,143581e+003;1,427581e-002
1,144063e+003;1,425452e-002
1,144545e+003;1,428280e-002
1,145027e+003;1,437420e-002
1,145509e+003;1,453218e-002
1,145992e+003;1,474918e-002
1,146474e+003;1,500645e-002
1,146956e+003;1,527873e-002
1,147438e+003;1,553621e-002
1,147920e+003;1,575103e-002
1,148402e+003;1,590450e-002
1,148884e+003;1,598913e-002
1,149366e+003;1,601068e-002
1,149849e+003;1,598449e-002
1,150331e+003;1,593227e-002
1,150813e+003;1,587367e-002
1,151295e+003;1,582288e-002
1,151777e+003;1,578807e-002
1,152259e+003;1,577285e-002
1,152741e+003;1,577924e-002
1,153223e+003;1,581140e-002
1,153705e+003;1,587453e-002
1,154188e+003;1,597393e-002
1,154670e+003;1,611063e-002
1,155152e+003;1,627930e-002
1,155634e+003;1,646647e-002
1,156116e+003;1,665345e-002
1,156598e+003;1,682074e-002
1,157080e+003;1,695078e-002
1,157562e+003;1,703275e-002
1,158044e+003;1,706249e-002
1,158527e+003;1,704230e-002
1,159009e+003;1,697958e-002
1,159491e+003;1,688543e-002
1,159973e+003;1,677497e-002
1,160455e+003;1,666495e-002
1,160937e+003;1,657386e-002
1,161419e+003;1,651799e-002
1,161901e+003;1,650667e-002
1,162384e+003;1,654074e-002
1,162866e+003;1,661210e-002
1,163348e+003;1,670733e-002
1,163830e+003;1,681003e-002
1,164312e+003;1,690809e-002
1,164794e+003;1,699433e-002
1,165276e+003;1,706631e-002
1,165758e+003;1,712366e-002
1,166240e+003;1,716461e-002
1,166723e+003;1,718436e-002
1,167205e+003;1,717785e-002
1,167687e+003;1,714235e-002
1,168169e+003;1,708172e-002
1,168651e+003;1,700563e-002
1,169133e+003;1,692756e-002
1,169615e+003;1,685732e-002
1,170097e+003;1,679577e-002
1,170579e+003;1,673309e-002
1,171062e+003;1,665311e-002
1,171544e+003;1,654157e-002
1,172026e+003;1,639496e-002
1,172508e+003;1,622540e-002
1,172990e+003;1,605961e-002
1,173472e+003;1,593014e-002
1,173954e+003;1,586065e-002
1,174436e+003;1,585890e-002
1,174919e+003;1,591055e-002
1,175401e+003;1,598655e-002
1,175883e+003;1,605070e-002
1,176365e+003;1,607487e-002
1,176847e+003;1,604809e-002
1,177329e+003;1,597748e-002
1,177811e+003;1,588271e-002
1,178293e+003;1,578711e-002
1,178776e+003;1,570891e-002
1,179258e+003;1,565357e-002
1,179740e+003;1,561544e-002
1,180222e+003;1,558045e-002
1,180704e+003;1,553401e-002
1,181186e+003;1,546386e-002
1,181668e+003;1,536440e-002
1,182150e+003;1,523515e-002
1,182632e+003;1,508089e-002
1,183115e+003;1,490960e-002
1,183597e+003;1,473215e-002
1,184079e+003;1,456292e-002
1,184561e+003;1,441715e-002
1,185043e+003;1,430875e-002
1,185525e+003;1,424702e-002
1,186007e+003;1,423284e-002
1,186489e+003;1,425671e-002
1,186971e+003;1,430023e-002
1,187454e+003;1,434255e-002
1,187936e+003;1,436379e-002
1,188418e+003;1,435183e-002
1,188900e+003;1,430523e-002
1,189382e+003;1,423171e-002
1,189864e+003;1,414452e-002
1,190346e+003;1,405830e-002
1,190828e+003;1,398568e-002
1,191311e+003;1,393483e-002
1,191793e+003;1,391034e-002
1,192275e+003;1,391331e-002
1,192757e+003;1,394294e-002
1,193239e+003;1,399618e-002
1,193721e+003;1,406665e-002
1,194203e+003;1,414469e-002
1,194685e+003;1,421648e-002
1,195167e+003;1,426636e-002
1,195650e+003;1,428143e-002
1,196132e+003;1,425342e-002
1,196614e+003;1,418317e-002
1,197096e+003;1,408041e-002
1,197578e+003;1,396296e-002
1,198060e+003;1,385030e-002
1,198542e+003;1,376062e-002
1,199024e+003;1,370552e-002
1,199506e+003;1,368665e-002
1,199989e+003;1,369649e-002
1,200471e+003;1,372091e-002
1,200953e+003;1,374475e-002
1,201435e+003;1,375487e-002
1,201917e+003;1,374399e-002
1,202399e+003;1,371202e-002
1,202881e+003;1,366421e-002
1,203363e+003;1,360787e-002
1,203846e+003;1,354972e-002
1,204328e+003;1,349332e-002
1,204810e+003;1,343901e-002
1,205292e+003;1,338549e-002
1,205774e+003;1,333236e-002
1,206256e+003;1,328115e-002
1,206738e+003;1,323629e-002
1,207220e+003;1,320275e-002
1,207703e+003;1,318362e-002
1,208185e+003;1,317768e-002
1,208667e+003;1,317922e-002
1,209149e+003;1,317946e-002
1,209631e+003;1,316941e-002
1,210113e+003;1,314465e-002
1,210595e+003;1,310654e-002
1,211077e+003;1,306290e-002
1,211559e+003;1,302415e-002
1,212042e+003;1,300083e-002
1,212524e+003;1,299874e-002
1,213006e+003;1,301769e-002
1,213488e+003;1,305160e-002
1,213970e+003;1,309179e-002
1,214452e+003;1,312997e-002
1,214934e+003;1,316111e-002
1,215416e+003;1,318444e-002
1,215898e+003;1,320210e-002
1,216381e+003;1,321788e-002
1,216863e+003;1,323455e-002
1,217345e+003;1,325293e-002
1,217827e+003;1,327144e-002
1,218309e+003;1,328856e-002
1,218791e+003;1,330185e-002
1,219273e+003;1,331025e-002
1,219755e+003;1,331343e-002
1,220238e+003;1,331135e-002
1,220720e+003;1,330318e-002
1,221202e+003;1,328716e-002
1,221684e+003;1,326147e-002
1,222166e+003;1,322393e-002
1,222648e+003;1,317471e-002
1,223130e+003;1,311682e-002
1,223612e+003;1,305611e-002
1,224094e+003;1,300178e-002
1,224577e+003;1,296426e-002
1,225059e+003;1,295252e-002
1,225541e+003;1,297253e-002
1,226023e+003;1,302360e-002
1,226505e+003;1,309998e-002
1,226987e+003;1,318936e-002
1,227469e+003;1,327828e-002
1,227951e+003;1,335467e-002
1,228434e+003;1,341153e-002
1,228916e+003;1,344861e-002
1,229398e+003;1,347178e-002
1,229880e+003;1,349075e-002
1,230362e+003;1,351369e-002
1,230844e+003;1,354421e-002
1,231326e+003;1,357922e-002
1,231808e+003;1,361081e-002
1,232291e+003;1,362835e-002
1,232773e+003;1,362465e-002
1,233255e+003;1,359908e-002
1,233737e+003;1,355925e-002
1,234219e+003;1,351830e-002
1,234701e+003;1,349068e-002
1,235183e+003;1,348857e-002
1,235665e+003;1,351728e-002
1,236147e+003;1,357467e-002
1,236630e+003;1,365211e-002
1,237112e+003;1,373924e-002
1,237594e+003;1,382451e-002
1,238076e+003;1,389809e-002
1,238558e+003;1,395304e-002
1,239040e+003;1,398329e-002
1,239522e+003;1,398417e-002
1,240004e+003;1,395317e-002
1,240486e+003;1,389073e-002
1,240969e+003;1,380333e-002
1,241451e+003;1,370251e-002
1,241933e+003;1,360564e-002
1,242415e+003;1,353136e-002
1,242897e+003;1,349516e-002
1,243379e+003;1,350627e-002
1,243861e+003;1,356387e-002
1,244343e+003;1,365772e-002
1,244826e+003;1,377129e-002
1,245308e+003;1,388711e-002
1,245790e+003;1,398972e-002
1,246272e+003;1,407075e-002
1,246754e+003;1,412887e-002
1,247236e+003;1,416834e-002
1,247718e+003;1,419556e-002
1,248200e+003;1,421600e-002
1,248682e+003;1,423229e-002
1,249165e+003;1,424339e-002
1,249647e+003;1,424589e-002
1,250129e+003;1,423592e-002
1,250611e+003;1,421175e-002
1,251093e+003;1,417478e-002
1,251575e+003;1,412976e-002
1,252057e+003;1,408277e-002
1,252539e+003;1,403992e-002
1,253021e+003;1,400498e-002
1,253504e+003;1,397808e-002
1,253986e+003;1,395752e-002
1,254468e+003;1,393962e-002
1,254950e+003;1,392279e-002
1,255432e+003;1,390757e-002
1,255914e+003;1,389696e-002
1,256396e+003;1,389525e-002
1,256878e+003;1,390623e-002
1,257361e+003;1,393080e-002
1,257843e+003;1,396707e-002
1,258325e+003;1,401052e-002
1,258807e+003;1,405648e-002
1,259289e+003;1,410081e-002
1,259771e+003;1,414109e-002
1,260253e+003;1,417598e-002
1,260735e+003;1,420367e-002
1,261218e+003;1,422158e-002
1,261700e+003;1,422545e-002
1,262182e+003;1,421179e-002
1,262664e+003;1,418046e-002
1,263146e+003;1,413654e-002
1,263628e+003;1,408996e-002
1,264110e+003;1,405323e-002
1,264592e+003;1,403749e-002
1,265074e+003;1,404848e-002
1,265557e+003;1,408455e-002
1,266039e+003;1,413681e-002
1,266521e+003;1,419371e-002
1,267003e+003;1,424424e-002
1,267485e+003;1,428143e-002
1,267967e+003;1,430341e-002
1,268449e+003;1,431269e-002
1,268931e+003;1,431262e-002
1,269413e+003;1,430547e-002
1,269896e+003;1,429105e-002
1,270378e+003;1,426722e-002
1,270860e+003;1,423288e-002
1,271342e+003;1,418922e-002
1,271824e+003;1,414089e-002
1,272306e+003;1,409485e-002
1,272788e+003;1,405854e-002
1,273270e+003;1,403653e-002
1,273753e+003;1,403006e-002
1,274235e+003;1,403687e-002
1,274717e+003;1,405275e-002
1,275199e+003;1,407387e-002
1,275681e+003;1,409742e-002
1,276163e+003;1,412230e-002
1,276645e+003;1,414856e-002
1,277127e+003;1,417611e-002
1,277609e+003;1,420408e-002
1,278092e+003;1,423137e-002
1,278574e+003;1,425739e-002
1,279056e+003;1,428211e-002
1,279538e+003;1,430663e-002
1,280020e+003;1,433201e-002
1,280502e+003;1,435831e-002
1,280984e+003;1,438280e-002
1,281466e+003;1,440136e-002
1,281948e+003;1,440804e-002
1,282431e+003;1,439800e-002
1,282913e+003;1,436889e-002
1,283395e+003;1,432187e-002
1,283877e+003;1,426177e-002
1,284359e+003;1,419477e-002
1,284841e+003;1,412843e-002
1,285323e+003;1,407038e-002
1,285805e+003;1,402736e-002
1,286288e+003;1,400621e-002
1,286770e+003;1,401258e-002
1,287252e+003;1,404988e-002
1,287734e+003;1,411768e-002
1,288216e+003;1,421066e-002
1,288698e+003;1,431824e-002
1,289180e+003;1,442633e-002
1,289662e+003;1,452156e-002
1,290145e+003;1,459355e-002
1,290627e+003;1,463803e-002
1,291109e+003;1,465822e-002
1,291591e+003;1,466315e-002
1,292073e+003;1,466449e-002
1,292555e+003;1,467292e-002
1,293037e+003;1,469664e-002
1,293519e+003;1,473900e-002
1,294001e+003;1,479947e-002
1,294484e+003;1,487480e-002
1,294966e+003;1,495984e-002
1,295448e+003;1,504929e-002
1,295930e+003;1,513715e-002
1,296412e+003;1,521826e-002
1,296894e+003;1,528790e-002
1,297376e+003;1,534309e-002
1,297858e+003;1,538380e-002
1,298340e+003;1,541350e-002
1,298823e+003;1,543777e-002
1,299305e+003;1,546386e-002
1,299787e+003;1,549758e-002
1,300269e+003;1,554184e-002
1,300751e+003;1,559570e-002
1,301233e+003;1,565481e-002
1,301715e+003;1,571369e-002
1,302197e+003;1,576773e-002
1,302680e+003;1,581494e-002
1,303162e+003;1,585735e-002
1,303644e+003;1,589993e-002
1,304126e+003;1,594857e-002
1,304608e+003;1,600797e-002
1,305090e+003;1,607986e-002
1,305572e+003;1,616067e-002
1,306054e+003;1,624273e-002
1,306536e+003;1,631387e-002
1,307019e+003;1,636179e-002
1,307501e+003;1,637556e-002
1,307983e+003;1,634893e-002
1,308465e+003;1,628274e-002
1,308947e+003;1,618491e-002
1,309429e+003;1,606855e-002
1,309911e+003;1,594760e-002
1,310393e+003;1,583508e-002
1,310875e+003;1,573849e-002
1,311358e+003;1,565900e-002
1,311840e+003;1,559312e-002
1,312322e+003;1,553484e-002
1,312804e+003;1,547921e-002
1,313286e+003;1,542458e-002
1,313768e+003;1,537340e-002
1,314250e+003;1,532974e-002
1,314732e+003;1,529716e-002
1,315215e+003;1,527540e-002
1,315697e+003;1,525900e-002
1,316179e+003;1,523940e-002
1,316661e+003;1,520691e-002
1,317143e+003;1,515413e-002
1,317625e+003;1,507917e-002
1,318107e+003;1,498642e-002
1,318589e+003;1,488598e-002
1,319072e+003;1,478984e-002
1,319554e+003;1,470839e-002
1,320036e+003;1,464773e-002
1,320518e+003;1,460842e-002
1,321000e+003;1,458677e-002
1,321482e+003;1,457707e-002
1,321964e+003;1,457440e-002
1,322446e+003;1,457652e-002
1,322928e+003;1,458406e-002
1,323411e+003;1,460068e-002
1,323893e+003;1,463128e-002
1,324375e+003;1,467950e-002
1,324857e+003;1,474641e-002
1,325339e+003;1,482865e-002
1,325821e+003;1,491989e-002
1,326303e+003;1,501163e-002
1,326785e+003;1,509601e-002
1,327267e+003;1,516830e-002
1,327750e+003;1,522811e-002
1,328232e+003;1,527997e-002
1,328714e+003;1,533073e-002
1,329196e+003;1,538789e-002
1,329678e+003;1,545631e-002
1,330160e+003;1,553673e-002
1,330642e+003;1,562630e-002
1,331124e+003;1,572008e-002
1,331607e+003;1,581378e-002
1,332089e+003;1,590584e-002
1,332571e+003;1,599838e-002
1,333053e+003;1,609667e-002
1,333535e+003;1,620730e-002
1,334017e+003;1,633520e-002
1,334499e+003;1,648265e-002
1,334981e+003;1,664880e-002
1,335464e+003;1,683056e-002
1,335946e+003;1,702338e-002
1,336428e+003;1,722304e-002
1,336910e+003;1,742587e-002
1,337392e+003;1,762762e-002
1,337874e+003;1,782259e-002
1,338356e+003;1,800307e-002
1,338838e+003;1,815993e-002
1,339320e+003;1,828591e-002
1,339802e+003;1,837851e-002
1,340285e+003;1,844325e-002
1,340767e+003;1,848979e-002
1,341249e+003;1,852993e-002
1,341731e+003;1,857264e-002
1,342213e+003;1,862213e-002
1,342695e+003;1,867861e-002
1,343177e+003;1,874060e-002
1,343659e+003;1,880675e-002
1,344142e+003;1,887783e-002
1,344624e+003;1,895629e-002
1,345106e+003;1,904591e-002
1,345588e+003;1,914888e-002
1,346070e+003;1,926528e-002
1,346552e+003;1,939106e-002
1,347034e+003;1,952094e-002
1,347516e+003;1,964978e-002
1,347999e+003;1,977450e-002
1,348481e+003;1,989495e-002
1,348963e+003;2,001346e-002
1,349445e+003;2,013231e-002
1,349927e+003;2,025210e-002
1,350409e+003;2,037025e-002
1,350891e+003;2,048142e-002
1,351373e+003;2,057987e-002
1,351855e+003;2,066155e-002
1,352338e+003;2,072560e-002
1,352820e+003;2,077478e-002
1,353302e+003;2,081506e-002
1,353784e+003;2,085431e-002
1,354266e+003;2,090083e-002
1,354748e+003;2,096293e-002
1,355230e+003;2,104907e-002
1,355712e+003;2,116657e-002
1,356194e+003;2,132200e-002
1,356677e+003;2,151905e-002
1,357159e+003;2,175783e-002
1,357641e+003;2,203479e-002
1,358123e+003;2,234441e-002
1,358605e+003;2,268204e-002
1,359087e+003;2,304865e-002
1,359569e+003;2,345495e-002
1,360051e+003;2,392412e-002
1,360534e+003;2,449001e-002
1,361016e+003;2,518812e-002
1,361498e+003;2,604356e-002
1,361980e+003;2,705188e-002
1,362462e+003;2,816867e-002
1,362944e+003;2,931378e-002
1,363426e+003;3,039974e-002
1,363908e+003;3,136089e-002
1,364391e+003;3,216664e-002
1,364873e+003;3,281871e-002
1,365355e+003;3,333446e-002
1,365837e+003;3,373642e-002
1,366319e+003;3,404794e-002
1,366801e+003;3,429826e-002
1,367283e+003;3,452867e-002
1,367765e+003;3,479125e-002
1,368247e+003;3,514926e-002
1,368729e+003;3,565926e-002
1,369212e+003;3,635676e-002
1,369694e+003;3,725386e-002
1,370176e+003;3,834290e-002
1,370658e+003;3,961247e-002
1,371140e+003;4,106021e-002
1,371622e+003;4,270412e-002
1,372104e+003;4,457574e-002
1,372586e+003;4,669978e-002
1,373069e+003;4,906412e-002
1,373551e+003;5,158150e-002
1,374033e+003;5,408060e-002
1,374515e+003;5,635330e-002
1,374997e+003;5,821069e-002
1,375479e+003;5,954623e-002
1,375961e+003;6,033300e-002
1,376443e+003;6,058157e-002
1,376926e+003;6,030167e-002
1,377408e+003;5,948885e-002
1,377890e+003;5,813826e-002
1,378372e+003;5,627721e-002
1,378854e+003;5,399073e-002
1,379336e+003;5,142116e-002
1,379818e+003;4,872293e-002
1,380300e+003;4,603723e-002
1,380782e+003;4,345750e-002
1,381265e+003;4,102587e-002
1,381747e+003;3,875710e-002
1,382229e+003;3,665340e-002
1,382711e+003;3,471529e-002
1,383193e+003;3,294030e-002
1,383675e+003;3,131342e-002
1,384157e+003;2,980154e-002
1,384639e+003;2,835379e-002
1,385121e+003;2,691353e-002
1,385604e+003;2,543369e-002
1,386086e+003;2,389950e-002
1,386568e+003;2,234190e-002
1,387050e+003;2,083352e-002
1,387532e+003;1,945891e-002
1,388014e+003;1,827662e-002
1,388496e+003;1,730045e-002
1,388978e+003;1,650715e-002
1,389461e+003;1,585810e-002
1,389943e+003;1,531481e-002
1,390425e+003;1,484785e-002
1,390907e+003;1,443599e-002
1,391389e+003;1,406193e-002
1,391871e+003;1,371134e-002
1,392353e+003;1,337271e-002
1,392835e+003;1,304125e-002
1,393318e+003;1,272219e-002
1,393800e+003;1,243210e-002
1,394282e+003;1,219254e-002
1,394764e+003;1,201790e-002
1,395246e+003;1,190458e-002
1,395728e+003;1,183171e-002
1,396210e+003;1,177271e-002
1,396692e+003;1,170551e-002
1,397174e+003;1,162216e-002
1,397656e+003;1,152670e-002
1,398139e+003;1,143138e-002
1,398621e+003;1,134892e-002
1,399103e+003;1,128696e-002
1,399585e+003;1,124476e-002
1,400067e+003;1,121708e-002
1,400549e+003;1,119825e-002
1,401031e+003;1,118635e-002
1,401513e+003;1,118237e-002
1,401996e+003;1,118777e-002
1,402478e+003;1,120134e-002
1,402960e+003;1,121888e-002
1,403442e+003;1,123480e-002
1,403924e+003;1,124605e-002
1,404406e+003;1,125676e-002
1,404888e+003;1,127805e-002
1,405370e+003;1,132151e-002
1,405853e+003;1,139392e-002
1,406335e+003;1,149054e-002
1,406817e+003;1,159857e-002
1,407299e+003;1,170173e-002
1,407781e+003;1,178769e-002
1,408263e+003;1,185282e-002
1,408745e+003;1,190162e-002
1,409227e+003;1,194364e-002
1,409709e+003;1,198731e-002
1,410192e+003;1,203558e-002
1,410674e+003;1,208399e-002
1,411156e+003;1,212368e-002
1,411638e+003;1,214787e-002
1,412120e+003;1,215642e-002
1,412602e+003;1,215704e-002
1,413084e+003;1,216136e-002
1,413566e+003;1,217840e-002
1,414048e+003;1,221238e-002
1,414531e+003;1,226091e-002
1,415013e+003;1,231902e-002
1,415495e+003;1,238376e-002
1,415977e+003;1,245863e-002
1,416459e+003;1,255344e-002
1,416941e+003;1,268139e-002
1,417423e+003;1,285132e-002
1,417905e+003;1,305774e-002
1,418388e+003;1,327667e-002
1,418870e+003;1,347445e-002
1,419352e+003;1,362674e-002
1,419834e+003;1,373442e-002
1,420316e+003;1,381873e-002
1,420798e+003;1,390603e-002
1,421280e+003;1,401531e-002
1,421762e+003;1,415609e-002
1,422245e+003;1,433293e-002
1,422727e+003;1,454979e-002
1,423209e+003;1,481202e-002
1,423691e+003;1,512456e-002
1,424173e+003;1,548546e-002
1,424655e+003;1,588295e-002
1,425137e+003;1,629615e-002
1,425619e+003;1,670561e-002
1,426101e+003;1,710085e-002
1,426584e+003;1,748702e-002
1,427066e+003;1,788611e-002
1,427548e+003;1,833509e-002
1,428030e+003;1,887586e-002
1,428512e+003;1,954232e-002
1,428994e+003;2,034705e-002
1,429476e+003;2,127314e-002
1,429958e+003;2,228135e-002
1,430441e+003;2,332637e-002
1,430923e+003;2,437522e-002
1,431405e+003;2,541065e-002
1,431887e+003;2,642901e-002
1,432369e+003;2,743275e-002
1,432851e+003;2,842467e-002
1,433333e+003;2,941025e-002
1,433815e+003;3,040318e-002
1,434297e+003;3,143070e-002
1,434780e+003;3,253628e-002
1,435262e+003;3,377263e-002
1,435744e+003;3,517603e-002
1,436226e+003;3,672295e-002
1,436708e+003;3,831963e-002
1,437190e+003;3,984506e-002
1,437672e+003;4,121972e-002
1,438154e+003;4,244281e-002
1,438636e+003;4,356877e-002
1,439119e+003;4,466636e-002
1,439601e+003;4,579733e-002
1,440083e+003;4,700080e-002
1,440565e+003;4,829045e-002
1,441047e+003;4,965444e-002
1,441529e+003;5,106651e-002
1,442011e+003;5,249497e-002
1,442493e+003;5,391175e-002
1,442976e+003;5,530054e-002
1,443458e+003;5,665290e-002
1,443940e+003;5,796480e-002
1,444422e+003;5,923624e-002
1,444904e+003;6,046966e-002
1,445386e+003;6,167537e-002
1,445868e+003;6,287443e-002
1,446350e+003;6,409701e-002
1,446833e+003;6,537269e-002
1,447315e+003;6,671796e-002
1,447797e+003;6,812806e-002
1,448279e+003;6,957831e-002
1,448761e+003;7,104266e-002
1,449243e+003;7,251447e-002
1,449725e+003;7,401066e-002
1,450207e+003;7,556410e-002
1,450689e+003;7,720441e-002
1,451172e+003;7,894007e-002
1,451654e+003;8,074286e-002
1,452136e+003;8,255240e-002
1,452618e+003;8,430156e-002
1,453100e+003;8,593048e-002
1,453582e+003;8,741461e-002
1,454064e+003;8,876353e-002
1,454546e+003;9,000245e-002
1,455028e+003;9,115356e-002
1,455511e+003;9,221000e-002
1,455993e+003;9,311917e-002
1,456475e+003;9,378856e-002
1,456957e+003;9,415259e-002
1,457439e+003;9,424178e-002
1,457921e+003;9,416123e-002
1,458403e+003;9,401441e-002
1,458885e+003;9,384284e-002
1,459368e+003;9,364462e-002
1,459850e+003;9,340745e-002
1,460332e+003;9,312812e-002
1,460814e+003;9,281205e-002
1,461296e+003;9,246439e-002
1,461778e+003;9,207597e-002
1,462260e+003;9,161349e-002
1,462742e+003;9,101323e-002
1,463224e+003;9,019217e-002
1,463707e+003;8,906633e-002
1,464189e+003;8,759157e-002
1,464671e+003;8,579122e-002
1,465153e+003;8,373795e-002
1,465635e+003;8,150198e-002
1,466117e+003;7,910927e-002
1,466599e+003;7,653484e-002
1,467081e+003;7,374730e-002
1,467563e+003;7,074253e-002
1,468046e+003;6,756406e-002
1,468528e+003;6,427601e-002
1,469010e+003;6,095017e-002
1,469492e+003;5,762891e-002
1,469974e+003;5,428566e-002
1,470456e+003;5,084129e-002
1,470938e+003;4,718958e-002
1,471420e+003;4,327937e-002
1,471903e+003;3,921533e-002
1,472385e+003;3,529914e-002
1,472867e+003;3,189797e-002
1,473349e+003;2,921748e-002
1,473831e+003;2,721755e-002
1,474313e+003;2,569769e-002
1,474795e+003;2,443000e-002
1,475277e+003;2,326240e-002
1,475760e+003;2,212421e-002
1,476242e+003;2,101533e-002
1,476724e+003;1,996971e-002
1,477206e+003;1,902109e-002
1,477688e+003;1,817935e-002
1,478170e+003;1,743070e-002
1,478652e+003;1,675093e-002
1,479134e+003;1,611796e-002
1,479616e+003;1,551873e-002
1,480099e+003;1,494938e-002
1,480581e+003;1,440999e-002
1,481063e+003;1,390038e-002
1,481545e+003;1,341741e-002
1,482027e+003;1,295918e-002
1,482509e+003;1,252834e-002
1,482991e+003;1,213414e-002
1,483473e+003;1,178854e-002
1,483955e+003;1,150084e-002
1,484438e+003;1,127135e-002
1,484920e+003;1,108800e-002
1,485402e+003;1,092769e-002
1,485884e+003;1,076426e-002
1,486366e+003;1,057833e-002
1,486848e+003;1,036568e-002
1,487330e+003;1,013696e-002
1,487812e+003;9,911302e-003
1,488295e+003;9,702839e-003
1,488777e+003;9,510530e-003
1,489259e+003;9,318644e-003
1,489741e+003;9,110129e-003
1,490223e+003;8,885479e-003
1,490705e+003;8,664799e-003
1,491187e+003;8,475922e-003
1,491669e+003;8,335762e-003
1,492151e+003;8,245386e-003
1,492634e+003;8,191224e-003
1,493116e+003;8,152767e-003
1,493598e+003;8,108778e-003
1,494080e+003;8,043426e-003
1,494562e+003;7,948286e-003
1,495044e+003;7,824861e-003
1,495526e+003;7,682516e-003
1,496008e+003;7,534116e-003
1,496490e+003;7,389440e-003
1,496973e+003;7,250439e-003
1,497455e+003;7,112459e-003
1,497937e+003;6,972402e-003
1,498419e+003;6,832087e-003
1,498901e+003;6,697503e-003
1,499383e+003;6,574164e-003
1,499865e+003;6,463303e-003
1,500347e+003;6,361211e-003
1,500830e+003;6,262371e-003
1,501312e+003;6,162512e-003
1,501794e+003;6,061600e-003
1,502276e+003;5,962458e-003
1,502758e+003;5,869351e-003
1,503240e+003;5,783181e-003
1,503722e+003;5,699310e-003
1,504204e+003;5,605320e-003
1,504687e+003;5,481787e-003
1,505169e+003;5,308846e-003
1,505651e+003;5,080990e-003
1,506133e+003;4,830873e-003
1,506615e+003;4,639537e-003
1,507097e+003;4,582072e-003
1,507579e+003;4,650789e-003
1,508061e+003;4,770200e-003
1,508543e+003;4,872723e-003
1,509026e+003;4,932371e-003
1,509508e+003;4,951540e-003
1,509990e+003;4,945206e-003
1,510472e+003;4,928282e-003
1,510954e+003;4,910621e-003
1,511436e+003;4,893029e-003
1,511918e+003;4,869472e-003
1,512400e+003;4,831912e-003
1,512882e+003;4,776365e-003
1,513365e+003;4,705349e-003
1,513847e+003;4,627112e-003
1,514329e+003;4,550563e-003
1,514811e+003;4,482096e-003
1,515293e+003;4,421974e-003
1,515775e+003;4,363534e-003
1,516257e+003;4,298107e-003
1,516739e+003;4,223490e-003
1,517222e+003;4,148685e-003
1,517704e+003;4,090248e-003
1,518186e+003;4,061684e-003
1,518668e+003;4,065966e-003
1,519150e+003;4,093057e-003
1,519632e+003;4,121556e-003
1,520114e+003;4,119482e-003
1,520596e+003;4,055364e-003
1,521078e+003;3,919030e-003
1,521561e+003;3,737553e-003
1,522043e+003;3,564002e-003
1,522525e+003;3,439311e-003
1,523007e+003;3,374224e-003
1,523489e+003;3,356092e-003
1,523971e+003;3,365409e-003
1,524453e+003;3,386012e-003
1,524935e+003;3,409622e-003
1,525417e+003;3,434702e-003
1,525900e+003;3,462122e-003
1,526382e+003;3,491080e-003
1,526864e+003;3,515998e-003
1,527346e+003;3,528558e-003
1,527828e+003;3,523681e-003
1,528310e+003;3,502002e-003
1,528792e+003;3,472276e-003
1,529274e+003;3,446291e-003
1,529757e+003;3,436539e-003
1,530239e+003;3,449831e-003
1,530721e+003;3,487072e-003
1,531203e+003;3,540784e-003
1,531685e+003;3,598446e-003
1,532167e+003;3,643351e-003
1,532649e+003;3,659423e-003
1,533131e+003;3,639842e-003
1,533614e+003;3,592398e-003
1,534096e+003;3,536575e-003
1,534578e+003;3,489143e-003
1,535060e+003;3,458582e-003
1,535542e+003;3,444521e-003
1,536024e+003;3,443252e-003
1,536506e+003;3,451000e-003
1,536988e+003;3,464627e-003
1,537470e+003;3,479657e-003
1,537953e+003;3,487339e-003
1,538435e+003;3,472944e-003
1,538917e+003;3,417269e-003
1,539399e+003;3,310449e-003
1,539881e+003;3,167674e-003
1,540363e+003;3,031352e-003
1,540845e+003;2,940939e-003
1,541327e+003;2,903178e-003
1,541809e+003;2,895506e-003
1,542292e+003;2,886200e-003
1,542774e+003;2,851946e-003
1,543256e+003;2,784546e-003
1,543738e+003;2,694218e-003
1,544220e+003;2,605509e-003
1,544702e+003;2,547446e-003
1,545184e+003;2,537581e-003
1,545666e+003;2,575076e-003
1,546149e+003;2,644444e-003
1,546631e+003;2,726193e-003
1,547113e+003;2,803888e-003
1,547595e+003;2,868689e-003
1,548077e+003;2,919223e-003
1,548559e+003;2,958253e-003
1,549041e+003;2,990581e-003
1,549523e+003;3,018673e-003
1,550005e+003;3,041362e-003
1,550488e+003;3,055443e-003
1,550970e+003;3,059214e-003
1,551452e+003;3,054542e-003
1,551934e+003;3,046867e-003
1,552416e+003;3,042096e-003
1,552898e+003;3,043631e-003
1,553380e+003;3,048569e-003
1,553862e+003;3,045566e-003
1,554344e+003;3,018073e-003
1,554827e+003;2,952248e-003
1,555309e+003;2,841440e-003
1,555791e+003;2,688417e-003
1,556273e+003;2,502254e-003
1,556755e+003;2,299449e-003
1,557237e+003;2,105329e-003
1,557719e+003;1,965412e-003
1,558201e+003;1,947739e-003
1,558684e+003;2,095041e-003
1,559166e+003;2,348318e-003
1,559648e+003;2,580510e-003
1,560130e+003;2,724926e-003
1,560612e+003;2,787881e-003
1,561094e+003;2,797285e-003
1,561576e+003;2,774442e-003
1,562058e+003;2,730861e-003
1,562541e+003;2,672347e-003
1,563023e+003;2,603075e-003
1,563505e+003;2,529449e-003
1,563987e+003;2,460566e-003
1,564469e+003;2,406920e-003
1,564951e+003;2,377501e-003
1,565433e+003;2,375369e-003
1,565915e+003;2,397125e-003
1,566397e+003;2,435708e-003
1,566880e+003;2,483726e-003
1,567362e+003;2,534614e-003
1,567844e+003;2,583076e-003
1,568326e+003;2,623843e-003
1,568808e+003;2,652278e-003
1,569290e+003;2,665980e-003
1,569772e+003;2,667113e-003
1,570254e+003;2,662446e-003
1,570736e+003;2,659012e-003
1,571219e+003;2,660813e-003
1,571701e+003;2,667814e-003
1,572183e+003;2,677248e-003
1,572665e+003;2,684516e-003
1,573147e+003;2,685783e-003
1,573629e+003;2,679082e-003
1,574111e+003;2,666547e-003
1,574593e+003;2,655779e-003
1,575076e+003;2,659146e-003
1,575558e+003;2,689884e-003
1,576040e+003;2,752801e-003
1,576522e+003;2,837905e-003
1,577004e+003;2,926128e-003
1,577486e+003;3,002958e-003
1,577968e+003;3,063919e-003
1,578450e+003;3,112339e-003
1,578932e+003;3,154657e-003
1,579415e+003;3,195544e-003
1,579897e+003;3,236936e-003
1,580379e+003;3,277731e-003
1,580861e+003;3,315324e-003
1,581343e+003;3,347878e-003
1,581825e+003;3,376127e-003
1,582307e+003;3,403444e-003
1,582789e+003;3,433466e-003
1,583271e+003;3,467666e-003
1,583754e+003;3,503639e-003
1,584236e+003;3,535005e-003
1,584718e+003;3,554214e-003
1,585200e+003;3,555349e-003
1,585682e+003;3,538813e-003
1,586164e+003;3,510320e-003
1,586646e+003;3,479791e-003
1,587128e+003;3,456878e-003
1,587611e+003;3,448762e-003
1,588093e+003;3,457346e-003
1,588575e+003;3,479557e-003
1,589057e+003;3,509552e-003
1,589539e+003;3,541118e-003
1,590021e+003;3,570182e-003
1,590503e+003;3,595105e-003
1,590985e+003;3,615786e-003
1,591468e+003;3,631957e-003
1,591950e+003;3,643017e-003
1,592432e+003;3,647694e-003
1,592914e+003;3,645890e-003
1,593396e+003;3,639542e-003
1,593878e+003;3,632425e-003
1,594360e+003;3,630286e-003
1,594842e+003;3,638138e-003
1,595324e+003;3,658387e-003
1,595807e+003;3,690399e-003
1,596289e+003;3,730969e-003
1,596771e+003;3,776355e-003
1,597253e+003;3,824154e-003
1,597735e+003;3,874063e-003
1,598217e+003;3,927690e-003
1,598699e+003;3,986840e-003
1,599181e+003;4,052721e-003
1,599663e+003;4,123797e-003
1,600146e+003;4,197093e-003
1,600628e+003;4,268192e-003
1,601110e+003;4,332107e-003
1,601592e+003;4,384686e-003
1,602074e+003;4,422911e-003
1,602556e+003;4,445372e-003
1,603038e+003;4,452000e-003
1,603520e+003;4,445071e-003
1,604003e+003;4,428869e-003
1,604485e+003;4,407882e-003
1,604967e+003;4,386293e-003
1,605449e+003;4,365408e-003
1,605931e+003;4,343754e-003
1,606413e+003;4,316881e-003
1,606895e+003;4,280238e-003
1,607377e+003;4,231353e-003
1,607859e+003;4,173172e-003
1,608342e+003;4,112959e-003
1,608824e+003;4,060882e-003
1,609306e+003;4,025130e-003
1,609788e+003;4,008175e-003
1,610270e+003;4,006068e-003
1,610752e+003;4,009178e-003
1,611234e+003;4,007774e-003
1,611716e+003;3,994531e-003
1,612198e+003;3,967947e-003
1,612681e+003;3,931234e-003
1,613163e+003;3,890980e-003
1,613645e+003;3,852868e-003
1,614127e+003;3,820075e-003
1,614609e+003;3,792031e-003
1,615091e+003;3,765226e-003
1,615573e+003;3,734545e-003
1,616055e+003;3,697885e-003
1,616538e+003;3,658086e-003
1,617020e+003;3,622702e-003
1,617502e+003;3,598579e-003
1,617984e+003;3,586986e-003
1,618466e+003;3,585750e-003
1,618948e+003;3,591196e-003
1,619430e+003;3,601352e-003
1,619912e+003;3,616888e-003
1,620395e+003;3,639842e-003
1,620877e+003;3,672689e-003
1,621359e+003;3,714861e-003
1,621841e+003;3,761382e-003
1,622323e+003;3,801424e-003
1,622805e+003;3,821145e-003
1,623287e+003;3,811919e-003
1,623769e+003;3,775520e-003
1,624251e+003;3,723450e-003
1,624734e+003;3,669080e-003
1,625216e+003;3,622668e-003
1,625698e+003;3,588490e-003
1,626180e+003;3,566708e-003
1,626662e+003;3,554547e-003
1,627144e+003;3,550138e-003
1,627626e+003;3,553612e-003
1,628108e+003;3,566574e-003
1,628590e+003;3,591029e-003
1,629073e+003;3,626812e-003
1,629555e+003;3,670416e-003
1,630037e+003;3,716532e-003
1,630519e+003;3,759176e-003
1,631001e+003;3,793970e-003
1,631483e+003;3,818872e-003
1,631965e+003;3,833246e-003
1,632447e+003;3,836188e-003
1,632930e+003;3,825357e-003
1,633412e+003;3,794939e-003
1,633894e+003;3,736316e-003
1,634376e+003;3,642950e-003
1,634858e+003;3,520742e-003
1,635340e+003;3,395896e-003
1,635822e+003;3,309481e-003
1,636304e+003;3,290784e-003
1,636786e+003;3,336292e-003
1,637269e+003;3,418672e-003
1,637751e+003;3,507247e-003
1,638233e+003;3,581441e-003
1,638715e+003;3,631355e-003
1,639197e+003;3,657518e-003
1,639679e+003;3,667108e-003
1,640161e+003;3,670784e-003
1,640643e+003;3,677968e-003
1,641125e+003;3,693273e-003
1,641608e+003;3,715897e-003
1,642090e+003;3,740794e-003
1,642572e+003;3,762719e-003
1,643054e+003;3,778762e-003
1,643536e+003;3,790527e-003
1,644018e+003;3,803764e-003
1,644500e+003;3,824822e-003
1,644982e+003;3,857315e-003
1,645465e+003;3,896897e-003
1,645947e+003;3,929127e-003
1,646429e+003;3,936015e-003
1,646911e+003;3,909067e-003
1,647393e+003;3,860490e-003
1,647875e+003;3,814961e-003
1,648357e+003;3,793836e-003
1,648839e+003;3,804666e-003
1,649322e+003;3,844077e-003
1,649804e+003;3,902614e-003
1,650286e+003;3,967947e-003
1,650768e+003;4,023626e-003
1,651250e+003;4,047471e-003
1,651732e+003;4,010817e-003
1,652214e+003;3,884694e-003
1,652696e+003;3,674860e-003
1,653178e+003;3,456511e-003
1,653661e+003;3,330382e-003
1,654143e+003;3,323604e-003
1,654625e+003;3,396765e-003
1,655107e+003;3,502370e-003
1,655589e+003;3,611977e-003
1,656071e+003;3,710483e-003
1,656553e+003;3,789692e-003
1,657035e+003;3,846918e-003
1,657517e+003;3,881485e-003
1,658000e+003;3,896295e-003
1,658482e+003;3,897332e-003
1,658964e+003;3,892718e-003
1,659446e+003;3,889107e-003
1,659928e+003;3,891381e-003
1,660410e+003;3,899772e-003
1,660892e+003;3,910739e-003
1,661374e+003;3,918361e-003
1,661857e+003;3,917626e-003
1,662339e+003;3,907696e-003
1,662821e+003;3,893687e-003
1,663303e+003;3,883892e-003
1,663785e+003;3,884026e-003
1,664267e+003;3,895292e-003
1,664749e+003;3,914282e-003
1,665231e+003;3,936450e-003
1,665714e+003;3,957815e-003
1,666196e+003;3,977310e-003
1,666678e+003;3,996972e-003
1,667160e+003;4,021151e-003
1,667642e+003;4,054828e-003
1,668124e+003;4,100082e-003
1,668606e+003;4,151528e-003
1,669088e+003;4,195955e-003
1,669570e+003;4,216999e-003
1,670052e+003;4,204821e-003
1,670535e+003;4,162266e-003
1,671017e+003;4,102724e-003
1,671499e+003;4,042421e-003
1,671981e+003;3,994799e-003
1,672463e+003;3,968415e-003
1,672945e+003;3,967279e-003
1,673427e+003;3,991154e-003
1,673909e+003;4,035130e-003
1,674392e+003;4,089880e-003
1,674874e+003;4,140656e-003
1,675356e+003;4,173039e-003
1,675838e+003;4,180398e-003
1,676320e+003;4,166348e-003
1,676802e+003;4,140824e-003
1,677284e+003;4,113662e-003
1,677766e+003;4,092388e-003
1,678249e+003;4,080347e-003
1,678731e+003;4,077605e-003
1,679213e+003;4,079746e-003
1,679695e+003;4,080347e-003
1,680177e+003;4,071484e-003
1,680659e+003;4,046668e-003
1,681141e+003;4,002223e-003
1,681623e+003;3,937587e-003
1,682105e+003;3,855509e-003
1,682588e+003;3,763153e-003
1,683070e+003;3,678001e-003
1,683552e+003;3,629518e-003
1,684034e+003;3,645188e-003
1,684516e+003;3,725388e-003
1,684998e+003;3,839697e-003
1,685480e+003;3,955174e-003
1,685962e+003;4,052621e-003
1,686444e+003;4,125771e-003
1,686927e+003;4,172971e-003
1,687409e+003;4,192944e-003
1,687891e+003;4,186387e-003
1,688373e+003;4,157884e-003
1,688855e+003;4,117843e-003
1,689337e+003;4,080749e-003
1,689819e+003;4,061818e-003
1,690301e+003;4,070782e-003
1,690784e+003;4,108009e-003
1,691266e+003;4,166582e-003
1,691748e+003;4,235267e-003
1,692230e+003;4,303796e-003
1,692712e+003;4,364672e-003
1,693194e+003;4,415212e-003
1,693676e+003;4,455649e-003
1,694158e+003;4,488590e-003
1,694641e+003;4,516378e-003
1,695123e+003;4,540150e-003
1,695605e+003;4,558934e-003
1,696087e+003;4,571457e-003
1,696569e+003;4,578288e-003
1,697051e+003;4,582976e-003
1,697533e+003;4,588970e-003
1,698015e+003;4,599418e-003
1,698497e+003;4,615458e-003
1,698979e+003;4,637226e-003
1,699462e+003;4,664219e-003
1,699944e+003;4,696674e-003
1,700426e+003;4,737204e-003
1,700908e+003;4,789028e-003
1,701390e+003;4,852886e-003
1,701872e+003;4,926774e-003
1,702354e+003;5,006976e-003
1,702836e+003;5,088801e-003
1,703319e+003;5,166317e-003
1,703801e+003;5,234121e-003
1,704283e+003;5,289258e-003
1,704765e+003;5,333030e-003
1,705247e+003;5,372747e-003
1,705729e+003;5,418842e-003
1,706211e+003;5,479237e-003
1,706693e+003;5,554708e-003
1,707176e+003;5,639154e-003
1,707658e+003;5,722879e-003
1,708140e+003;5,796814e-003
1,708622e+003;5,854406e-003
1,709104e+003;5,892156e-003
1,709586e+003;5,910763e-003
1,710068e+003;5,913618e-003
1,710550e+003;5,906229e-003
1,711032e+003;5,894540e-003
1,711515e+003;5,885002e-003
1,711997e+003;5,882987e-003
1,712479e+003;5,894944e-003
1,712961e+003;5,926684e-003
1,713443e+003;5,983555e-003
1,713925e+003;6,068723e-003
1,714407e+003;6,181534e-003
1,714889e+003;6,316966e-003
1,715371e+003;6,466195e-003
1,715854e+003;6,617258e-003
1,716336e+003;6,756292e-003
1,716818e+003;6,868104e-003
1,717300e+003;6,939170e-003
1,717782e+003;6,964153e-003
1,718264e+003;6,952133e-003
1,718746e+003;6,920788e-003
1,719229e+003;6,889278e-003
1,719711e+003;6,872446e-003
1,720193e+003;6,877967e-003
1,720675e+003;6,909611e-003
1,721157e+003;6,968260e-003
1,721639e+003;7,051029e-003
1,722121e+003;7,151329e-003
1,722603e+003;7,258862e-003
1,723085e+003;7,361535e-003
1,723568e+003;7,448053e-003
1,724050e+003;7,512067e-003
1,724532e+003;7,553704e-003
1,725014e+003;7,577912e-003
1,725496e+003;7,591804e-003
1,725978e+003;7,602897e-003
1,726460e+003;7,616722e-003
1,726942e+003;7,636551e-003
1,727424e+003;7,662956e-003
1,727907e+003;7,694421e-003
1,728389e+003;7,728048e-003
1,728871e+003;7,760597e-003
1,729353e+003;7,790113e-003
1,729835e+003;7,817169e-003
1,730317e+003;7,845440e-003
1,730799e+003;7,880698e-003
1,731281e+003;7,929591e-003
1,731764e+003;7,998908e-003
1,732246e+003;8,094903e-003
1,732728e+003;8,222458e-003
1,733210e+003;8,380179e-003
1,733692e+003;8,555937e-003
1,734174e+003;8,726795e-003
1,734656e+003;8,871512e-003
1,735138e+003;8,981569e-003
1,735620e+003;9,059004e-003
1,736103e+003;9,106880e-003
1,736585e+003;9,124746e-003
1,737067e+003;9,108200e-003
1,737549e+003;9,053084e-003
1,738031e+003;8,961273e-003
1,738513e+003;8,846318e-003
1,738995e+003;8,732576e-003
1,739477e+003;8,649318e-003
1,739959e+003;8,615011e-003
1,740442e+003;8,627652e-003
1,740924e+003;8,667672e-003
1,741406e+003;8,708912e-003
1,741888e+003;8,729939e-003
1,742370e+003;8,718310e-003
1,742852e+003;8,673452e-003
1,743334e+003;8,603994e-003
1,743816e+003;8,523699e-003
1,744299e+003;8,444636e-003
1,744781e+003;8,374066e-003
1,745263e+003;8,314112e-003
1,745745e+003;8,263825e-003
1,746227e+003;8,220533e-003
1,746709e+003;8,181129e-003
1,747191e+003;8,141592e-003
1,747673e+003;8,094127e-003
1,748156e+003;8,027461e-003
1,748638e+003;7,928174e-003
1,749120e+003;7,783839e-003
1,749602e+003;7,588938e-003
1,750084e+003;7,348561e-003
1,750566e+003;7,079285e-003
1,751048e+003;6,803881e-003
1,751530e+003;6,543351e-003
1,752012e+003;6,310276e-003
1,752495e+003;6,105786e-003
1,752977e+003;5,923460e-003
1,753459e+003;5,753398e-003
1,753941e+003;5,586457e-003
1,754423e+003;5,415152e-003
1,754905e+003;5,235597e-003
1,755387e+003;5,047434e-003
1,755869e+003;4,856237e-003
1,756351e+003;4,672760e-003
1,756834e+003;4,510184e-003
1,757316e+003;4,379030e-003
1,757798e+003;4,282748e-003
1,758280e+003;4,217234e-003
1,758762e+003;4,172671e-003
1,759244e+003;4,137211e-003
1,759726e+003;4,096637e-003
1,760208e+003;4,036902e-003
1,760691e+003;3,947517e-003
1,761173e+003;3,824287e-003
1,761655e+003;3,674259e-003
1,762137e+003;3,513092e-003
1,762619e+003;3,358230e-003
1,763101e+003;3,220312e-003
1,763583e+003;3,101226e-003
1,764065e+003;2,995585e-003
1,764547e+003;2,895406e-003
1,765030e+003;2,793483e-003
1,765512e+003;2,686383e-003
1,765994e+003;2,575143e-003
1,766476e+003;2,466564e-003
1,766958e+003;2,371038e-003
1,767440e+003;2,298383e-003
1,767922e+003;2,254383e-003
1,768404e+003;2,237031e-003
1,768886e+003;2,238130e-003
1,769369e+003;2,246789e-003
1,769851e+003;2,254183e-003
1,770333e+003;2,254483e-003
1,770815e+003;2,245790e-003
1,771297e+003;2,229404e-003
1,771779e+003;2,208190e-003
1,772261e+003;2,185078e-003
1,772743e+003;2,161468e-003
1,773226e+003;2,137360e-003
1,773708e+003;2,113220e-003
1,774190e+003;2,089448e-003
1,774672e+003;2,068839e-003
1,775154e+003;2,053924e-003
1,775636e+003;2,046367e-003
1,776118e+003;2,046268e-003
1,776600e+003;2,051195e-003
1,777083e+003;2,056288e-003
1,777565e+003;2,055922e-003
1,778047e+003;2,045335e-003
1,778529e+003;2,021200e-003
1,779011e+003;1,982987e-003
1,779493e+003;1,933061e-003
1,779975e+003;1,876419e-003
1,780457e+003;1,818554e-003
1,780939e+003;1,763390e-003
1,781422e+003;1,710629e-003
1,781904e+003;1,657076e-003
1,782386e+003;1,597809e-003
1,782868e+003;1,528742e-003
1,783350e+003;1,448914e-003
1,783832e+003;1,362287e-003
1,784314e+003;1,277405e-003
1,784796e+003;1,205630e-003
1,785278e+003;1,157256e-003
1,785761e+003;1,137555e-003
1,786243e+003;1,145495e-003
1,786725e+003;1,174432e-003
1,787207e+003;1,214934e-003
1,787689e+003;1,257533e-003
1,788171e+003;1,293855e-003
1,788653e+003;1,318348e-003
1,789135e+003;1,328817e-003
1,789618e+003;1,325759e-003
1,790100e+003;1,310771e-003
1,790582e+003;1,286743e-003
1,791064e+003;1,255771e-003
1,791546e+003;1,218655e-003
1,792028e+003;1,175960e-003
1,792510e+003;1,129184e-003
1,792992e+003;1,081548e-003
1,793474e+003;1,037638e-003
1,793957e+003;1,002101e-003
1,794439e+003;9,775595e-004
1,794921e+003;9,654717e-004
1,795403e+003;9,640438e-004
1,795885e+003;9,696559e-004
1,796367e+003;9,780244e-004
1,796849e+003;9,854633e-004
1,797331e+003;9,898802e-004
1,797813e+003;9,917399e-004
1,798296e+003;9,912418e-004
1,798778e+003;9,878543e-004
1,799260e+003;9,776591e-004
1,799742e+003;9,547457e-004
1,800224e+003;9,127409e-004
1,800706e+003;8,504220e-004
1,801188e+003;7,741043e-004
1,801670e+003;6,985632e-004
1,802153e+003;6,410864e-004
1,802635e+003;6,163326e-004
1,803117e+003;6,316958e-004
1,803599e+003;6,843260e-004
1,804081e+003;7,629515e-004
1,804563e+003;8,516171e-004
1,805045e+003;9,358846e-004
1,805527e+003;1,004825e-003
1,806010e+003;1,055308e-003
1,806492e+003;1,090318e-003
1,806974e+003;1,116560e-003
1,807456e+003;1,140711e-003
1,807938e+003;1,165429e-003
1,808420e+003;1,188121e-003
1,808902e+003;1,203006e-003
1,809384e+003;1,203604e-003
1,809866e+003;1,186061e-003
1,810349e+003;1,151940e-003
1,810831e+003;1,108255e-003
1,811313e+003;1,063778e-003
1,811795e+003;1,025515e-003
1,812277e+003;9,958247e-004
1,812759e+003;9,716816e-004
1,813241e+003;9,472742e-004
1,813723e+003;9,153641e-004
1,814205e+003;8,704083e-004
1,814688e+003;8,094896e-004
1,815170e+003;7,325484e-004
1,815652e+003;6,424138e-004
1,816134e+003;5,447670e-004
1,816616e+003;4,478386e-004
1,817098e+003;3,605154e-004
1,817580e+003;2,930700e-004
1,818062e+003;2,540798e-004
1,818545e+003;2,485101e-004
1,819027e+003;2,774205e-004
1,819509e+003;3,358108e-004
1,819991e+003;4,143731e-004
1,820473e+003;5,001480e-004
1,820955e+003;5,803990e-004
1,821437e+003;6,452012e-004
1,821919e+003;6,877774e-004
1,822401e+003;7,063955e-004
1,822884e+003;7,021474e-004
1,823366e+003;6,789831e-004
1,823848e+003;6,413851e-004
1,824330e+003;5,940355e-004
1,824812e+003;5,408854e-004
1,825294e+003;4,841261e-004
1,825776e+003;4,249863e-004
1,826258e+003;3,633673e-004
1,826740e+003;2,988724e-004
1,827223e+003;2,320002e-004
1,827705e+003;1,650720e-004
1,828187e+003;1,030922e-004
1,828669e+003;5,394557e-005
1,829151e+003;2,564650e-005
1,829633e+003;2,279682e-005
1,830115e+003;4,191658e-005
1,830597e+003;7,313299e-005
1,831080e+003;1,036888e-004
1,831562e+003;1,246681e-004
1,832044e+003;1,337827e-004
1,832526e+003;1,335839e-004
1,833008e+003;1,301369e-004
1,833490e+003;1,294740e-004
1,833972e+003;1,359371e-004
1,834454e+003;1,500237e-004
1,834937e+003;1,689502e-004
1,835419e+003;1,879769e-004
1,835901e+003;2,038885e-004
1,836383e+003;2,170822e-004
1,836865e+003;2,323649e-004
1,837347e+003;2,573952e-004
1,837829e+003;2,992040e-004
1,838311e+003;3,604491e-004
1,838793e+003;4,379877e-004
1,839276e+003;5,233692e-004
1,839758e+003;6,060135e-004
1,840240e+003;6,768592e-004
1,840722e+003;7,298932e-004
1,841204e+003;7,635821e-004
1,841686e+003;7,802782e-004
1,842168e+003;7,856556e-004
1,842650e+003;7,856556e-004
1,843132e+003;7,865187e-004
1,843615e+003;7,915974e-004
1,844097e+003;8,008255e-004
1,844579e+003;8,117801e-004
1,845061e+003;8,206103e-004
1,845543e+003;8,237973e-004
1,846025e+003;8,178218e-004
1,846507e+003;7,984687e-004
1,846989e+003;7,613914e-004
1,847472e+003;7,023466e-004
1,847954e+003;6,194849e-004
1,848436e+003;5,160710e-004
1,848918e+003;4,021020e-004
1,849400e+003;2,914454e-004
1,849882e+003;2,005735e-004
1,850364e+003;1,416048e-004
1,850846e+003;1,201607e-004
1,851328e+003;1,331530e-004
1,851811e+003;1,703092e-004
1,852293e+003;2,166844e-004
1,852775e+003;2,555386e-004
1,853257e+003;2,753317e-004
1,853739e+003;2,721488e-004
1,854221e+003;2,514276e-004
1,854703e+003;2,247732e-004
1,855185e+003;2,052145e-004
1,855667e+003;2,027945e-004
1,856150e+003;2,202647e-004
1,856632e+003;2,531184e-004
1,857114e+003;2,915117e-004
1,857596e+003;3,247687e-004
1,858078e+003;3,446976e-004
1,858560e+003;3,484448e-004
1,859042e+003;3,376014e-004
1,859524e+003;3,156170e-004
1,860007e+003;2,846816e-004
1,860489e+003;2,454600e-004
1,860971e+003;1,961978e-004
1,861453e+003;1,371634e-004
1,861935e+003;7,157542e-005
1,862417e+003;7,422088e-006
1,862899e+003;-4,545752e-005
1,863381e+003;-7,702981e-005
1,863864e+003;-8,219777e-005
1,864346e+003;-6,314889e-005
1,864828e+003;-2,955456e-005
1,865310e+003;4,174909e-006
1,865792e+003;2,458615e-005
1,866274e+003;2,279682e-005
1,866756e+003;-1,722967e-006
1,867238e+003;-4,015660e-005
1,867720e+003;-7,600283e-005
1,868203e+003;-9,306354e-005
1,868685e+003;-7,852058e-005
1,869167e+003;-2,991901e-005
1,869649e+003;4,678778e-005
1,870131e+003;1,415054e-004
1,870613e+003;2,442666e-004
1,871095e+003;3,458583e-004
1,871577e+003;4,368268e-004
1,872059e+003;5,064176e-004
1,872542e+003;5,446342e-004
1,873024e+003;5,444020e-004
1,873506e+003;5,060527e-004
1,873988e+003;4,382530e-004
1,874470e+003;3,576304e-004
1,874952e+003;2,820954e-004
1,875434e+003;2,258341e-004
1,875916e+003;1,936122e-004
1,876399e+003;1,792259e-004
1,876881e+003;1,691822e-004
1,877363e+003;1,501231e-004
1,877845e+003;1,154543e-004
1,878327e+003;6,826148e-005
1,878809e+003;2,004656e-005
1,879291e+003;-1,603658e-005
1,879773e+003;-3,127741e-005
1,880255e+003;-2,650642e-005
1,880738e+003;-1,285582e-005
1,881220e+003;-5,235147e-006
1,881702e+003;-1,626851e-005
1,882184e+003;-5,059273e-005
1,882666e+003;-1,031671e-004
1,883148e+003;-1,629889e-004
1,883630e+003;-2,169738e-004
1,884112e+003;-2,564480e-004
1,884594e+003;-2,798924e-004
1,885077e+003;-2,907533e-004
1,885559e+003;-2,929386e-004
1,886041e+003;-2,868129e-004
1,886523e+003;-2,682035e-004
1,887005e+003;-2,293264e-004
1,887487e+003;-1,648768e-004
1,887969e+003;-7,630099e-005
1,888451e+003;2,591159e-005
1,888934e+003;1,225470e-004
1,889416e+003;1,931150e-004
1,889898e+003;2,252042e-004
1,890380e+003;2,183419e-004
1,890862e+003;1,825738e-004
1,891344e+003;1,329873e-004
1,891826e+003;8,297556e-005
1,892308e+003;3,923248e-005
1,892791e+003;3,081477e-006
1,893273e+003;-2,786483e-005
1,893755e+003;-5,602605e-005
1,894237e+003;-8,189962e-005
1,894719e+003;-1,028690e-004
1,895201e+003;-1,149599e-004
1,895683e+003;-1,141318e-004
1,896165e+003;-9,763504e-005
1,896647e+003;-6,434154e-005
1,897130e+003;-1,351848e-005
1,897612e+003;5,411126e-005
1,898094e+003;1,353405e-004
1,898576e+003;2,217565e-004
1,899058e+003;2,996682e-004
1,899540e+003;3,497049e-004
1,900022e+003;3,531204e-004
1,900504e+003;2,983419e-004
1,900986e+003;1,861538e-004
1,901469e+003;3,376490e-005
1,901951e+003;-1,303297e-004
1,902433e+003;-2,696605e-004
1,902915e+003;-3,527342e-004
1,903397e+003;-3,637919e-004
1,903879e+003;-3,053884e-004
1,904361e+003;-1,970035e-004
1,904843e+003;-6,894647e-005
1,905326e+003;4,489894e-005
1,905808e+003;1,181389e-004
1,906290e+003;1,325895e-004
1,906772e+003;8,284300e-005
1,907254e+003;-2,584378e-005
1,907736e+003;-1,775290e-004
1,908218e+003;-3,483972e-004
1,908700e+003;-5,115533e-004
1,909182e+003;-6,393144e-004
1,909665e+003;-7,103427e-004
1,910147e+003;-7,182157e-004
1,910629e+003;-6,731263e-004
1,911111e+003;-5,995771e-004
1,911593e+003;-5,284314e-004
1,912075e+003;-4,873601e-004
1,912557e+003;-4,899086e-004
1,913039e+003;-5,316415e-004
1,913521e+003;-5,914373e-004
1,914004e+003;-6,396452e-004
1,914486e+003;-6,458322e-004
1,914968e+003;-5,916689e-004
1,915450e+003;-4,761070e-004
1,915932e+003;-3,172419e-004
1,916414e+003;-1,481833e-004
1,916896e+003;-8,581632e-006
1,917378e+003;6,219705e-005
1,917861e+003;4,231423e-005
1,918343e+003;-6,553419e-005
1,918825e+003;-2,343601e-004
1,919307e+003;-4,273182e-004
1,919789e+003;-6,045734e-004
1,920271e+003;-7,327372e-004
1,920753e+003;-7,891649e-004
1,921235e+003;-7,601582e-004
1,921718e+003;-6,475856e-004
1,922200e+003;-4,713409e-004
1,922682e+003;-2,688326e-004
1,923164e+003;-8,292658e-005
1,923646e+003;5,371360e-005
1,924128e+003;1,288443e-004
1,924610e+003;1,523770e-004
1,925092e+003;1,477367e-004
1,925574e+003;1,426323e-004
1,926057e+003;1,541006e-004
1,926539e+003;1,846953e-004
1,927021e+003;2,207288e-004
1,927503e+003;2,407192e-004
1,927985e+003;2,233146e-004
1,928467e+003;1,591388e-004
1,928949e+003;5,580131e-005
1,929431e+003;-6,248630e-005
1,929913e+003;-1,655392e-004
1,930396e+003;-2,271076e-004
1,930878e+003;-2,345588e-004
1,931360e+003;-1,919693e-004
1,931842e+003;-1,183387e-004
1,932324e+003;-3,899701e-005
1,932806e+003;2,524887e-005
1,933288e+003;6,136858e-005
1,933770e+003;7,001787e-005
1,934253e+003;6,107033e-005
1,934735e+003;4,953822e-005
1,935217e+003;4,698661e-005
1,935699e+003;5,699429e-005
1,936181e+003;7,203937e-005
1,936663e+003;7,651324e-005
1,937145e+003;4,884232e-005
1,937627e+003;-3,210570e-005
1,938109e+003;-1,785226e-004
1,938592e+003;-3,906072e-004
1,939074e+003;-6,539709e-004
1,939556e+003;-9,432288e-004
1,940038e+003;-1,222283e-003
1,940520e+003;-1,451394e-003
1,941002e+003;-1,596079e-003
1,941484e+003;-1,634042e-003
1,941966e+003;-1,566136e-003
1,942448e+003;-1,413812e-003
1,942931e+003;-1,216038e-003
1,943413e+003;-1,010538e-003
1,943895e+003;-8,264707e-004
1,944377e+003;-6,816284e-004
1,944859e+003;-5,845879e-004
1,945341e+003;-5,385579e-004
1,945823e+003;-5,460700e-004
1,946305e+003;-6,065587e-004
1,946788e+003;-7,138161e-004
1,947270e+003;-8,511079e-004
1,947752e+003;-9,951002e-004
1,948234e+003;-1,114060e-003
1,948716e+003;-1,181211e-003
1,949198e+003;-1,181442e-003
1,949680e+003;-1,114821e-003
1,950162e+003;-9,965549e-004
1,950645e+003;-8,495867e-004
1,951127e+003;-6,948611e-004
1,951609e+003;-5,445146e-004
1,952091e+003;-3,988831e-004
1,952573e+003;-2,504874e-004
1,953055e+003;-9,316293e-005
1,953537e+003;7,087949e-005
1,954019e+003;2,247401e-004
1,954501e+003;3,411827e-004
1,954984e+003;3,871118e-004
1,955466e+003;3,396241e-004
1,955948e+003;1,959326e-004
1,956430e+003;-1,842214e-005
1,956912e+003;-2,547923e-004
1,957394e+003;-4,507865e-004
1,957876e+003;-5,454412e-004
1,958358e+003;-4,979841e-004
1,958840e+003;-2,994947e-004
1,959323e+003;2,167020e-005
1,959805e+003;4,073420e-004
1,960287e+003;7,759631e-004
1,960769e+003;1,051123e-003
1,961251e+003;1,184665e-003
1,961733e+003;1,166326e-003
1,962215e+003;1,028737e-003
1,962697e+003;8,327273e-004
1,963180e+003;6,532980e-004
1,963662e+003;5,509708e-004
1,964144e+003;5,570753e-004
1,964626e+003;6,613949e-004
1,965108e+003;8,204444e-004
1,965590e+003;9,673313e-004
1,966072e+003;1,035413e-003
1,966554e+003;9,838692e-004
1,967036e+003;8,063028e-004
1,967519e+003;5,339518e-004
1,968001e+003;2,217896e-004
1,968483e+003;-7,391575e-005
1,968965e+003;-3,188643e-004
1,969447e+003;-5,050666e-004
1,969929e+003;-6,444426e-004
1,970411e+003;-7,562882e-004
1,970893e+003;-8,514386e-004
1,971375e+003;-9,248459e-004
1,971858e+003;-9,572470e-004
1,972340e+003;-9,202500e-004
1,972822e+003;-7,941260e-004
1,973304e+003;-5,791612e-004
1,973786e+003;-3,025409e-004
1,974268e+003;-1,802454e-005
1,974750e+003;2,088278e-004
1,975232e+003;3,124670e-004
1,975715e+003;2,548424e-004
1,976197e+003;3,827150e-005
1,976679e+003;-2,915479e-004
1,977161e+003;-6,657487e-004
1,977643e+003;-1,009216e-003
1,978125e+003;-1,265895e-003
1,978607e+003;-1,416091e-003
1,979089e+003;-1,475369e-003
1,979572e+003;-1,481511e-003
1,980054e+003;-1,475930e-003
1,980536e+003;-1,485176e-003
1,981018e+003;-1,510766e-003
1,981500e+003;-1,534639e-003
1,981982e+003;-1,530313e-003
1,982464e+003;-1,480058e-003
1,982946e+003;-1,391221e-003
1,983428e+003;-1,298502e-003
1,983911e+003;-1,251589e-003
1,984393e+003;-1,303060e-003
1,984875e+003;-1,483888e-003
1,985357e+003;-1,791700e-003
1,985839e+003;-2,187953e-003
1,986321e+003;-2,602750e-003
1,986803e+003;-2,959795e-003
1,987285e+003;-3,190360e-003
1,987767e+003;-3,258177e-003
1,988250e+003;-3,164868e-003
1,988732e+003;-2,943899e-003
1,989214e+003;-2,642403e-003
1,989696e+003;-2,310805e-003
1,990178e+003;-1,991653e-003
1,990660e+003;-1,709561e-003
1,991142e+003;-1,472529e-003
1,991624e+003;-1,272866e-003
1,992107e+003;-1,094330e-003
1,992589e+003;-9,182993e-004
1,993071e+003;-7,375997e-004
1,993553e+003;-5,562954e-004
1,994035e+003;-3,928582e-004
1,994517e+003;-2,733360e-004
1,994999e+003;-2,189277e-004
1,995481e+003;-2,402216e-004
1,995964e+003;-3,284660e-004
1,996446e+003;-4,521436e-004
1,996928e+003;-5,653955e-004
1,997410e+003;-6,227714e-004
1,997892e+003;-5,900145e-004
1,998374e+003;-4,635628e-004
1,998856e+003;-2,705214e-004
1,999338e+003;-6,646180e-005
1,999820e+003;8,420175e-005
2,000302e+003;1,277505e-004
2,000785e+003;3,499096e-005
2,001267e+003;-1,880943e-004
2,001749e+003;-5,007641e-004
2,002231e+003;-8,311667e-004
2,002713e+003;-1,103088e-003
2,003195e+003;-1,242669e-003
2,003677e+003;-1,197898e-003
2,004159e+003;-9,504363e-004
2,004642e+003;-5,179406e-004
2,005124e+003;4,526346e-005
2,005606e+003;6,589061e-004
2,006088e+003;1,221912e-003
2,006570e+003;1,643306e-003
2,007052e+003;1,860613e-003
2,007534e+003;1,848966e-003
2,008016e+003;1,623883e-003
2,008499e+003;1,228590e-003
2,008981e+003;7,222928e-004
2,009463e+003;1,608293e-004
2,009945e+003;-4,065300e-004
2,010427e+003;-9,423031e-004
2,010909e+003;-1,417082e-003
2,011391e+003;-1,803876e-003
2,011873e+003;-2,074497e-003
2,012355e+003;-2,205788e-003
2,012838e+003;-2,188678e-003
2,013320e+003;-2,037001e-003
2,013802e+003;-1,789786e-003
2,014284e+003;-1,507927e-003
2,014766e+003;-1,249541e-003
2,015248e+003;-1,058336e-003
2,015730e+003;-9,517588e-004
2,016212e+003;-9,200517e-004
2,016694e+003;-9,342689e-004
2,017177e+003;-9,656113e-004
2,017659e+003;-9,973152e-004
2,018141e+003;-1,027199e-003
2,018623e+003;-1,062501e-003
2,019105e+003;-1,103352e-003
2,019587e+003;-1,134947e-003
2,020069e+003;-1,128205e-003
2,020551e+003;-1,048982e-003
2,021034e+003;-8,743218e-004
2,021516e+003;-6,091726e-004
2,021998e+003;-2,839321e-004
2,022480e+003;5,076432e-005
2,022962e+003;3,485111e-004
2,023444e+003;5,792709e-004
2,023926e+003;7,376597e-004
2,024408e+003;8,376074e-004
2,024891e+003;9,053366e-004
2,025373e+003;9,597268e-004
2,025855e+003;1,007947e-003
2,026337e+003;1,048466e-003
2,026819e+003;1,078924e-003
2,027301e+003;1,104535e-003
2,027783e+003;1,142439e-003
2,028265e+003;1,207690e-003
2,028747e+003;1,303958e-003
2,029229e+003;1,406263e-003
2,029712e+003;1,466833e-003
2,030194e+003;1,424480e-003
2,030676e+003;1,235768e-003
2,031158e+003;8,976667e-004
2,031640e+003;4,660483e-004
2,032122e+003;4,426933e-005
2,032604e+003;-2,469441e-004
2,033086e+003;-3,027065e-004
2,033569e+003;-8,219777e-005
2,034051e+003;3,817062e-004
2,034533e+003;9,902787e-004
2,035015e+003;1,620823e-003
2,035497e+003;2,149547e-003
2,035979e+003;2,489591e-003
2,036461e+003;2,611209e-003
2,036943e+003;2,531648e-003
2,037426e+003;2,303480e-003
2,037908e+003;1,987481e-003
2,038390e+003;1,640446e-003
2,038872e+003;1,306118e-003
2,039354e+003;1,017412e-003
2,039836e+003;8,034811e-004
2,040318e+003;6,887731e-004
2,040800e+003;6,921581e-004
2,041282e+003;8,174566e-004
2,041765e+003;1,048101e-003
2,042247e+003;1,344704e-003
2,042729e+003;1,646965e-003
2,043211e+003;1,892060e-003
2,043693e+003;2,017972e-003
2,044175e+003;1,985417e-003
2,044657e+003;1,787577e-003
2,045139e+003;1,450244e-003
2,045622e+003;1,023091e-003
2,046104e+003;5,674597e-004
2,046586e+003;1,450519e-004
2,047068e+003;-1,996530e-004
2,047550e+003;-4,420481e-004
2,048032e+003;-5,807164e-004
2,048514e+003;-6,296533e-004
2,048996e+003;-6,107939e-004
2,049479e+003;-5,428931e-004
2,049960e+003;-4,393670e-004
2,050443e+003;-3,085008e-004
2,050925e+003;-1,605710e-004
2,051407e+003;-1,398234e-005
2,051889e+003;1,028602e-004
2,052371e+003;1,573821e-004
2,052853e+003;1,221161e-004
2,053335e+003;-1,341908e-005
2,053817e+003;-2,342607e-004
2,054300e+003;-4,980834e-004
2,054782e+003;-7,420983e-004
2,055264e+003;-9,067267e-004
2,055746e+003;-9,471301e-004
2,056228e+003;-8,509095e-004
2,056710e+003;-6,410348e-004
2,057192e+003;-3,680295e-004
2,057674e+003;-9,385859e-005
2,058156e+003;1,274191e-004
2,058639e+003;2,571631e-004
2,059121e+003;2,854110e-004
2,059603e+003;2,255688e-004
2,060085e+003;1,103504e-004
2,060567e+003;-2,385585e-005
2,061049e+003;-1,439435e-004
2,061531e+003;-2,260810e-004
2,062013e+003;-2,592958e-004
2,062496e+003;-2,419105e-004
2,062978e+003;-1,795163e-004
2,063460e+003;-8,173398e-005
2,063942e+003;3,913307e-005
2,064424e+003;1,701766e-004
2,064906e+003;2,989056e-004
2,065388e+003;4,110234e-004
2,065870e+003;4,934804e-004
2,066353e+003;5,334542e-004
2,066835e+003;5,191561e-004
2,067317e+003;4,449529e-004
2,067799e+003;3,109749e-004
2,068281e+003;1,275848e-004
2,068763e+003;-8,604058e-005
2,069245e+003;-3,014151e-004
2,069727e+003;-4,872608e-004
2,070209e+003;-6,157901e-004
2,070692e+003;-6,686931e-004
2,071174e+003;-6,430861e-004
2,071656e+003;-5,510669e-004
2,072138e+003;-4,169242e-004
2,072620e+003;-2,686671e-004
2,073102e+003;-1,314228e-004
2,073584e+003;-2,484982e-005
2,074066e+003;4,118756e-005
2,074549e+003;6,514641e-005
2,075031e+003;5,146021e-005
2,075513e+003;7,256415e-006
2,075995e+003;-5,668864e-005
2,076477e+003;-1,278454e-004
2,076959e+003;-1,917375e-004
2,077441e+003;-2,313465e-004
2,077923e+003;-2,314790e-004
2,078406e+003;-1,822652e-004
2,078887e+003;-8,199901e-005
2,079370e+003;5,957909e-005
2,079852e+003;2,225189e-004
2,080334e+003;3,787547e-004
2,080816e+003;5,002475e-004
2,081298e+003;5,596962e-004
2,081780e+003;5,407195e-004
2,082262e+003;4,394471e-004
2,082744e+003;2,672420e-004
2,083227e+003;4,880918e-005
2,083709e+003;-1,833913e-004
2,084191e+003;-3,930237e-004
2,084673e+003;-5,496771e-004
2,085155e+003;-6,364690e-004
2,085637e+003;-6,517874e-004
2,086119e+003;-6,100660e-004
2,086601e+003;-5,371681e-004
2,087083e+003;-4,601205e-004
2,087566e+003;-3,956059e-004
2,088048e+003;-3,472384e-004
2,088530e+003;-3,011171e-004
2,089012e+003;-2,371418e-004
2,089494e+003;-1,356296e-004
2,089976e+003;9,145091e-006
2,090458e+003;1,840655e-004
2,090940e+003;3,568345e-004
2,091423e+003;4,891682e-004
2,091905e+003;5,469897e-004
2,092387e+003;5,121233e-004
2,092869e+003;3,898975e-004
2,093351e+003;2,074023e-004
2,093833e+003;6,494320e-006
2,094315e+003;-1,714348e-004
2,094797e+003;-2,942300e-004
2,095280e+003;-3,481323e-004
2,095762e+003;-3,376371e-004
2,096244e+003;-2,803560e-004
2,096726e+003;-1,982289e-004
2,097208e+003;-1,096267e-004
2,097690e+003;-2,614197e-005
2,098172e+003;4,937252e-005
2,098654e+003;1,206247e-004
2,099136e+003;1,940100e-004
2,099619e+003;2,747018e-004
2,100101e+003;3,648596e-004
2,100583e+003;4,617694e-004
2,101065e+003;5,579378e-004
2,101547e+003;6,421815e-004
2,102029e+003;7,018156e-004
2,102511e+003;7,266406e-004
2,102993e+003;7,101789e-004
2,103476e+003;6,529330e-004
2,103958e+003;5,622508e-004
2,104440e+003;4,521836e-004
2,104922e+003;3,380325e-004
2,105404e+003;2,351497e-004
2,105886e+003;1,545647e-004
2,106368e+003;1,011369e-004
2,106850e+003;7,366321e-005
2,107333e+003;6,663767e-005
2,107814e+003;7,203937e-005
2,108297e+003;7,840221e-005
2,108779e+003;7,452485e-005
2,109261e+003;4,900801e-005
2,109743e+003;-7,554495e-006
2,110225e+003;-9,876134e-005
2,110707e+003;-2,199874e-004
2,111189e+003;-3,564422e-004
2,111671e+003;-4,853081e-004
2,112154e+003;-5,793928e-004
2,112636e+003;-6,138048e-004
2,113118e+003;-5,751572e-004
2,113600e+003;-4,658135e-004
2,114082e+003;-3,037329e-004
2,114564e+003;-1,173449e-004
2,115046e+003;5,894946e-005
2,115528e+003;1,965956e-004
2,116010e+003;2,778847e-004
2,116493e+003;2,977783e-004
2,116975e+003;2,630977e-004
2,117457e+003;1,887394e-004
2,117939e+003;9,179099e-005
2,118421e+003;-1,189496e-005
2,118903e+003;-1,102561e-004
2,119385e+003;-1,946189e-004
2,119867e+003;-2,589316e-004
2,120350e+003;-2,991305e-004
2,120832e+003;-3,138316e-004
2,121314e+003;-3,043620e-004
2,121796e+003;-2,758527e-004
2,122278e+003;-2,373074e-004
2,122760e+003;-1,994211e-004
2,123242e+003;-1,732896e-004
2,123724e+003;-1,660361e-004
2,124207e+003;-1,779596e-004
2,124689e+003;-2,016732e-004
2,125171e+003;-2,224050e-004
2,125653e+003;-2,215439e-004
2,126135e+003;-1,812054e-004
2,126617e+003;-9,173847e-005
2,127099e+003;4,615817e-005
2,127581e+003;2,176789e-004
2,128063e+003;3,990840e-004
2,128546e+003;5,611560e-004
2,129028e+003;6,802441e-004
2,129510e+003;7,441650e-004
2,129992e+003;7,568774e-004
2,130474e+003;7,346062e-004
2,130956e+003;7,015169e-004
2,131438e+003;6,808415e-004
2,131920e+003;6,844256e-004
2,132403e+003;7,099134e-004
2,132885e+003;7,412442e-004
2,133367e+003;7,553505e-004
2,133849e+003;7,304574e-004
2,134331e+003;6,538621e-004
2,134813e+003;5,264875e-004
2,135295e+003;3,624056e-004
2,135777e+003;1,823418e-004
2,136260e+003;9,145091e-006
2,136741e+003;-1,366564e-004
2,137224e+003;-2,408177e-004
2,137706e+003;-2,959849e-004
2,138188e+003;-3,018125e-004
2,138670e+003;-2,679055e-004
2,139152e+003;-2,160796e-004
2,139634e+003;-1,798806e-004
2,140116e+003;-1,962748e-004
2,140598e+003;-2,993623e-004
2,141081e+003;-5,026837e-004
2,141563e+003;-7,911163e-004
2,142045e+003;-1,115944e-003
2,142527e+003;-1,404994e-003
2,143009e+003;-1,580926e-003
2,143491e+003;-1,580365e-003
2,143973e+003;-1,378109e-003
2,144455e+003;-9,918936e-004
2,144938e+003;-4,793506e-004
2,145420e+003;8,788036e-005
2,145902e+003;6,336204e-004
2,146384e+003;1,096396e-003
2,146866e+003;1,439871e-003
2,147348e+003;1,644005e-003
2,147830e+003;1,699319e-003
2,148312e+003;1,602299e-003
2,148794e+003;1,353213e-003
2,149277e+003;9,628151e-004
2,149759e+003;4,658161e-004
2,150241e+003;-7,023849e-005
2,150723e+003;-5,576853e-004
2,151205e+003;-8,972039e-004
2,151687e+003;-1,009613e-003
2,152169e+003;-8,654266e-004
2,152651e+003;-4,932182e-004
2,153134e+003;2,253173e-005
2,153616e+003;5,692844e-004
2,154098e+003;1,028239e-003
2,154580e+003;1,318282e-003
2,155062e+003;1,412313e-003
2,155544e+003;1,346034e-003
2,156026e+003;1,195397e-003
2,156508e+003;1,050625e-003
2,156990e+003;9,854633e-004
2,157473e+003;1,026744e-003
2,157955e+003;1,149017e-003
2,158437e+003;1,288172e-003
2,158919e+003;1,374917e-003
2,159401e+003;1,362386e-003
2,159883e+003;1,249325e-003
2,160365e+003;1,070188e-003
2,160847e+003;8,808997e-004
2,161330e+003;7,304906e-004
2,161812e+003;6,382659e-004
2,162294e+003;5,916798e-004
2,162776e+003;5,507054e-004
2,163258e+003;4,604095e-004
2,163740e+003;2,731103e-004
2,164222e+003;-3,237075e-005
2,164704e+003;-4,480723e-004
2,165187e+003;-9,362857e-004
2,165668e+003;-1,445945e-003
2,166151e+003;-1,923407e-003
2,166633e+003;-2,328866e-003
2,167115e+003;-2,642107e-003
2,167597e+003;-2,857304e-003
2,168079e+003;-2,973978e-003
2,168561e+003;-2,989675e-003
2,169043e+003;-2,895552e-003
2,169525e+003;-2,679616e-003
2,170008e+003;-2,335919e-003
2,170490e+003;-1,872240e-003
2,170972e+003;-1,312508e-003
2,171454e+003;-6,954565e-004
2,171936e+003;-6,964217e-005
2,172418e+003;5,224071e-004
2,172900e+003;1,043185e-003
2,173382e+003;1,467764e-003
2,173865e+003;1,786912e-003
2,174347e+003;2,002826e-003
2,174829e+003;2,125839e-003
2,175311e+003;2,174721e-003
2,175793e+003;2,171092e-003
2,176275e+003;2,135296e-003
2,176757e+003;2,085452e-003
2,177239e+003;2,029756e-003
2,177721e+003;1,962716e-003
2,178204e+003;1,865737e-003
2,178686e+003;1,709465e-003
2,179168e+003;1,469260e-003
2,179650e+003;1,134466e-003
2,180132e+003;7,210648e-004
2,180614e+003;2,719499e-004
2,181096e+003;-1,464940e-004
2,181578e+003;-4,710099e-004
2,182061e+003;-6,596944e-004
2,182543e+003;-7,081925e-004
2,183025e+003;-6,500339e-004
2,183507e+003;-5,459707e-004
2,183989e+003;-4,579029e-004
2,184471e+003;-4,268548e-004
2,184953e+003;-4,600543e-004
2,185435e+003;-5,312113e-004
2,185917e+003;-5,949778e-004
2,186400e+003;-6,042756e-004
2,186882e+003;-5,313767e-004
2,187364e+003;-3,763059e-004
2,187846e+003;-1,646118e-004
2,188328e+003;6,739987e-005
2,188810e+003;2,851126e-004
2,189292e+003;4,689341e-004
2,189774e+003;6,180913e-004
2,190257e+003;7,438331e-004
2,190739e+003;8,599170e-004
2,191221e+003;9,698219e-004
2,191703e+003;1,062649e-003
2,192185e+003;1,117058e-003
2,192667e+003;1,112009e-003
2,193149e+003;1,035147e-003
2,193631e+003;8,918231e-004
2,194114e+003;7,031763e-004
2,194595e+003;4,969635e-004
2,195078e+003;2,965183e-004
2,195560e+003;1,128692e-004
2,196042e+003;-5,778192e-005
2,196524e+003;-2,258160e-004
2,197006e+003;-3,983535e-004
2,197488e+003;-5,678111e-004
2,197970e+003;-7,090195e-004
2,198452e+003;-7,819217e-004
2,198935e+003;-7,488460e-004
2,199417e+003;-5,914373e-004
2,199899e+003;-3,224733e-004
2,200381e+003;1,119945e-005
2,200863e+003;3,408179e-004
2,201345e+003;5,932724e-004
2,201827e+003;7,202019e-004
2,202309e+003;7,112410e-004
2,202792e+003;5,977848e-004
2,203274e+003;4,377887e-004
2,203756e+003;3,019229e-004
2,204238e+003;2,448965e-004
2,204720e+003;2,883950e-004
2,205202e+003;4,213380e-004
2,205684e+003;6,058807e-004
2,206166e+003;7,980040e-004
2,206648e+003;9,626823e-004
2,207131e+003;1,087262e-003
2,207613e+003;1,179781e-003
2,208095e+003;1,262916e-003
2,208577e+003;1,356437e-003
2,209059e+003;1,467930e-003
2,209541e+003;1,585372e-003
2,210023e+003;1,680958e-003
2,210505e+003;1,717581e-003
2,210988e+003;1,662531e-003
2,211470e+003;1,499682e-003
2,211952e+003;1,233541e-003
2,212434e+003;8,919559e-004
2,212916e+003;5,172652e-004
2,213398e+003;1,629175e-004
2,213880e+003;-1,233405e-004
2,214362e+003;-3,050242e-004
2,214844e+003;-3,633284e-004
2,215327e+003;-3,022429e-004
2,215809e+003;-1,468584e-004
2,216291e+003;6,103719e-005
2,216773e+003;2,774537e-004
2,217255e+003;4,594144e-004
2,217737e+003;5,791050e-004
2,218219e+003;6,273821e-004
2,218701e+003;6,104928e-004
2,219184e+003;5,462930e-004
2,219666e+003;4,551688e-004
2,220148e+003;3,550769e-004
2,220630e+003;2,570305e-004
2,221112e+003;1,675912e-004
2,221594e+003;9,218868e-005
2,222076e+003;3,876856e-005
2,222558e+003;1,935071e-005
2,223041e+003;4,479953e-005
2,223522e+003;1,198624e-004
2,224005e+003;2,367410e-004
2,224487e+003;3,726195e-004
2,224969e+003;4,965322e-004
2,225451e+003;5,726021e-004
2,225933e+003;5,743606e-004
2,226415e+003;4,919214e-004
2,226897e+003;3,337217e-004
2,227379e+003;1,227790e-004
2,227862e+003;-1,094942e-004
2,228344e+003;-3,341276e-004
2,228826e+003;-5,326674e-004
2,229308e+003;-6,968459e-004
2,229790e+003;-8,277604e-004
2,230272e+003;-9,285820e-004
2,230754e+003;-1,000026e-003
2,231236e+003;-1,037512e-003
2,231719e+003;-1,034041e-003
2,232201e+003;-9,819429e-004
2,232683e+003;-8,792819e-004
2,233165e+003;-7,335973e-004
2,233647e+003;-5,615239e-004
2,234129e+003;-3,847477e-004
2,234611e+003;-2,259816e-004
2,235093e+003;-1,016765e-004
2,235575e+003;-1,822334e-005
2,236058e+003;3,028557e-005
2,236540e+003;5,885004e-005
2,237022e+003;8,479829e-005
2,237504e+003;1,246350e-004
2,237986e+003;1,869493e-004
2,238468e+003;2,697286e-004
2,238950e+003;3,618419e-004
2,239432e+003;4,474737e-004
2,239915e+003;5,109291e-004
2,240397e+003;5,412503e-004
2,240879e+003;5,367053e-004
2,241361e+003;5,042613e-004
2,241843e+003;4,579550e-004
2,242325e+003;4,137098e-004
2,242807e+003;3,868465e-004
2,243289e+003;3,873108e-004
2,243771e+003;4,180213e-004
2,244254e+003;4,743740e-004
2,244736e+003;5,453309e-004
2,245218e+003;6,156690e-004
2,245700e+003;6,662731e-004
2,246182e+003;6,797796e-004
2,246664e+003;6,423474e-004
2,247146e+003;5,465916e-004
2,247628e+003;3,957012e-004
2,248111e+003;2,029271e-004
2,248593e+003;-9,774431e-006
2,249075e+003;-2,167750e-004
2,249557e+003;-3,925272e-004
2,250039e+003;-5,183376e-004
2,250521e+003;-5,857129e-004
2,251003e+003;-5,962021e-004
2,251485e+003;-5,595384e-004
2,251968e+003;-4,883530e-004
2,252449e+003;-3,964335e-004
2,252932e+003;-2,941638e-004
2,253414e+003;-1,900815e-004
2,253896e+003;-9,177160e-005
2,254378e+003;-6,891826e-006
2,254860e+003;5,788902e-005
2,255342e+003;9,725930e-005
2,255824e+003;1,114772e-004
2,256306e+003;1,073676e-004
2,256789e+003;9,745814e-005
2,257271e+003;9,656332e-005
2,257753e+003;1,183709e-004
2,258235e+003;1,692485e-004
2,258717e+003;2,467199e-004
2,259199e+003;3,399226e-004
2,259681e+003;4,347042e-004
2,260163e+003;5,164359e-004
2,260646e+003;5,758204e-004
2,261128e+003;6,094311e-004
2,261610e+003;6,202149e-004
2,262092e+003;6,139436e-004
2,262574e+003;5,961258e-004
2,263056e+003;5,705120e-004
2,263538e+003;5,394257e-004
2,264020e+003;5,025696e-004
2,264502e+003;4,603763e-004
2,264985e+003;4,124164e-004
2,265467e+003;3,581609e-004
2,265949e+003;2,959215e-004
2,266431e+003;2,236792e-004
2,266913e+003;1,400802e-004
2,267395e+003;4,705289e-005
2,267877e+003;-4,787605e-005
2,268359e+003;-1,314891e-004
2,268842e+003;-1,869683e-004
2,269324e+003;-1,989575e-004
2,269806e+003;-1,583518e-004
2,270288e+003;-6,560044e-005
2,270770e+003;6,739987e-005
2,271252e+003;2,205630e-004
2,271734e+003;3,717905e-004
2,272216e+003;5,014417e-004
2,272698e+003;5,956945e-004
2,273181e+003;6,494487e-004
2,273663e+003;6,632532e-004
2,274145e+003;6,410864e-004
2,274627e+003;5,870016e-004
2,275109e+003;5,049248e-004
2,275591e+003;3,994488e-004
2,276073e+003;2,772547e-004
2,276555e+003;1,496260e-004
2,277038e+003;3,035184e-005
2,277520e+003;-6,599799e-005
2,278002e+003;-1,278123e-004
2,278484e+003;-1,509325e-004
2,278966e+003;-1,393063e-004
2,279448e+003;-1,043597e-004
2,279930e+003;-6,016725e-005
2,280412e+003;-1,961491e-005
2,280895e+003;9,343899e-006
2,281376e+003;2,673999e-005
2,281859e+003;3,833778e-005
2,282341e+003;5,364732e-005
2,282823e+003;8,055632e-005
2,283305e+003;1,237070e-004
2,283787e+003;1,812810e-004
2,284269e+003;2,470514e-004
2,284751e+003;3,109086e-004
2,285233e+003;3,634336e-004
2,285716e+003;3,974258e-004
2,286198e+003;4,106254e-004
2,286680e+003;4,054516e-004
2,287162e+003;3,882394e-004
2,287644e+003;3,685074e-004
2,288126e+003;3,552096e-004
2,288608e+003;3,561713e-004
2,289090e+003;3,761679e-004
2,289573e+003;4,156997e-004
2,290055e+003;4,708579e-004
2,290537e+003;5,351461e-004
2,291019e+003;5,996760e-004
2,291501e+003;6,550899e-004
2,291983e+003;6,941493e-004
2,292465e+003;7,127344e-004
2,292947e+003;7,097475e-004
2,293429e+003;6,875451e-004
2,293912e+003;6,500459e-004
2,294394e+003;6,019655e-004
2,294876e+003;5,475537e-004
2,295358e+003;4,903623e-004
2,295840e+003;4,342066e-004
2,296322e+003;3,843592e-004
2,296804e+003;3,479805e-004
2,297286e+003;3,332575e-004
2,297769e+003;3,483453e-004
2,298251e+003;3,981554e-004
2,298733e+003;4,818042e-004
2,299215e+003;5,906181e-004
2,299697e+003;7,087518e-004
2,300179e+003;8,186518e-004
2,300661e+003;9,022487e-004
2,301143e+003;9,490010e-004
2,301625e+003;9,584982e-004
2,302108e+003;9,402013e-004
2,302590e+003;9,105495e-004
2,303072e+003;8,865772e-004
2,303554e+003;8,818626e-004
2,304036e+003;9,002233e-004
2,304518e+003;9,357518e-004
2,305000e+003;9,741390e-004
2,305482e+003;9,995775e-004
2,305965e+003;9,992453e-004
2,306447e+003;9,684272e-004
2,306929e+003;9,122097e-004
2,307411e+003;8,441474e-004
2,307893e+003;7,822035e-004
2,308375e+003;7,418417e-004
2,308857e+003;7,338096e-004
2,309339e+003;7,593667e-004
2,309822e+003;8,119129e-004
2,310303e+003;8,780444e-004
2,310786e+003;9,432895e-004
2,311268e+003;9,940646e-004
2,311750e+003;1,022560e-003
2,312232e+003;1,026744e-003
2,312714e+003;1,010869e-003
2,313196e+003;9,834043e-004
2,313678e+003;9,532182e-004
2,314160e+003;9,272512e-004
2,314643e+003;9,090554e-004
2,315125e+003;8,966706e-004
2,315607e+003;8,851827e-004
2,316089e+003;8,678186e-004
2,316571e+003;8,394665e-004
2,317053e+003;7,977716e-004
2,317535e+003;7,445302e-004
2,318017e+003;6,854212e-004
2,318500e+003;6,277139e-004
2,318982e+003;5,772139e-004
2,319464e+003;5,372693e-004
2,319946e+003;5,070479e-004
2,320428e+003;4,836949e-004
2,320910e+003;4,633947e-004
2,321392e+003;4,445217e-004
2,321874e+003;4,281703e-004
2,322356e+003;4,171590e-004
2,322839e+003;4,144394e-004
2,323321e+003;4,210726e-004
2,323803e+003;4,338418e-004
2,324285e+003;4,470425e-004
2,324767e+003;4,543396e-004
2,325249e+003;4,507905e-004
2,325731e+003;4,366942e-004
2,326213e+003;4,171590e-004
2,326696e+003;4,018035e-004
2,327178e+003;4,016377e-004
2,327660e+003;4,264787e-004
2,328142e+003;4,802783e-004
2,328624e+003;5,603266e-004
2,329106e+003;6,560191e-004
2,329588e+003;7,529939e-004
2,330070e+003;8,358811e-004
2,330552e+003;8,923875e-004
2,331035e+003;9,167254e-004
2,331517e+003;9,112468e-004
2,331999e+003;8,839210e-004
2,332481e+003;8,457410e-004
2,332963e+003;8,073319e-004
2,333445e+003;7,763282e-004
2,333927e+003;7,545539e-004
2,334409e+003;7,401489e-004
2,334892e+003;7,281009e-004
2,335374e+003;7,125685e-004
2,335856e+003;6,894700e-004
2,336338e+003;6,588065e-004
2,336820e+003;6,236989e-004
2,337302e+003;5,908503e-004
2,337784e+003;5,665639e-004
2,338266e+003;5,553169e-004
2,338749e+003;5,578051e-004
2,339230e+003;5,710428e-004
2,339713e+003;5,881296e-004
2,340195e+003;6,025627e-004
2,340677e+003;6,087343e-004
2,341159e+003;6,045535e-004
2,341641e+003;5,914143e-004
2,342123e+003;5,729339e-004
2,342605e+003;5,543548e-004
2,343087e+003;5,399233e-004
2,343570e+003;5,329566e-004
2,344052e+003;5,349802e-004
2,344534e+003;5,463925e-004
2,345016e+003;5,661989e-004
2,345498e+003;5,928742e-004
2,345980e+003;6,242962e-004
2,346462e+003;6,583420e-004
2,346944e+003;6,931205e-004
2,347427e+003;7,279682e-004
2,347909e+003;7,626527e-004
2,348391e+003;7,979044e-004
2,348873e+003;8,349848e-004
2,349355e+003;8,743591e-004
2,349837e+003;9,158289e-004
2,350319e+003;9,573359e-004
2,350801e+003;9,950941e-004
2,351283e+003;1,024552e-003
2,351766e+003;1,040926e-003
2,352248e+003;1,040627e-003
2,352730e+003;1,022759e-003
2,353212e+003;9,873562e-004
2,353694e+003;9,344568e-004
2,354176e+003;8,634362e-004
2,354658e+003;7,732744e-004
2,355140e+003;6,648129e-004
2,355623e+003;5,442361e-004
2,356105e+003;4,258154e-004
2,356587e+003;3,290462e-004
2,357069e+003;2,764922e-004
2,357551e+003;2,855436e-004
2,358033e+003;3,602501e-004
2,358515e+003;4,875427e-004
2,358997e+003;6,382327e-004
2,359479e+003;7,759631e-004
2,359962e+003;8,664906e-004
2,360444e+003;8,905614e-004
2,360926e+003;8,494924e-004
2,361408e+003;7,636817e-004
2,361890e+003;6,624237e-004
2,362372e+003;5,748583e-004
2,362854e+003;5,200850e-004
2,363336e+003;5,011432e-004
2,363819e+003;5,076781e-004
2,364301e+003;5,227057e-004
2,364783e+003;5,319613e-004
2,365265e+003;5,291747e-004
2,365747e+003;5,196205e-004
2,366229e+003;5,149099e-004
2,366711e+003;5,299709e-004
2,367193e+003;5,742611e-004
2,367676e+003;6,488182e-004
2,368157e+003;7,454263e-004
2,368640e+003;8,494260e-004
2,369122e+003;9,434887e-004
2,369604e+003;1,011699e-003
2,370086e+003;1,043816e-003
2,370568e+003;1,036110e-003
2,371050e+003;9,923044e-004
2,371532e+003;9,218057e-004
2,372014e+003;8,385701e-004
2,372497e+003;7,577735e-004
2,372979e+003;6,915607e-004
2,373461e+003;6,482541e-004
2,373943e+003;6,290080e-004
2,374425e+003;6,285103e-004
2,374907e+003;6,362749e-004
2,375389e+003;6,407215e-004
2,375872e+003;6,329567e-004
2,376354e+003;6,079047e-004
2,376836e+003;5,676587e-004
2,377318e+003;5,187912e-004
2,377800e+003;4,704267e-004
2,378282e+003;4,306246e-004
2,378764e+003;4,052526e-004
2,379246e+003;3,956681e-004
2,379729e+003;4,001453e-004
2,380210e+003;4,149038e-004
2,380693e+003;4,360640e-004
2,381175e+003;4,605090e-004
2,381657e+003;4,864481e-004
2,382139e+003;5,128531e-004
2,382621e+003;5,390276e-004
2,383103e+003;5,639761e-004
2,383585e+003;5,860062e-004
2,384067e+003;6,031599e-004
2,384550e+003;6,132800e-004
2,385032e+003;6,144082e-004
2,385514e+003;6,056485e-004
2,385996e+003;5,871343e-004
2,386478e+003;5,601607e-004
2,386960e+003;5,285112e-004
2,387442e+003;4,968971e-004
2,387924e+003;4,714881e-004
2,388406e+003;4,585189e-004
2,388889e+003;4,618026e-004
2,389371e+003;4,820364e-004
2,389853e+003;5,157061e-004
2,390335e+003;5,561131e-004
2,390817e+003;5,945000e-004
2,391299e+003;6,230685e-004
2,391781e+003;6,373700e-004
2,392263e+003;6,366068e-004
2,392746e+003;6,236989e-004
2,393228e+003;6,029609e-004
2,393710e+003;5,783751e-004
2,394192e+003;5,519993e-004
2,394674e+003;5,238336e-004
2,395156e+003;4,935800e-004
2,395638e+003;4,620348e-004
2,396120e+003;4,327804e-004
2,396603e+003;4,115209e-004
2,397085e+003;4,041251e-004
2,397567e+003;4,141078e-004
2,398049e+003;4,411055e-004
2,398531e+003;4,801788e-004
2,399013e+003;5,232696e-004
2,399495e+003;5,630802e-004
2,399977e+003;5,952963e-004
2,400459e+003;6,195512e-004
2,400942e+003;6,390623e-004
2,401424e+003;6,577446e-004
2,401906e+003;6,765605e-004
2,402388e+003;6,931869e-004
2,402870e+003;7,007868e-004
2,403352e+003;6,913948e-004
2,403834e+003;6,602667e-004
2,404316e+003;6,075397e-004
2,404799e+003;5,401556e-004
2,405281e+003;4,688014e-004
2,405763e+003;4,061481e-004
2,406245e+003;3,612450e-004
2,406727e+003;3,387951e-004
2,407209e+003;3,374688e-004
2,407691e+003;3,526230e-004
2,408173e+003;3,785888e-004
2,408656e+003;4,109902e-004
2,409137e+003;4,476396e-004
2,409620e+003;4,880072e-004
2,410102e+003;5,319613e-004
2,410584e+003;5,779770e-004
2,411066e+003;6,230685e-004
2,411548e+003;6,624237e-004
2,412030e+003;6,912620e-004
2,412512e+003;7,053335e-004
2,412994e+003;7,022470e-004
2,413477e+003;6,810738e-004
2,413959e+003;6,437743e-004
2,414441e+003;5,939692e-004
2,414923e+003;5,374684e-004
2,415405e+003;4,824344e-004
2,415887e+003;4,376560e-004
2,416369e+003;4,120515e-004
2,416851e+003;4,120515e-004
2,417333e+003;4,395466e-004
2,417816e+003;4,909594e-004
2,418298e+003;5,569757e-004
2,418780e+003;6,250925e-004
2,419262e+003;6,812065e-004
2,419744e+003;7,146926e-004
2,420226e+003;7,197704e-004
2,420708e+003;6,977335e-004
2,421190e+003;6,562513e-004
2,421673e+003;6,078716e-004
2,422155e+003;5,681895e-004
2,422637e+003;5,500751e-004
2,423119e+003;5,628480e-004
2,423601e+003;6,076393e-004
2,424083e+003;6,773238e-004
2,424565e+003;7,558816e-004
2,425047e+003;8,234321e-004
2,425530e+003;8,608466e-004
2,426012e+003;8,553355e-004
2,426494e+003;8,054729e-004
2,426976e+003;7,225251e-004
2,427458e+003;6,280458e-004
2,427940e+003;5,459281e-004
2,428422e+003;4,962005e-004
2,428904e+003;4,878745e-004
2,429386e+003;5,167344e-004
2,429869e+003;5,670947e-004
2,430351e+003;6,188876e-004
2,430833e+003;6,556541e-004
2,431315e+003;6,690938e-004
2,431797e+003;6,613617e-004
2,432279e+003;6,418496e-004
2,432761e+003;6,226703e-004
2,433243e+003;6,112228e-004
2,433726e+003;6,093979e-004
2,434208e+003;6,126495e-004
2,434690e+003;6,144082e-004
2,435172e+003;6,103933e-004
2,435654e+003;6,008042e-004
2,436136e+003;5,892909e-004
2,436618e+003;5,808635e-004
2,437100e+003;5,773466e-004
2,437583e+003;5,749578e-004
2,438064e+003;5,651704e-004
2,438547e+003;5,387290e-004
2,439029e+003;4,892676e-004
2,439511e+003;4,182204e-004
2,439993e+003;3,338875e-004
2,440475e+003;2,496705e-004
2,440957e+003;1,791264e-004
2,441439e+003;1,305015e-004
2,441921e+003;1,051470e-004
2,442404e+003;9,825354e-005
2,442886e+003;1,020648e-004
2,443368e+003;1,100852e-004
2,443850e+003;1,201275e-004
2,444332e+003;1,351085e-004
2,444814e+003;1,604315e-004
2,445296e+003;2,017669e-004
2,445778e+003;2,609427e-004
2,446260e+003;3,366066e-004
2,446743e+003;4,236596e-004
2,447225e+003;5,158387e-004
2,447707e+003;6,073075e-004
2,448189e+003;6,943152e-004
2,448671e+003;7,734403e-004
2,449153e+003;8,409272e-004
2,449635e+003;8,918895e-004
2,450117e+003;9,192157e-004
2,450600e+003;9,163602e-004
2,451082e+003;8,790405e-004
2,451564e+003;8,076638e-004
2,452046e+003;7,093824e-004
2,452528e+003;5,966567e-004
2,453010e+003;4,860169e-004
2,453492e+003;3,924180e-004
2,453974e+003;3,267914e-004
2,454457e+003;2,929043e-004
2,454939e+003;2,867040e-004
2,455421e+003;2,971815e-004
2,455903e+003;3,105770e-004
2,456385e+003;3,150533e-004
2,456867e+003;3,036802e-004
2,457349e+003;2,775200e-004
2,457831e+003;2,450622e-004
2,458313e+003;2,200989e-004
2,458796e+003;2,156236e-004
2,459278e+003;2,412165e-004
2,459760e+003;2,990714e-004
2,460242e+003;3,831985e-004
2,460724e+003;4,821359e-004
2,461206e+003;5,822902e-004
2,461688e+003;6,725119e-004
2,462170e+003;7,457250e-004
2,462653e+003;7,997965e-004
2,463135e+003;8,342212e-004
2,463617e+003;8,487621e-004
2,464099e+003;8,405288e-004
2,464581e+003;8,051741e-004
2,465063e+003;7,390537e-004
2,465545e+003;6,431770e-004
2,466027e+003;5,258241e-004
2,466510e+003;4,035944e-004
2,466992e+003;2,964852e-004
2,467474e+003;2,243754e-004
2,467956e+003;2,002752e-004
2,468438e+003;2,257346e-004
2,468920e+003;2,906496e-004
2,469402e+003;3,768975e-004
2,469884e+003;4,641908e-004
2,470366e+003;5,346817e-004
2,470849e+003;5,790719e-004
2,471331e+003;5,969885e-004
2,471813e+003;5,954623e-004
2,472295e+003;5,844799e-004
2,472777e+003;5,736307e-004
2,473259e+003;5,693176e-004
2,473741e+003;5,733321e-004
2,474223e+003;5,837168e-004
2,474706e+003;5,971213e-004
2,475188e+003;6,100615e-004
2,475670e+003;6,205467e-004
2,476152e+003;6,285767e-004
2,476634e+003;6,357440e-004
2,477116e+003;6,446370e-004
2,477598e+003;6,580433e-004
2,478080e+003;6,773570e-004
2,478563e+003;7,023134e-004
2,479044e+003;7,309885e-004
2,479527e+003;7,588689e-004
2,480009e+003;7,806433e-004
2,480491e+003;7,916306e-004
2,480973e+003;7,886099e-004
2,481455e+003;7,709177e-004
2,481937e+003;7,409123e-004
2,482419e+003;7,028444e-004
2,482901e+003;6,612290e-004
2,483384e+003;6,195512e-004
2,483866e+003;5,789723e-004
2,484348e+003;5,391603e-004
2,484830e+003;4,986553e-004
2,485312e+003;4,566946e-004
2,485794e+003;4,137098e-004
2,486276e+003;3,729843e-004
2,486758e+003;3,386293e-004
2,487240e+003;3,150533e-004
2,487723e+003;3,061339e-004
2,488205e+003;3,130970e-004
2,488687e+003;3,349486e-004
2,489169e+003;3,689385e-004
2,489651e+003;4,107581e-004
2,490133e+003;4,558653e-004
2,490615e+003;5,001148e-004
2,491097e+003;5,406532e-004
2,491580e+003;5,758204e-004
2,492062e+003;6,052835e-004
2,492544e+003;6,299371e-004
2,493026e+003;6,506433e-004
2,493508e+003;6,680983e-004
2,493990e+003;6,814388e-004
2,494472e+003;6,881425e-004
2,494954e+003;6,854544e-004
2,495437e+003;6,708194e-004
2,495919e+003;6,438075e-004
2,496401e+003;6,071748e-004
2,496883e+003;5,660662e-004
2,497365e+003;5,283785e-004
2,497847e+003;5,004134e-004
2,498329e+003;4,863486e-004
2,498811e+003;4,867135e-004
2,499293e+003;4,984894e-004
2,499776e+003;5,169998e-004
2,500258e+003;5,379991e-004
2,500740e+003;5,598621e-004
2,501222e+003;5,839823e-004
2,501704e+003;6,133132e-004
2,502186e+003;6,504110e-004
2,502668e+003;6,954436e-004
2,503150e+003;7,452272e-004
2,503633e+003;7,935227e-004
2,504115e+003;8,322957e-004
2,504597e+003;8,553023e-004
2,505079e+003;8,588546e-004
2,505561e+003;8,436827e-004
2,506043e+003;8,140042e-004
2,506525e+003;7,767929e-004
2,507007e+003;7,395847e-004
2,507490e+003;7,092496e-004
2,507971e+003;6,909302e-004
2,508454e+003;6,871469e-004
2,508936e+003;6,976671e-004
2,509418e+003;7,195381e-004
2,509900e+003;7,477497e-004
2,510382e+003;7,766933e-004
2,510864e+003;8,012903e-004
2,511346e+003;8,191497e-004
2,511828e+003;8,314658e-004
2,512311e+003;8,429191e-004
2,512793e+003;8,589874e-004
2,513275e+003;8,845187e-004
2,513757e+003;9,201455e-004
2,514239e+003;9,611215e-004
2,514721e+003;9,986475e-004
2,515203e+003;1,022394e-003
2,515685e+003;1,024154e-003
2,516167e+003;1,000806e-003
2,516650e+003;9,555095e-004
2,517132e+003;8,959402e-004
2,517614e+003;8,320633e-004
2,518096e+003;7,720131e-004
2,518578e+003;7,206334e-004
2,519060e+003;6,798459e-004
2,519542e+003;6,498800e-004
2,520024e+003;6,319944e-004
2,520507e+003;6,296717e-004
2,520989e+003;6,475572e-004
2,521471e+003;6,893040e-004
2,521953e+003;7,548527e-004
2,522435e+003;8,379394e-004
2,522917e+003;9,269192e-004
2,523399e+003;1,008810e-003
2,523881e+003;1,072348e-003
2,524364e+003;1,112939e-003
2,524846e+003;1,133702e-003
2,525328e+003;1,143934e-003
2,525810e+003;1,154797e-003
2,526292e+003;1,174598e-003
2,526774e+003;1,204866e-003
2,527256e+003;1,240320e-003
2,527738e+003;1,271157e-003
2,528220e+003;1,286211e-003
2,528703e+003;1,278402e-003
2,529185e+003;1,246401e-003
2,529667e+003;1,194400e-003
2,530149e+003;1,129948e-003
2,530631e+003;1,061320e-003
2,531113e+003;9,950941e-004
2,531595e+003;9,351209e-004
2,532077e+003;8,840206e-004
2,532560e+003;8,435831e-004
2,533042e+003;8,165604e-004
2,533524e+003;8,053733e-004
2,534006e+003;8,111494e-004
2,534488e+003;8,320301e-004
2,534970e+003;8,621082e-004
2,535452e+003;8,932176e-004
2,535934e+003;9,167586e-004
2,536417e+003;9,269192e-004
2,536898e+003;9,229346e-004
2,537381e+003;9,095866e-004
2,537863e+003;8,953093e-004
2,538345e+003;8,880713e-004
2,538827e+003;8,935496e-004
2,539309e+003;9,118113e-004
2,539791e+003;9,385410e-004
2,540273e+003;9,669661e-004
2,540755e+003;9,914410e-004
2,541238e+003;1,010072e-003
2,541720e+003;1,025682e-003
2,542202e+003;1,043949e-003
2,542684e+003;1,070786e-003
2,543166e+003;1,109219e-003
2,543648e+003;1,156990e-003
2,544130e+003;1,206793e-003
2,544612e+003;1,248993e-003
2,545094e+003;1,274746e-003
2,545577e+003;1,278302e-003
2,546059e+003;1,259792e-003
2,546541e+003;1,223839e-003
2,547023e+003;1,178353e-003
2,547505e+003;1,131410e-003
2,547987e+003;1,089521e-003
2,548469e+003;1,057766e-003
2,548951e+003;1,039531e-003
2,549434e+003;1,037937e-003
2,549916e+003;1,057135e-003
2,550398e+003;1,100781e-003
2,550880e+003;1,171342e-003
2,551362e+003;1,266871e-003
2,551844e+003;1,380335e-003
2,552326e+003;1,498651e-003
2,552808e+003;1,605658e-003
2,553291e+003;1,686313e-003
2,553773e+003;1,729224e-003
2,554255e+003;1,731121e-003
2,554737e+003;1,696758e-003
2,555219e+003;1,637752e-003
2,555701e+003;1,567481e-003
2,556183e+003;1,498884e-003
2,556665e+003;1,440204e-003
2,557147e+003;1,394529e-003
2,557630e+003;1,360924e-003
2,558112e+003;1,336428e-003
2,558594e+003;1,319079e-003
2,559076e+003;1,308444e-003
2,559558e+003;1,305453e-003
2,560040e+003;1,310904e-003
2,560522e+003;1,323765e-003
2,561004e+003;1,339984e-003
2,561487e+003;1,353811e-003
2,561969e+003;1,359063e-003
2,562451e+003;1,352482e-003
2,562933e+003;1,335365e-003
2,563415e+003;1,314360e-003
2,563897e+003;1,298408e-003
2,564379e+003;1,297477e-003
2,564861e+003;1,318016e-003
2,565344e+003;1,360924e-003
2,565825e+003;1,421588e-003
2,566308e+003;1,491104e-003
2,566790e+003;1,559367e-003
2,567272e+003;1,617764e-003
2,567754e+003;1,661001e-003
2,568236e+003;1,687976e-003
2,568718e+003;1,700151e-003
2,569200e+003;1,700151e-003
2,569682e+003;1,690571e-003
2,570165e+003;1,673041e-003
2,570647e+003;1,649293e-003
2,571129e+003;1,621622e-003
2,571611e+003;1,594052e-003
2,572093e+003;1,572037e-003
2,572575e+003;1,561462e-003
2,573057e+003;1,566916e-003
2,573539e+003;1,590094e-003
2,574021e+003;1,628706e-003
2,574504e+003;1,677166e-003
2,574986e+003;1,728293e-003
2,575468e+003;1,774602e-003
2,575950e+003;1,811766e-003
2,576432e+003;1,838152e-003
2,576914e+003;1,855754e-003
2,577396e+003;1,868100e-003
2,577878e+003;1,879148e-003
2,578361e+003;1,891161e-003
2,578843e+003;1,904573e-003
2,579325e+003;1,917419e-003
2,579807e+003;1,927071e-003
2,580289e+003;1,931331e-003
2,580771e+003;1,929733e-003
2,581253e+003;1,924275e-003
2,581735e+003;1,919216e-003
2,582218e+003;1,919749e-003
2,582700e+003;1,930732e-003
2,583182e+003;1,954995e-003
2,583664e+003;1,992174e-003
2,584146e+003;2,039410e-003
2,584628e+003;2,090946e-003
2,585110e+003;2,140290e-003
2,585592e+003;2,182314e-003
2,586074e+003;2,214018e-003
2,586557e+003;2,235732e-003
2,587039e+003;2,250486e-003
2,587521e+003;2,263643e-003
2,588003e+003;2,279297e-003
2,588485e+003;2,300948e-003
2,588967e+003;2,328763e-003
2,589449e+003;2,360377e-003
2,589931e+003;2,391328e-003
2,590414e+003;2,416816e-003
2,590896e+003;2,433676e-003
2,591378e+003;2,440840e-003
2,591860e+003;2,440240e-003
2,592342e+003;2,435175e-003
2,592824e+003;2,430310e-003
2,593306e+003;2,428711e-003
2,593788e+003;2,431743e-003
2,594271e+003;2,438207e-003
2,594752e+003;2,445138e-003
2,595235e+003;2,448503e-003
2,595717e+003;2,445405e-003
2,596199e+003;2,435308e-003
2,596681e+003;2,420448e-003
2,597163e+003;2,406221e-003
2,597645e+003;2,398957e-003
2,598127e+003;2,404721e-003
2,598609e+003;2,427045e-003
2,599092e+003;2,464798e-003
2,599574e+003;2,512552e-003
2,600056e+003;2,562144e-003
2,600538e+003;2,604275e-003
2,601020e+003;2,631076e-003
2,601502e+003;2,639377e-003
2,601984e+003;2,629976e-003
2,602466e+003;2,607942e-003
2,602948e+003;2,579976e-003
2,603431e+003;2,552512e-003
2,603913e+003;2,529915e-003
2,604395e+003;2,513318e-003
2,604877e+003;2,501454e-003
2,605359e+003;2,492490e-003
2,605841e+003;2,484992e-003
2,606323e+003;2,478261e-003
2,606805e+003;2,472962e-003
2,607288e+003;2,470030e-003
2,607770e+003;2,469030e-003
2,608252e+003;2,468963e-003
2,608734e+003;2,468763e-003
2,609216e+003;2,467597e-003
2,609698e+003;2,466864e-003
2,610180e+003;2,469763e-003
2,610662e+003;2,480493e-003
2,611145e+003;2,502154e-003
2,611627e+003;2,535348e-003
2,612109e+003;2,576143e-003
2,612591e+003;2,618476e-003
2,613073e+003;2,653545e-003
2,613555e+003;2,675015e-003
2,614037e+003;2,679515e-003
2,614519e+003;2,668780e-003
2,615001e+003;2,647978e-003
2,615484e+003;2,625109e-003
2,615966e+003;2,607176e-003
2,616448e+003;2,599242e-003
2,616930e+003;2,602809e-003
2,617412e+003;2,617209e-003
2,617894e+003;2,639877e-003
2,618376e+003;2,667913e-003
2,618858e+003;2,698519e-003
2,619341e+003;2,729260e-003
2,619823e+003;2,757502e-003
2,620305e+003;2,780311e-003
2,620787e+003;2,794851e-003
2,621269e+003;2,798719e-003
2,621751e+003;2,791316e-003
2,622233e+003;2,773675e-003
2,622715e+003;2,749233e-003
2,623198e+003;2,722425e-003
2,623679e+003;2,698219e-003
2,624162e+003;2,680716e-003
2,624644e+003;2,672314e-003
2,625126e+003;2,674148e-003
2,625608e+003;2,686150e-003
2,626090e+003;2,706454e-003
2,626572e+003;2,732494e-003
2,627054e+003;2,761004e-003
2,627536e+003;2,787981e-003
2,628019e+003;2,809524e-003
2,628501e+003;2,823131e-003
2,628983e+003;2,827766e-003
2,629465e+003;2,825065e-003
2,629947e+003;2,818262e-003
2,630429e+003;2,812125e-003
2,630911e+003;2,810858e-003
2,631393e+003;2,816828e-003
2,631875e+003;2,830734e-003
2,632358e+003;2,851246e-003
2,632840e+003;2,875927e-003
2,633322e+003;2,902344e-003
2,633804e+003;2,928663e-003
2,634286e+003;2,953449e-003
2,634768e+003;2,975567e-003
2,635250e+003;2,993717e-003
2,635732e+003;3,006395e-003
2,636215e+003;3,013134e-003
2,636697e+003;3,014336e-003
2,637179e+003;3,012934e-003
2,637661e+003;3,013201e-003
2,638143e+003;3,019841e-003
2,638625e+003;3,036490e-003
2,639107e+003;3,063785e-003
2,639589e+003;3,098824e-003
2,640072e+003;3,136134e-003
2,640554e+003;3,169476e-003
2,641036e+003;3,194242e-003
2,641518e+003;3,208996e-003
2,642000e+003;3,215071e-003
2,642482e+003;3,216540e-003
2,642964e+003;3,217141e-003
2,643446e+003;3,219211e-003
2,643928e+003;3,222181e-003
2,644411e+003;3,223750e-003
2,644893e+003;3,220612e-003
2,645375e+003;3,210532e-003
2,645857e+003;3,193709e-003
2,646339e+003;3,172347e-003
2,646821e+003;3,150419e-003
2,647303e+003;3,131595e-003
2,647785e+003;3,118947e-003
2,648268e+003;3,113707e-003
2,648750e+003;3,115810e-003
2,649232e+003;3,124420e-003
2,649714e+003;3,138637e-003
2,650196e+003;3,157361e-003
2,650678e+003;3,179289e-003
2,651160e+003;3,202521e-003
2,651642e+003;3,224752e-003
2,652125e+003;3,243379e-003
2,652606e+003;3,256932e-003
2,653089e+003;3,265245e-003
2,653571e+003;3,269985e-003
2,654053e+003;3,273891e-003
2,654535e+003;3,280068e-003
2,655017e+003;3,290617e-003
2,655499e+003;3,305775e-003
2,655981e+003;3,324172e-003
2,656463e+003;3,343537e-003
2,656946e+003;3,361936e-003
2,657428e+003;3,378298e-003
2,657910e+003;3,393325e-003
2,658392e+003;3,408252e-003
2,658874e+003;3,424549e-003
2,659356e+003;3,443419e-003
2,659838e+003;3,465095e-003
2,660320e+003;3,489711e-003
2,660802e+003;3,517502e-003
2,661285e+003;3,549770e-003
2,661767e+003;3,587888e-003
2,662249e+003;3,632892e-003
2,662731e+003;3,684184e-003
2,663213e+003;3,738355e-003
2,663695e+003;3,789591e-003
2,664177e+003;3,830505e-003
2,664659e+003;3,854640e-003
2,665142e+003;3,858251e-003
2,665624e+003;3,841971e-003
2,666106e+003;3,810549e-003
2,666588e+003;3,772178e-003
2,667070e+003;3,735982e-003
2,667552e+003;3,708745e-003
2,668034e+003;3,694743e-003
2,668516e+003;3,693841e-003
2,668999e+003;3,703198e-003
2,669481e+003;3,718403e-003
2,669963e+003;3,735247e-003
2,670445e+003;3,751021e-003
2,670927e+003;3,764424e-003
2,671409e+003;3,775085e-003
2,671891e+003;3,783007e-003
2,672373e+003;3,787385e-003
2,672855e+003;3,786683e-003
2,673338e+003;3,779029e-003
2,673820e+003;3,763421e-003
2,674302e+003;3,740360e-003
2,674784e+003;3,712388e-003
2,675266e+003;3,684150e-003
2,675748e+003;3,660459e-003
2,676230e+003;3,646224e-003
2,676712e+003;3,644253e-003
2,677195e+003;3,655046e-003
2,677677e+003;3,676097e-003
2,678159e+003;3,703632e-003
2,678641e+003;3,732907e-003
2,679123e+003;3,759644e-003
2,679605e+003;3,781035e-003
2,680087e+003;3,795675e-003
2,680569e+003;3,803596e-003
2,681052e+003;3,805635e-003
2,681533e+003;3,803429e-003
2,682016e+003;3,798583e-003
2,682498e+003;3,792499e-003
2,682980e+003;3,786951e-003
2,683462e+003;3,783207e-003
2,683944e+003;3,781904e-003
2,684426e+003;3,782472e-003
2,684908e+003;3,783107e-003
2,685390e+003;3,781035e-003
2,685873e+003;3,773214e-003
2,686355e+003;3,757873e-003
2,686837e+003;3,735280e-003
2,687319e+003;3,708545e-003
2,687801e+003;3,682713e-003
2,688283e+003;3,663767e-003
2,688765e+003;3,655981e-003
2,689247e+003;3,660525e-003
2,689729e+003;3,674827e-003
2,690212e+003;3,692371e-003
2,690694e+003;3,705604e-003
2,691176e+003;3,707576e-003
2,691658e+003;3,694576e-003
2,692140e+003;3,667075e-003
2,692622e+003;3,629852e-003
2,693104e+003;3,589325e-003
2,693586e+003;3,552977e-003
2,694069e+003;3,526120e-003
2,694551e+003;3,511188e-003
2,695033e+003;3,508282e-003
2,695515e+003;3,515197e-003
2,695997e+003;3,529660e-003
2,696479e+003;3,549303e-003
2,696961e+003;3,572754e-003
2,697443e+003;3,599047e-003
2,697926e+003;3,627246e-003
2,698408e+003;3,655747e-003
2,698890e+003;3,682012e-003
2,699372e+003;3,703331e-003
2,699854e+003;3,716732e-003
2,700336e+003;3,720308e-003
2,700818e+003;3,713257e-003
2,701300e+003;3,696447e-003
2,701782e+003;3,672354e-003
2,702265e+003;3,644954e-003
2,702747e+003;3,618325e-003
2,703229e+003;3,597310e-003
2,703711e+003;3,585550e-003
2,704193e+003;3,585115e-003
2,704675e+003;3,595940e-003
2,705157e+003;3,615786e-003
2,705639e+003;3,640511e-003
2,706122e+003;3,665170e-003
2,706604e+003;3,685921e-003
2,707086e+003;3,700224e-003
2,707568e+003;3,708311e-003
2,708050e+003;3,712421e-003
2,708532e+003;3,716264e-003
2,709014e+003;3,723115e-003
2,709496e+003;3,734846e-003
2,709979e+003;3,751255e-003
2,710461e+003;3,770907e-003
2,710943e+003;3,791430e-003
2,711425e+003;3,811518e-003
2,711907e+003;3,831842e-003
2,712389e+003;3,854941e-003
2,712871e+003;3,885296e-003
2,713353e+003;3,927021e-003
2,713835e+003;3,982961e-003
2,714318e+003;4,053156e-003
2,714800e+003;4,134568e-003
2,715282e+003;4,221014e-003
2,715764e+003;4,305202e-003
2,716246e+003;4,379666e-003
2,716728e+003;4,438041e-003
2,717210e+003;4,476673e-003
2,717692e+003;4,494650e-003
2,718175e+003;4,493512e-003
2,718656e+003;4,477242e-003
2,719139e+003;4,451431e-003
2,719621e+003;4,422509e-003
2,720103e+003;4,396501e-003
2,720585e+003;4,378963e-003
2,721067e+003;4,373708e-003
2,721549e+003;4,382176e-003
2,722031e+003;4,403363e-003
2,722513e+003;4,434627e-003
2,722996e+003;4,471215e-003
2,723478e+003;4,508142e-003
2,723960e+003;4,541087e-003
2,724442e+003;4,566937e-003
2,724924e+003;4,584215e-003
2,725406e+003;4,592854e-003
2,725888e+003;4,593725e-003
2,726370e+003;4,587764e-003
2,726853e+003;4,575241e-003
2,727335e+003;4,555854e-003
2,727817e+003;4,529704e-003
2,728299e+003;4,496926e-003
2,728781e+003;4,459298e-003
2,729263e+003;4,420066e-003
2,729745e+003;4,383782e-003
2,730227e+003;4,355234e-003
2,730709e+003;4,337563e-003
2,731192e+003;4,331371e-003
2,731674e+003;4,334450e-003
2,732156e+003;4,341378e-003
2,732638e+003;4,345595e-003
2,733120e+003;4,340709e-003
2,733602e+003;4,323005e-003
2,734084e+003;4,291816e-003
2,734566e+003;4,250157e-003
2,735049e+003;4,203382e-003
2,735531e+003;4,158018e-003
2,736013e+003;4,119114e-003
2,736495e+003;4,089746e-003
2,736977e+003;4,069912e-003
2,737459e+003;4,057437e-003
2,737941e+003;4,048674e-003
2,738423e+003;4,039745e-003
2,738906e+003;4,028207e-003
2,739388e+003;4,012623e-003
2,739870e+003;3,993328e-003
2,740352e+003;3,971492e-003
2,740834e+003;3,948955e-003
2,741316e+003;3,927188e-003
2,741798e+003;3,907027e-003
2,742280e+003;3,889007e-003
2,742762e+003;3,872392e-003
2,743245e+003;3,856445e-003
2,743727e+003;3,839831e-003
2,744209e+003;3,821479e-003
2,744691e+003;3,801023e-003
2,745173e+003;3,778829e-003
2,745655e+003;3,756268e-003
2,746137e+003;3,735614e-003
2,746619e+003;3,719372e-003
2,747102e+003;3,709347e-003
2,747583e+003;3,706606e-003
2,748066e+003;3,710650e-003
2,748548e+003;3,720007e-003
2,749030e+003;3,732439e-003
2,749512e+003;3,746108e-003
2,749994e+003;3,760179e-003
2,750476e+003;3,775052e-003
2,750958e+003;3,792399e-003
2,751440e+003;3,814259e-003
2,751923e+003;3,842673e-003
2,752405e+003;3,878075e-003
2,752887e+003;3,919565e-003
2,753369e+003;3,964838e-003
2,753851e+003;4,010215e-003
2,754333e+003;4,051417e-003
2,754815e+003;4,084696e-003
2,755297e+003;4,106370e-003
2,755780e+003;4,114030e-003
2,756262e+003;4,106771e-003
2,756744e+003;4,084796e-003
2,757226e+003;4,050714e-003
2,757708e+003;4,008543e-003
2,758190e+003;3,963901e-003
2,758672e+003;3,923544e-003
2,759154e+003;3,893219e-003
2,759636e+003;3,877640e-003
2,760119e+003;3,878142e-003
2,760601e+003;3,893086e-003
2,761083e+003;3,917024e-003
2,761565e+003;3,943839e-003
2,762047e+003;3,966877e-003
2,762529e+003;3,981490e-003
2,763011e+003;3,986573e-003
2,763493e+003;3,984433e-003
2,763976e+003;3,979918e-003
2,764458e+003;3,979116e-003
2,764940e+003;3,986807e-003
2,765422e+003;4,004998e-003
2,765904e+003;4,033157e-003
2,766386e+003;4,067571e-003
2,766868e+003;4,104263e-003
2,767350e+003;4,139787e-003
2,767833e+003;4,173172e-003
2,768315e+003;4,205925e-003
2,768797e+003;4,241624e-003
2,769279e+003;4,284421e-003
2,769761e+003;4,336559e-003
2,770243e+003;4,398074e-003
2,770725e+003;4,465592e-003
2,771207e+003;4,534291e-003
2,771689e+003;4,597877e-003
2,772172e+003;4,651694e-003
2,772654e+003;4,692822e-003
2,773136e+003;4,721427e-003
2,773618e+003;4,738879e-003
2,774100e+003;4,748359e-003
2,774582e+003;4,752781e-003
2,775064e+003;4,754992e-003
2,775546e+003;4,757337e-003
2,776029e+003;4,762931e-003
2,776510e+003;4,774556e-003
2,776993e+003;4,795594e-003
2,777475e+003;4,828963e-003
2,777957e+003;4,875772e-003
2,778439e+003;4,935018e-003
2,778921e+003;5,003188e-003
2,779403e+003;5,075191e-003
2,779885e+003;5,145529e-003
2,780367e+003;5,210479e-003
2,780850e+003;5,268732e-003
2,781332e+003;5,322497e-003
2,781814e+003;5,376169e-003
2,782296e+003;5,435517e-003
2,782778e+003;5,505846e-003
2,783260e+003;5,589914e-003
2,783742e+003;5,688198e-003
2,784224e+003;5,798123e-003
2,784707e+003;5,915398e-003
2,785189e+003;6,033881e-003
2,785671e+003;6,147993e-003
2,786153e+003;6,252724e-003
2,786635e+003;6,344602e-003
2,787117e+003;6,422107e-003
2,787599e+003;6,486206e-003
2,788081e+003;6,539752e-003
2,788563e+003;6,586880e-003
2,789046e+003;6,632633e-003
2,789528e+003;6,681453e-003
2,790010e+003;6,736168e-003
2,790492e+003;6,797991e-003
2,790974e+003;6,866219e-003
2,791456e+003;6,939406e-003
2,791938e+003;7,015839e-003
2,792420e+003;7,094575e-003
2,792903e+003;7,175683e-003
2,793385e+003;7,259671e-003
2,793867e+003;7,347078e-003
2,794349e+003;7,437840e-003
2,794831e+003;7,531385e-003
2,795313e+003;7,626771e-003
2,795795e+003;7,723865e-003
2,796277e+003;7,823713e-003
2,796760e+003;7,928376e-003
2,797242e+003;8,041131e-003
2,797724e+003;8,164280e-003
2,798206e+003;8,298339e-003
2,798688e+003;8,441292e-003
2,799170e+003;8,588987e-003
2,799652e+003;8,735585e-003
2,800134e+003;8,875434e-003
2,800616e+003;9,005214e-003
2,801099e+003;9,123629e-003
2,801581e+003;9,232363e-003
2,802063e+003;9,334894e-003
2,802545e+003;9,435723e-003
2,803027e+003;9,539318e-003
2,803509e+003;9,649342e-003
2,803991e+003;9,768814e-003
2,804473e+003;9,900114e-003
2,804956e+003;1,004475e-002
2,805438e+003;1,020310e-002
2,805920e+003;1,037454e-002
2,806402e+003;1,055637e-002
2,806884e+003;1,074449e-002
2,807366e+003;1,093435e-002
2,807848e+003;1,112135e-002
2,808330e+003;1,130250e-002
2,808813e+003;1,147751e-002
2,809294e+003;1,164836e-002
2,809777e+003;1,181911e-002
2,810259e+003;1,199450e-002
2,810741e+003;1,217901e-002
2,811223e+003;1,237568e-002
2,811705e+003;1,258574e-002
2,812187e+003;1,280832e-002
2,812669e+003;1,304166e-002
2,813151e+003;1,328292e-002
2,813634e+003;1,352907e-002
2,814116e+003;1,377796e-002
2,814598e+003;1,402787e-002
2,815080e+003;1,427841e-002
2,815562e+003;1,453030e-002
2,816044e+003;1,478559e-002
2,816526e+003;1,504723e-002
2,817008e+003;1,531886e-002
2,817490e+003;1,560428e-002
2,817973e+003;1,590698e-002
2,818455e+003;1,622966e-002
2,818937e+003;1,657461e-002
2,819419e+003;1,694303e-002
2,819901e+003;1,733551e-002
2,820383e+003;1,775217e-002
2,820865e+003;1,819206e-002
2,821347e+003;1,865360e-002
2,821830e+003;1,913447e-002
2,822312e+003;1,963144e-002
2,822794e+003;2,014154e-002
2,823276e+003;2,066277e-002
2,823758e+003;2,119444e-002
2,824240e+003;2,173870e-002
2,824722e+003;2,229983e-002
2,825204e+003;2,288502e-002
2,825687e+003;2,350332e-002
2,826169e+003;2,416428e-002
2,826651e+003;2,487699e-002
2,827133e+003;2,564946e-002
2,827615e+003;2,648691e-002
2,828097e+003;2,739263e-002
2,828579e+003;2,836801e-002
2,829061e+003;2,941358e-002
2,829543e+003;3,053000e-002
2,830026e+003;3,171900e-002
2,830508e+003;3,298437e-002
2,830990e+003;3,433121e-002
2,831472e+003;3,576617e-002
2,831954e+003;3,729636e-002
2,832436e+003;3,892947e-002
2,832918e+003;4,067288e-002
2,833400e+003;4,253431e-002
2,833883e+003;4,452236e-002
2,834365e+003;4,664565e-002
2,834847e+003;4,891331e-002
2,835329e+003;5,133295e-002
2,835811e+003;5,390992e-002
2,836293e+003;5,664494e-002
2,836775e+003;5,953513e-002
2,837257e+003;6,257299e-002
2,837740e+003;6,574762e-002
2,838221e+003;6,904827e-002
2,838704e+003;7,246362e-002
2,839186e+003;7,598287e-002
2,839668e+003;7,959657e-002
2,840150e+003;8,329423e-002
2,840632e+003;8,706400e-002
2,841114e+003;9,089447e-002
2,841596e+003;9,477308e-002
2,842078e+003;9,868922e-002
2,842561e+003;1,026361e-001
2,843043e+003;1,066087e-001
2,843525e+003;1,106043e-001
2,844007e+003;1,146197e-001
2,844489e+003;1,186478e-001
2,844971e+003;1,226775e-001
2,845453e+003;1,266919e-001
2,845935e+003;1,306687e-001
2,846417e+003;1,345824e-001
2,846900e+003;1,384026e-001
2,847382e+003;1,420940e-001
2,847864e+003;1,456175e-001
2,848346e+003;1,489247e-001
2,848828e+003;1,519628e-001
2,849310e+003;1,546764e-001
2,849792e+003;1,570083e-001
2,850274e+003;1,589074e-001
2,850757e+003;1,603317e-001
2,851239e+003;1,612495e-001
2,851721e+003;1,616433e-001
2,852203e+003;1,615099e-001
2,852685e+003;1,608619e-001
2,853167e+003;1,597262e-001
2,853649e+003;1,581464e-001
2,854131e+003;1,561787e-001
2,854614e+003;1,538842e-001
2,855096e+003;1,513309e-001
2,855578e+003;1,485818e-001
2,856060e+003;1,456928e-001
2,856542e+003;1,427148e-001
2,857024e+003;1,396899e-001
2,857506e+003;1,366556e-001
2,857988e+003;1,336477e-001
2,858470e+003;1,306981e-001
2,858953e+003;1,278367e-001
2,859435e+003;1,250908e-001
2,859917e+003;1,224816e-001
2,860399e+003;1,200272e-001
2,860881e+003;1,177416e-001
2,861363e+003;1,156352e-001
2,861845e+003;1,137164e-001
2,862327e+003;1,119908e-001
2,862810e+003;1,104601e-001
2,863292e+003;1,091212e-001
2,863774e+003;1,079657e-001
2,864256e+003;1,069796e-001
2,864738e+003;1,061435e-001
2,865220e+003;1,054362e-001
2,865702e+003;1,048336e-001
2,866184e+003;1,043104e-001
2,866667e+003;1,038422e-001
2,867148e+003;1,034026e-001
2,867631e+003;1,029660e-001
2,868113e+003;1,025083e-001
2,868595e+003;1,020049e-001
2,869077e+003;1,014343e-001
2,869559e+003;1,007777e-001
2,870041e+003;1,000174e-001
2,870523e+003;9,913989e-002
2,871005e+003;9,813555e-002
2,871488e+003;9,700081e-002
2,871970e+003;9,574129e-002
2,872452e+003;9,437357e-002
2,872934e+003;9,292563e-002
2,873416e+003;9,143179e-002
2,873898e+003;8,993283e-002
2,874380e+003;8,846723e-002
2,874862e+003;8,706570e-002
2,875344e+003;8,575279e-002
2,875827e+003;8,454359e-002
2,876309e+003;8,344782e-002
2,876791e+003;8,247396e-002
2,877273e+003;8,163024e-002
2,877755e+003;8,092701e-002
2,878237e+003;8,037574e-002
2,878719e+003;7,998514e-002
2,879201e+003;7,976034e-002
2,879684e+003;7,970154e-002
2,880166e+003;7,980414e-002
2,880648e+003;8,005960e-002
2,881130e+003;8,045916e-002
2,881612e+003;8,099437e-002
2,882094e+003;8,165719e-002
2,882576e+003;8,244091e-002
2,883058e+003;8,333895e-002
2,883541e+003;8,434397e-002
2,884023e+003;8,544902e-002
2,884505e+003;8,664695e-002
2,884987e+003;8,793108e-002
2,885469e+003;8,929525e-002
2,885951e+003;9,073266e-002
2,886433e+003;9,223577e-002
2,886915e+003;9,379674e-002
2,887397e+003;9,540610e-002
2,887880e+003;9,705549e-002
2,888362e+003;9,873842e-002
2,888844e+003;1,004495e-001
2,889326e+003;1,021860e-001
2,889808e+003;1,039446e-001
2,890290e+003;1,057202e-001
2,890772e+003;1,075066e-001
2,891254e+003;1,092950e-001
2,891737e+003;1,110770e-001
2,892219e+003;1,128456e-001
2,892701e+003;1,145963e-001
2,893183e+003;1,163277e-001
2,893665e+003;1,180406e-001
2,894147e+003;1,197361e-001
2,894629e+003;1,214150e-001
2,895111e+003;1,230783e-001
2,895594e+003;1,247274e-001
2,896075e+003;1,263653e-001
2,896558e+003;1,279966e-001
2,897040e+003;1,296268e-001
2,897522e+003;1,312602e-001
2,898004e+003;1,328994e-001
2,898486e+003;1,345447e-001
2,898968e+003;1,361940e-001
2,899450e+003;1,378460e-001
2,899932e+003;1,395012e-001
2,900415e+003;1,411632e-001
2,900897e+003;1,428377e-001
2,901379e+003;1,445318e-001
2,901861e+003;1,462507e-001
2,902343e+003;1,479991e-001
2,902825e+003;1,497790e-001
2,903307e+003;1,515928e-001
2,903789e+003;1,534439e-001
2,904271e+003;1,553379e-001
2,904754e+003;1,572805e-001
2,905236e+003;1,592783e-001
2,905718e+003;1,613347e-001
2,906200e+003;1,634521e-001
2,906682e+003;1,656307e-001
2,907164e+003;1,678717e-001
2,907646e+003;1,701778e-001
2,908128e+003;1,725534e-001
2,908611e+003;1,750035e-001
2,909093e+003;1,775312e-001
2,909575e+003;1,801364e-001
2,910057e+003;1,828147e-001
2,910539e+003;1,855597e-001
2,911021e+003;1,883648e-001
2,911503e+003;1,912252e-001
2,911985e+003;1,941384e-001
2,912468e+003;1,971021e-001
2,912950e+003;2,001114e-001
2,913432e+003;2,031566e-001
2,913914e+003;2,062225e-001
2,914396e+003;2,092873e-001
2,914878e+003;2,123278e-001
2,915360e+003;2,153190e-001
2,915842e+003;2,182340e-001
2,916324e+003;2,210446e-001
2,916807e+003;2,237158e-001
2,917289e+003;2,262049e-001
2,917771e+003;2,284657e-001
2,918253e+003;2,304470e-001
2,918735e+003;2,321011e-001
2,919217e+003;2,333893e-001
2,919699e+003;2,342823e-001
2,920181e+003;2,347610e-001
2,920664e+003;2,348154e-001
2,921146e+003;2,344414e-001
2,921628e+003;2,336405e-001
2,922110e+003;2,324203e-001
2,922592e+003;2,307961e-001
2,923074e+003;2,287888e-001
2,923556e+003;2,264257e-001
2,924038e+003;2,237372e-001
2,924521e+003;2,207522e-001
2,925002e+003;2,175006e-001
2,925485e+003;2,140126e-001
2,925967e+003;2,103194e-001
2,926449e+003;2,064584e-001
2,926931e+003;2,024687e-001
2,927413e+003;1,983897e-001
2,927895e+003;1,942592e-001
2,928377e+003;1,901063e-001
2,928859e+003;1,859526e-001
2,929342e+003;1,818125e-001
2,929824e+003;1,776955e-001
2,930306e+003;1,736104e-001
2,930788e+003;1,695674e-001
2,931270e+003;1,655766e-001
2,931752e+003;1,616480e-001
2,932234e+003;1,577894e-001
2,932716e+003;1,540041e-001
2,933198e+003;1,502938e-001
2,933681e+003;1,466591e-001
2,934163e+003;1,431031e-001
2,934645e+003;1,396338e-001
2,935127e+003;1,362628e-001
2,935609e+003;1,330058e-001
2,936091e+003;1,298796e-001
2,936573e+003;1,268983e-001
2,937055e+003;1,240737e-001
2,937538e+003;1,214133e-001
2,938020e+003;1,189209e-001
2,938502e+003;1,165983e-001
2,938984e+003;1,144455e-001
2,939466e+003;1,124614e-001
2,939948e+003;1,106447e-001
2,940430e+003;1,089936e-001
2,940912e+003;1,075063e-001
2,941395e+003;1,061819e-001
2,941877e+003;1,050204e-001
2,942359e+003;1,040232e-001
2,942841e+003;1,031914e-001
2,943323e+003;1,025256e-001
2,943805e+003;1,020241e-001
2,944287e+003;1,016812e-001
2,944769e+003;1,014880e-001
2,945251e+003;1,014316e-001
2,945734e+003;1,014980e-001
2,946216e+003;1,016726e-001
2,946698e+003;1,019409e-001
2,947180e+003;1,022886e-001
2,947662e+003;1,027013e-001
2,948144e+003;1,031608e-001
2,948626e+003;1,036471e-001
2,949108e+003;1,041352e-001
2,949591e+003;1,045968e-001
2,950073e+003;1,050037e-001
2,950555e+003;1,053270e-001
2,951037e+003;1,055407e-001
2,951519e+003;1,056243e-001
2,952001e+003;1,055629e-001
2,952483e+003;1,053477e-001
2,952965e+003;1,049768e-001
2,953448e+003;1,044530e-001
2,953929e+003;1,037821e-001
2,954412e+003;1,029716e-001
2,954894e+003;1,020285e-001
2,955376e+003;1,009596e-001
2,955858e+003;9,977110e-002
2,956340e+003;9,847065e-002
2,956822e+003;9,706660e-002
2,957304e+003;9,556945e-002
2,957786e+003;9,399071e-002
2,958269e+003;9,233986e-002
2,958751e+003;9,062463e-002
2,959233e+003;8,884943e-002
2,959715e+003;8,701537e-002
2,960197e+003;8,512272e-002
2,960679e+003;8,317122e-002
2,961161e+003;8,116253e-002
2,961643e+003;7,910001e-002
2,962125e+003;7,698867e-002
2,962608e+003;7,483434e-002
2,963090e+003;7,264327e-002
2,963572e+003;7,042210e-002
2,964054e+003;6,817842e-002
2,964536e+003;6,592175e-002
2,965018e+003;6,366369e-002
2,965500e+003;6,141838e-002
2,965982e+003;5,920077e-002
2,966465e+003;5,702502e-002
2,966947e+003;5,490339e-002
2,967429e+003;5,284386e-002
2,967911e+003;5,085015e-002
2,968393e+003;4,892173e-002
2,968875e+003;4,705471e-002
2,969357e+003;4,524422e-002
2,969839e+003;4,348573e-002
2,970322e+003;4,177739e-002
2,970804e+003;4,012000e-002
2,971286e+003;3,851681e-002
2,971768e+003;3,697233e-002
2,972250e+003;3,549067e-002
2,972732e+003;3,407385e-002
2,973214e+003;3,272084e-002
2,973696e+003;3,142824e-002
2,974178e+003;3,019126e-002
2,974661e+003;2,900610e-002
2,975143e+003;2,787049e-002
2,975625e+003;2,678460e-002
2,976107e+003;2,575060e-002
2,976589e+003;2,477062e-002
2,977071e+003;2,384619e-002
2,977553e+003;2,297633e-002
2,978035e+003;2,215786e-002
2,978518e+003;2,138576e-002
2,979000e+003;2,065387e-002
2,979482e+003;1,995611e-002
2,979964e+003;1,928710e-002
2,980446e+003;1,864209e-002
2,980928e+003;1,801830e-002
2,981410e+003;1,741404e-002
2,981892e+003;1,682935e-002
2,982375e+003;1,626667e-002
2,982856e+003;1,572994e-002
2,983339e+003;1,522399e-002
2,983821e+003;1,475244e-002
2,984303e+003;1,431636e-002
2,984785e+003;1,391301e-002
2,985267e+003;1,353546e-002
2,985749e+003;1,317467e-002
2,986231e+003;1,282180e-002
2,986713e+003;1,247084e-002
2,987196e+003;1,212075e-002
2,987678e+003;1,177574e-002
2,988160e+003;1,144366e-002
2,988642e+003;1,113396e-002
2,989124e+003;1,085363e-002
2,989606e+003;1,060634e-002
2,990088e+003;1,039100e-002
2,990570e+003;1,020290e-002
2,991052e+003;1,003485e-002
2,991535e+003;9,879268e-003
2,992017e+003;9,729878e-003
2,992499e+003;9,581421e-003
2,992981e+003;9,431220e-003
2,993463e+003;9,277888e-003
2,993945e+003;9,121870e-003
2,994427e+003;8,965265e-003
2,994909e+003;8,811185e-003
2,995392e+003;8,663413e-003
2,995874e+003;8,525152e-003
2,996356e+003;8,397846e-003
2,996838e+003;8,280507e-003
2,997320e+003;8,170560e-003
2,997802e+003;8,063915e-003
2,998284e+003;7,957093e-003
2,998766e+003;7,849016e-003
2,999249e+003;7,741236e-003
2,999731e+003;7,636854e-003
3,000213e+003;7,540286e-003
3,000695e+003;7,453884e-003
3,001177e+003;7,377071e-003
3,001659e+003;7,306034e-003
3,002141e+003;7,234604e-003
3,002623e+003;7,156651e-003
3,003105e+003;7,067834e-003
3,003588e+003;6,967082e-003
3,004070e+003;6,856794e-003
3,004552e+003;6,742427e-003
3,005034e+003;6,630076e-003
3,005516e+003;6,525188e-003
3,005998e+003;6,431791e-003
3,006480e+003;6,351898e-003
3,006962e+003;6,285331e-003
3,007445e+003;6,230472e-003
3,007927e+003;6,184458e-003
3,008409e+003;6,143524e-003
3,008891e+003;6,103467e-003
3,009373e+003;6,060357e-003
3,009855e+003;6,011169e-003
3,010337e+003;5,954598e-003
3,010819e+003;5,890913e-003
3,011302e+003;5,822268e-003
3,011783e+003;5,750880e-003
3,012266e+003;5,678698e-003
3,012748e+003;5,606226e-003
3,013230e+003;5,532927e-003
3,013712e+003;5,457561e-003
3,014194e+003;5,380027e-003
3,014676e+003;5,301164e-003
3,015158e+003;5,223793e-003
3,015640e+003;5,151698e-003
3,016123e+003;5,087796e-003
3,016605e+003;5,033791e-003
3,017087e+003;4,989111e-003
3,017569e+003;4,951306e-003
3,018051e+003;4,917123e-003
3,018533e+003;4,883545e-003
3,019015e+003;4,848865e-003
3,019497e+003;4,812614e-003
3,019979e+003;4,774890e-003
3,020462e+003;4,736032e-003
3,020944e+003;4,695602e-003
3,021426e+003;4,652699e-003
3,021908e+003;4,606115e-003
3,022390e+003;4,554715e-003
3,022872e+003;4,497864e-003
3,023354e+003;4,435631e-003
3,023836e+003;4,368219e-003
3,024319e+003;4,296601e-003
3,024801e+003;4,222386e-003
3,025283e+003;4,148016e-003
3,025765e+003;4,077772e-003
3,026247e+003;4,016536e-003
3,026729e+003;3,969218e-003
3,027211e+003;3,938656e-003
3,027693e+003;3,924580e-003
3,028176e+003;3,922374e-003
3,028658e+003;3,924246e-003
3,029140e+003;3,921404e-003
3,029622e+003;3,906793e-003
3,030104e+003;3,877105e-003
3,030586e+003;3,834115e-003
3,031068e+003;3,783408e-003
3,031550e+003;3,733074e-003
3,032032e+003;3,689096e-003
3,032515e+003;3,654979e-003
3,032997e+003;3,630587e-003
3,033479e+003;3,613380e-003
3,033961e+003;3,600617e-003
3,034443e+003;3,590595e-003
3,034925e+003;3,583645e-003
3,035407e+003;3,581207e-003
3,035889e+003;3,584380e-003
3,036372e+003;3,592599e-003
3,036854e+003;3,603491e-003
3,037336e+003;3,613447e-003
3,037818e+003;3,618893e-003
3,038300e+003;3,617824e-003
3,038782e+003;3,610206e-003
3,039264e+003;3,597176e-003
3,039746e+003;3,579870e-003
3,040229e+003;3,558122e-003
3,040711e+003;3,529627e-003
3,041193e+003;3,490713e-003
3,041675e+003;3,438576e-003
3,042157e+003;3,372354e-003
3,042639e+003;3,294991e-003
3,043121e+003;3,212768e-003
3,043603e+003;3,134599e-003
3,044085e+003;3,068857e-003
3,044568e+003;3,021576e-003
3,045050e+003;2,995552e-003
3,045532e+003;2,989313e-003
3,046014e+003;2,998521e-003
3,046496e+003;3,017505e-003
3,046978e+003;3,040828e-003
3,047460e+003;3,063785e-003
3,047942e+003;3,083807e-003
3,048425e+003;3,099191e-003
3,048906e+003;3,108868e-003
3,049389e+003;3,112172e-003
3,049871e+003;3,107734e-003
3,050353e+003;3,093918e-003
3,050835e+003;3,068757e-003
3,051317e+003;3,031252e-003
3,051799e+003;2,981372e-003
3,052281e+003;2,920791e-003
3,052763e+003;2,853847e-003
3,053246e+003;2,786247e-003
3,053728e+003;2,724759e-003
3,054210e+003;2,675248e-003
3,054692e+003;2,642244e-003
3,055174e+003;2,626876e-003
3,055656e+003;2,627343e-003
3,056138e+003;2,639743e-003
3,056620e+003;2,658946e-003
3,057103e+003;2,679515e-003
3,057585e+003;2,697919e-003
3,058067e+003;2,711522e-003
3,058549e+003;2,718524e-003
3,059031e+003;2,717490e-003
3,059513e+003;2,707421e-003
3,059995e+003;2,687083e-003
3,060477e+003;2,656412e-003
3,060959e+003;2,616842e-003
3,061442e+003;2,571643e-003
3,061924e+003;2,525583e-003
3,062406e+003;2,484259e-003
3,062888e+003;2,452469e-003
3,063370e+003;2,433476e-003
3,063852e+003;2,427745e-003
3,064334e+003;2,433476e-003
3,064816e+003;2,446471e-003
3,065299e+003;2,462032e-003
3,065781e+003;2,475595e-003
3,066263e+003;2,483259e-003
3,066745e+003;2,483159e-003
3,067227e+003;2,475228e-003
3,067709e+003;2,460933e-003
3,068191e+003;2,442939e-003
3,068673e+003;2,424646e-003
3,069156e+003;2,408220e-003
3,069638e+003;2,394893e-003
3,070120e+003;2,384065e-003
3,070602e+003;2,373137e-003
3,071084e+003;2,358978e-003
3,071566e+003;2,339157e-003
3,072048e+003;2,311907e-003
3,072530e+003;2,278198e-003
3,073012e+003;2,240528e-003
3,073495e+003;2,202528e-003
3,073977e+003;2,166996e-003
3,074459e+003;2,135495e-003
3,074941e+003;2,107293e-003
3,075423e+003;2,080325e-003
3,075905e+003;2,051960e-003
3,076387e+003;2,020302e-003
3,076869e+003;1,984818e-003
3,077352e+003;1,947040e-003
3,077833e+003;1,910131e-003
3,078316e+003;1,877950e-003
3,078798e+003;1,854423e-003
3,079280e+003;1,842611e-003
3,079762e+003;1,843842e-003
3,080244e+003;1,857152e-003
3,080726e+003;1,879481e-003
3,081208e+003;1,904640e-003
3,081690e+003;1,926205e-003
3,082173e+003;1,937454e-003
3,082655e+003;1,933993e-003
3,083137e+003;1,915389e-003
3,083619e+003;1,884938e-003
3,084101e+003;1,849732e-003
3,084583e+003;1,817456e-003
3,085065e+003;1,794265e-003
3,085547e+003;1,782620e-003
3,086030e+003;1,780391e-003
3,086512e+003;1,781655e-003
3,086994e+003;1,779792e-003
3,087476e+003;1,770410e-003
3,087958e+003;1,752944e-003
3,088440e+003;1,731686e-003
3,088922e+003;1,712924e-003
3,089404e+003;1,703444e-003
3,089886e+003;1,706903e-003
3,090369e+003;1,722904e-003
3,090851e+003;1,747388e-003
3,091333e+003;1,774502e-003
3,091815e+003;1,798956e-003
3,092297e+003;1,817955e-003
3,092779e+003;1,831364e-003
3,093261e+003;1,841246e-003
3,093743e+003;1,849665e-003
3,094226e+003;1,857651e-003
3,094708e+003;1,864173e-003
3,095190e+003;1,867035e-003
3,095672e+003;1,863707e-003
3,096154e+003;1,852360e-003
3,096636e+003;1,832961e-003
3,097118e+003;1,806409e-003
3,097600e+003;1,774536e-003
3,098083e+003;1,739038e-003
3,098565e+003;1,702080e-003
3,099047e+003;1,665059e-003
3,099529e+003;1,630468e-003
3,100011e+003;1,601002e-003
3,100493e+003;1,578954e-003
3,100975e+003;1,566450e-003
3,101457e+003;1,563823e-003
3,101939e+003;1,569875e-003
3,102422e+003;1,581481e-003
3,102904e+003;1,594950e-003
3,103386e+003;1,606423e-003
3,103868e+003;1,613307e-003
3,104350e+003;1,613374e-003
3,104832e+003;1,605824e-003
3,105314e+003;1,590427e-003
3,105796e+003;1,568246e-003
3,106279e+003;1,541045e-003
3,106760e+003;1,512383e-003
3,107243e+003;1,486582e-003
3,107725e+003;1,467897e-003
3,108207e+003;1,459818e-003
3,108689e+003;1,462877e-003
3,109171e+003;1,475245e-003
3,109653e+003;1,492566e-003
3,110135e+003;1,510055e-003
3,110617e+003;1,524087e-003
3,111100e+003;1,533896e-003
3,111582e+003;1,541278e-003
3,112064e+003;1,549458e-003
3,112546e+003;1,561395e-003
3,113028e+003;1,577258e-003
3,113510e+003;1,594617e-003
3,113992e+003;1,608884e-003
3,114474e+003;1,615635e-003
3,114957e+003;1,611944e-003
3,115439e+003;1,598275e-003
3,115921e+003;1,578156e-003
3,116403e+003;1,556707e-003
3,116885e+003;1,538551e-003
3,117367e+003;1,526381e-003
3,117849e+003;1,520596e-003
3,118331e+003;1,519864e-003
3,118813e+003;1,522258e-003
3,119296e+003;1,526448e-003
3,119778e+003;1,531701e-003
3,120260e+003;1,537620e-003
3,120742e+003;1,543306e-003
3,121224e+003;1,546897e-003
3,121706e+003;1,546299e-003
3,122188e+003;1,539815e-003
3,122670e+003;1,528210e-003
3,123153e+003;1,514444e-003
3,123635e+003;1,502741e-003
3,124117e+003;1,497820e-003
3,124599e+003;1,501943e-003
3,125081e+003;1,514212e-003
3,125563e+003;1,530571e-003
3,126045e+003;1,545434e-003
3,126527e+003;1,553847e-003
3,127010e+003;1,553215e-003
3,127492e+003;1,543772e-003
3,127974e+003;1,528642e-003
3,128456e+003;1,511352e-003
3,128938e+003;1,494728e-003
3,129420e+003;1,479999e-003
3,129902e+003;1,467066e-003
3,130384e+003;1,455796e-003
3,130866e+003;1,447218e-003
3,131349e+003;1,443694e-003
3,131831e+003;1,448016e-003
3,132313e+003;1,461946e-003
3,132795e+003;1,484787e-003
3,133277e+003;1,512649e-003
3,133759e+003;1,538917e-003
3,134241e+003;1,556740e-003
3,134723e+003;1,561329e-003
3,135206e+003;1,551120e-003
3,135688e+003;1,528642e-003
3,136170e+003;1,499648e-003
3,136652e+003;1,470856e-003
3,137134e+003;1,448449e-003
3,137616e+003;1,436547e-003
3,138098e+003;1,436614e-003
3,138580e+003;1,447817e-003
3,139063e+003;1,467764e-003
3,139544e+003;1,493098e-003
3,140027e+003;1,519831e-003
3,140509e+003;1,543306e-003
3,140991e+003;1,559567e-003
3,141473e+003;1,565552e-003
3,141955e+003;1,559833e-003
3,142437e+003;1,543639e-003
3,142919e+003;1,521128e-003
3,143401e+003;1,498352e-003
3,143884e+003;1,482027e-003
3,144366e+003;1,477638e-003
3,144848e+003;1,487812e-003
3,145330e+003;1,512183e-003
3,145812e+003;1,546731e-003
3,146294e+003;1,586004e-003
3,146776e+003;1,624182e-003
3,147258e+003;1,655613e-003
3,147740e+003;1,676900e-003
3,148223e+003;1,686180e-003
3,148705e+003;1,682887e-003
3,149187e+003;1,668019e-003
3,149669e+003;1,643539e-003
3,150151e+003;1,612476e-003
3,150633e+003;1,578920e-003
3,151115e+003;1,547928e-003
3,151597e+003;1,524785e-003
3,152080e+003;1,513813e-003
3,152562e+003;1,517769e-003
3,153044e+003;1,536323e-003
3,153526e+003;1,566184e-003
3,154008e+003;1,601168e-003
3,154490e+003;1,634127e-003
3,154972e+003;1,658041e-003
3,155454e+003;1,667753e-003
3,155937e+003;1,661899e-003
3,156419e+003;1,642309e-003
3,156901e+003;1,614072e-003
3,157383e+003;1,582977e-003
3,157865e+003;1,554712e-003
3,158347e+003;1,532000e-003
3,158829e+003;1,515342e-003
3,159311e+003;1,501976e-003
3,159793e+003;1,488677e-003
3,160276e+003;1,472818e-003
3,160758e+003;1,454067e-003
3,161240e+003;1,434719e-003
3,161722e+003;1,419261e-003
3,162204e+003;1,412546e-003
3,162686e+003;1,418064e-003
3,163168e+003;1,436580e-003
3,163650e+003;1,465969e-003
3,164133e+003;1,502508e-003
3,164615e+003;1,541743e-003
3,165097e+003;1,580317e-003
3,165579e+003;1,616766e-003
3,166061e+003;1,650956e-003
3,166543e+003;1,683985e-003
3,167025e+003;1,716118e-003
3,167507e+003;1,747222e-003
3,167990e+003;1,776498e-003
3,168471e+003;1,803049e-003
3,168954e+003;1,826107e-003
3,169436e+003;1,845572e-003
3,169918e+003;1,861278e-003
3,170400e+003;1,872659e-003
3,170882e+003;1,877717e-003
3,171364e+003;1,872659e-003
3,171846e+003;1,853592e-003
3,172328e+003;1,817489e-003
3,172811e+003;1,763523e-003
3,173293e+003;1,694163e-003
3,173775e+003;1,615136e-003
3,174257e+003;1,533796e-003
3,174739e+003;1,457258e-003
3,175221e+003;1,391504e-003
3,175703e+003;1,340018e-003
3,176185e+003;1,304057e-003
3,176667e+003;1,283719e-003
3,177150e+003;1,278435e-003
3,177632e+003;1,287673e-003
3,178114e+003;1,310571e-003
3,178596e+003;1,345701e-003
3,179078e+003;1,390008e-003
3,179560e+003;1,438907e-003
3,180042e+003;1,486416e-003
3,180524e+003;1,526780e-003
3,181007e+003;1,554213e-003
3,181489e+003;1,565087e-003
3,181971e+003;1,558070e-003
3,182453e+003;1,534494e-003
3,182935e+003;1,498086e-003
3,183417e+003;1,455131e-003
3,183899e+003;1,413044e-003
3,184381e+003;1,379604e-003
3,184864e+003;1,361755e-003
3,185346e+003;1,363184e-003
3,185828e+003;1,383892e-003
3,186310e+003;1,419227e-003
3,186792e+003;1,461481e-003
3,187274e+003;1,501311e-003
3,187756e+003;1,531169e-003
3,188238e+003;1,547662e-003
3,188720e+003;1,552018e-003
3,189203e+003;1,549657e-003
3,189685e+003;1,547862e-003
3,190167e+003;1,552683e-003
3,190649e+003;1,565985e-003
3,191131e+003;1,585106e-003
3,191613e+003;1,602565e-003
3,192095e+003;1,610248e-003
3,192577e+003;1,601501e-003
3,193060e+003;1,574531e-003
3,193542e+003;1,532832e-003
3,194024e+003;1,483756e-003
3,194506e+003;1,437145e-003
3,194988e+003;1,400413e-003
3,195470e+003;1,378241e-003
3,195952e+003;1,369699e-003
3,196434e+003;1,370962e-003
3,196917e+003;1,374618e-003
3,197398e+003;1,374352e-003
3,197881e+003;1,364879e-003
3,198363e+003;1,344338e-003
3,198845e+003;1,313695e-003
3,199327e+003;1,276175e-003
3,199809e+003;1,236166e-003
3,200291e+003;1,198088e-003
3,200773e+003;1,165628e-003
3,201255e+003;1,141542e-003
3,201738e+003;1,126825e-003
3,202220e+003;1,121909e-003
3,202702e+003;1,126427e-003
3,203184e+003;1,140047e-003
3,203666e+003;1,162439e-003
3,204148e+003;1,193769e-003
3,204630e+003;1,233574e-003
3,205112e+003;1,281060e-003
3,205594e+003;1,333503e-003
3,206077e+003;1,387349e-003
3,206559e+003;1,437345e-003
3,207041e+003;1,478603e-003
3,207523e+003;1,506232e-003
3,208005e+003;1,517769e-003
3,208487e+003;1,512283e-003
3,208969e+003;1,491403e-003
3,209451e+003;1,458555e-003
3,209934e+003;1,417399e-003
3,210416e+003;1,372325e-003
3,210898e+003;1,327122e-003
3,211380e+003;1,284915e-003
3,211862e+003;1,248694e-003
3,212344e+003;1,219851e-003
3,212826e+003;1,199085e-003
3,213308e+003;1,185263e-003
3,213791e+003;1,176127e-003
3,214273e+003;1,167954e-003
3,214755e+003;1,157821e-003
3,215237e+003;1,143734e-003
3,215719e+003;1,126227e-003
3,216201e+003;1,108787e-003
3,216683e+003;1,095965e-003
3,217165e+003;1,092709e-003
3,217647e+003;1,102376e-003
3,218130e+003;1,125330e-003
3,218612e+003;1,158020e-003
3,219094e+003;1,194932e-003
3,219576e+003;1,228723e-003
3,220058e+003;1,253047e-003
3,220540e+003;1,264644e-003
3,221022e+003;1,262418e-003
3,221504e+003;1,249225e-003
3,221987e+003;1,229421e-003
3,222469e+003;1,208322e-003
3,222951e+003;1,191011e-003
3,223433e+003;1,181110e-003
3,223915e+003;1,180579e-003
3,224397e+003;1,189383e-003
3,224879e+003;1,205398e-003
3,225361e+003;1,225135e-003
3,225844e+003;1,244075e-003
3,226325e+003;1,258330e-003
3,226808e+003;1,264146e-003
3,227290e+003;1,260523e-003
3,227772e+003;1,248162e-003
3,228254e+003;1,229853e-003
3,228736e+003;1,209817e-003
3,229218e+003;1,192274e-003
3,229700e+003;1,181309e-003
3,230182e+003;1,179017e-003
3,230665e+003;1,185928e-003
3,231147e+003;1,200613e-003
3,231629e+003;1,220383e-003
3,232111e+003;1,240885e-003
3,232593e+003;1,257101e-003
3,233075e+003;1,264511e-003
3,233557e+003;1,259327e-003
3,234039e+003;1,239988e-003
3,234521e+003;1,207857e-003
3,235004e+003;1,166924e-003
3,235486e+003;1,123536e-003
3,235968e+003;1,084804e-003
3,236450e+003;1,056504e-003
3,236932e+003;1,041391e-003
3,237414e+003;1,039100e-003
3,237896e+003;1,046008e-003
3,238378e+003;1,057168e-003
3,238861e+003;1,067631e-003
3,239343e+003;1,074673e-003
3,239825e+003;1,077562e-003
3,240307e+003;1,078094e-003
3,240789e+003;1,078127e-003
3,241271e+003;1,079456e-003
3,241753e+003;1,082445e-003
3,242235e+003;1,086132e-003
3,242718e+003;1,089454e-003
3,243200e+003;1,091646e-003
3,243682e+003;1,093972e-003
3,244164e+003;1,098655e-003
3,244646e+003;1,108156e-003
3,245128e+003;1,124367e-003
3,245610e+003;1,146592e-003
3,246092e+003;1,172106e-003
3,246574e+003;1,196194e-003
3,247057e+003;1,213671e-003
3,247539e+003;1,221014e-003
3,248021e+003;1,216861e-003
3,248503e+003;1,202640e-003
3,248985e+003;1,182539e-003
3,249467e+003;1,162040e-003
3,249949e+003;1,147057e-003
3,250431e+003;1,142206e-003
3,250914e+003;1,150146e-003
3,251396e+003;1,171342e-003
3,251878e+003;1,202839e-003
3,252360e+003;1,239290e-003
3,252842e+003;1,274480e-003
3,253324e+003;1,300933e-003
3,253806e+003;1,313562e-003
3,254288e+003;1,310206e-003
3,254771e+003;1,293024e-003
3,255252e+003;1,267568e-003
3,255735e+003;1,241848e-003
3,256217e+003;1,223008e-003
3,256699e+003;1,215166e-003
3,257181e+003;1,217991e-003
3,257663e+003;1,226530e-003
3,258145e+003;1,233342e-003
3,258627e+003;1,231415e-003
3,259109e+003;1,216429e-003
3,259592e+003;1,189483e-003
3,260074e+003;1,156625e-003
3,260556e+003;1,126161e-003
3,261038e+003;1,106096e-003
3,261520e+003;1,101711e-003
3,262002e+003;1,112541e-003
3,262484e+003;1,134134e-003
3,262966e+003;1,158219e-003
3,263448e+003;1,177090e-003
3,263931e+003;1,184565e-003
3,264413e+003;1,178220e-003
3,264895e+003;1,158917e-003
3,265377e+003;1,129848e-003
3,265859e+003;1,095167e-003
3,266341e+003;1,058430e-003
3,266823e+003;1,022294e-003
3,267305e+003;9,891827e-004
3,267788e+003;9,614536e-004
3,268270e+003;9,418617e-004
3,268752e+003;9,333278e-004
3,269234e+003;9,374120e-004
3,269716e+003;9,545133e-004
3,270198e+003;9,821423e-004
3,270680e+003;1,015950e-003
3,271162e+003;1,050857e-003
3,271645e+003;1,082877e-003
3,272127e+003;1,109684e-003
3,272609e+003;1,131841e-003
3,273091e+003;1,151940e-003
3,273573e+003;1,172937e-003
3,274055e+003;1,195962e-003
3,274537e+003;1,219453e-003
3,275019e+003;1,239124e-003
3,275501e+003;1,249159e-003
3,275984e+003;1,244606e-003
3,276466e+003;1,222809e-003
3,276948e+003;1,185828e-003
3,277430e+003;1,139648e-003
3,277912e+003;1,092610e-003
3,278394e+003;1,053216e-003
3,278876e+003;1,028272e-003
3,279358e+003;1,020733e-003
3,279841e+003;1,030165e-003
3,280323e+003;1,052883e-003
3,280805e+003;1,084173e-003
3,281287e+003;1,119550e-003
3,281769e+003;1,155860e-003
3,282251e+003;1,191111e-003
3,282733e+003;1,224736e-003
3,283215e+003;1,255373e-003
3,283698e+003;1,281359e-003
3,284179e+003;1,299970e-003
3,284662e+003;1,308544e-003
3,285144e+003;1,305520e-003
3,285626e+003;1,291296e-003
3,286108e+003;1,268698e-003
3,286590e+003;1,241981e-003
3,287072e+003;1,215997e-003
3,287554e+003;1,194533e-003
3,288036e+003;1,178419e-003
3,288519e+003;1,166525e-003
3,289001e+003;1,155728e-003
3,289483e+003;1,143004e-003
3,289965e+003;1,127058e-003
3,290447e+003;1,109485e-003
3,290929e+003;1,094736e-003
3,291411e+003;1,088225e-003
3,291893e+003;1,094570e-003
3,292375e+003;1,115132e-003
3,292858e+003;1,147190e-003
3,293340e+003;1,184333e-003
3,293822e+003;1,218190e-003
3,294304e+003;1,241383e-003
3,294786e+003;1,249524e-003
3,295268e+003;1,242446e-003
3,295750e+003;1,223241e-003
3,296232e+003;1,197623e-003
3,296715e+003;1,170545e-003
3,297197e+003;1,145396e-003
3,297679e+003;1,122506e-003
3,298161e+003;1,100150e-003
3,298643e+003;1,076865e-003
3,299125e+003;1,051787e-003
3,299607e+003;1,027110e-003
3,300089e+003;1,006419e-003
3,300572e+003;9,948616e-004
3,301054e+003;9,963560e-004
3,301536e+003;1,012297e-003
3,302018e+003;1,040893e-003
3,302500e+003;1,077928e-003
3,302982e+003;1,117191e-003
3,303464e+003;1,152837e-003
3,303946e+003;1,180346e-003
3,304428e+003;1,197291e-003
3,304911e+003;1,203138e-003
3,305393e+003;1,199251e-003
3,305875e+003;1,187921e-003
3,306357e+003;1,172007e-003
3,306839e+003;1,154897e-003
3,307321e+003;1,140180e-003
3,307803e+003;1,130247e-003
3,308285e+003;1,126825e-003
3,308768e+003;1,129516e-003
3,309250e+003;1,136160e-003
3,309732e+003;1,143103e-003
3,310214e+003;1,146824e-003
3,310696e+003;1,144432e-003
3,311178e+003;1,136060e-003
3,311660e+003;1,123968e-003
3,312142e+003;1,111910e-003
3,312625e+003;1,104535e-003
3,313106e+003;1,105000e-003
3,313589e+003;1,113737e-003
3,314071e+003;1,128818e-003
3,314553e+003;1,146359e-003
3,315035e+003;1,161807e-003
3,315517e+003;1,172106e-003
3,315999e+003;1,175661e-003
3,316481e+003;1,173336e-003
3,316963e+003;1,167223e-003
3,317446e+003;1,159648e-003
3,317928e+003;1,152638e-003
3,318410e+003;1,147621e-003
3,318892e+003;1,144532e-003
3,319374e+003;1,142937e-003
3,319856e+003;1,142539e-003
3,320338e+003;1,142439e-003
3,320820e+003;1,142140e-003
3,321302e+003;1,141575e-003
3,321785e+003;1,140313e-003
3,322267e+003;1,138751e-003
3,322749e+003;1,137389e-003
3,323231e+003;1,137323e-003
3,323713e+003;1,140047e-003
3,324195e+003;1,146824e-003
3,324677e+003;1,158319e-003
3,325159e+003;1,174034e-003
3,325642e+003;1,192639e-003
3,326124e+003;1,212209e-003
3,326606e+003;1,231049e-003
3,327088e+003;1,248228e-003
3,327570e+003;1,263880e-003
3,328052e+003;1,278701e-003
3,328534e+003;1,293589e-003
3,329016e+003;1,307780e-003
3,329499e+003;1,319910e-003
3,329981e+003;1,326491e-003
3,330463e+003;1,323998e-003
3,330945e+003;1,309873e-003
3,331427e+003;1,283386e-003
3,331909e+003;1,246966e-003
3,332391e+003;1,205497e-003
3,332873e+003;1,165960e-003
3,333355e+003;1,134931e-003
3,333838e+003;1,117457e-003
3,334320e+003;1,115663e-003
3,334802e+003;1,127589e-003
3,335284e+003;1,148485e-003
3,335766e+003;1,171741e-003
3,336248e+003;1,191144e-003
3,336730e+003;1,203006e-003
3,337212e+003;1,206527e-003
3,337695e+003;1,204467e-003
3,338177e+003;1,202241e-003
3,338659e+003;1,205198e-003
3,339141e+003;1,216894e-003
3,339623e+003;1,237861e-003
3,340105e+003;1,264843e-003
3,340587e+003;1,291396e-003
3,341069e+003;1,309873e-003
3,341552e+003;1,314227e-003
3,342033e+003;1,300967e-003
3,342516e+003;1,271423e-003
3,342998e+003;1,230086e-003
3,343480e+003;1,184831e-003
3,343962e+003;1,144100e-003
3,344444e+003;1,114899e-003
3,344926e+003;1,102210e-003
3,345408e+003;1,107824e-003
3,345890e+003;1,130712e-003
3,346373e+003;1,167588e-003
3,346855e+003;1,213937e-003
3,347337e+003;1,264411e-003
3,347819e+003;1,313861e-003
3,348301e+003;1,357899e-003
3,348783e+003;1,392933e-003
3,349265e+003;1,416834e-003
3,349747e+003;1,429433e-003
3,350229e+003;1,431428e-003
3,350712e+003;1,424546e-003
3,351194e+003;1,410751e-003
3,351676e+003;1,392036e-003
3,352158e+003;1,369400e-003
3,352640e+003;1,344638e-003
3,353122e+003;1,319212e-003
3,353604e+003;1,295683e-003
3,354086e+003;1,277139e-003
3,354569e+003;1,266738e-003
3,355051e+003;1,266605e-003
3,355533e+003;1,277272e-003
3,356015e+003;1,296480e-003
3,356497e+003;1,321040e-003
3,356979e+003;1,345668e-003
3,357461e+003;1,366043e-003
3,357943e+003;1,379737e-003
3,358426e+003;1,385521e-003
3,358908e+003;1,384058e-003
3,359390e+003;1,377078e-003
3,359872e+003;1,365743e-003
3,360354e+003;1,351385e-003
3,360836e+003;1,334235e-003
3,361318e+003;1,314626e-003
3,361800e+003;1,293157e-003
3,362282e+003;1,271124e-003
3,362765e+003;1,250422e-003
3,363247e+003;1,232445e-003
3,363729e+003;1,218821e-003
3,364211e+003;1,209518e-003
3,364693e+003;1,204634e-003
3,365175e+003;1,203570e-003
3,365657e+003;1,206361e-003
3,366139e+003;1,213439e-003
3,366622e+003;1,225600e-003
3,367104e+003;1,243543e-003
3,367586e+003;1,266904e-003
3,368068e+003;1,294320e-003
3,368550e+003;1,323799e-003
3,369032e+003;1,352747e-003
3,369514e+003;1,379571e-003
3,369996e+003;1,403471e-003
3,370479e+003;1,424546e-003
3,370961e+003;1,443163e-003
3,371443e+003;1,458987e-003
3,371925e+003;1,469925e-003
3,372407e+003;1,472884e-003
3,372889e+003;1,464207e-003
3,373371e+003;1,441334e-003
3,373853e+003;1,404135e-003
3,374335e+003;1,355141e-003
3,374818e+003;1,299770e-003
3,375300e+003;1,243909e-003
3,375782e+003;1,193337e-003
3,376264e+003;1,151342e-003
3,376746e+003;1,118155e-003
3,377228e+003;1,091580e-003
3,377710e+003;1,068096e-003
3,378192e+003;1,045510e-003
3,378675e+003;1,022792e-003
3,379156e+003;1,001969e-003
3,379639e+003;9,867584e-004
3,380121e+003;9,805483e-004
3,380603e+003;9,859614e-004
3,381085e+003;1,002566e-003
3,381567e+003;1,027375e-003
3,382049e+003;1,055673e-003
3,382531e+003;1,081914e-003
3,383013e+003;1,102044e-003
3,383496e+003;1,114534e-003
3,383978e+003;1,120281e-003
3,384460e+003;1,122008e-003
3,384942e+003;1,122972e-003
3,385424e+003;1,125828e-003
3,385906e+003;1,131410e-003
3,386388e+003;1,139250e-003
3,386870e+003;1,147455e-003
3,387353e+003;1,154033e-003
3,387835e+003;1,157754e-003
3,388317e+003;1,157887e-003
3,388799e+003;1,154997e-003
3,389281e+003;1,149681e-003
3,389763e+003;1,143502e-003
3,390245e+003;1,137887e-003
3,390727e+003;1,135197e-003
3,391209e+003;1,137887e-003
3,391692e+003;1,148751e-003
3,392174e+003;1,170080e-003
3,392656e+003;1,202607e-003
3,393138e+003;1,244374e-003
3,393620e+003;1,290897e-003
3,394102e+003;1,335498e-003
3,394584e+003;1,371261e-003
3,395066e+003;1,392269e-003
3,395549e+003;1,395925e-003
3,396031e+003;1,383128e-003
3,396513e+003;1,358531e-003
3,396995e+003;1,328053e-003
3,397477e+003;1,298374e-003
3,397959e+003;1,273517e-003
3,398441e+003;1,254309e-003
3,398923e+003;1,239024e-003
3,399406e+003;1,224869e-003
3,399888e+003;1,209219e-003
3,400370e+003;1,191210e-003
3,400852e+003;1,172106e-003
3,401334e+003;1,155096e-003
3,401816e+003;1,143303e-003
3,402298e+003;1,139748e-003
3,402780e+003;1,145229e-003
3,403262e+003;1,158751e-003
3,403745e+003;1,178286e-003
3,404227e+003;1,200248e-003
3,404709e+003;1,221214e-003
3,405191e+003;1,237927e-003
3,405673e+003;1,247331e-003
3,406155e+003;1,247132e-003
3,406637e+003;1,235701e-003
3,407119e+003;1,213140e-003
3,407602e+003;1,181044e-003
3,408083e+003;1,143502e-003
3,408566e+003;1,105598e-003
3,409048e+003;1,073145e-003
3,409530e+003;1,051322e-003
3,410012e+003;1,042188e-003
3,410494e+003;1,045410e-003
3,410976e+003;1,057035e-003
3,411458e+003;1,071484e-003
3,411940e+003;1,083276e-003
3,412423e+003;1,087760e-003
3,412905e+003;1,083575e-003
3,413387e+003;1,072646e-003
3,413869e+003;1,058928e-003
3,414351e+003;1,047337e-003
3,414833e+003;1,042554e-003
3,415315e+003;1,047270e-003
3,415797e+003;1,061420e-003
3,416280e+003;1,082512e-003
3,416762e+003;1,106960e-003
3,417244e+003;1,130446e-003
3,417726e+003;1,149748e-003
3,418208e+003;1,162804e-003
3,418690e+003;1,169216e-003
3,419172e+003;1,170346e-003
3,419654e+003;1,167422e-003
3,420136e+003;1,162505e-003
3,420619e+003;1,156757e-003
3,421101e+003;1,150977e-003
3,421583e+003;1,145728e-003
3,422065e+003;1,141608e-003
3,422547e+003;1,139216e-003
3,423029e+003;1,139715e-003
3,423511e+003;1,144000e-003
3,423993e+003;1,152405e-003
3,424476e+003;1,164000e-003
3,424958e+003;1,177655e-003
3,425440e+003;1,190479e-003
3,425922e+003;1,200347e-003
3,426404e+003;1,205066e-003
3,426886e+003;1,204335e-003
3,427368e+003;1,198919e-003
3,427850e+003;1,190945e-003
3,428333e+003;1,182672e-003
3,428815e+003;1,176226e-003
3,429297e+003;1,172239e-003
3,429779e+003;1,169814e-003
3,430261e+003;1,167090e-003
3,430743e+003;1,161542e-003
3,431225e+003;1,151010e-003
3,431707e+003;1,134931e-003
3,432189e+003;1,114235e-003
3,432672e+003;1,091281e-003
3,433154e+003;1,068627e-003
3,433636e+003;1,048532e-003
3,434118e+003;1,032125e-003
3,434600e+003;1,018973e-003
3,435082e+003;1,007349e-003
3,435564e+003;9,953929e-004
3,436046e+003;9,820095e-004
3,436529e+003;9,670989e-004
3,437010e+003;9,525873e-004
3,437493e+003;9,411975e-004
3,437975e+003;9,363494e-004
3,438457e+003;9,402013e-004
3,438939e+003;9,539156e-004
3,439421e+003;9,767625e-004
3,439903e+003;1,007083e-003
3,440385e+003;1,041491e-003
3,440867e+003;1,076533e-003
3,441350e+003;1,108222e-003
3,441832e+003;1,132439e-003
3,442314e+003;1,145761e-003
3,442796e+003;1,146226e-003
3,443278e+003;1,133768e-003
3,443760e+003;1,111179e-003
3,444242e+003;1,084106e-003
3,444724e+003;1,060423e-003
3,445207e+003;1,047735e-003
3,445689e+003;1,051987e-003
3,446171e+003;1,074075e-003
3,446653e+003;1,109352e-003
3,447135e+003;1,147289e-003
3,447617e+003;1,176293e-003
3,448099e+003;1,187223e-003
3,448581e+003;1,176426e-003
3,449063e+003;1,146924e-003
3,449546e+003;1,106761e-003
3,450028e+003;1,066103e-003
3,450510e+003;1,033254e-003
3,450992e+003;1,012164e-003
3,451474e+003;1,002135e-003
3,451956e+003;9,980830e-004
3,452438e+003;9,941641e-004
3,452920e+003;9,861607e-004
3,453403e+003;9,739730e-004
3,453885e+003;9,618853e-004
3,454367e+003;9,562069e-004
3,454849e+003;9,621510e-004
3,455331e+003;9,821423e-004
3,455813e+003;1,013460e-003
3,456295e+003;1,049562e-003
3,456777e+003;1,081449e-003
3,457260e+003;1,102509e-003
3,457742e+003;1,108754e-003
3,458224e+003;1,100881e-003
3,458706e+003;1,082977e-003
3,459188e+003;1,061353e-003
3,459670e+003;1,041557e-003
3,460152e+003;1,026944e-003
3,460634e+003;1,018574e-003
3,461116e+003;1,014921e-003
3,461599e+003;1,013294e-003
3,462081e+003;1,010703e-003
3,462563e+003;1,005356e-003
3,463045e+003;9,966881e-004
3,463527e+003;9,851311e-004
3,464009e+003;9,717148e-004
3,464491e+003;9,580664e-004
3,464973e+003;9,452819e-004
3,465456e+003;9,341247e-004
3,465938e+003;9,250265e-004
3,466420e+003;9,185516e-004
3,466902e+003;9,147996e-004
3,467384e+003;9,144676e-004
3,467866e+003;9,180204e-004
3,468348e+003;9,267200e-004
3,468830e+003;9,407990e-004
3,469313e+003;9,598929e-004
3,469794e+003;9,819431e-004
3,470277e+003;1,003530e-003
3,470759e+003;1,020235e-003
3,471241e+003;1,027475e-003
3,471723e+003;1,022261e-003
3,472205e+003;1,003629e-003
3,472687e+003;9,739398e-004
3,473169e+003;9,379433e-004
3,473651e+003;9,016510e-004
3,474134e+003;8,716699e-004
3,474616e+003;8,528456e-004
3,475098e+003;8,468033e-004
3,475580e+003;8,523475e-004
3,476062e+003;8,656606e-004
3,476544e+003;8,805677e-004
3,477026e+003;8,909266e-004
3,477508e+003;8,923211e-004
3,477990e+003;8,817629e-004
3,478473e+003;8,603486e-004
3,478955e+003;8,315986e-004
3,479437e+003;8,024189e-004
3,479919e+003;7,809753e-004
3,480401e+003;7,742038e-004
3,480883e+003;7,860208e-004
3,481365e+003;8,162616e-004
3,481847e+003;8,599170e-004
3,482330e+003;9,088893e-004
3,482812e+003;9,553435e-004
3,483294e+003;9,931015e-004
3,483776e+003;1,019272e-003
3,484258e+003;1,034882e-003
3,484740e+003;1,042188e-003
3,485222e+003;1,043484e-003
3,485704e+003;1,040627e-003
3,486187e+003;1,034018e-003
3,486669e+003;1,022626e-003
3,487151e+003;1,007282e-003
3,487633e+003;9,898137e-004
3,488115e+003;9,742387e-004
3,488597e+003;9,652061e-004
3,489079e+003;9,660362e-004
3,489561e+003;9,771610e-004
3,490043e+003;9,954262e-004
3,490526e+003;1,014987e-003
3,491008e+003;1,030132e-003
3,491490e+003;1,036443e-003
3,491972e+003;1,033586e-003
3,492454e+003;1,024752e-003
3,492936e+003;1,015585e-003
3,493418e+003;1,011234e-003
3,493900e+003;1,014257e-003
3,494383e+003;1,022427e-003
3,494865e+003;1,030232e-003
3,495347e+003;1,029999e-003
3,495829e+003;1,015386e-003
3,496311e+003;9,842013e-004
3,496793e+003;9,390391e-004
3,497275e+003;8,871749e-004
3,497757e+003;8,368438e-004
3,498240e+003;7,961451e-004
3,498721e+003;7,701543e-004
3,499204e+003;7,597650e-004
3,499686e+003;7,626195e-004
3,500168e+003;7,743034e-004
3,500650e+003;7,902032e-004
3,501132e+003;8,067011e-004
3,501614e+003;8,218054e-004
3,502096e+003;8,354495e-004
3,502578e+003;8,487621e-004
3,503061e+003;8,621746e-004
3,503543e+003;8,746911e-004
3,504025e+003;8,840539e-004
3,504507e+003;8,874072e-004
3,504989e+003;8,823606e-004
3,505471e+003;8,681838e-004
3,505953e+003;8,464713e-004
3,506435e+003;8,212411e-004
3,506917e+003;7,967094e-004
3,507400e+003;7,775231e-004
3,507882e+003;7,654741e-004
3,508364e+003;7,595327e-004
3,508846e+003;7,552177e-004
3,509328e+003;7,469199e-004
3,509810e+003;7,298932e-004
3,510292e+003;7,036741e-004
3,510774e+003;6,720141e-004
3,511257e+003;6,419160e-004
3,511739e+003;6,216749e-004
3,512221e+003;6,169963e-004
3,512703e+003;6,302358e-004
3,513185e+003;6,589392e-004
3,513667e+003;6,972689e-004
3,514149e+003;7,376929e-004
3,514631e+003;7,742702e-004
3,515114e+003;8,037135e-004
3,515596e+003;8,254571e-004
3,516078e+003;8,408276e-004
3,516560e+003;8,502892e-004
3,517042e+003;8,537087e-004
3,517524e+003;8,489944e-004
3,518006e+003;8,341880e-004
3,518488e+003;8,086597e-004
3,518970e+003;7,744362e-004
3,519453e+003;7,365976e-004
3,519935e+003;7,017492e-004
3,520417e+003;6,751999e-004
3,520899e+003;6,602667e-004
3,521381e+003;6,565832e-004
3,521863e+003;6,609304e-004
3,522345e+003;6,685628e-004
3,522827e+003;6,759632e-004
3,523310e+003;6,818039e-004
3,523792e+003;6,871801e-004
3,524274e+003;6,940498e-004
3,524756e+003;7,032094e-004
3,525238e+003;7,130331e-004
3,525720e+003;7,196709e-004
3,526202e+003;7,189739e-004
3,526684e+003;7,086855e-004
3,527167e+003;6,900341e-004
3,527648e+003;6,683305e-004
3,528131e+003;6,509087e-004
3,528613e+003;6,437411e-004
3,529095e+003;6,496146e-004
3,529577e+003;6,665717e-004
3,530059e+003;6,891049e-004
3,530541e+003;7,102121e-004
3,531023e+003;7,248816e-004
3,531505e+003;7,303247e-004
3,531988e+003;7,262091e-004
3,532470e+003;7,138628e-004
3,532952e+003;6,941825e-004
3,533434e+003;6,670363e-004
3,533916e+003;6,314967e-004
3,534398e+003;5,881296e-004
3,534880e+003;5,404873e-004
3,535362e+003;4,959351e-004
3,535844e+003;4,647879e-004
3,536327e+003;4,561970e-004
3,536809e+003;4,740091e-004
3,537291e+003;5,145450e-004
3,537773e+003;5,661325e-004
3,538255e+003;6,143086e-004
3,538737e+003;6,444380e-004
3,539219e+003;6,475572e-004
3,539701e+003;6,229026e-004
3,540184e+003;5,777779e-004
3,540666e+003;5,245302e-004
3,541148e+003;4,768949e-004
3,541630e+003;4,458485e-004
3,542112e+003;4,364620e-004
3,542594e+003;4,479381e-004
3,543076e+003;4,753359e-004
3,543558e+003;5,124551e-004
3,544041e+003;5,535918e-004
3,544523e+003;5,953295e-004
3,545005e+003;6,353126e-004
3,545487e+003;6,714499e-004
3,545969e+003;6,998243e-004
3,546451e+003;7,158873e-004
3,546933e+003;7,154559e-004
3,547415e+003;6,977335e-004
3,547897e+003;6,658417e-004
3,548380e+003;6,261212e-004
3,548862e+003;5,857408e-004
3,549344e+003;5,514021e-004
3,549826e+003;5,266202e-004
3,550308e+003;5,115594e-004
3,550790e+003;5,027354e-004
3,551272e+003;4,954044e-004
3,551754e+003;4,851876e-004
3,552237e+003;4,700287e-004
3,552719e+003;4,510227e-004
3,553201e+003;4,316528e-004
3,553683e+003;4,158656e-004
3,554165e+003;4,070436e-004
3,554647e+003;4,071431e-004
3,555129e+003;4,164294e-004
3,555611e+003;4,347373e-004
3,556094e+003;4,602768e-004
3,556575e+003;4,903955e-004
3,557058e+003;5,205825e-004
3,557540e+003;5,454636e-004
3,558022e+003;5,590658e-004
3,558504e+003;5,570421e-004
3,558986e+003;5,379328e-004
3,559468e+003;5,045268e-004
3,559950e+003;4,642571e-004
3,560432e+003;4,261139e-004
3,560915e+003;3,981886e-004
3,561397e+003;3,845914e-004
3,561879e+003;3,846577e-004
3,562361e+003;3,935456e-004
3,562843e+003;4,043572e-004
3,563325e+003;4,107912e-004
3,563807e+003;4,093651e-004
3,564289e+003;3,995815e-004
3,564771e+003;3,835301e-004
3,565254e+003;3,645611e-004
3,565736e+003;3,451950e-004
3,566218e+003;3,259293e-004
3,566700e+003;3,061007e-004
3,567182e+003;2,857094e-004
3,567664e+003;2,661479e-004
3,568146e+003;2,510961e-004
3,568628e+003;2,438356e-004
3,569111e+003;2,456590e-004
3,569593e+003;2,555718e-004
3,570075e+003;2,697286e-004
3,570557e+003;2,833222e-004
3,571039e+003;2,913791e-004
3,571521e+003;2,899533e-004
3,572003e+003;2,777521e-004
3,572485e+003;2,552402e-004
3,572968e+003;2,248064e-004
3,573450e+003;1,901979e-004
3,573932e+003;1,555259e-004
3,574414e+003;1,248007e-004
3,574896e+003;1,022305e-004
3,575378e+003;9,136015e-005
3,575860e+003;9,444228e-005
3,576342e+003;1,119412e-004
3,576824e+003;1,413728e-004
3,577307e+003;1,770050e-004
3,577789e+003;2,114798e-004
3,578271e+003;2,375698e-004
3,578753e+003;2,503335e-004
3,579235e+003;2,493721e-004
3,579717e+003;2,390285e-004
3,580199e+003;2,264639e-004
3,580681e+003;2,194691e-004
3,581164e+003;2,230494e-004
3,581646e+003;2,379676e-004
3,582128e+003;2,611747e-004
3,582610e+003;2,867704e-004
3,583092e+003;3,080570e-004
3,583574e+003;3,195628e-004
3,584056e+003;3,182033e-004
3,584538e+003;3,025860e-004
3,585021e+003;2,727788e-004
3,585502e+003;2,306410e-004
3,585985e+003;1,792922e-004
3,586467e+003;1,243367e-004
3,586949e+003;7,379577e-005
3,587431e+003;3,495782e-005
3,587913e+003;1,315441e-005
3,588395e+003;7,885973e-006
3,588877e+003;1,554014e-005
3,589359e+003;3,104770e-005
3,589842e+003;4,973704e-005
3,590324e+003;6,899055e-005
3,590806e+003;8,794665e-005
3,591288e+003;1,065721e-004
3,591770e+003;1,249996e-004
3,592252e+003;1,422677e-004
3,592734e+003;1,555259e-004
3,593216e+003;1,612602e-004
3,593698e+003;1,569843e-004
3,594181e+003;1,436930e-004
3,594663e+003;1,265905e-004
3,595145e+003;1,151892e-004
3,595627e+003;1,186692e-004
3,596109e+003;1,424335e-004
3,596591e+003;1,862532e-004
3,597073e+003;2,435372e-004
3,597555e+003;3,031165e-004
3,598038e+003;3,523577e-004
3,598520e+003;3,817725e-004
3,599002e+003;3,862164e-004
3,599484e+003;3,673136e-004
3,599966e+003;3,320969e-004
3,600448e+003;2,901854e-004
3,600930e+003;2,508308e-004
3,601412e+003;2,196017e-004
3,601895e+003;1,990818e-004
3,602377e+003;1,894023e-004
3,602859e+003;1,895681e-004
3,603341e+003;1,987503e-004
3,603823e+003;2,163197e-004
3,604305e+003;2,408187e-004
3,604787e+003;2,689328e-004
3,605269e+003;2,956894e-004
3,605751e+003;3,146554e-004
3,606234e+003;3,193307e-004
3,606716e+003;3,065318e-004
3,607198e+003;2,776526e-004
3,607680e+003;2,394594e-004
3,608162e+003;2,010376e-004
3,608644e+003;1,705412e-004
3,609126e+003;1,516810e-004
3,609608e+003;1,427980e-004
3,610091e+003;1,393510e-004
3,610573e+003;1,366331e-004
3,611055e+003;1,312638e-004
3,611537e+003;1,220830e-004
3,612019e+003;1,109469e-004
3,612501e+003;1,008386e-004
3,612983e+003;9,447542e-005
3,613465e+003;9,364689e-005
3,613948e+003;9,732558e-005
3,614429e+003;1,025951e-004
3,614912e+003;1,065059e-004
3,615394e+003;1,051470e-004
3,615876e+003;9,546966e-005
3,616358e+003;7,445857e-005
3,616840e+003;4,039227e-005
3,617322e+003;-6,792425e-006
3,617804e+003;-6,304950e-005
3,618286e+003;-1,203593e-004
3,618769e+003;-1,680565e-004
3,619251e+003;-1,963742e-004
3,619733e+003;-1,997523e-004
3,620215e+003;-1,791851e-004
3,620697e+003;-1,394057e-004
3,621179e+003;-8,723317e-005
3,621661e+003;-2,846121e-005
3,622143e+003;3,247257e-005
3,622625e+003;9,245381e-005
3,623108e+003;1,496260e-004
3,623590e+003;2,020984e-004
3,624072e+003;2,478139e-004
3,624554e+003;2,847479e-004
3,625036e+003;3,109086e-004
3,625518e+003;3,243045e-004
3,626000e+003;3,227792e-004
3,626482e+003;3,040450e-004
3,626965e+003;2,655842e-004
3,627447e+003;2,064410e-004
3,627929e+003;1,308329e-004
3,628411e+003;5,003528e-005
3,628893e+003;-2,027756e-005
3,629375e+003;-6,984094e-005
3,629857e+003;-9,783380e-005
3,630339e+003;-1,104548e-004
3,630822e+003;-1,145955e-004
3,631304e+003;-1,156887e-004
3,631786e+003;-1,168812e-004
3,632268e+003;-1,191668e-004
3,632750e+003;-1,218499e-004
3,633232e+003;-1,229761e-004
3,633714e+003;-1,207568e-004
3,634196e+003;-1,137343e-004
3,634678e+003;-1,025046e-004
3,635161e+003;-8,879015e-005
3,635643e+003;-7,563843e-005
3,636125e+003;-6,579922e-005
3,636607e+003;-6,149242e-005
3,637089e+003;-6,444092e-005
3,637571e+003;-7,484334e-005
3,638053e+003;-9,220224e-005
3,638535e+003;-1,154237e-004
3,639018e+003;-1,429167e-004
3,639500e+003;-1,727265e-004
3,639982e+003;-2,023356e-004
3,640464e+003;-2,281673e-004
3,640946e+003;-2,456525e-004
3,641428e+003;-2,505536e-004
3,641910e+003;-2,397580e-004
3,642392e+003;-2,127347e-004
3,642875e+003;-1,716335e-004
3,643356e+003;-1,208562e-004
3,643839e+003;-6,606425e-005
3,644321e+003;-1,269015e-005
3,644803e+003;3,366549e-005
3,645285e+003;6,703533e-005
3,645767e+003;8,075516e-005
3,646249e+003;6,846032e-005
3,646731e+003;2,458615e-005
3,647213e+003;-5,201733e-005
3,647696e+003;-1,541122e-004
3,648178e+003;-2,668458e-004
3,648660e+003;-3,705455e-004
3,649142e+003;-4,464504e-004
3,649624e+003;-4,857052e-004
3,650106e+003;-4,910338e-004
3,650588e+003;-4,748162e-004
3,651070e+003;-4,506541e-004
3,651552e+003;-4,289733e-004
3,652035e+003;-4,142761e-004
3,652517e+003;-4,065300e-004
3,652999e+003;-4,034183e-004
3,653481e+003;-4,020942e-004
3,653963e+003;-4,001080e-004
3,654445e+003;-3,967645e-004
3,654927e+003;-3,923948e-004
3,655409e+003;-3,897795e-004
3,655892e+003;-3,907065e-004
3,656374e+003;-3,952417e-004
3,656856e+003;-4,009024e-004
3,657338e+003;-4,035176e-004
3,657820e+003;-3,993466e-004
3,658302e+003;-3,857739e-004
3,658784e+003;-3,624676e-004
3,659266e+003;-3,306843e-004
3,659749e+003;-2,943293e-004
3,660231e+003;-2,581700e-004
3,660713e+003;-2,278361e-004
3,661195e+003;-2,090586e-004
3,661677e+003;-2,059124e-004
3,662159e+003;-2,200868e-004
3,662641e+003;-2,503549e-004
3,663123e+003;-2,923757e-004
3,663605e+003;-3,389615e-004
3,664088e+003;-3,816027e-004
3,664570e+003;-4,129850e-004
3,665052e+003;-4,282120e-004
3,665534e+003;-4,263914e-004
3,666016e+003;-4,107672e-004
3,666498e+003;-3,878595e-004
3,666980e+003;-3,659769e-004
3,667462e+003;-3,524363e-004
3,667945e+003;-3,523701e-004
3,668427e+003;-3,658114e-004
3,668909e+003;-3,863036e-004
3,669391e+003;-4,030211e-004
3,669873e+003;-4,080858e-004
3,670355e+003;-4,000749e-004
3,670837e+003;-3,852111e-004
3,671319e+003;-3,725981e-004
3,671802e+003;-3,693537e-004
3,672283e+003;-3,802123e-004
3,672766e+003;-4,070928e-004
3,673248e+003;-4,498597e-004
3,673730e+003;-5,051990e-004
3,674212e+003;-5,640057e-004
3,674694e+003;-6,099998e-004
3,675176e+003;-6,282637e-004
3,675658e+003;-6,150953e-004
3,676140e+003;-5,799222e-004
3,676623e+003;-5,365062e-004
3,677105e+003;-4,954687e-004
3,677587e+003;-4,615769e-004
3,678069e+003;-4,363879e-004
3,678551e+003;-4,185794e-004
3,679033e+003;-4,060666e-004
3,679515e+003;-3,959369e-004
3,679997e+003;-3,856746e-004
3,680479e+003;-3,741540e-004
3,680962e+003;-3,620041e-004
3,681444e+003;-3,515424e-004
3,681926e+003;-3,457486e-004
3,682408e+003;-3,472053e-004
3,682890e+003;-3,572368e-004
3,683372e+003;-3,746175e-004
3,683854e+003;-3,965990e-004
3,684336e+003;-4,187780e-004
3,684819e+003;-4,376789e-004
3,685301e+003;-4,504886e-004
3,685783e+003;-4,564796e-004
3,686265e+003;-4,563472e-004
3,686747e+003;-4,519450e-004
3,687229e+003;-4,453581e-004
3,687711e+003;-4,392015e-004
3,688193e+003;-4,352294e-004
3,688676e+003;-4,346667e-004
3,689158e+003;-4,378775e-004
3,689640e+003;-4,453581e-004
3,690122e+003;-4,564465e-004
3,690604e+003;-4,700832e-004
3,691086e+003;-4,843814e-004
3,691568e+003;-4,973884e-004
3,692050e+003;-5,070523e-004
3,692532e+003;-5,137375e-004
3,693015e+003;-5,177751e-004
3,693497e+003;-5,213493e-004
3,693979e+003;-5,269091e-004
3,694461e+003;-5,363738e-004
3,694943e+003;-5,505044e-004
3,695425e+003;-5,681420e-004
3,695907e+003;-5,860769e-004
3,696389e+003;-5,998749e-004
3,696872e+003;-6,049374e-004
3,697354e+003;-5,976580e-004
3,697836e+003;-5,762492e-004
3,698318e+003;-5,408744e-004
3,698800e+003;-4,938139e-004
3,699282e+003;-4,393670e-004
3,699764e+003;-3,838869e-004
3,700246e+003;-3,354189e-004
3,700729e+003;-3,013158e-004
3,701211e+003;-2,862169e-004
3,701693e+003;-2,890977e-004
3,702175e+003;-3,048256e-004
3,702657e+003;-3,259497e-004
3,703139e+003;-3,465101e-004
3,703621e+003;-3,641561e-004
3,704103e+003;-3,795833e-004
3,704585e+003;-3,949438e-004
3,705068e+003;-4,122568e-004
3,705550e+003;-4,317207e-004
3,706032e+003;-4,505879e-004
3,706514e+003;-4,638938e-004
3,706996e+003;-4,651184e-004
3,707478e+003;-4,493963e-004
3,707960e+003;-4,154346e-004
3,708442e+003;-3,672349e-004
3,708925e+003;-3,137654e-004
3,709406e+003;-2,680379e-004
3,709889e+003;-2,419105e-004
3,710371e+003;-2,414469e-004
3,710853e+003;-2,642298e-004
3,711335e+003;-2,994616e-004
3,711817e+003;-3,358161e-004
3,712299e+003;-3,656789e-004
3,712781e+003;-3,881243e-004
3,713263e+003;-4,067286e-004
3,713746e+003;-4,258617e-004
3,714228e+003;-4,471786e-004
3,714710e+003;-4,694874e-004
3,715192e+003;-4,887502e-004
3,715674e+003;-4,998706e-004
3,716156e+003;-4,976531e-004
3,716638e+003;-4,798801e-004
3,717120e+003;-4,471455e-004
3,717603e+003;-4,049742e-004
3,718085e+003;-3,613089e-004
3,718567e+003;-3,247578e-004
3,719049e+003;-3,016800e-004
3,719531e+003;-2,953227e-004
3,720013e+003;-3,042627e-004
3,720495e+003;-3,241949e-004
3,720977e+003;-3,494235e-004
3,721459e+003;-3,743526e-004
3,721942e+003;-3,959700e-004
3,722424e+003;-4,150705e-004
3,722906e+003;-4,346005e-004
3,723388e+003;-4,588627e-004
3,723870e+003;-4,905705e-004
3,724352e+003;-5,288285e-004
3,724834e+003;-5,692671e-004
3,725316e+003;-6,048381e-004
3,725799e+003;-6,273704e-004
3,726281e+003;-6,329620e-004
3,726763e+003;-6,227383e-004
3,727245e+003;-6,028198e-004
3,727727e+003;-5,807495e-004
3,728209e+003;-5,633770e-004
3,728691e+003;-5,545416e-004
3,729173e+003;-5,548063e-004
3,729656e+003;-5,622519e-004
3,730138e+003;-5,740322e-004
3,730620e+003;-5,872681e-004
3,731102e+003;-6,010330e-004
3,731584e+003;-6,169481e-004
3,732066e+003;-6,379909e-004
3,732548e+003;-6,672374e-004
3,733030e+003;-7,048845e-004
3,733512e+003;-7,462660e-004
3,733995e+003;-7,826163e-004
3,734477e+003;-8,037834e-004
3,734959e+003;-8,029565e-004
3,735441e+003;-7,804334e-004
3,735923e+003;-7,447775e-004
3,736405e+003;-7,071340e-004
3,736887e+003;-6,750120e-004
3,737369e+003;-6,501331e-004
3,737852e+003;-6,308114e-004
3,738333e+003;-6,134740e-004
3,738816e+003;-5,962021e-004
3,739298e+003;-5,789957e-004
3,739780e+003;-5,635424e-004
3,740262e+003;-5,532510e-004
3,740744e+003;-5,518611e-004
3,741226e+003;-5,628475e-004
3,741708e+003;-5,885586e-004
3,742190e+003;-6,303482e-004
3,742673e+003;-6,866899e-004
3,743155e+003;-7,491106e-004
3,743637e+003;-8,009390e-004
3,744119e+003;-8,215761e-004
3,744601e+003;-7,972349e-004
3,745083e+003;-7,306533e-004
3,745565e+003;-6,334913e-004
3,746047e+003;-5,175103e-004
3,746530e+003;-3,904416e-004
3,747012e+003;-2,581037e-004
3,747494e+003;-1,271498e-004
3,747976e+003;-5,897819e-006
3,748458e+003;9,368004e-005
3,748940e+003;1,590062e-004
3,749422e+003;1,817782e-004
3,749904e+003;1,623872e-004
3,750386e+003;1,103504e-004
3,750869e+003;3,963012e-005
3,751351e+003;-3,449116e-005
3,751833e+003;-1,008814e-004
3,752315e+003;-1,526879e-004
3,752797e+003;-1,869020e-004
3,753279e+003;-2,038259e-004
3,753761e+003;-2,053825e-004
3,754243e+003;-1,956124e-004
3,754726e+003;-1,796156e-004
3,755208e+003;-1,635851e-004
3,755690e+003;-1,539797e-004
3,756172e+003;-1,559670e-004
3,756654e+003;-1,726603e-004
3,757136e+003;-2,035610e-004
3,757618e+003;-2,449571e-004
3,758100e+003;-2,900248e-004
3,758583e+003;-3,320418e-004
3,759065e+003;-3,656789e-004
3,759547e+003;-3,881243e-004
3,760029e+003;-3,994459e-004
3,760511e+003;-4,027562e-004
3,760993e+003;-4,020942e-004
3,761475e+003;-4,015645e-004
3,761957e+003;-4,053052e-004
3,762439e+003;-4,159974e-004
3,762922e+003;-4,350970e-004
3,763404e+003;-4,615769e-004
3,763886e+003;-4,911993e-004
3,764368e+003;-5,167492e-004
3,764850e+003;-5,297551e-004
3,765332e+003;-5,248573e-004
3,765814e+003;-5,015254e-004
3,766296e+003;-4,651184e-004
3,766779e+003;-4,233791e-004
3,767260e+003;-3,847477e-004
3,767743e+003;-3,563098e-004
3,768225e+003;-3,412459e-004
3,768707e+003;-3,398554e-004
3,769189e+003;-3,479668e-004
3,769671e+003;-3,592563e-004
3,770153e+003;-3,676322e-004
3,770635e+003;-3,705786e-004
3,771117e+003;-3,683936e-004
3,771600e+003;-3,641561e-004
3,772082e+003;-3,611765e-004
3,772564e+003;-3,614744e-004
3,773046e+003;-3,656127e-004
3,773528e+003;-3,731278e-004
3,774010e+003;-3,816358e-004
3,774492e+003;-3,885216e-004
3,774974e+003;-3,913686e-004
3,775457e+003;-3,882236e-004
3,775939e+003;-3,795833e-004
3,776421e+003;-3,670694e-004
3,776903e+003;-3,543234e-004
3,777385e+003;-3,455499e-004
3,777867e+003;-3,446560e-004
3,778349e+003;-3,530322e-004
3,778831e+003;-3,684598e-004
3,779313e+003;-3,847145e-004
3,779796e+003;-3,942817e-004
3,780278e+003;-3,922624e-004
3,780760e+003;-3,775639e-004
3,781242e+003;-3,530322e-004
3,781724e+003;-3,239301e-004
3,782206e+003;-2,966471e-004
3,782688e+003;-2,765812e-004
3,783170e+003;-2,667465e-004
3,783653e+003;-2,672763e-004
3,784135e+003;-2,754884e-004
3,784617e+003;-2,868129e-004
3,785099e+003;-2,972762e-004
3,785581e+003;-3,050242e-004
3,786063e+003;-3,111828e-004
3,786545e+003;-3,172419e-004
3,787027e+003;-3,250558e-004
3,787510e+003;-3,353526e-004
3,787992e+003;-3,472053e-004
3,788474e+003;-3,588259e-004
3,788956e+003;-3,685592e-004
3,789438e+003;-3,753789e-004
3,789920e+003;-3,799475e-004
3,790402e+003;-3,831586e-004
3,790884e+003;-3,864029e-004
3,791366e+003;-3,905410e-004
3,791849e+003;-3,957052e-004
3,792331e+003;-4,017300e-004
3,792813e+003;-4,086155e-004
3,793295e+003;-4,167256e-004
3,793777e+003;-4,266893e-004
3,794259e+003;-4,388705e-004
3,794741e+003;-4,528056e-004
3,795223e+003;-4,665417e-004
3,795706e+003;-4,766035e-004
3,796188e+003;-4,802442e-004
3,796670e+003;-4,752796e-004
3,797152e+003;-4,618086e-004
3,797634e+003;-4,406248e-004
3,798116e+003;-4,119258e-004
3,798598e+003;-3,744520e-004
3,799080e+003;-3,257180e-004
3,799563e+003;-2,633358e-004
3,800044e+003;-1,892866e-004
3,800527e+003;-1,128399e-004
3,801009e+003;-5,201733e-005
3,801491e+003;-2,372332e-005
3,801973e+003;-3,412672e-005
3,802455e+003;-7,527402e-005
3,802937e+003;-1,336422e-004
3,803419e+003;-1,958112e-004
3,803901e+003;-2,518120e-004
3,804384e+003;-2,959849e-004
3,804866e+003;-3,255855e-004
3,805348e+003;-3,400540e-004
3,805830e+003;-3,422392e-004
3,806312e+003;-3,371736e-004
3,806794e+003;-3,303863e-004
3,807276e+003;-3,260490e-004
3,807758e+003;-3,254200e-004
3,808240e+003;-3,279694e-004
3,808723e+003;-3,327702e-004
3,809205e+003;-3,400540e-004
3,809687e+003;-3,500857e-004
3,810169e+003;-3,634939e-004
3,810651e+003;-3,799806e-004
3,811133e+003;-3,983204e-004
3,811615e+003;-4,160967e-004
3,812097e+003;-4,309925e-004
3,812580e+003;-4,411875e-004
3,813062e+003;-4,460532e-004
3,813544e+003;-4,453581e-004
3,814026e+003;-4,399297e-004
3,814508e+003;-4,309262e-004
3,814990e+003;-4,197710e-004
3,815472e+003;-4,081189e-004
3,815954e+003;-3,981549e-004
3,816437e+003;-3,914348e-004
3,816919e+003;-3,887864e-004
3,817401e+003;-3,902761e-004
3,817883e+003;-3,951424e-004
3,818365e+003;-4,014983e-004
3,818847e+003;-4,070928e-004
3,819329e+003;-4,088472e-004
3,819811e+003;-4,047756e-004
3,820293e+003;-3,957714e-004
3,820776e+003;-3,861381e-004
3,821258e+003;-3,822317e-004
3,821740e+003;-3,882567e-004
3,822222e+003;-4,035176e-004
3,822704e+003;-4,250011e-004
3,823186e+003;-4,488336e-004
3,823668e+003;-4,717050e-004
3,824150e+003;-4,907360e-004
3,824633e+003;-5,041068e-004
3,825115e+003;-5,096668e-004
3,825597e+003;-5,053644e-004
3,826079e+003;-4,899416e-004
3,826561e+003;-4,628015e-004
3,827043e+003;-4,251997e-004
3,827525e+003;-3,804109e-004
3,828007e+003;-3,328695e-004
3,828490e+003;-2,882367e-004
3,828971e+003;-2,521431e-004
3,829454e+003;-2,298231e-004
3,829936e+003;-2,237959e-004
3,830418e+003;-2,336978e-004
3,830900e+003;-2,544943e-004
3,831382e+003;-2,790646e-004
3,831864e+003;-2,997596e-004
3,832346e+003;-3,122423e-004
3,832828e+003;-3,163811e-004
3,833311e+003;-3,154209e-004
3,833793e+003;-3,139972e-004
3,834275e+003;-3,149573e-004
3,834757e+003;-3,189636e-004
3,835239e+003;-3,241287e-004
3,835721e+003;-3,267775e-004
3,836203e+003;-3,242281e-004
3,836685e+003;-3,167784e-004
3,837167e+003;-3,086995e-004
3,837650e+003;-3,060838e-004
3,838132e+003;-3,139309e-004
3,838614e+003;-3,328695e-004
3,839096e+003;-3,579982e-004
3,839578e+003;-3,820000e-004
3,840060e+003;-3,978238e-004
3,840542e+003;-4,020942e-004
3,841024e+003;-3,947783e-004
3,841507e+003;-3,797488e-004
3,841989e+003;-3,614082e-004
3,842471e+003;-3,445567e-004
3,842953e+003;-3,321080e-004
3,843435e+003;-3,243274e-004
3,843917e+003;-3,195265e-004
3,844399e+003;-3,153216e-004
3,844881e+003;-3,092293e-004
3,845364e+003;-3,005874e-004
3,845846e+003;-2,892963e-004
3,846328e+003;-2,770447e-004
3,846810e+003;-2,656537e-004
3,847292e+003;-2,571765e-004
3,847774e+003;-2,532359e-004
3,848256e+003;-2,556201e-004
3,848738e+003;-2,655544e-004
3,849220e+003;-2,835017e-004
3,849703e+003;-3,094279e-004
3,850185e+003;-3,425040e-004
3,850667e+003;-3,808082e-004
3,851149e+003;-4,211282e-004
3,851631e+003;-4,583994e-004
3,852113e+003;-4,849771e-004
3,852595e+003;-4,945089e-004
3,853077e+003;-4,867313e-004
3,853560e+003;-4,682959e-004
3,854042e+003;-4,488005e-004
3,854524e+003;-4,336736e-004
3,855006e+003;-4,239088e-004
3,855488e+003;-4,177518e-004
3,855970e+003;-4,132499e-004
3,856452e+003;-4,082845e-004
3,856934e+003;-4,019287e-004
3,857417e+003;-3,930237e-004
3,857898e+003;-3,815365e-004
3,858381e+003;-3,674336e-004
3,858863e+003;-3,514762e-004
3,859345e+003;-3,353526e-004
3,859827e+003;-3,221753e-004
3,860309e+003;-3,155864e-004
3,860791e+003;-3,193610e-004
3,861273e+003;-3,354520e-004
3,861755e+003;-3,630304e-004
3,862238e+003;-3,968969e-004
3,862720e+003;-4,291719e-004
3,863202e+003;-4,505548e-004
3,863684e+003;-4,546260e-004
3,864166e+003;-4,402607e-004
3,864648e+003;-4,124223e-004
3,865130e+003;-3,796826e-004
3,865612e+003;-3,505491e-004
3,866094e+003;-3,294593e-004
3,866577e+003;-3,168777e-004
3,867059e+003;-3,111497e-004
3,867541e+003;-3,097921e-004
3,868023e+003;-3,120106e-004
3,868505e+003;-3,195596e-004
3,868987e+003;-3,357168e-004
3,869469e+003;-3,636926e-004
3,869951e+003;-4,025576e-004
3,870434e+003;-4,465166e-004
3,870916e+003;-4,880551e-004
3,871398e+003;-5,203564e-004
3,871880e+003;-5,391867e-004
3,872362e+003;-5,423306e-004
3,872844e+003;-5,308472e-004
3,873326e+003;-5,084754e-004
3,873808e+003;-4,819322e-004
3,874291e+003;-4,580353e-004
3,874773e+003;-4,412206e-004
3,875255e+003;-4,321841e-004
3,875737e+003;-4,290395e-004
3,876219e+003;-4,295360e-004
3,876701e+003;-4,312573e-004
3,877183e+003;-4,338392e-004
3,877665e+003;-4,369506e-004
3,878147e+003;-4,400621e-004
3,878630e+003;-4,413861e-004
3,879112e+003;-4,373147e-004
3,879594e+003;-4,235115e-004
3,880076e+003;-3,971618e-004
3,880558e+003;-3,597198e-004
3,881040e+003;-3,159507e-004
3,881522e+003;-2,727400e-004
3,882004e+003;-2,362146e-004
3,882487e+003;-2,101515e-004
3,882969e+003;-1,965729e-004
3,883451e+003;-1,957118e-004
3,883933e+003;-2,068728e-004
3,884415e+003;-2,269751e-004
3,884897e+003;-2,504542e-004
3,885379e+003;-2,713493e-004
3,885861e+003;-2,840977e-004
3,886344e+003;-2,862500e-004
3,886825e+003;-2,785348e-004
3,887308e+003;-2,634351e-004
3,887790e+003;-2,437319e-004
3,888272e+003;-2,222394e-004
3,888754e+003;-2,019713e-004
3,889236e+003;-1,854116e-004
3,889718e+003;-1,751112e-004
3,890200e+003;-1,718654e-004
3,890682e+003;-1,749125e-004
3,891165e+003;-1,822652e-004
3,891647e+003;-1,911413e-004
3,892129e+003;-2,001497e-004
3,892611e+003;-2,095222e-004
3,893093e+003;-2,195238e-004
3,893575e+003;-2,306179e-004
3,894057e+003;-2,424735e-004
3,894539e+003;-2,536664e-004
3,895021e+003;-2,630377e-004
3,895504e+003;-2,695611e-004
3,895986e+003;-2,734354e-004
3,896468e+003;-2,760513e-004
3,896950e+003;-2,800580e-004
3,897432e+003;-2,869785e-004
3,897914e+003;-2,973756e-004
3,898396e+003;-3,090637e-004
3,898878e+003;-3,178048e-004
3,899361e+003;-3,186988e-004
3,899843e+003;-3,089313e-004
3,900325e+003;-2,891970e-004
3,900807e+003;-2,635345e-004
3,901289e+003;-2,382015e-004
3,901771e+003;-2,184309e-004
3,902253e+003;-2,075683e-004
3,902735e+003;-2,059455e-004
3,903218e+003;-2,111782e-004
3,903700e+003;-2,198218e-004
3,904182e+003;-2,295913e-004
3,904664e+003;-2,397580e-004
3,905146e+003;-2,516795e-004
3,905628e+003;-2,673094e-004
3,906110e+003;-2,879056e-004
3,906592e+003;-3,138316e-004
3,907074e+003;-3,438283e-004
3,907557e+003;-3,758093e-004
3,908039e+003;-4,071921e-004
3,908521e+003;-4,355604e-004
3,909003e+003;-4,581015e-004
3,909485e+003;-4,727310e-004
3,909967e+003;-4,781591e-004
3,910449e+003;-4,738564e-004
3,910931e+003;-4,610473e-004
3,911414e+003;-4,424784e-004
3,911896e+003;-4,217902e-004
3,912378e+003;-4,035176e-004
3,912860e+003;-3,908058e-004
3,913342e+003;-3,848470e-004
3,913824e+003;-3,844497e-004
3,914306e+003;-3,859394e-004
3,914788e+003;-3,845490e-004
3,915271e+003;-3,753789e-004
3,915752e+003;-3,561112e-004
3,916235e+003;-3,278038e-004
3,916717e+003;-2,956869e-004
3,917199e+003;-2,664816e-004
3,917681e+003;-2,465135e-004
3,918163e+003;-2,392281e-004
3,918645e+003;-2,451227e-004
3,919127e+003;-2,615145e-004
3,919609e+003;-2,844951e-004
3,920092e+003;-3,094941e-004
3,920574e+003;-3,329688e-004
3,921056e+003;-3,519066e-004
3,921538e+003;-3,646858e-004
3,922020e+003;-3,698172e-004
3,922502e+003;-3,670694e-004
3,922984e+003;-3,570381e-004
3,923466e+003;-3,419081e-004
3,923948e+003;-3,260822e-004
3,924431e+003;-3,143945e-004
3,924913e+003;-3,110835e-004
3,925395e+003;-3,176061e-004
3,925877e+003;-3,322404e-004
3,926359e+003;-3,502512e-004
3,926841e+003;-3,665397e-004
3,927323e+003;-3,751472e-004
3,927805e+003;-3,722339e-004
3,928288e+003;-3,559456e-004
3,928770e+003;-3,276052e-004
3,929252e+003;-2,906539e-004
3,929734e+003;-2,507523e-004
3,930216e+003;-2,141256e-004
3,930698e+003;-1,864384e-004
3,931180e+003;-1,717329e-004
3,931662e+003;-1,716998e-004
3,932145e+003;-1,854116e-004
3,932627e+003;-2,096216e-004
3,933109e+003;-2,386983e-004
3,933591e+003;-2,668458e-004
3,934073e+003;-2,882699e-004
3,934555e+003;-2,980378e-004
3,935037e+003;-2,941638e-004
3,935519e+003;-2,768791e-004
3,936001e+003;-2,492621e-004
3,936484e+003;-2,166757e-004
3,936966e+003;-1,855110e-004
3,937448e+003;-1,610678e-004
3,937930e+003;-1,461628e-004
3,938412e+003;-1,403331e-004
3,938894e+003;-1,405319e-004
3,939376e+003;-1,425524e-004
3,939858e+003;-1,429830e-004
3,940341e+003;-1,410618e-004
3,940823e+003;-1,385776e-004
3,941305e+003;-1,395382e-004
3,941787e+003;-1,483489e-004
3,942269e+003;-1,677584e-004
3,942751e+003;-1,972684e-004
3,943233e+003;-2,335984e-004
3,943715e+003;-2,718791e-004
3,944198e+003;-3,082028e-004
3,944679e+003;-3,400209e-004
3,945162e+003;-3,668045e-004
3,945644e+003;-3,883230e-004
3,946126e+003;-4,041135e-004
3,946608e+003;-4,126871e-004
3,947090e+003;-4,123230e-004
3,947572e+003;-4,012666e-004
3,948054e+003;-3,802454e-004
3,948536e+003;-3,525356e-004
3,949019e+003;-3,239301e-004
3,949501e+003;-3,008523e-004
3,949983e+003;-2,884685e-004
3,950465e+003;-2,887003e-004
3,950947e+003;-2,996933e-004
3,951429e+003;-3,168777e-004
3,951911e+003;-3,338628e-004
3,952393e+003;-3,454837e-004
3,952875e+003;-3,484965e-004
3,953358e+003;-3,426033e-004
3,953840e+003;-3,302208e-004
3,954322e+003;-3,148580e-004
3,954804e+003;-3,005211e-004
3,955286e+003;-2,895612e-004
3,955768e+003;-2,827401e-004
3,956250e+003;-2,796275e-004
3,956732e+003;-2,787666e-004
3,957215e+003;-2,780381e-004
3,957697e+003;-2,760182e-004
3,958179e+003;-2,719784e-004
3,958661e+003;-2,663491e-004
3,959143e+003;-2,603224e-004
3,959625e+003;-2,555208e-004
3,960107e+003;-2,542956e-004
3,960589e+003;-2,577064e-004
3,961072e+003;-2,664816e-004
3,961554e+003;-2,794288e-004
3,962036e+003;-2,941638e-004
3,962518e+003;-3,077724e-004
3,963000e+003;-3,179041e-004
3,963482e+003;-3,240625e-004
3,963964e+003;-3,282012e-004
3,964446e+003;-3,331344e-004
3,964928e+003;-3,425371e-004
3,965411e+003;-3,581638e-004
3,965893e+003;-3,794178e-004
3,966375e+003;-4,023259e-004
3,966857e+003;-4,209958e-004
3,967339e+003;-4,303304e-004
3,967821e+003;-4,270203e-004
3,968303e+003;-4,117603e-004
3,968785e+003;-3,880250e-004
3,969268e+003;-3,617724e-004
3,969750e+003;-3,377695e-004
3,970232e+003;-3,181690e-004
3,970714e+003;-3,014151e-004
3,971196e+003;-2,842302e-004
3,971678e+003;-2,627728e-004
3,972160e+003;-2,354860e-004
3,972642e+003;-2,046208e-004
3,973125e+003;-1,752106e-004
3,973606e+003;-1,542116e-004
3,974089e+003;-1,461628e-004
3,974571e+003;-1,525555e-004
3,975053e+003;-1,701431e-004
3,975535e+003;-1,920687e-004
3,976017e+003;-2,097210e-004
3,976499e+003;-2,160796e-004
3,976981e+003;-2,073365e-004
3,977463e+003;-1,837888e-004
3,977946e+003;-1,491438e-004
3,978428e+003;-1,095273e-004
3,978910e+003;-7,269000e-005
3,979392e+003;-4,492743e-005
3,979874e+003;-3,164186e-005
3,980356e+003;-3,598208e-005
3,980838e+003;-5,781505e-005
3,981320e+003;-9,379234e-005
3,981802e+003;-1,383126e-004
3,982285e+003;-1,843187e-004
3,982767e+003;-2,248556e-004
3,983249e+003;-2,554546e-004
3,983731e+003;-2,748262e-004
3,984213e+003;-2,847600e-004
3,984695e+003;-2,897599e-004
3,985177e+003;-2,939651e-004
3,985659e+003;-2,997596e-004
3,986142e+003;-3,067460e-004
3,986624e+003;-3,114477e-004
3,987106e+003;-3,094279e-004
3,987588e+003;-2,974418e-004
3,988070e+003;-2,752897e-004
3,988552e+003;-2,467785e-004
3,989034e+003;-2,178017e-004
3,989516e+003;-1,962086e-004
3,989999e+003;-1,865046e-004
3,990481e+003;-1,900815e-004
3,990963e+003;-2,033291e-004
3,991445e+003;-2,201861e-004
3,991927e+003;-2,341614e-004
3,992409e+003;-2,408839e-004
3,992891e+003;-2,391288e-004
3,993373e+003;-2,317108e-004
3,993855e+003;-2,235972e-004
3,994338e+003;-2,193582e-004
3,994820e+003;-2,222063e-004
3,995302e+003;-2,318101e-004
3,995784e+003;-2,454870e-004
3,996266e+003;-2,581700e-004
3,996748e+003;-2,652564e-004
3,997230e+003;-2,633358e-004
3,997712e+003;-2,521100e-004
3,998195e+003;-2,335322e-004
3,998677e+003;-2,114431e-004
3,999159e+003;-1,908764e-004
3,999641e+003;-1,753762e-004
4,000123e+003;-1,673609e-004
