3,996748e+002;0,000000e+000
4,001569e+002;3,950359e-003
4,006390e+002;3,234499e-003
4,011211e+002;2,510319e-003
4,016032e+002;1,910730e-003
4,020854e+002;1,550090e-003
4,025675e+002;1,461215e-003
4,030496e+002;1,571671e-003
4,035317e+002;1,712692e-003
4,040138e+002;1,682388e-003
4,044959e+002;1,320675e-003
4,049781e+002;5,701470e-004
4,054602e+002;-4,786224e-004
4,059423e+002;-1,620013e-003
4,064244e+002;-2,609106e-003
4,069065e+002;-3,276823e-003
4,073886e+002;-3,572917e-003
4,078708e+002;-3,561875e-003
4,083529e+002;-3,365044e-003
4,088350e+002;-3,106314e-003
4,093171e+002;-2,862011e-003
4,097992e+002;-2,644149e-003
4,102813e+002;-2,427363e-003
4,107635e+002;-2,180601e-003
4,112456e+002;-1,891803e-003
4,117277e+002;-1,567985e-003
4,122098e+002;-1,212569e-003
4,126919e+002;-8,051393e-004
4,131740e+002;-2,925744e-004
4,136562e+002;3,817393e-004
4,141383e+002;1,246500e-003
4,146204e+002;2,265674e-003
4,151025e+002;3,341668e-003
4,155846e+002;4,323038e-003
4,160667e+002;5,040730e-003
4,165489e+002;5,345877e-003
4,170310e+002;5,140768e-003
4,175131e+002;4,431480e-003
4,179952e+002;3,375460e-003
4,184773e+002;2,297651e-003
4,189594e+002;1,542342e-003
4,194416e+002;1,286909e-003
4,199237e+002;1,470490e-003
4,204058e+002;1,910996e-003
4,208879e+002;2,452369e-003
4,213700e+002;3,016571e-003
4,218521e+002;3,579102e-003
4,223343e+002;4,111354e-003
4,228164e+002;4,552873e-003
4,232985e+002;4,814188e-003
4,237806e+002;4,808225e-003
4,242627e+002;4,516613e-003
4,247448e+002;4,026033e-003
4,252270e+002;3,521744e-003
4,257091e+002;3,205625e-003
4,261912e+002;3,230794e-003
4,266733e+002;3,642448e-003
4,271554e+002;4,365374e-003
4,276375e+002;5,220506e-003
4,281197e+002;5,980934e-003
4,286018e+002;6,456610e-003
4,290839e+002;6,528585e-003
4,295660e+002;6,194608e-003
4,300481e+002;5,548633e-003
4,305302e+002;4,752111e-003
4,310124e+002;3,967647e-003
4,314945e+002;3,313254e-003
4,319766e+002;2,828734e-003
4,324587e+002;2,464365e-003
4,329408e+002;2,095940e-003
4,334229e+002;1,559001e-003
4,339051e+002;7,085195e-004
4,343872e+002;-5,518942e-004
4,348693e+002;-2,209678e-003
4,353514e+002;-4,123771e-003
4,358335e+002;-6,008454e-003
4,363156e+002;-7,516996e-003
4,367978e+002;-8,356601e-003
4,372799e+002;-8,362646e-003
4,377620e+002;-7,553760e-003
4,382441e+002;-6,092757e-003
4,387262e+002;-4,239515e-003
4,392083e+002;-2,267068e-003
4,396905e+002;-4,389036e-004
4,401726e+002;1,025515e-003
4,406547e+002;1,989977e-003
4,411368e+002;2,393260e-003
4,416189e+002;2,264242e-003
4,421010e+002;1,704908e-003
4,425832e+002;8,916571e-004
4,430653e+002;3,227375e-005
4,435474e+002;-6,768976e-004
4,440295e+002;-1,077242e-003
4,445116e+002;-1,093702e-003
4,449937e+002;-7,325388e-004
4,454759e+002;-7,573781e-005
4,459580e+002;7,469199e-004
4,464401e+002;1,574730e-003
4,469222e+002;2,253051e-003
4,474043e+002;2,682349e-003
4,478864e+002;2,830301e-003
4,483686e+002;2,743264e-003
4,488507e+002;2,510219e-003
4,493328e+002;2,239662e-003
4,498149e+002;2,024663e-003
4,502970e+002;1,933993e-003
4,507791e+002;2,019237e-003
4,512613e+002;2,308543e-003
4,517434e+002;2,802921e-003
4,522255e+002;3,464159e-003
4,527076e+002;4,214624e-003
4,531897e+002;4,939944e-003
4,536718e+002;5,516786e-003
4,541540e+002;5,851283e-003
4,546361e+002;5,885539e-003
4,551182e+002;5,612402e-003
4,556003e+002;5,065167e-003
4,560824e+002;4,315375e-003
4,565645e+002;3,457012e-003
4,570467e+002;2,597109e-003
4,575288e+002;1,846770e-003
4,580109e+002;1,292060e-003
4,584930e+002;9,824412e-004
4,589751e+002;9,292103e-004
4,594572e+002;1,117225e-003
4,599394e+002;1,517603e-003
4,604215e+002;2,086484e-003
4,609036e+002;2,766006e-003
4,613857e+002;3,468501e-003
4,618678e+002;4,088876e-003
4,623499e+002;4,530909e-003
4,628321e+002;4,727657e-003
4,633142e+002;4,673262e-003
4,637963e+002;4,418057e-003
4,642784e+002;4,048708e-003
4,647606e+002;3,649499e-003
4,652427e+002;3,290117e-003
4,657248e+002;3,015737e-003
4,662069e+002;2,846743e-003
4,666890e+002;2,788148e-003
4,671711e+002;2,830368e-003
4,676533e+002;2,952882e-003
4,681354e+002;3,120282e-003
4,686175e+002;3,285075e-003
4,690996e+002;3,394961e-003
4,695817e+002;3,397466e-003
4,700638e+002;3,259169e-003
4,705460e+002;2,972098e-003
4,710281e+002;2,568444e-003
4,715102e+002;2,113220e-003
4,719923e+002;1,701814e-003
4,724744e+002;1,434519e-003
4,729565e+002;1,381333e-003
4,734387e+002;1,568811e-003
4,739208e+002;1,974999e-003
4,744029e+002;2,546046e-003
4,748850e+002;3,211566e-003
4,753671e+002;3,897365e-003
4,758492e+002;4,528733e-003
4,763314e+002;5,022897e-003
4,768135e+002;5,308577e-003
4,772956e+002;5,335210e-003
4,777777e+002;5,091350e-003
4,782598e+002;4,611071e-003
4,787419e+002;3,962697e-003
4,792241e+002;3,226387e-003
4,797062e+002;2,465131e-003
4,801883e+002;1,725066e-003
4,806704e+002;1,035978e-003
4,811525e+002;4,275401e-004
4,816346e+002;-5,261367e-005
4,821168e+002;-3,368425e-004
4,825989e+002;-3,506154e-004
4,830810e+002;-3,525319e-005
4,835631e+002;6,169299e-004
4,840452e+002;1,539715e-003
4,845273e+002;2,583176e-003
4,850095e+002;3,558723e-003
4,854916e+002;4,273981e-003
4,859737e+002;4,602197e-003
4,864558e+002;4,520998e-003
4,869379e+002;4,106537e-003
4,874200e+002;3,501702e-003
4,879022e+002;2,860985e-003
4,883843e+002;2,322367e-003
4,888664e+002;1,960087e-003
4,893485e+002;1,779426e-003
4,898306e+002;1,721540e-003
4,903127e+002;1,695095e-003
4,907949e+002;1,605159e-003
4,912770e+002;1,384889e-003
4,917591e+002;1,019405e-003
4,922412e+002;5,451650e-004
4,927233e+002;3,823837e-005
4,932054e+002;-4,188442e-004
4,936876e+002;-7,544360e-004
4,941697e+002;-9,323512e-004
4,946518e+002;-9,523869e-004
4,951339e+002;-8,402611e-004
4,956160e+002;-6,354434e-004
4,960981e+002;-3,806096e-004
4,965803e+002;-1,157880e-004
4,970624e+002;1,301369e-004
4,975445e+002;3,399557e-004
4,980266e+002;5,118248e-004
4,985087e+002;6,575455e-004
4,989908e+002;8,002280e-004
4,994730e+002;9,692242e-004
4,999551e+002;1,190214e-003
5,004372e+002;1,476807e-003
5,009193e+002;1,819119e-003
5,014014e+002;2,179084e-003
5,018835e+002;2,494256e-003
5,023657e+002;2,702853e-003
5,028478e+002;2,767706e-003
5,033299e+002;2,694485e-003
5,038120e+002;2,531515e-003
5,042941e+002;2,354747e-003
5,047762e+002;2,243192e-003
5,052584e+002;2,247988e-003
5,057405e+002;2,379001e-003
5,062226e+002;2,597309e-003
5,067047e+002;2,828633e-003
5,071868e+002;2,981906e-003
5,076689e+002;2,988345e-003
5,081511e+002;2,824064e-003
5,086332e+002;2,514252e-003
5,091153e+002;2,117082e-003
5,095974e+002;1,700018e-003
5,100795e+002;1,318780e-003
5,105616e+002;1,002367e-003
5,110438e+002;7,590348e-004
5,115259e+002;5,848118e-004
5,120080e+002;4,761983e-004
5,124901e+002;4,396793e-004
5,129722e+002;4,912911e-004
5,134543e+002;6,501455e-004
5,139365e+002;9,303061e-004
5,144186e+002;1,331476e-003
5,149007e+002;1,836056e-003
5,153828e+002;2,407987e-003
5,158649e+002;3,001791e-003
5,163470e+002;3,567944e-003
5,168292e+002;4,060614e-003
5,173113e+002;4,446042e-003
5,177934e+002;4,700995e-003
5,182755e+002;4,813987e-003
5,187576e+002;4,784405e-003
5,192397e+002;4,626107e-003
5,197219e+002;4,367115e-003
5,202040e+002;4,046066e-003
5,206861e+002;3,711051e-003
5,211682e+002;3,406583e-003
5,216503e+002;3,168074e-003
5,221324e+002;3,020308e-003
5,226146e+002;2,973065e-003
5,230967e+002;3,024245e-003
5,235788e+002;3,159730e-003
5,240609e+002;3,354757e-003
5,245430e+002;3,572721e-003
5,250251e+002;3,768835e-003
5,255073e+002;3,899505e-003
5,259894e+002;3,929662e-003
5,264715e+002;3,846550e-003
5,269536e+002;3,662831e-003
5,274357e+002;3,411158e-003
5,279178e+002;3,128825e-003
5,284000e+002;2,845176e-003
5,288821e+002;2,576010e-003
5,293642e+002;2,323666e-003
5,298463e+002;2,085885e-003
5,303284e+002;1,866170e-003
5,308105e+002;1,679760e-003
5,312927e+002;1,553448e-003
5,317748e+002;1,516605e-003
5,322569e+002;1,586935e-003
5,327390e+002;1,760762e-003
5,332211e+002;2,010249e-003
5,337032e+002;2,290922e-003
5,341854e+002;2,551712e-003
5,346675e+002;2,754835e-003
5,351496e+002;2,886000e-003
5,356317e+002;2,955417e-003
5,361138e+002;2,989546e-003
5,365959e+002;3,018506e-003
5,370781e+002;3,061883e-003
5,375602e+002;3,122518e-003
5,380423e+002;3,189202e-003
5,385244e+002;3,242744e-003
5,390065e+002;3,265478e-003
5,394886e+002;3,243813e-003
5,399708e+002;3,167774e-003
5,404529e+002;3,031085e-003
5,409350e+002;2,826899e-003
5,414171e+002;2,551779e-003
5,418992e+002;2,211686e-003
5,423813e+002;1,829234e-003
5,428635e+002;1,441766e-003
5,433456e+002;1,100383e-003
5,438277e+002;8,583567e-004
5,443098e+002;7,558152e-004
5,447919e+002;8,138383e-004
5,452740e+002;1,026778e-003
5,457562e+002;1,365876e-003
5,462383e+002;1,782554e-003
5,467204e+002;2,223476e-003
5,472025e+002;2,639044e-003
5,476846e+002;2,988045e-003
5,481667e+002;3,242477e-003
5,486489e+002;3,385444e-003
5,491310e+002;3,411926e-003
5,496131e+002;3,331284e-003
5,500952e+002;3,168241e-003
5,505773e+002;2,961222e-003
5,510594e+002;2,750367e-003
5,515416e+002;2,571877e-003
5,520237e+002;2,445838e-003
5,525058e+002;2,373870e-003
5,529879e+002;2,342088e-003
5,534700e+002;2,329829e-003
5,539521e+002;2,316637e-003
5,544343e+002;2,287991e-003
5,549164e+002;2,237364e-003
5,553985e+002;2,163000e-003
5,558806e+002;2,064178e-003
5,563627e+002;1,941615e-003
5,568448e+002;1,799622e-003
5,573270e+002;1,651788e-003
5,578091e+002;1,522790e-003
5,582912e+002;1,449346e-003
5,587733e+002;1,468130e-003
5,592554e+002;1,605059e-003
5,597375e+002;1,864939e-003
5,602197e+002;2,227273e-003
5,607018e+002;2,650011e-003
5,611839e+002;3,077800e-003
5,616660e+002;3,462256e-003
5,621481e+002;3,768334e-003
5,626302e+002;3,981791e-003
5,631124e+002;4,106503e-003
5,635945e+002;4,156914e-003
5,640766e+002;4,146979e-003
5,645587e+002;4,086468e-003
5,650408e+002;3,979718e-003
5,655229e+002;3,828499e-003
5,660051e+002;3,636434e-003
5,664872e+002;3,412026e-003
5,669693e+002;3,167340e-003
5,674514e+002;2,918856e-003
5,679335e+002;2,685416e-003
5,684156e+002;2,485225e-003
5,688978e+002;2,336358e-003
5,693799e+002;2,251752e-003
5,698620e+002;2,234633e-003
5,703441e+002;2,275267e-003
5,708262e+002;2,348651e-003
5,713083e+002;2,421048e-003
5,717905e+002;2,455168e-003
5,722726e+002;2,426445e-003
5,727547e+002;2,331428e-003
5,732368e+002;2,193337e-003
5,737189e+002;2,054058e-003
5,742010e+002;1,963316e-003
5,746832e+002;1,961152e-003
5,751653e+002;2,060616e-003
5,756474e+002;2,242926e-003
5,761295e+002;2,462132e-003
5,766116e+002;2,666113e-003
5,770938e+002;2,811225e-003
5,775759e+002;2,880730e-003
5,780580e+002;2,882998e-003
5,785401e+002;2,841140e-003
5,790222e+002;2,776076e-003
5,795043e+002;2,693951e-003
5,799865e+002;2,582076e-003
5,804686e+002;2,415583e-003
5,809507e+002;2,169993e-003
5,814328e+002;1,837287e-003
5,819149e+002;1,434320e-003
5,823970e+002;1,003330e-003
5,828792e+002;6,034254e-004
5,833613e+002;2,914454e-004
5,838434e+002;1,149241e-004
5,843255e+002;9,527081e-005
5,848076e+002;2,243754e-004
5,852897e+002;4,658493e-004
5,857719e+002;7,696896e-004
5,862540e+002;1,086099e-003
5,867361e+002;1,375682e-003
5,872182e+002;1,620258e-003
5,877003e+002;1,818054e-003
5,881824e+002;1,977229e-003
5,886646e+002;2,106261e-003
5,891467e+002;2,205925e-003
5,896288e+002;2,266540e-003
5,901109e+002;2,272802e-003
5,905930e+002;2,213185e-003
5,910751e+002;2,091512e-003
5,915573e+002;1,933827e-003
5,920394e+002;1,787245e-003
5,925215e+002;1,701847e-003
5,930036e+002;1,712891e-003
5,934857e+002;1,823977e-003
5,939678e+002;2,003891e-003
5,944500e+002;2,194935e-003
5,949321e+002;2,332827e-003
5,954142e+002;2,374037e-003
5,958963e+002;2,308610e-003
5,963784e+002;2,168661e-003
5,968605e+002;2,012279e-003
5,973427e+002;1,908001e-003
5,978248e+002;1,901744e-003
5,983069e+002;2,001993e-003
5,987890e+002;2,176786e-003
5,992711e+002;2,367007e-003
5,997532e+002;2,508386e-003
6,002354e+002;2,555378e-003
6,007175e+002;2,501588e-003
6,011996e+002;2,378734e-003
6,016817e+002;2,244891e-003
6,021638e+002;2,157372e-003
6,026459e+002;2,159137e-003
6,031281e+002;2,262277e-003
6,036102e+002;2,447104e-003
6,040923e+002;2,668680e-003
6,045744e+002;2,873926e-003
6,050565e+002;3,016204e-003
6,055386e+002;3,065921e-003
6,060208e+002;3,018039e-003
6,065029e+002;2,888802e-003
6,069850e+002;2,708821e-003
6,074671e+002;2,510885e-003
6,079492e+002;2,321868e-003
6,084313e+002;2,156240e-003
6,089135e+002;2,014177e-003
6,093956e+002;1,885670e-003
6,098777e+002;1,759431e-003
6,103598e+002;1,630468e-003
6,108419e+002;1,505134e-003
6,113240e+002;1,400313e-003
6,118062e+002;1,336727e-003
6,122883e+002;1,331675e-003
6,127704e+002;1,388812e-003
6,132525e+002;1,496955e-003
6,137346e+002;1,630668e-003
6,142167e+002;1,760795e-003
6,146989e+002;1,858749e-003
6,151810e+002;1,904706e-003
6,156631e+002;1,891028e-003
6,161452e+002;1,819518e-003
6,166273e+002;1,699619e-003
6,171094e+002;1,544669e-003
6,175916e+002;1,373089e-003
6,180737e+002;1,205863e-003
6,185558e+002;1,067531e-003
6,190379e+002;9,823748e-004
6,195200e+002;9,668997e-004
6,200021e+002;1,023689e-003
6,204843e+002;1,137223e-003
6,209664e+002;1,277272e-003
6,214485e+002;1,404767e-003
6,219306e+002;1,485019e-003
6,224127e+002;1,499848e-003
6,228948e+002;1,451474e-003
6,233770e+002;1,361356e-003
6,238591e+002;1,258496e-003
6,243412e+002;1,171010e-003
6,248233e+002;1,112906e-003
6,253054e+002;1,082811e-003
6,257875e+002;1,067996e-003
6,262697e+002;1,052950e-003
6,267518e+002;1,026612e-003
6,272339e+002;9,854964e-004
6,277160e+002;9,319664e-004
6,281981e+002;8,698771e-004
6,286802e+002;8,007259e-004
6,291624e+002;7,238527e-004
6,296445e+002;6,407215e-004
6,301266e+002;5,592317e-004
6,306087e+002;4,946414e-004
6,310908e+002;4,678395e-004
6,315729e+002;4,960347e-004
6,320551e+002;5,845131e-004
6,325372e+002;7,219277e-004
6,330193e+002;8,833567e-004
6,335014e+002;1,036077e-003
6,339835e+002;1,152272e-003
6,344656e+002;1,218555e-003
6,349478e+002;1,237861e-003
6,354299e+002;1,225068e-003
6,359120e+002;1,195829e-003
6,363941e+002;1,160545e-003
6,368762e+002;1,119517e-003
6,373583e+002;1,067465e-003
6,378405e+002;1,003530e-003
6,383226e+002;9,372793e-004
6,388047e+002;8,928192e-004
6,392868e+002;9,033112e-004
6,397689e+002;9,972195e-004
6,402510e+002;1,189416e-003
6,407332e+002;1,470391e-003
6,412153e+002;1,809503e-003
6,416974e+002;2,160103e-003
6,421795e+002;2,474295e-003
6,426616e+002;2,716890e-003
6,431437e+002;2,869156e-003
6,436259e+002;2,930865e-003
6,441080e+002;2,916454e-003
6,445901e+002;2,848011e-003
6,450722e+002;2,747666e-003
6,455543e+002;2,635310e-003
6,460364e+002;2,525449e-003
6,465186e+002;2,425346e-003
6,470007e+002;2,335525e-003
6,474828e+002;2,248621e-003
6,479649e+002;2,152378e-003
6,484470e+002;2,032685e-003
6,489291e+002;1,880280e-003
6,494113e+002;1,697224e-003
6,498934e+002;1,501012e-003
6,503755e+002;1,321505e-003
6,508576e+002;1,195629e-003
6,513397e+002;1,158020e-003
6,518218e+002;1,227460e-003
6,523040e+002;1,400811e-003
6,527861e+002;1,650291e-003
6,532682e+002;1,930998e-003
6,537503e+002;2,187809e-003
6,542324e+002;2,371838e-003
6,547145e+002;2,453102e-003
6,551967e+002;2,424679e-003
6,556788e+002;2,304979e-003
6,561609e+002;2,128936e-003
6,566431e+002;1,940184e-003
6,571251e+002;1,774402e-003
6,576073e+002;1,652087e-003
6,580894e+002;1,573467e-003
6,585715e+002;1,523954e-003
6,590536e+002;1,481395e-003
6,595358e+002;1,429067e-003
6,600178e+002;1,365843e-003
6,605000e+002;1,307979e-003
6,609821e+002;1,283885e-003
6,614642e+002;1,320342e-003
6,619463e+002;1,432525e-003
6,624285e+002;1,613673e-003
6,629105e+002;1,836854e-003
6,633927e+002;2,062614e-003
6,638748e+002;2,259279e-003
6,643569e+002;2,412651e-003
6,648390e+002;2,532815e-003
6,653212e+002;2,649078e-003
6,658032e+002;2,801787e-003
6,662854e+002;3,026314e-003
6,667675e+002;3,332719e-003
6,672496e+002;3,673658e-003
6,677317e+002;3,930531e-003
6,682139e+002;3,962932e-003
6,686959e+002;3,706205e-003
6,691781e+002;3,229058e-003
6,696602e+002;2,666447e-003
6,701423e+002;2,135595e-003
6,706244e+002;1,697722e-003
6,711066e+002;1,378973e-003
6,715886e+002;1,184200e-003
6,720708e+002;1,105033e-003
6,725529e+002;1,122174e-003
6,730350e+002;1,204899e-003
6,735171e+002;1,316321e-003
6,739993e+002;1,414208e-003
6,744813e+002;1,463675e-003
6,749635e+002;1,444093e-003
6,754456e+002;1,353047e-003
6,759277e+002;1,207358e-003
6,764098e+002;1,040162e-003
6,768920e+002;8,954753e-004
6,773740e+002;8,123444e-004
6,778562e+002;8,203115e-004
6,783383e+002;9,324644e-004
6,788204e+002;1,145562e-003
6,793025e+002;1,443030e-003
6,797847e+002;1,799056e-003
6,802667e+002;2,185211e-003
6,807489e+002;2,568510e-003
6,812310e+002;2,917655e-003
6,817131e+002;3,203989e-003
6,821952e+002;3,402041e-003
6,826774e+002;3,495489e-003
6,831594e+002;3,479791e-003
6,836416e+002;3,367112e-003
6,841237e+002;3,183662e-003
6,846058e+002;2,966059e-003
6,850879e+002;2,751200e-003
6,855701e+002;2,565144e-003
6,860521e+002;2,420948e-003
6,865343e+002;2,318670e-003
6,870164e+002;2,252485e-003
6,874985e+002;2,215816e-003
6,879806e+002;2,206458e-003
6,884628e+002;2,226940e-003
6,889448e+002;2,278564e-003
6,894270e+002;2,359245e-003
6,899091e+002;2,461132e-003
6,903912e+002;2,572077e-003
6,908733e+002;2,683283e-003
6,913555e+002;2,793116e-003
6,918375e+002;2,910183e-003
6,923197e+002;3,049403e-003
6,928018e+002;3,226354e-003
6,932839e+002;3,448462e-003
6,937660e+002;3,711519e-003
6,942482e+002;3,999013e-003
6,947302e+002;4,288938e-003
6,952124e+002;4,562249e-003
6,956945e+002;4,806549e-003
6,961766e+002;5,019043e-003
6,966587e+002;5,202599e-003
6,971409e+002;5,358054e-003
6,976229e+002;5,480747e-003
6,981051e+002;5,560245e-003
6,985872e+002;5,586625e-003
6,990693e+002;5,559406e-003
6,995514e+002;5,492961e-003
7,000336e+002;5,417131e-003
7,005156e+002;5,367950e-003
7,009978e+002;5,380731e-003
7,014799e+002;5,475042e-003
7,019620e+002;5,652313e-003
7,024441e+002;5,895615e-003
7,029263e+002;6,178677e-003
7,034083e+002;6,473459e-003
7,038905e+002;6,759557e-003
7,043726e+002;7,028130e-003
7,048547e+002;7,278977e-003
7,053368e+002;7,516349e-003
7,058190e+002;7,743125e-003
7,063010e+002;7,959288e-003
7,067832e+002;8,163503e-003
7,072653e+002;8,356062e-003
7,077474e+002;8,543940e-003
7,082295e+002;8,740183e-003
7,087117e+002;8,963574e-003
7,091937e+002;9,236188e-003
7,096759e+002;9,577559e-003
7,101580e+002;1,000314e-002
7,106401e+002;1,052110e-002
7,111222e+002;1,113029e-002
7,116044e+002;1,181986e-002
7,120864e+002;1,257001e-002
7,125686e+002;1,335665e-002
7,130507e+002;1,415263e-002
7,135328e+002;1,493834e-002
7,140149e+002;1,570713e-002
7,144971e+002;1,647046e-002
7,149791e+002;1,725535e-002
7,154613e+002;1,809806e-002
7,159434e+002;1,903192e-002
7,164255e+002;2,007255e-002
7,169076e+002;2,121305e-002
7,173898e+002;2,242116e-002
7,178718e+002;2,365252e-002
7,183540e+002;2,485625e-002
7,188361e+002;2,599125e-002
7,193182e+002;2,703175e-002
7,198003e+002;2,796260e-002
7,202825e+002;2,877142e-002
7,207645e+002;2,944046e-002
7,212467e+002;2,994188e-002
7,217288e+002;3,024429e-002
7,222109e+002;3,032305e-002
7,226930e+002;3,016874e-002
7,231752e+002;2,979135e-002
7,236572e+002;2,921833e-002
7,241394e+002;2,848740e-002
7,246215e+002;2,763554e-002
7,251036e+002;2,670249e-002
7,255857e+002;2,572613e-002
7,260679e+002;2,474403e-002
7,265499e+002;2,379747e-002
7,270321e+002;2,292456e-002
7,275142e+002;2,215692e-002
7,279963e+002;2,151571e-002
7,284784e+002;2,100629e-002
7,289606e+002;2,061878e-002
7,294426e+002;2,033226e-002
7,299248e+002;2,012100e-002
7,304069e+002;1,995937e-002
7,308890e+002;1,982724e-002
7,313711e+002;1,971142e-002
7,318533e+002;1,960208e-002
7,323353e+002;1,949120e-002
7,328175e+002;1,937017e-002
7,332996e+002;1,922853e-002
7,337817e+002;1,905737e-002
7,342638e+002;1,885156e-002
7,347460e+002;1,861220e-002
7,352280e+002;1,834750e-002
7,357102e+002;1,807243e-002
7,361923e+002;1,780622e-002
7,366744e+002;1,756761e-002
7,371565e+002;1,737079e-002
7,376387e+002;1,722070e-002
7,381207e+002;1,711015e-002
7,386029e+002;1,701859e-002
7,390850e+002;1,691809e-002
7,395671e+002;1,678065e-002
7,400492e+002;1,658525e-002
7,405314e+002;1,632646e-002
7,410134e+002;1,601639e-002
7,414956e+002;1,568167e-002
7,419777e+002;1,535239e-002
7,424598e+002;1,505368e-002
7,429419e+002;1,479604e-002
7,434241e+002;1,457405e-002
7,439061e+002;1,436999e-002
7,443883e+002;1,416242e-002
7,448704e+002;1,393661e-002
7,453525e+002;1,368846e-002
7,458346e+002;1,342609e-002
7,463168e+002;1,316590e-002
7,467988e+002;1,292706e-002
7,472810e+002;1,272571e-002
7,477631e+002;1,257404e-002
7,482452e+002;1,248069e-002
7,487273e+002;1,245052e-002
7,492095e+002;1,248581e-002
7,496915e+002;1,258325e-002
7,501737e+002;1,273212e-002
7,506558e+002;1,290961e-002
7,511379e+002;1,308305e-002
7,516200e+002;1,321488e-002
7,521022e+002;1,326772e-002
7,525842e+002;1,321583e-002
7,530664e+002;1,305177e-002
7,535485e+002;1,278852e-002
7,540306e+002;1,245526e-002
7,545127e+002;1,209107e-002
7,549949e+002;1,173812e-002
7,554769e+002;1,142971e-002
7,559591e+002;1,118968e-002
7,564412e+002;1,102750e-002
7,569233e+002;1,093850e-002
7,574054e+002;1,090595e-002
7,578876e+002;1,090666e-002
7,583696e+002;1,091702e-002
7,588518e+002;1,091638e-002
7,593339e+002;1,089402e-002
7,598160e+002;1,084829e-002
7,602981e+002;1,078688e-002
7,607803e+002;1,072037e-002
7,612623e+002;1,065789e-002
7,617445e+002;1,060254e-002
7,622266e+002;1,055066e-002
7,627087e+002;1,049333e-002
7,631908e+002;1,042263e-002
7,636730e+002;1,033589e-002
7,641550e+002;1,023807e-002
7,646372e+002;1,014038e-002
7,651193e+002;1,005533e-002
7,656014e+002;9,993277e-003
7,660835e+002;9,957474e-003
7,665657e+002;9,944863e-003
7,670477e+002;9,947405e-003
7,675299e+002;9,957711e-003
7,680120e+002;9,970290e-003
7,684941e+002;9,982732e-003
7,689762e+002;9,995074e-003
7,694584e+002;1,000569e-002
7,699404e+002;1,001023e-002
7,704226e+002;1,000192e-002
7,709047e+002;9,972595e-003
7,713868e+002;9,916183e-003
7,718689e+002;9,830596e-003
7,723511e+002;9,719917e-003
7,728331e+002;9,591921e-003
7,733153e+002;9,458479e-003
7,737974e+002;9,333134e-003
7,742795e+002;9,229418e-003
7,747616e+002;9,159870e-003
7,752438e+002;9,134221e-003
7,757258e+002;9,155810e-003
7,762080e+002;9,219501e-003
7,766901e+002;9,309809e-003
7,771722e+002;9,404198e-003
7,776543e+002;9,474496e-003
7,781365e+002;9,495764e-003
7,786185e+002;9,450588e-003
7,791007e+002;9,332592e-003
7,795828e+002;9,146673e-003
7,800649e+002;8,906075e-003
7,805470e+002;8,629207e-003
7,810292e+002;8,333532e-003
7,815112e+002;8,037047e-003
7,819934e+002;7,757899e-003
7,824755e+002;7,512978e-003
7,829576e+002;7,318738e-003
7,834397e+002;7,186429e-003
7,839219e+002;7,116972e-003
7,844039e+002;7,100065e-003
7,848861e+002;7,116636e-003
7,853682e+002;7,144760e-003
7,858503e+002;7,166487e-003
7,863324e+002;7,174504e-003
7,868146e+002;7,170698e-003
7,872966e+002;7,161771e-003
7,877788e+002;7,151228e-003
7,882609e+002;7,133375e-003
7,887430e+002;7,094305e-003
7,892251e+002;7,018634e-003
7,897073e+002;6,899007e-003
7,901893e+002;6,745759e-003
7,906715e+002;6,585669e-003
7,911536e+002;6,456038e-003
7,916357e+002;6,386597e-003
7,921178e+002;6,387203e-003
7,926000e+002;6,440367e-003
7,930820e+002;6,510085e-003
7,935642e+002;6,553712e-003
7,940463e+002;6,541669e-003
7,945284e+002;6,469524e-003
7,950105e+002;6,359026e-003
7,954927e+002;6,246001e-003
7,959747e+002;6,160495e-003
7,964569e+002;6,116405e-003
7,969390e+002;6,103669e-003
7,974211e+002;6,100443e-003
7,979032e+002;6,085793e-003
7,983854e+002;6,056862e-003
7,988674e+002;6,034150e-003
7,993496e+002;6,055451e-003
7,998317e+002;6,156362e-003
8,003138e+002;6,356672e-003
8,007959e+002;6,648211e-003
8,012781e+002;6,999743e-003
8,017601e+002;7,366085e-003
8,022423e+002;7,707406e-003
8,027244e+002;8,001406e-003
8,032065e+002;8,245015e-003
8,036886e+002;8,446731e-003
8,041708e+002;8,614065e-003
8,046528e+002;8,744240e-003
8,051350e+002;8,823019e-003
8,056171e+002;8,832623e-003
8,060992e+002;8,764322e-003
8,065813e+002;8,627686e-003
8,070635e+002;8,452508e-003
8,075455e+002;8,280474e-003
8,080277e+002;8,148142e-003
8,085098e+002;8,079342e-003
8,089919e+002;8,076641e-003
8,094740e+002;8,126130e-003
8,099562e+002;8,206519e-003
8,104382e+002;8,301852e-003
8,109204e+002;8,406900e-003
8,114025e+002;8,527484e-003
8,118846e+002;8,672641e-003
8,123668e+002;8,845000e-003
8,128489e+002;9,033157e-003
8,133310e+002;9,212496e-003
8,138131e+002;9,348571e-003
8,142952e+002;9,408702e-003
8,147773e+002;9,373794e-003
8,152595e+002;9,242720e-003
8,157416e+002;9,034240e-003
8,162237e+002;8,780213e-003
8,167058e+002;8,520320e-003
8,171879e+002;8,289322e-003
8,176700e+002;8,109858e-003
8,181522e+002;7,988952e-003
8,186343e+002;7,918556e-003
8,191164e+002;7,879753e-003
8,195985e+002;7,850332e-003
8,200806e+002;7,814605e-003
8,205627e+002;7,766230e-003
8,210449e+002;7,709632e-003
8,215270e+002;7,654828e-003
8,220091e+002;7,611935e-003
8,224912e+002;7,583240e-003
8,229733e+002;7,562302e-003
8,234554e+002;7,535195e-003
8,239376e+002;7,488537e-003
8,244197e+002;7,417380e-003
8,249018e+002;7,328308e-003
8,253839e+002;7,237367e-003
8,258660e+002;7,164197e-003
8,263481e+002;7,121081e-003
8,268303e+002;7,106363e-003
8,273124e+002;7,104847e-003
8,277945e+002;7,094036e-003
8,282766e+002;7,055609e-003
8,287587e+002;6,983816e-003
8,292408e+002;6,889581e-003
8,297230e+002;6,794087e-003
8,302051e+002;6,720419e-003
8,306872e+002;6,679132e-003
8,311693e+002;6,664529e-003
8,316514e+002;6,655882e-003
8,321335e+002;6,629067e-003
8,326157e+002;6,567033e-003
8,330978e+002;6,469726e-003
8,335799e+002;6,353478e-003
8,340620e+002;6,244152e-003
8,345441e+002;6,164058e-003
8,350262e+002;6,120303e-003
8,355084e+002;6,102123e-003
8,359905e+002;6,086767e-003
8,364726e+002;6,050613e-003
8,369547e+002;5,981640e-003
8,374368e+002;5,886715e-003
8,379189e+002;5,789661e-003
8,384011e+002;5,722509e-003
8,388832e+002;5,710356e-003
8,393653e+002;5,762799e-003
8,398474e+002;5,868881e-003
8,403295e+002;6,002939e-003
8,408116e+002;6,132098e-003
8,412938e+002;6,229463e-003
8,417759e+002;6,282070e-003
8,422580e+002;6,291618e-003
8,427401e+002;6,270876e-003
8,432222e+002;6,237329e-003
8,437043e+002;6,208086e-003
8,441865e+002;6,194474e-003
8,446686e+002;6,203985e-003
8,451507e+002;6,240858e-003
8,456328e+002;6,308494e-003
8,461149e+002;6,409766e-003
8,465970e+002;6,544596e-003
8,470792e+002;6,708473e-003
8,475613e+002;6,888234e-003
8,480434e+002;7,062647e-003
8,485255e+002;7,206541e-003
8,490076e+002;7,294106e-003
8,494897e+002;7,308224e-003
8,499719e+002;7,245115e-003
8,504540e+002;7,118656e-003
8,509361e+002;6,956577e-003
8,514182e+002;6,797957e-003
8,519003e+002;6,683809e-003
8,523824e+002;6,643736e-003
8,528646e+002;6,691985e-003
8,533467e+002;6,820474e-003
8,538288e+002;7,004087e-003
8,543109e+002;7,203913e-003
8,547930e+002;7,379903e-003
8,552751e+002;7,499527e-003
8,557573e+002;7,542409e-003
8,562394e+002;7,503977e-003
8,567215e+002;7,391934e-003
8,572036e+002;7,223419e-003
8,576857e+002;7,017556e-003
8,581678e+002;6,795265e-003
8,586500e+002;6,577864e-003
8,591321e+002;6,384244e-003
8,596142e+002;6,233194e-003
8,600963e+002;6,139458e-003
8,605784e+002;6,110289e-003
8,610605e+002;6,144498e-003
8,615427e+002;6,232421e-003
8,620248e+002;6,358656e-003
8,625069e+002;6,504704e-003
8,629890e+002;6,654637e-003
8,634711e+002;6,796577e-003
8,639532e+002;6,922943e-003
8,644354e+002;7,030083e-003
8,649175e+002;7,115019e-003
8,653996e+002;7,175650e-003
8,658817e+002;7,210381e-003
8,663638e+002;7,219174e-003
8,668459e+002;7,204486e-003
8,673281e+002;7,170327e-003
8,678102e+002;7,119970e-003
8,682923e+002;7,053622e-003
8,687744e+002;6,968193e-003
8,692565e+002;6,858847e-003
8,697386e+002;6,724222e-003
8,702208e+002;6,571338e-003
8,707029e+002;6,417735e-003
8,711850e+002;6,288121e-003
8,716671e+002;6,209430e-003
8,721492e+002;6,200994e-003
8,726313e+002;6,268052e-003
8,731135e+002;6,400720e-003
8,735956e+002;6,576553e-003
8,740777e+002;6,770427e-003
8,745598e+002;6,958395e-003
8,750419e+002;7,126505e-003
8,755240e+002;7,268667e-003
8,760062e+002;7,385396e-003
8,764883e+002;7,478525e-003
8,769704e+002;7,548950e-003
8,774525e+002;7,596795e-003
8,779346e+002;7,623265e-003
8,784167e+002;7,634224e-003
8,788989e+002;7,639518e-003
8,793810e+002;7,649399e-003
8,798631e+002;7,671083e-003
8,803452e+002;7,703730e-003
8,808273e+002;7,738672e-003
8,813094e+002;7,761575e-003
8,817916e+002;7,760192e-003
8,822737e+002;7,728183e-003
8,827558e+002;7,668891e-003
8,832379e+002;7,592276e-003
8,837200e+002;7,511427e-003
8,842021e+002;7,437435e-003
8,846843e+002;7,377240e-003
8,851664e+002;7,335519e-003
8,856485e+002;7,317423e-003
8,861306e+002;7,329992e-003
8,866127e+002;7,380307e-003
8,870948e+002;7,470705e-003
8,875770e+002;7,591602e-003
8,880591e+002;7,718334e-003
8,885412e+002;7,815549e-003
8,890233e+002;7,845710e-003
8,895054e+002;7,781511e-003
8,899875e+002;7,619083e-003
8,904697e+002;7,381722e-003
8,909518e+002;7,115356e-003
8,914339e+002;6,871302e-003
8,919160e+002;6,695787e-003
8,923981e+002;6,614668e-003
8,928802e+002;6,629437e-003
8,933624e+002;6,720386e-003
8,938445e+002;6,857332e-003
8,943266e+002;7,009609e-003
8,948087e+002;7,151093e-003
8,952908e+002;7,265735e-003
8,957729e+002;7,343708e-003
8,962551e+002;7,378858e-003
8,967372e+002;7,367938e-003
8,972193e+002;7,310347e-003
8,977014e+002;7,211695e-003
8,981835e+002;7,083528e-003
8,986656e+002;6,943143e-003
8,991478e+002;6,808088e-003
8,996299e+002;6,690404e-003
9,001120e+002;6,593473e-003
9,005941e+002;6,511935e-003
9,010762e+002;6,435390e-003
9,015583e+002;6,353444e-003
9,020405e+002;6,262371e-003
9,025226e+002;6,167049e-003
9,030047e+002;6,079811e-003
9,034868e+002;6,014092e-003
9,039689e+002;5,981405e-003
9,044510e+002;5,985604e-003
9,049332e+002;6,022693e-003
9,054153e+002;6,082768e-003
9,058974e+002;6,153471e-003
9,063795e+002;6,225228e-003
9,068616e+002;6,292592e-003
9,073438e+002;6,355697e-003
9,078259e+002;6,418912e-003
9,083080e+002;6,489300e-003
9,087901e+002;6,573256e-003
9,092722e+002;6,674690e-003
9,097543e+002;6,793145e-003
9,102365e+002;6,922808e-003
9,107186e+002;7,052545e-003
9,112007e+002;7,167801e-003
9,116829e+002;7,253875e-003
9,121649e+002;7,299194e-003
9,126471e+002;7,298452e-003
9,131292e+002;7,255392e-003
9,136113e+002;7,181983e-003
9,140934e+002;7,095147e-003
9,145756e+002;7,014054e-003
9,150576e+002;6,956846e-003
9,155398e+002;6,936241e-003
9,160219e+002;6,959170e-003
9,165040e+002;7,024998e-003
9,169861e+002;7,126066e-003
9,174683e+002;7,246160e-003
9,179503e+002;7,363557e-003
9,184325e+002;7,455098e-003
9,189146e+002;7,498111e-003
9,193967e+002;7,478761e-003
9,198788e+002;7,395776e-003
9,203610e+002;7,262602e-003
9,208430e+002;7,104376e-003
9,213252e+002;6,952705e-003
9,218073e+002;6,838650e-003
9,222894e+002;6,782576e-003
9,227715e+002;6,793246e-003
9,232537e+002;6,866421e-003
9,237357e+002;6,989035e-003
9,242179e+002;7,142638e-003
9,247000e+002;7,307955e-003
9,251821e+002;7,469019e-003
9,256642e+002;7,611800e-003
9,261464e+002;7,725720e-003
9,266284e+002;7,804990e-003
9,271106e+002;7,848307e-003
9,275927e+002;7,860387e-003
9,280748e+002;7,851884e-003
9,285569e+002;7,836364e-003
9,290391e+002;7,825400e-003
9,295211e+002;7,825366e-003
9,300033e+002;7,835049e-003
9,304854e+002;7,847262e-003
9,309675e+002;7,853605e-003
9,314496e+002;7,849758e-003
9,319318e+002;7,838524e-003
9,324138e+002;7,829618e-003
9,328960e+002;7,833497e-003
9,333781e+002;7,855460e-003
9,338602e+002;7,890415e-003
9,343423e+002;7,924495e-003
9,348245e+002;7,938433e-003
9,353065e+002;7,917578e-003
9,357887e+002;7,859239e-003
9,362708e+002;7,775642e-003
9,367529e+002;7,690677e-003
9,372350e+002;7,628289e-003
9,377172e+002;7,606269e-003
9,381992e+002;7,625861e-003
9,386814e+002;7,672769e-003
9,391635e+002;7,721032e-003
9,396456e+002;7,744946e-003
9,401277e+002;7,727947e-003
9,406099e+002;7,668554e-003
9,410919e+002;7,580239e-003
9,415741e+002;7,487155e-003
9,420562e+002;7,416774e-003
9,425383e+002;7,389945e-003
9,430204e+002;7,418122e-003
9,435026e+002;7,499493e-003
9,439846e+002;7,621140e-003
9,444668e+002;7,760530e-003
9,449489e+002;7,891933e-003
9,454310e+002;7,991956e-003
9,459131e+002;8,042954e-003
9,463953e+002;8,039241e-003
9,468773e+002;7,988142e-003
9,473595e+002;7,910255e-003
9,478416e+002;7,832889e-003
9,483237e+002;7,784547e-003
9,488058e+002;7,786402e-003
9,492880e+002;7,845744e-003
9,497700e+002;7,955170e-003
9,502522e+002;8,094667e-003
9,507343e+002;8,239679e-003
9,512164e+002;8,365249e-003
9,516985e+002;8,454502e-003
9,521807e+002;8,501094e-003
9,526627e+002;8,507919e-003
9,531449e+002;8,484706e-003
9,536270e+002;8,444298e-003
9,541091e+002;8,400381e-003
9,545912e+002;8,363426e-003
9,550734e+002;8,340727e-003
9,555554e+002;8,334039e-003
9,560376e+002;8,339105e-003
9,565197e+002;8,346503e-003
9,570018e+002;8,343834e-003
9,574839e+002;8,320529e-003
9,579661e+002;8,271322e-003
9,584481e+002;8,199665e-003
9,589303e+002;8,118534e-003
9,594124e+002;8,048118e-003
9,598945e+002;8,007683e-003
9,603766e+002;8,012003e-003
9,608588e+002;8,067290e-003
9,613408e+002;8,169648e-003
9,618230e+002;8,308471e-003
9,623051e+002;8,469299e-003
9,627872e+002;8,638501e-003
9,632693e+002;8,802427e-003
9,637515e+002;8,948454e-003
9,642335e+002;9,063741e-003
9,647157e+002;9,133916e-003
9,651978e+002;9,147384e-003
9,656799e+002;9,098860e-003
9,661620e+002;8,993544e-003
9,666442e+002;8,848448e-003
9,671262e+002;8,689644e-003
9,676084e+002;8,547252e-003
9,680905e+002;8,444535e-003
9,685726e+002;8,395685e-003
9,690547e+002;8,401799e-003
9,695369e+002;8,454670e-003
9,700189e+002;8,539885e-003
9,705011e+002;8,643538e-003
9,709832e+002;8,754518e-003
9,714653e+002;8,863463e-003
9,719474e+002;8,962085e-003
9,724296e+002;9,040904e-003
9,729116e+002;9,088237e-003
9,733938e+002;9,094868e-003
9,738759e+002;9,056400e-003
9,743580e+002;8,976360e-003
9,748401e+002;8,865695e-003
9,753223e+002;8,741231e-003
9,758043e+002;8,619034e-003
9,762865e+002;8,509981e-003
9,767686e+002;8,418724e-003
9,772507e+002;8,343801e-003
9,777328e+002;8,280001e-003
9,782150e+002;8,221748e-003
9,786970e+002;8,164450e-003
9,791792e+002;8,104322e-003
9,796613e+002;8,037621e-003
9,801434e+002;7,960469e-003
9,806255e+002;7,869800e-003
9,811077e+002;7,766703e-003
9,815897e+002;7,657863e-003
9,820719e+002;7,557447e-003
9,825540e+002;7,482537e-003
9,830361e+002;7,447244e-003
9,835182e+002;7,457356e-003
9,840004e+002;7,505224e-003
9,844824e+002;7,570765e-003
9,849646e+002;7,625422e-003
9,854467e+002;7,642857e-003
9,859288e+002;7,605831e-003
9,864109e+002;7,512034e-003
9,868931e+002;7,373769e-003
9,873751e+002;7,214222e-003
9,878573e+002;7,061233e-003
9,883394e+002;6,938194e-003
9,888215e+002;6,862987e-003
9,893036e+002;6,844709e-003
9,897858e+002;6,883959e-003
9,902678e+002;6,973749e-003
9,907500e+002;7,100873e-003
9,912321e+002;7,246194e-003
9,917142e+002;7,384890e-003
9,921963e+002;7,492448e-003
9,926785e+002;7,547028e-003
9,931605e+002;7,537521e-003
9,936427e+002;7,466761e-003
9,941248e+002;7,353413e-003
9,946069e+002;7,226384e-003
9,950890e+002;7,115760e-003
9,955712e+002;7,045338e-003
9,960532e+002;7,024426e-003
9,965354e+002;7,046584e-003
9,970175e+002;7,093295e-003
9,974996e+002;7,143211e-003
9,979817e+002;7,180770e-003
9,984639e+002;7,201589e-003
9,989459e+002;7,213043e-003
9,994281e+002;7,229652e-003
9,999102e+002;7,265264e-003
1,000392e+003;7,324432e-003
1,000874e+003;7,400191e-003
1,001357e+003;7,475154e-003
1,001839e+003;7,529396e-003
1,002321e+003;7,546557e-003
1,002803e+003;7,522417e-003
1,003285e+003;7,465446e-003
1,003767e+003;7,395709e-003
1,004249e+003;7,335620e-003
1,004731e+003;7,304214e-003
1,005214e+003;7,310347e-003
1,005696e+003;7,351324e-003
1,006178e+003;7,415864e-003
1,006660e+003;7,488739e-003
1,007142e+003;7,558154e-003
1,007624e+003;7,617229e-003
1,008106e+003;7,664743e-003
1,008588e+003;7,702414e-003
1,009070e+003;7,731555e-003
1,009552e+003;7,750478e-003
1,010035e+003;7,755706e-003
1,010517e+003;7,743766e-003
1,010999e+003;7,715231e-003
1,011481e+003;7,676850e-003
1,011963e+003;7,642182e-003
1,012445e+003;7,625996e-003
1,012927e+003;7,642013e-003
1,013409e+003;7,696748e-003
1,013892e+003;7,787887e-003
1,014374e+003;7,905295e-003
1,014856e+003;8,033604e-003
1,015338e+003;8,157224e-003
1,015820e+003;8,261258e-003
1,016302e+003;8,334445e-003
1,016784e+003;8,368594e-003
1,017266e+003;8,357582e-003
1,017749e+003;8,298306e-003
1,018231e+003;8,191460e-003
1,018713e+003;8,044068e-003
1,019195e+003;7,869192e-003
1,019677e+003;7,684641e-003
1,020159e+003;7,510180e-003
1,020641e+003;7,361063e-003
1,021123e+003;7,246194e-003
1,021605e+003;7,167464e-003
1,022088e+003;7,122328e-003
1,022570e+003;7,107946e-003
1,023052e+003;7,124349e-003
1,023534e+003;7,173797e-003
1,024016e+003;7,257750e-003
1,024498e+003;7,371983e-003
1,024980e+003;7,502628e-003
1,025462e+003;7,625794e-003
1,025944e+003;7,714792e-003
1,026427e+003;7,745520e-003
1,026909e+003;7,706023e-003
1,027391e+003;7,602560e-003
1,027873e+003;7,458300e-003
1,028355e+003;7,307213e-003
1,028837e+003;7,183970e-003
1,029319e+003;7,117983e-003
1,029801e+003;7,124854e-003
1,030284e+003;7,206709e-003
1,030766e+003;7,352301e-003
1,031248e+003;7,542275e-003
1,031730e+003;7,749972e-003
1,032212e+003;7,944101e-003
1,032694e+003;8,095005e-003
1,033176e+003;8,174241e-003
1,033658e+003;8,162423e-003
1,034141e+003;8,054599e-003
1,034623e+003;7,864300e-003
1,035105e+003;7,622354e-003
1,035587e+003;7,370365e-003
1,036069e+003;7,153721e-003
1,036551e+003;7,006141e-003
1,037033e+003;6,943581e-003
1,037515e+003;6,961762e-003
1,037997e+003;7,040455e-003
1,038479e+003;7,148904e-003
1,038962e+003;7,256335e-003
1,039444e+003;7,340338e-003
1,039926e+003;7,388227e-003
1,040408e+003;7,397327e-003
1,040890e+003;7,372353e-003
1,041372e+003;7,322040e-003
1,041854e+003;7,255998e-003
1,042336e+003;7,184172e-003
1,042819e+003;7,116030e-003
1,043301e+003;7,058606e-003
1,043783e+003;7,016108e-003
1,044265e+003;6,988598e-003
1,044747e+003;6,972772e-003
1,045229e+003;6,963748e-003
1,045711e+003;6,958429e-003
1,046193e+003;6,957722e-003
1,046676e+003;6,966947e-003
1,047158e+003;6,993143e-003
1,047640e+003;7,040421e-003
1,048122e+003;7,106430e-003
1,048604e+003;7,180063e-003
1,049086e+003;7,244812e-003
1,049568e+003;7,282346e-003
1,050050e+003;7,282043e-003
1,050532e+003;7,244476e-003
1,051015e+003;7,184172e-003
1,051497e+003;7,124484e-003
1,051979e+003;7,092251e-003
1,052461e+003;7,108114e-003
1,052943e+003;7,180803e-003
1,053425e+003;7,304315e-003
1,053907e+003;7,458873e-003
1,054389e+003;7,617431e-003
1,054871e+003;7,749837e-003
1,055354e+003;7,831136e-003
1,055836e+003;7,845305e-003
1,056318e+003;7,787280e-003
1,056800e+003;7,663360e-003
1,057282e+003;7,489987e-003
1,057764e+003;7,291107e-003
1,058246e+003;7,091544e-003
1,058728e+003;6,915099e-003
1,059211e+003;6,778639e-003
1,059693e+003;6,688519e-003
1,060175e+003;6,642659e-003
1,060657e+003;6,631860e-003
1,061139e+003;6,643332e-003
1,061621e+003;6,663486e-003
1,062103e+003;6,681891e-003
1,062585e+003;6,692086e-003
1,063068e+003;6,692120e-003
1,063550e+003;6,684381e-003
1,064032e+003;6,674353e-003
1,064514e+003;6,670215e-003
1,064996e+003;6,680175e-003
1,065478e+003;6,709920e-003
1,065960e+003;6,760465e-003
1,066442e+003;6,825692e-003
1,066924e+003;6,892005e-003
1,067406e+003;6,942537e-003
1,067889e+003;6,961055e-003
1,068371e+003;6,937487e-003
1,068853e+003;6,872177e-003
1,069335e+003;6,775812e-003
1,069817e+003;6,667591e-003
1,070299e+003;6,566696e-003
1,070781e+003;6,487585e-003
1,071263e+003;6,435726e-003
1,071746e+003;6,407311e-003
1,072228e+003;6,391103e-003
1,072710e+003;6,374863e-003
1,073192e+003;6,348670e-003
1,073674e+003;6,307015e-003
1,074156e+003;6,249564e-003
1,074638e+003;6,180089e-003
1,075120e+003;6,104946e-003
1,075603e+003;6,032436e-003
1,076085e+003;5,972973e-003
1,076567e+003;5,937668e-003
1,077049e+003;5,935955e-003
1,077531e+003;5,972267e-003
1,078013e+003;6,041978e-003
1,078495e+003;6,131056e-003
1,078977e+003;6,216422e-003
1,079459e+003;6,272658e-003
1,079942e+003;6,279415e-003
1,080424e+003;6,226236e-003
1,080906e+003;6,118286e-003
1,081388e+003;5,973174e-003
1,081870e+003;5,817398e-003
1,082352e+003;5,676415e-003
1,082834e+003;5,570381e-003
1,083316e+003;5,508967e-003
1,083798e+003;5,490310e-003
1,084281e+003;5,503028e-003
1,084763e+003;5,528430e-003
1,085245e+003;5,546116e-003
1,085727e+003;5,536653e-003
1,086209e+003;5,487189e-003
1,086691e+003;5,395962e-003
1,087173e+003;5,275238e-003
1,087655e+003;5,149888e-003
1,088138e+003;5,052496e-003
1,088620e+003;5,016294e-003
1,089102e+003;5,060608e-003
1,089584e+003;5,185229e-003
1,090066e+003;5,366541e-003
1,090548e+003;5,565917e-003
1,091030e+003;5,736342e-003
1,091512e+003;5,838756e-003
1,091995e+003;5,853231e-003
1,092477e+003;5,781066e-003
1,092959e+003;5,642612e-003
1,093441e+003;5,467157e-003
1,093923e+003;5,285770e-003
1,094405e+003;5,121690e-003
1,094887e+003;4,989714e-003
1,095369e+003;4,899228e-003
1,095851e+003;4,855366e-003
1,096333e+003;4,860626e-003
1,096816e+003;4,913336e-003
1,097298e+003;5,005166e-003
1,097780e+003;5,118908e-003
1,098262e+003;5,231875e-003
1,098744e+003;5,322363e-003
1,099226e+003;5,374995e-003
1,099708e+003;5,388380e-003
1,100190e+003;5,374290e-003
1,100673e+003;5,352754e-003
1,101155e+003;5,341785e-003
1,101637e+003;5,350909e-003
1,102119e+003;5,376370e-003
1,102601e+003;5,406261e-003
1,103083e+003;5,426358e-003
1,103565e+003;5,428907e-003
1,104047e+003;5,417098e-003
1,104530e+003;5,402806e-003
1,105012e+003;5,399182e-003
1,105494e+003;5,412031e-003
1,105976e+003;5,435383e-003
1,106458e+003;5,452763e-003
1,106940e+003;5,444173e-003
1,107422e+003;5,395492e-003
1,107904e+003;5,305827e-003
1,108386e+003;5,189924e-003
1,108869e+003;5,073515e-003
1,109351e+003;4,981972e-003
1,109833e+003;4,935923e-003
1,110315e+003;4,942927e-003
1,110797e+003;4,998999e-003
1,111279e+003;5,091651e-003
1,111761e+003;5,206287e-003
1,112243e+003;5,329373e-003
1,112725e+003;5,450615e-003
1,113208e+003;5,561084e-003
1,113690e+003;5,652816e-003
1,114172e+003;5,717541e-003
1,114654e+003;5,748932e-003
1,115136e+003;5,745374e-003
1,115618e+003;5,711564e-003
1,116100e+003;5,657482e-003
1,116582e+003;5,595821e-003
1,117065e+003;5,537592e-003
1,117547e+003;5,487860e-003
1,118029e+003;5,446623e-003
1,118511e+003;5,410656e-003
1,118993e+003;5,377444e-003
1,119475e+003;5,349567e-003
1,119957e+003;5,335479e-003
1,120439e+003;5,346145e-003
1,120922e+003;5,391500e-003
1,121404e+003;5,474036e-003
1,121886e+003;5,586726e-003
1,122368e+003;5,713008e-003
1,122850e+003;5,832644e-003
1,123332e+003;5,925408e-003
1,123814e+003;5,978314e-003
1,124296e+003;5,988695e-003
1,124778e+003;5,962828e-003
1,125260e+003;5,912913e-003
1,125743e+003;5,852559e-003
1,126225e+003;5,793691e-003
1,126707e+003;5,743258e-003
1,127189e+003;5,703406e-003
1,127671e+003;5,673293e-003
1,128153e+003;5,651306e-003
1,128635e+003;5,637744e-003
1,129117e+003;5,635999e-003
1,129600e+003;5,652447e-003
1,130082e+003;5,694510e-003
1,130564e+003;5,767366e-003
1,131046e+003;5,871635e-003
1,131528e+003;6,000251e-003
1,132010e+003;6,140600e-003
1,132492e+003;6,276255e-003
1,132974e+003;6,390599e-003
1,133457e+003;6,472955e-003
1,133939e+003;6,521118e-003
1,134421e+003;6,542342e-003
1,134903e+003;6,549507e-003
1,135385e+003;6,557446e-003
1,135867e+003;6,577326e-003
1,136349e+003;6,612784e-003
1,136831e+003;6,660996e-003
1,137313e+003;6,714665e-003
1,137796e+003;6,767937e-003
1,138278e+003;6,818825e-003
1,138760e+003;6,871571e-003
1,139242e+003;6,933616e-003
1,139724e+003;7,012134e-003
1,140206e+003;7,109327e-003
1,140688e+003;7,220522e-003
1,141170e+003;7,334913e-003
1,141652e+003;7,441110e-003
1,142135e+003;7,530104e-003
1,142617e+003;7,600537e-003
1,143099e+003;7,658167e-003
1,143581e+003;7,713544e-003
1,144063e+003;7,776856e-003
1,144545e+003;7,853301e-003
1,145027e+003;7,940963e-003
1,145509e+003;8,032355e-003
1,145992e+003;8,117893e-003
1,146474e+003;8,190414e-003
1,146956e+003;8,249101e-003
1,147438e+003;8,299218e-003
1,147920e+003;8,350354e-003
1,148402e+003;8,411224e-003
1,148884e+003;8,486058e-003
1,149366e+003;8,571549e-003
1,149849e+003;8,658106e-003
1,150331e+003;8,731663e-003
1,150813e+003;8,778421e-003
1,151295e+003;8,790729e-003
1,151777e+003;8,767501e-003
1,152259e+003;8,716011e-003
1,152741e+003;8,649216e-003
1,153223e+003;8,582972e-003
1,153705e+003;8,530931e-003
1,154188e+003;8,502445e-003
1,154670e+003;8,499674e-003
1,155152e+003;8,518699e-003
1,155634e+003;8,550361e-003
1,156116e+003;8,582296e-003
1,156598e+003;8,603081e-003
1,157080e+003;8,602946e-003
1,157562e+003;8,577058e-003
1,158044e+003;8,526233e-003
1,158527e+003;8,457339e-003
1,159009e+003;8,381362e-003
1,159491e+003;8,312186e-003
1,159973e+003;8,262136e-003
1,160455e+003;8,238396e-003
1,160937e+003;8,240726e-003
1,161419e+003;8,259941e-003
1,161901e+003;8,281994e-003
1,162384e+003;8,290336e-003
1,162866e+003;8,273213e-003
1,163348e+003;8,228131e-003
1,163830e+003;8,163368e-003
1,164312e+003;8,094836e-003
1,164794e+003;8,040760e-003
1,165276e+003;8,015344e-003
1,165758e+003;8,021825e-003
1,166240e+003;8,051730e-003
1,166723e+003;8,087612e-003
1,167205e+003;8,110432e-003
1,167687e+003;8,105132e-003
1,168169e+003;8,066615e-003
1,168651e+003;8,000257e-003
1,169133e+003;7,918793e-003
1,169615e+003;7,836297e-003
1,170097e+003;7,762284e-003
1,170579e+003;7,699076e-003
1,171062e+003;7,642250e-003
1,171544e+003;7,583847e-003
1,172026e+003;7,516787e-003
1,172508e+003;7,438278e-003
1,172990e+003;7,351796e-003
1,173472e+003;7,265129e-003
1,173954e+003;7,187271e-003
1,174436e+003;7,126302e-003
1,174919e+003;7,087536e-003
1,175401e+003;7,072077e-003
1,175883e+003;7,077567e-003
1,176365e+003;7,098650e-003
1,176847e+003;7,127919e-003
1,177329e+003;7,155641e-003
1,177811e+003;7,172281e-003
1,178293e+003;7,169047e-003
1,178776e+003;7,139405e-003
1,179258e+003;7,081878e-003
1,179740e+003;6,999945e-003
1,180222e+003;6,901229e-003
1,180704e+003;6,795231e-003
1,181186e+003;6,691043e-003
1,181668e+003;6,594718e-003
1,182150e+003;6,509514e-003
1,182632e+003;6,436701e-003
1,183115e+003;6,377452e-003
1,183597e+003;6,333776e-003
1,184079e+003;6,308830e-003
1,184561e+003;6,305132e-003
1,185043e+003;6,323152e-003
1,185525e+003;6,359497e-003
1,186007e+003;6,407647e-003
1,186489e+003;6,458931e-003
1,186971e+003;6,505175e-003
1,187454e+003;6,540896e-003
1,187936e+003;6,564745e-003
1,188418e+003;6,578974e-003
1,188900e+003;6,587889e-003
1,189382e+003;6,596366e-003
1,189864e+003;6,608377e-003
1,190346e+003;6,625837e-003
1,190828e+003;6,648884e-003
1,191311e+003;6,675969e-003
1,191793e+003;6,703493e-003
1,192275e+003;6,725669e-003
1,192757e+003;6,734788e-003
1,193239e+003;6,722640e-003
1,193721e+003;6,681655e-003
1,194203e+003;6,608108e-003
1,194685e+003;6,504469e-003
1,195167e+003;6,379435e-003
1,195650e+003;6,246639e-003
1,196132e+003;6,122856e-003
1,196614e+003;6,023029e-003
1,197096e+003;5,956815e-003
1,197578e+003;5,928901e-003
1,198060e+003;5,938340e-003
1,198542e+003;5,979994e-003
1,199024e+003;6,046716e-003
1,199506e+003;6,132165e-003
1,199989e+003;6,229530e-003
1,200471e+003;6,332128e-003
1,200953e+003;6,433776e-003
1,201435e+003;6,527239e-003
1,201917e+003;6,605349e-003
1,202399e+003;6,662241e-003
1,202881e+003;6,694173e-003
1,203363e+003;6,700902e-003
1,203846e+003;6,685155e-003
1,204328e+003;6,652955e-003
1,204810e+003;6,610900e-003
1,205292e+003;6,566830e-003
1,205774e+003;6,527038e-003
1,206256e+003;6,496565e-003
1,206738e+003;6,477898e-003
1,207220e+003;6,471172e-003
1,207703e+003;6,473997e-003
1,208185e+003;6,482405e-003
1,208667e+003;6,491957e-003
1,209149e+003;6,499188e-003
1,209631e+003;6,501913e-003
1,210113e+003;6,499827e-003
1,210595e+003;6,494681e-003
1,211077e+003;6,488594e-003
1,211559e+003;6,484154e-003
1,212042e+003;6,482943e-003
1,212524e+003;6,486340e-003
1,213006e+003;6,495186e-003
1,213488e+003;6,509043e-003
1,213970e+003;6,527341e-003
1,214452e+003;6,548027e-003
1,214934e+003;6,567772e-003
1,215416e+003;6,583011e-003
1,215898e+003;6,591219e-003
1,216381e+003;6,591959e-003
1,216863e+003;6,587721e-003
1,217345e+003;6,584391e-003
1,217827e+003;6,588427e-003
1,218309e+003;6,603869e-003
1,218791e+003;6,631456e-003
1,219273e+003;6,665807e-003
1,219755e+003;6,698547e-003
1,220238e+003;6,720554e-003
1,220720e+003;6,726241e-003
1,221202e+003;6,715405e-003
1,221684e+003;6,693298e-003
1,222166e+003;6,667961e-003
1,222648e+003;6,645990e-003
1,223130e+003;6,630480e-003
1,223612e+003;6,618940e-003
1,224094e+003;6,606325e-003
1,224577e+003;6,587653e-003
1,225059e+003;6,561785e-003
1,225541e+003;6,533025e-003
1,226023e+003;6,510052e-003
1,226505e+003;6,500971e-003
1,226987e+003;6,511902e-003
1,227469e+003;6,543183e-003
1,227951e+003;6,590446e-003
1,228434e+003;6,646461e-003
1,228916e+003;6,705445e-003
1,229398e+003;6,764133e-003
1,229880e+003;6,823167e-003
1,230362e+003;6,884464e-003
1,230844e+003;6,949507e-003
1,231326e+003;7,016681e-003
1,231808e+003;7,081844e-003
1,232291e+003;7,139169e-003
1,232773e+003;7,183970e-003
1,233255e+003;7,215064e-003
1,233737e+003;7,234705e-003
1,234219e+003;7,248417e-003
1,234701e+003;7,262872e-003
1,235183e+003;7,283155e-003
1,235665e+003;7,312571e-003
1,236147e+003;7,351189e-003
1,236630e+003;7,396787e-003
1,237112e+003;7,445828e-003
1,237594e+003;7,493088e-003
1,238076e+003;7,531958e-003
1,238558e+003;7,556873e-003
1,239040e+003;7,563549e-003
1,239522e+003;7,552389e-003
1,240004e+003;7,529565e-003
1,240486e+003;7,507314e-003
1,240969e+003;7,500167e-003
1,241451e+003;7,520833e-003
1,241933e+003;7,574507e-003
1,242415e+003;7,655671e-003
1,242897e+003;7,748757e-003
1,243379e+003;7,831912e-003
1,243861e+003;7,885927e-003
1,244343e+003;7,899863e-003
1,244826e+003;7,875502e-003
1,245308e+003;7,825838e-003
1,245790e+003;7,771020e-003
1,246272e+003;7,729734e-003
1,246754e+003;7,712162e-003
1,247236e+003;7,718300e-003
1,247718e+003;7,738436e-003
1,248200e+003;7,759079e-003
1,248682e+003;7,767107e-003
1,249165e+003;7,756549e-003
1,249647e+003;7,728789e-003
1,250129e+003;7,692297e-003
1,250611e+003;7,658133e-003
1,251093e+003;7,636281e-003
1,251575e+003;7,633819e-003
1,252057e+003;7,652231e-003
1,252539e+003;7,688553e-003
1,253021e+003;7,736851e-003
1,253504e+003;7,790417e-003
1,253986e+003;7,842707e-003
1,254468e+003;7,889437e-003
1,254950e+003;7,929152e-003
1,255432e+003;7,963168e-003
1,255914e+003;7,994352e-003
1,256396e+003;8,026786e-003
1,256878e+003;8,062633e-003
1,257361e+003;8,102262e-003
1,257843e+003;8,142740e-003
1,258325e+003;8,179879e-003
1,258807e+003;8,209660e-003
1,259289e+003;8,230798e-003
1,259771e+003;8,246467e-003
1,260253e+003;8,262136e-003
1,260735e+003;8,284932e-003
1,261218e+003;8,319786e-003
1,261700e+003;8,367985e-003
1,262182e+003;8,426562e-003
1,262664e+003;8,490619e-003
1,263146e+003;8,554787e-003
1,263628e+003;8,614808e-003
1,264110e+003;8,668179e-003
1,264592e+003;8,712361e-003
1,265074e+003;8,743395e-003
1,265557e+003;8,756749e-003
1,266039e+003;8,748027e-003
1,266521e+003;8,716180e-003
1,267003e+003;8,665914e-003
1,267485e+003;8,609435e-003
1,267967e+003;8,562865e-003
1,268449e+003;8,542656e-003
1,268931e+003;8,560769e-003
1,269413e+003;8,619372e-003
1,269896e+003;8,710907e-003
1,270378e+003;8,819942e-003
1,270860e+003;8,929547e-003
1,271342e+003;9,024158e-003
1,271824e+003;9,095274e-003
1,272306e+003;9,141665e-003
1,272788e+003;9,167688e-003
1,273270e+003;9,179871e-003
1,273753e+003;9,184202e-003
1,274235e+003;9,184981e-003
1,274717e+003;9,184947e-003
1,275199e+003;9,186300e-003
1,275681e+003;9,191715e-003
1,276163e+003;9,203797e-003
1,276645e+003;9,224544e-003
1,277127e+003;9,253517e-003
1,277609e+003;9,288415e-003
1,278092e+003;9,324839e-003
1,278574e+003;9,358627e-003
1,279056e+003;9,386863e-003
1,279538e+003;9,408804e-003
1,280020e+003;9,425565e-003
1,280502e+003;9,439041e-003
1,280984e+003;9,450046e-003
1,281466e+003;9,458818e-003
1,281948e+003;9,464506e-003
1,282431e+003;9,467080e-003
1,282913e+003;9,467960e-003
1,283395e+003;9,470365e-003
1,283877e+003;9,478696e-003
1,284359e+003;9,496035e-003
1,284841e+003;9,524754e-003
1,285323e+003;9,564722e-003
1,285805e+003;9,614483e-003
1,286288e+003;9,672651e-003
1,286770e+003;9,738078e-003
1,287252e+003;9,810362e-003
1,287734e+003;9,888793e-003
1,288216e+003;9,971442e-003
1,288698e+003;1,005519e-002
1,289180e+003;1,013560e-002
1,289662e+003;1,020914e-002
1,290145e+003;1,027509e-002
1,290627e+003;1,033541e-002
1,291109e+003;1,039480e-002
1,291591e+003;1,045830e-002
1,292073e+003;1,052958e-002
1,292555e+003;1,060845e-002
1,293037e+003;1,069185e-002
1,293519e+003;1,077523e-002
1,294001e+003;1,085519e-002
1,294484e+003;1,093198e-002
1,294966e+003;1,100911e-002
1,295448e+003;1,109286e-002
1,295930e+003;1,118866e-002
1,296412e+003;1,129859e-002
1,296894e+003;1,141971e-002
1,297376e+003;1,154477e-002
1,297858e+003;1,166395e-002
1,298340e+003;1,176845e-002
1,298823e+003;1,185248e-002
1,299305e+003;1,191500e-002
1,299787e+003;1,195863e-002
1,300269e+003;1,198806e-002
1,300751e+003;1,200802e-002
1,301233e+003;1,202181e-002
1,301715e+003;1,203033e-002
1,302197e+003;1,203275e-002
1,302680e+003;1,202696e-002
1,303162e+003;1,201102e-002
1,303644e+003;1,198472e-002
1,304126e+003;1,194977e-002
1,304608e+003;1,191061e-002
1,305090e+003;1,187387e-002
1,305572e+003;1,184656e-002
1,306054e+003;1,183416e-002
1,306536e+003;1,183900e-002
1,307019e+003;1,185858e-002
1,307501e+003;1,188606e-002
1,307983e+003;1,191197e-002
1,308465e+003;1,192743e-002
1,308947e+003;1,192587e-002
1,309429e+003;1,190513e-002
1,309911e+003;1,186624e-002
1,310393e+003;1,181234e-002
1,310875e+003;1,174636e-002
1,311358e+003;1,166977e-002
1,311840e+003;1,158275e-002
1,312322e+003;1,148605e-002
1,312804e+003;1,138215e-002
1,313286e+003;1,127693e-002
1,313768e+003;1,117737e-002
1,314250e+003;1,109045e-002
1,314732e+003;1,101962e-002
1,315215e+003;1,096351e-002
1,315697e+003;1,091652e-002
1,316179e+003;1,087021e-002
1,316661e+003;1,081741e-002
1,317143e+003;1,075373e-002
1,317625e+003;1,067965e-002
1,318107e+003;1,059952e-002
1,318589e+003;1,052025e-002
1,319072e+003;1,044856e-002
1,319554e+003;1,038845e-002
1,320036e+003;1,034193e-002
1,320518e+003;1,030817e-002
1,321000e+003;1,028557e-002
1,321482e+003;1,027183e-002
1,321964e+003;1,026464e-002
1,322446e+003;1,026169e-002
1,322928e+003;1,026108e-002
1,323411e+003;1,026135e-002
1,323893e+003;1,026318e-002
1,324375e+003;1,026939e-002
1,324857e+003;1,028455e-002
1,325339e+003;1,031380e-002
1,325821e+003;1,036107e-002
1,326303e+003;1,042690e-002
1,326785e+003;1,050779e-002
1,327267e+003;1,059796e-002
1,327750e+003;1,068950e-002
1,328232e+003;1,077577e-002
1,328714e+003;1,085288e-002
1,329196e+003;1,092032e-002
1,329678e+003;1,098070e-002
1,330160e+003;1,103766e-002
1,330642e+003;1,109541e-002
1,331124e+003;1,115779e-002
1,331607e+003;1,122807e-002
1,332089e+003;1,131012e-002
1,332571e+003;1,140739e-002
1,333053e+003;1,152391e-002
1,333535e+003;1,166232e-002
1,334017e+003;1,182367e-002
1,334499e+003;1,200696e-002
1,334981e+003;1,220911e-002
1,335464e+003;1,242685e-002
1,335946e+003;1,265665e-002
1,336428e+003;1,289555e-002
1,336910e+003;1,314103e-002
1,337392e+003;1,338874e-002
1,337874e+003;1,363129e-002
1,338356e+003;1,385745e-002
1,338838e+003;1,405351e-002
1,339320e+003;1,420778e-002
1,339802e+003;1,431557e-002
1,340285e+003;1,438225e-002
1,340767e+003;1,442037e-002
1,341249e+003;1,444657e-002
1,341731e+003;1,447453e-002
1,342213e+003;1,451176e-002
1,342695e+003;1,456131e-002
1,343177e+003;1,462182e-002
1,343659e+003;1,469064e-002
1,344142e+003;1,476488e-002
1,344624e+003;1,484260e-002
1,345106e+003;1,492195e-002
1,345588e+003;1,500110e-002
1,346070e+003;1,507818e-002
1,346552e+003;1,515183e-002
1,347034e+003;1,522314e-002
1,347516e+003;1,529600e-002
1,347999e+003;1,537755e-002
1,348481e+003;1,547540e-002
1,348963e+003;1,559408e-002
1,349445e+003;1,573124e-002
1,349927e+003;1,587742e-002
1,350409e+003;1,601784e-002
1,350891e+003;1,613567e-002
1,351373e+003;1,622031e-002
1,351855e+003;1,626925e-002
1,352338e+003;1,629068e-002
1,352820e+003;1,629976e-002
1,353302e+003;1,631476e-002
1,353784e+003;1,635154e-002
1,354266e+003;1,641908e-002
1,354748e+003;1,651909e-002
1,355230e+003;1,664808e-002
1,355712e+003;1,680159e-002
1,356194e+003;1,697703e-002
1,356677e+003;1,717609e-002
1,357159e+003;1,740290e-002
1,357641e+003;1,766247e-002
1,358123e+003;1,795814e-002
1,358605e+003;1,829200e-002
1,359087e+003;1,866713e-002
1,359569e+003;1,909223e-002
1,360051e+003;1,958520e-002
1,360534e+003;2,017486e-002
1,361016e+003;2,089460e-002
1,361498e+003;2,177305e-002
1,361980e+003;2,281493e-002
1,362462e+003;2,398756e-002
1,362944e+003;2,521972e-002
1,363426e+003;2,642345e-002
1,363908e+003;2,752365e-002
1,364391e+003;2,847318e-002
1,364873e+003;2,925806e-002
1,365355e+003;2,988409e-002
1,365837e+003;3,036587e-002
1,366319e+003;3,072491e-002
1,366801e+003;3,099086e-002
1,367283e+003;3,120873e-002
1,367765e+003;3,143643e-002
1,368247e+003;3,174474e-002
1,368729e+003;3,220026e-002
1,369212e+003;3,284873e-002
1,369694e+003;3,371444e-002
1,370176e+003;3,480101e-002
1,370658e+003;3,610756e-002
1,371140e+003;3,764199e-002
1,371622e+003;3,942931e-002
1,372104e+003;4,150643e-002
1,372586e+003;4,389904e-002
1,373069e+003;4,658991e-002
1,373551e+003;4,947910e-002
1,374033e+003;5,237609e-002
1,374515e+003;5,504979e-002
1,374997e+003;5,728886e-002
1,375479e+003;5,896931e-002
1,375961e+003;6,005414e-002
1,376443e+003;6,054690e-002
1,376926e+003;6,045184e-002
1,377408e+003;5,975511e-002
1,377890e+003;5,843981e-002
1,378372e+003;5,652347e-002
1,378854e+003;5,408840e-002
1,379336e+003;5,128619e-002
1,379818e+003;4,829030e-002
1,380300e+003;4,526915e-002
1,380782e+003;4,234327e-002
1,381265e+003;3,957639e-002
1,381747e+003;3,699960e-002
1,382229e+003;3,462264e-002
1,382711e+003;3,244672e-002
1,383193e+003;3,046520e-002
1,383675e+003;2,865722e-002
1,384157e+003;2,698411e-002
1,384639e+003;2,539175e-002
1,385121e+003;2,382319e-002
1,385604e+003;2,223332e-002
1,386086e+003;2,060700e-002
1,386568e+003;1,897190e-002
1,387050e+003;1,739066e-002
1,387532e+003;1,593489e-002
1,388014e+003;1,465482e-002
1,388496e+003;1,356254e-002
1,388978e+003;1,264236e-002
1,389461e+003;1,186797e-002
1,389943e+003;1,121562e-002
1,390425e+003;1,066838e-002
1,390907e+003;1,021334e-002
1,391389e+003;9,836628e-003
1,391871e+003;9,521808e-003
1,392353e+003;9,250673e-003
1,392835e+003;9,007311e-003
1,393318e+003;8,783695e-003
1,393800e+003;8,579187e-003
1,394282e+003;8,399231e-003
1,394764e+003;8,247513e-003
1,395246e+003;8,119682e-003
1,395728e+003;8,003262e-003
1,396210e+003;7,885185e-003
1,396692e+003;7,757258e-003
1,397174e+003;7,620668e-003
1,397656e+003;7,483818e-003
1,398139e+003;7,357997e-003
1,398621e+003;7,250439e-003
1,399103e+003;7,161771e-003
1,399585e+003;7,086593e-003
1,400067e+003;7,020081e-003
1,400549e+003;6,963210e-003
1,401031e+003;6,924121e-003
1,401513e+003;6,913449e-003
1,401996e+003;6,940753e-003
1,402478e+003;7,008195e-003
1,402960e+003;7,108013e-003
1,403442e+003;7,222947e-003
1,403924e+003;7,331812e-003
1,404406e+003;7,415999e-003
1,404888e+003;7,467536e-003
1,405370e+003;7,489481e-003
1,405853e+003;7,491841e-003
1,406335e+003;7,482908e-003
1,406817e+003;7,466289e-003
1,407299e+003;7,441649e-003
1,407781e+003;7,409426e-003
1,408263e+003;7,374409e-003
1,408745e+003;7,347550e-003
1,409227e+003;7,341079e-003
1,409709e+003;7,364332e-003
1,410192e+003;7,418594e-003
1,410674e+003;7,495852e-003
1,411156e+003;7,583037e-003
1,411638e+003;7,668756e-003
1,412120e+003;7,749702e-003
1,412602e+003;7,830494e-003
1,413084e+003;7,920244e-003
1,413566e+003;8,025706e-003
1,414048e+003;8,147095e-003
1,414531e+003;8,278582e-003
1,415013e+003;8,411326e-003
1,415495e+003;8,539379e-003
1,415977e+003;8,663886e-003
1,416459e+003;8,793129e-003
1,416941e+003;8,938307e-003
1,417423e+003;9,105527e-003
1,417905e+003;9,289668e-003
1,418388e+003;9,471686e-003
1,418870e+003;9,629929e-003
1,419352e+003;9,755868e-003
1,419834e+003;9,862727e-003
1,420316e+003;9,973816e-003
1,420798e+003;1,011006e-002
1,421280e+003;1,027882e-002
1,421762e+003;1,047602e-002
1,422245e+003;1,069175e-002
1,422727e+003;1,091764e-002
1,423209e+003;1,115289e-002
1,423691e+003;1,140675e-002
1,424173e+003;1,169332e-002
1,424655e+003;1,202474e-002
1,425137e+003;1,240210e-002
1,425619e+003;1,281712e-002
1,426101e+003;1,325898e-002
1,426584e+003;1,372385e-002
1,427066e+003;1,421966e-002
1,427548e+003;1,476519e-002
1,428030e+003;1,538428e-002
1,428512e+003;1,609475e-002
1,428994e+003;1,689921e-002
1,429476e+003;1,778278e-002
1,429958e+003;1,872036e-002
1,430441e+003;1,969052e-002
1,430923e+003;2,068410e-002
1,431405e+003;2,170338e-002
1,431887e+003;2,275372e-002
1,432369e+003;2,383495e-002
1,432851e+003;2,493843e-002
1,433333e+003;2,605472e-002
1,433815e+003;2,718481e-002
1,434297e+003;2,834714e-002
1,434780e+003;2,958515e-002
1,435262e+003;3,095752e-002
1,435744e+003;3,250964e-002
1,436226e+003;3,422229e-002
1,436708e+003;3,599257e-002
1,437190e+003;3,767729e-002
1,437672e+003;3,917355e-002
1,438154e+003;4,046632e-002
1,438636e+003;4,161023e-002
1,439119e+003;4,268584e-002
1,439601e+003;4,377395e-002
1,440083e+003;4,493474e-002
1,440565e+003;4,620157e-002
1,441047e+003;4,757752e-002
1,441529e+003;4,904264e-002
1,442011e+003;5,056286e-002
1,442493e+003;5,210090e-002
1,442976e+003;5,362971e-002
1,443458e+003;5,513310e-002
1,443940e+003;5,660477e-002
1,444422e+003;5,804735e-002
1,444904e+003;5,946993e-002
1,445386e+003;6,088978e-002
1,445868e+003;6,233166e-002
1,446350e+003;6,382389e-002
1,446833e+003;6,538652e-002
1,447315e+003;6,701888e-002
1,447797e+003;6,869719e-002
1,448279e+003;7,038274e-002
1,448761e+003;7,204827e-002
1,449243e+003;7,369947e-002
1,449725e+003;7,537283e-002
1,450207e+003;7,712443e-002
1,450689e+003;7,900258e-002
1,451172e+003;8,102524e-002
1,451654e+003;8,316046e-002
1,452136e+003;8,533205e-002
1,452618e+003;8,744986e-002
1,453100e+003;8,942945e-002
1,453582e+003;9,122996e-002
1,454064e+003;9,285361e-002
1,454546e+003;9,432815e-002
1,455028e+003;9,568318e-002
1,455511e+003;9,692471e-002
1,455993e+003;9,801852e-002
1,456475e+003;9,889251e-002
1,456957e+003;9,949673e-002
1,457439e+003;9,985862e-002
1,457921e+003;1,000597e-001
1,458403e+003;1,001782e-001
1,458885e+003;1,002389e-001
1,459368e+003;1,002314e-001
1,459850e+003;1,001396e-001
1,460332e+003;9,996188e-002
1,460814e+003;9,971002e-002
1,461296e+003;9,939983e-002
1,461778e+003;9,903466e-002
1,462260e+003;9,859370e-002
1,462742e+003;9,802242e-002
1,463224e+003;9,724160e-002
1,463707e+003;9,616340e-002
1,464189e+003;9,472915e-002
1,464671e+003;9,294106e-002
1,465153e+003;9,084844e-002
1,465635e+003;8,850602e-002
1,466117e+003;8,593565e-002
1,466599e+003;8,311528e-002
1,467081e+003;8,002160e-002
1,467563e+003;7,666195e-002
1,468046e+003;7,309518e-002
1,468528e+003;6,940209e-002
1,469010e+003;6,567126e-002
1,469492e+003;6,195780e-002
1,469974e+003;5,823861e-002
1,470456e+003;5,443016e-002
1,470938e+003;5,041429e-002
1,471420e+003;4,612735e-002
1,471903e+003;4,166530e-002
1,472385e+003;3,733247e-002
1,472867e+003;3,351445e-002
1,473349e+003;3,044622e-002
1,473831e+003;2,811402e-002
1,474313e+003;2,632867e-002
1,474795e+003;2,486015e-002
1,475277e+003;2,354795e-002
1,475760e+003;2,231274e-002
1,476242e+003;2,114785e-002
1,476724e+003;2,007994e-002
1,477206e+003;1,913278e-002
1,477688e+003;1,830385e-002
1,478170e+003;1,756651e-002
1,478652e+003;1,688508e-002
1,479134e+003;1,623107e-002
1,479616e+003;1,559120e-002
1,480099e+003;1,496890e-002
1,480581e+003;1,437605e-002
1,481063e+003;1,382492e-002
1,481545e+003;1,332064e-002
1,482027e+003;1,285879e-002
1,482509e+003;1,243125e-002
1,482991e+003;1,203220e-002
1,483473e+003;1,166208e-002
1,483955e+003;1,132549e-002
1,484438e+003;1,102672e-002
1,484920e+003;1,076572e-002
1,485402e+003;1,053637e-002
1,485884e+003;1,032870e-002
1,486366e+003;1,013326e-002
1,486848e+003;9,944218e-003
1,487330e+003;9,760850e-003
1,487812e+003;9,582809e-003
1,488295e+003;9,403488e-003
1,488777e+003;9,208807e-003
1,489259e+003;8,980926e-003
1,489741e+003;8,713037e-003
1,490223e+003;8,420278e-003
1,490705e+003;8,136157e-003
1,491187e+003;7,894498e-003
1,491669e+003;7,713072e-003
1,492151e+003;7,591703e-003
1,492634e+003;7,515371e-003
1,493116e+003;7,464401e-003
1,493598e+003;7,418796e-003
1,494080e+003;7,364636e-003
1,494562e+003;7,294308e-003
1,495044e+003;7,207821e-003
1,495526e+003;7,110068e-003
1,496008e+003;7,007656e-003
1,496490e+003;6,903552e-003
1,496973e+003;6,797351e-003
1,497455e+003;6,687207e-003
1,497937e+003;6,575476e-003
1,498419e+003;6,469625e-003
1,498901e+003;6,379066e-003
1,499383e+003;6,309637e-003
1,499865e+003;6,260287e-003
1,500347e+003;6,223279e-003
1,500830e+003;6,188760e-003
1,501312e+003;6,148666e-003
1,501794e+003;6,100880e-003
1,502276e+003;6,049202e-003
1,502758e+003;6,000990e-003
1,503240e+003;5,964474e-003
1,503722e+003;5,944554e-003
1,504204e+003;5,940994e-003
1,504687e+003;5,945931e-003
1,505169e+003;5,942841e-003
1,505651e+003;5,903811e-003
1,506133e+003;5,799567e-003
1,506615e+003;5,619350e-003
1,507097e+003;5,392473e-003
1,507579e+003;5,169134e-003
1,508061e+003;4,981235e-003
1,508543e+003;4,832448e-003
1,509026e+003;4,715331e-003
1,509508e+003;4,623361e-003
1,509990e+003;4,553509e-003
1,510472e+003;4,504024e-003
1,510954e+003;4,471584e-003
1,511436e+003;4,448686e-003
1,511918e+003;4,425522e-003
1,512400e+003;4,392619e-003
1,512882e+003;4,344624e-003
1,513365e+003;4,280773e-003
1,513847e+003;4,204085e-003
1,514329e+003;4,117575e-003
1,514811e+003;4,023826e-003
1,515293e+003;3,923811e-003
1,515775e+003;3,819808e-003
1,516257e+003;3,718771e-003
1,516739e+003;3,633761e-003
1,517222e+003;3,578333e-003
1,517704e+003;3,560594e-003
1,518186e+003;3,578100e-003
1,518668e+003;3,619093e-003
1,519150e+003;3,663466e-003
1,519632e+003;3,688528e-003
1,520114e+003;3,670115e-003
1,520596e+003;3,594102e-003
1,521078e+003;3,469336e-003
1,521561e+003;3,332385e-003
1,522043e+003;3,227556e-003
1,522525e+003;3,177587e-003
1,523007e+003;3,177153e-003
1,523489e+003;3,204924e-003
1,523971e+003;3,238271e-003
1,524453e+003;3,258501e-003
1,524935e+003;3,254996e-003
1,525417e+003;3,224852e-003
1,525900e+003;3,172447e-003
1,526382e+003;3,107166e-003
1,526864e+003;3,040127e-003
1,527346e+003;2,981239e-003
1,527828e+003;2,936369e-003
1,528310e+003;2,908882e-003
1,528792e+003;2,899342e-003
1,529274e+003;2,905213e-003
1,529757e+003;2,920457e-003
1,530239e+003;2,936336e-003
1,530721e+003;2,941873e-003
1,531203e+003;2,926762e-003
1,531685e+003;2,883132e-003
1,532167e+003;2,811725e-003
1,532649e+003;2,725426e-003
1,533131e+003;2,648011e-003
1,533614e+003;2,605242e-003
1,534096e+003;2,608409e-003
1,534578e+003;2,649911e-003
1,535060e+003;2,712489e-003
1,535542e+003;2,781712e-003
1,536024e+003;2,851579e-003
1,536506e+003;2,922092e-003
1,536988e+003;2,997253e-003
1,537470e+003;3,081504e-003
1,537953e+003;3,175651e-003
1,538435e+003;3,273390e-003
1,538917e+003;3,357862e-003
1,539399e+003;3,405614e-003
1,539881e+003;3,400638e-003
1,540363e+003;3,348045e-003
1,540845e+003;3,269284e-003
1,541327e+003;3,182460e-003
1,541809e+003;3,093184e-003
1,542292e+003;2,997787e-003
1,542774e+003;2,892238e-003
1,543256e+003;2,777577e-003
1,543738e+003;2,661846e-003
1,544220e+003;2,556978e-003
1,544702e+003;2,473328e-003
1,545184e+003;2,412551e-003
1,545666e+003;2,367840e-003
1,546149e+003;2,327197e-003
1,546631e+003;2,281329e-003
1,547113e+003;2,226440e-003
1,547595e+003;2,166163e-003
1,548077e+003;2,110157e-003
1,548559e+003;2,073367e-003
1,549041e+003;2,068772e-003
1,549523e+003;2,101733e-003
1,550005e+003;2,165664e-003
1,550488e+003;2,245124e-003
1,550970e+003;2,324332e-003
1,551452e+003;2,393493e-003
1,551934e+003;2,450370e-003
1,552416e+003;2,495889e-003
1,552898e+003;2,531082e-003
1,553380e+003;2,553712e-003
1,553862e+003;2,559611e-003
1,554344e+003;2,545746e-003
1,554827e+003;2,513918e-003
1,555309e+003;2,471463e-003
1,555791e+003;2,428844e-003
1,556273e+003;2,394293e-003
1,556755e+003;2,371871e-003
1,557237e+003;2,356813e-003
1,557719e+003;2,332094e-003
1,558201e+003;2,270104e-003
1,558684e+003;2,157938e-003
1,559166e+003;2,026793e-003
1,559648e+003;1,930465e-003
1,560130e+003;1,890496e-003
1,560612e+003;1,894356e-003
1,561094e+003;1,920647e-003
1,561576e+003;1,952698e-003
1,562058e+003;1,979459e-003
1,562541e+003;1,995536e-003
1,563023e+003;1,999497e-003
1,563505e+003;1,992973e-003
1,563987e+003;1,980657e-003
1,564469e+003;1,968142e-003
1,564951e+003;1,960819e-003
1,565433e+003;1,961818e-003
1,565915e+003;1,972569e-003
1,566397e+003;1,993971e-003
1,566880e+003;2,026660e-003
1,567362e+003;2,072268e-003
1,567844e+003;2,131000e-003
1,568326e+003;2,200130e-003
1,568808e+003;2,271370e-003
1,569290e+003;2,333560e-003
1,569772e+003;2,378068e-003
1,570254e+003;2,404955e-003
1,570736e+003;2,422280e-003
1,571219e+003;2,440773e-003
1,571701e+003;2,468363e-003
1,572183e+003;2,508186e-003
1,572665e+003;2,560111e-003
1,573147e+003;2,621176e-003
1,573629e+003;2,687650e-003
1,574111e+003;2,754168e-003
1,574593e+003;2,813826e-003
1,575076e+003;2,856849e-003
1,575558e+003;2,871224e-003
1,576040e+003;2,848944e-003
1,576522e+003;2,792116e-003
1,577004e+003;2,714823e-003
1,577486e+003;2,634577e-003
1,577968e+003;2,565177e-003
1,578450e+003;2,513452e-003
1,578932e+003;2,479993e-003
1,579415e+003;2,461399e-003
1,579897e+003;2,451869e-003
1,580379e+003;2,444772e-003
1,580861e+003;2,434875e-003
1,581343e+003;2,420614e-003
1,581825e+003;2,404288e-003
1,582307e+003;2,391461e-003
1,582789e+003;2,387363e-003
1,583271e+003;2,394193e-003
1,583754e+003;2,410485e-003
1,584236e+003;2,431077e-003
1,584718e+003;2,450170e-003
1,585200e+003;2,463865e-003
1,585682e+003;2,472862e-003
1,586164e+003;2,481393e-003
1,586646e+003;2,496189e-003
1,587128e+003;2,522350e-003
1,587611e+003;2,561844e-003
1,588093e+003;2,613176e-003
1,588575e+003;2,671847e-003
1,589057e+003;2,731794e-003
1,589539e+003;2,788715e-003
1,590021e+003;2,839739e-003
1,590503e+003;2,882965e-003
1,590985e+003;2,916621e-003
1,591468e+003;2,938371e-003
1,591950e+003;2,946110e-003
1,592432e+003;2,939271e-003
1,592914e+003;2,920891e-003
1,593396e+003;2,897341e-003
1,593878e+003;2,876594e-003
1,594360e+003;2,865921e-003
1,594842e+003;2,868956e-003
1,595324e+003;2,883632e-003
1,595807e+003;2,903445e-003
1,596289e+003;2,921124e-003
1,596771e+003;2,930965e-003
1,597253e+003;2,931766e-003
1,597735e+003;2,926428e-003
1,598217e+003;2,920457e-003
1,598699e+003;2,919623e-003
1,599181e+003;2,927562e-003
1,599663e+003;2,945510e-003
1,600146e+003;2,972065e-003
1,600628e+003;3,004693e-003
1,601110e+003;3,040061e-003
1,601592e+003;3,075498e-003
1,602074e+003;3,108635e-003
1,602556e+003;3,137102e-003
1,603038e+003;3,159363e-003
1,603520e+003;3,175117e-003
1,604003e+003;3,185197e-003
1,604485e+003;3,192407e-003
1,604967e+003;3,199650e-003
1,605449e+003;3,208262e-003
1,605931e+003;3,217074e-003
1,606413e+003;3,221480e-003
1,606895e+003;3,215872e-003
1,607377e+003;3,195277e-003
1,607859e+003;3,158796e-003
1,608342e+003;3,110437e-003
1,608824e+003;3,058079e-003
1,609306e+003;3,010165e-003
1,609788e+003;2,971164e-003
1,610270e+003;2,940539e-003
1,610752e+003;2,913185e-003
1,611234e+003;2,882398e-003
1,611716e+003;2,843108e-003
1,612198e+003;2,794050e-003
1,612681e+003;2,738196e-003
1,613163e+003;2,680449e-003
1,613645e+003;2,625543e-003
1,614127e+003;2,575676e-003
1,614609e+003;2,529882e-003
1,615091e+003;2,484059e-003
1,615573e+003;2,432743e-003
1,616055e+003;2,371671e-003
1,616538e+003;2,303347e-003
1,617020e+003;2,235732e-003
1,617502e+003;2,178584e-003
1,617984e+003;2,138059e-003
1,618466e+003;2,115384e-003
1,618948e+003;2,108492e-003
1,619430e+003;2,114285e-003
1,619912e+003;2,128869e-003
1,620395e+003;2,148049e-003
1,620877e+003;2,165764e-003
1,621359e+003;2,173523e-003
1,621841e+003;2,161868e-003
1,622323e+003;2,123708e-003
1,622805e+003;2,060217e-003
1,623287e+003;1,983020e-003
1,623769e+003;1,911262e-003
1,624251e+003;1,861445e-003
1,624734e+003;1,840148e-003
1,625216e+003;1,843276e-003
1,625698e+003;1,859315e-003
1,626180e+003;1,873191e-003
1,626662e+003;1,870729e-003
1,627144e+003;1,843476e-003
1,627626e+003;1,792102e-003
1,628108e+003;1,727528e-003
1,628590e+003;1,665524e-003
1,629073e+003;1,621156e-003
1,629555e+003;1,602565e-003
1,630037e+003;1,610547e-003
1,630519e+003;1,640446e-003
1,631001e+003;1,686446e-003
1,631483e+003;1,743696e-003
1,631965e+003;1,808672e-003
1,632447e+003;1,879248e-003
1,632930e+003;1,952698e-003
1,633412e+003;2,022399e-003
1,633894e+003;2,076696e-003
1,634376e+003;2,098803e-003
1,634858e+003;2,072801e-003
1,635340e+003;1,996967e-003
1,635822e+003;1,892959e-003
1,636304e+003;1,798324e-003
1,636786e+003;1,739637e-003
1,637269e+003;1,722538e-003
1,637751e+003;1,735645e-003
1,638233e+003;1,763224e-003
1,638715e+003;1,790871e-003
1,639197e+003;1,809270e-003
1,639679e+003;1,814893e-003
1,640161e+003;1,808672e-003
1,640643e+003;1,794598e-003
1,641125e+003;1,777630e-003
1,641608e+003;1,761161e-003
1,642090e+003;1,746191e-003
1,642572e+003;1,730921e-003
1,643054e+003;1,712592e-003
1,643536e+003;1,688442e-003
1,644018e+003;1,656045e-003
1,644500e+003;1,614006e-003
1,644982e+003;1,562160e-003
1,645465e+003;1,501311e-003
1,645947e+003;1,434852e-003
1,646429e+003;1,369832e-003
1,646911e+003;1,315756e-003
1,647393e+003;1,280329e-003
1,647875e+003;1,265608e-003
1,648357e+003;1,268333e-003
1,648839e+003;1,283187e-003
1,649322e+003;1,304622e-003
1,649804e+003;1,327920e-003
1,650286e+003;1,349058e-003
1,650768e+003;1,363383e-003
1,651250e+003;1,365079e-003
1,651732e+003;1,347164e-003
1,652214e+003;1,305752e-003
1,652696e+003;1,249126e-003
1,653178e+003;1,202574e-003
1,653661e+003;1,190745e-003
1,654143e+003;1,214701e-003
1,654625e+003;1,259128e-003
1,655107e+003;1,311169e-003
1,655589e+003;1,364248e-003
1,656071e+003;1,416734e-003
1,656553e+003;1,468263e-003
1,657035e+003;1,519764e-003
1,657517e+003;1,571239e-003
1,658000e+003;1,622154e-003
1,658482e+003;1,671911e-003
1,658964e+003;1,718413e-003
1,659446e+003;1,759465e-003
1,659928e+003;1,791537e-003
1,660410e+003;1,810535e-003
1,660892e+003;1,811466e-003
1,661374e+003;1,790073e-003
1,661857e+003;1,744694e-003
1,662339e+003;1,678496e-003
1,662821e+003;1,601102e-003
1,663303e+003;1,525350e-003
1,663785e+003;1,461747e-003
1,664267e+003;1,416169e-003
1,664749e+003;1,388778e-003
1,665231e+003;1,376313e-003
1,665714e+003;1,373488e-003
1,666196e+003;1,374851e-003
1,666678e+003;1,374951e-003
1,667160e+003;1,368170e-003
1,667642e+003;1,350055e-003
1,668124e+003;1,319146e-003
1,668606e+003;1,279366e-003
1,669088e+003;1,240685e-003
1,669570e+003;1,217991e-003
1,670052e+003;1,224503e-003
1,670535e+003;1,265840e-003
1,671017e+003;1,339419e-003
1,671499e+003;1,437345e-003
1,671981e+003;1,549724e-003
1,672463e+003;1,665591e-003
1,672945e+003;1,773770e-003
1,673427e+003;1,860579e-003
1,673909e+003;1,909598e-003
1,674392e+003;1,906836e-003
1,674874e+003;1,848400e-003
1,675356e+003;1,749650e-003
1,675838e+003;1,638916e-003
1,676320e+003;1,546132e-003
1,676802e+003;1,487214e-003
1,677284e+003;1,463076e-003
1,677766e+003;1,465703e-003
1,678249e+003;1,483457e-003
1,678731e+003;1,505068e-003
1,679213e+003;1,521327e-003
1,679695e+003;1,528709e-003
1,680177e+003;1,528343e-003
1,680659e+003;1,525217e-003
1,681141e+003;1,524054e-003
1,681623e+003;1,526348e-003
1,682105e+003;1,528609e-003
1,682588e+003;1,522391e-003
1,683070e+003;1,497288e-003
1,683552e+003;1,450410e-003
1,684034e+003;1,395028e-003
1,684516e+003;1,357035e-003
1,684998e+003;1,351219e-003
1,685480e+003;1,371959e-003
1,685962e+003;1,402008e-003
1,686444e+003;1,425144e-003
1,686927e+003;1,429167e-003
1,687409e+003;1,407227e-003
1,687891e+003;1,359096e-003
1,688373e+003;1,291927e-003
1,688855e+003;1,219021e-003
1,689337e+003;1,155130e-003
1,689819e+003;1,113936e-003
1,690301e+003;1,101479e-003
1,690784e+003;1,117225e-003
1,691266e+003;1,155362e-003
1,691748e+003;1,209053e-003
1,692230e+003;1,272885e-003
1,692712e+003;1,342810e-003
1,693194e+003;1,415770e-003
1,693676e+003;1,488809e-003
1,694158e+003;1,555643e-003
1,694641e+003;1,606988e-003
1,695123e+003;1,631499e-003
1,695605e+003;1,622619e-003
1,696087e+003;1,584108e-003
1,696569e+003;1,528044e-003
1,697051e+003;1,465204e-003
1,697533e+003;1,398086e-003
1,698015e+003;1,322702e-003
1,698497e+003;1,233874e-003
1,698979e+003;1,133071e-003
1,699462e+003;1,038734e-003
1,699944e+003;9,838028e-004
1,700426e+003;9,975516e-004
1,700908e+003;1,076400e-003
1,701390e+003;1,189416e-003
1,701872e+003;1,301332e-003
1,702354e+003;1,389044e-003
1,702836e+003;1,441500e-003
1,703319e+003;1,453070e-003
1,703801e+003;1,422884e-003
1,704283e+003;1,355107e-003
1,704765e+003;1,261221e-003
1,705247e+003;1,159249e-003
1,705729e+003;1,068760e-003
1,706211e+003;1,004360e-003
1,706693e+003;9,704529e-004
1,707176e+003;9,641434e-004
1,707658e+003;9,788879e-004
1,708140e+003;1,008677e-003
1,708622e+003;1,047835e-003
1,709104e+003;1,091414e-003
1,709586e+003;1,135197e-003
1,710068e+003;1,174632e-003
1,710550e+003;1,207391e-003
1,711032e+003;1,232910e-003
1,711515e+003;1,253146e-003
1,711997e+003;1,271490e-003
1,712479e+003;1,292758e-003
1,712961e+003;1,321107e-003
1,713443e+003;1,360226e-003
1,713925e+003;1,410485e-003
1,714407e+003;1,469426e-003
1,714889e+003;1,530936e-003
1,715371e+003;1,584674e-003
1,715854e+003;1,616699e-003
1,716336e+003;1,613008e-003
1,716818e+003;1,563357e-003
1,717300e+003;1,470125e-003
1,717782e+003;1,352182e-003
1,718264e+003;1,239323e-003
1,718746e+003;1,154897e-003
1,719229e+003;1,107392e-003
1,719711e+003;1,091979e-003
1,720193e+003;1,096828e-003
1,720675e+003;1,109451e-003
1,721157e+003;1,118819e-003
1,721639e+003;1,118122e-003
1,722121e+003;1,104701e-003
1,722603e+003;1,080652e-003
1,723085e+003;1,052385e-003
1,723568e+003;1,028671e-003
1,724050e+003;1,016748e-003
1,724532e+003;1,020600e-003
1,725014e+003;1,040395e-003
1,725496e+003;1,074606e-003
1,725978e+003;1,119949e-003
1,726460e+003;1,173070e-003
1,726942e+003;1,230717e-003
1,727424e+003;1,288837e-003
1,727907e+003;1,342411e-003
1,728389e+003;1,387548e-003
1,728871e+003;1,420956e-003
1,729353e+003;1,443462e-003
1,729835e+003;1,459885e-003
1,730317e+003;1,477406e-003
1,730799e+003;1,503406e-003
1,731281e+003;1,540879e-003
1,731764e+003;1,586369e-003
1,732246e+003;1,628739e-003
1,732728e+003;1,648761e-003
1,733210e+003;1,623983e-003
1,733692e+003;1,542974e-003
1,734174e+003;1,419859e-003
1,734656e+003;1,290066e-003
1,735138e+003;1,182207e-003
1,735620e+003;1,106030e-003
1,736103e+003;1,054544e-003
1,736585e+003;1,016914e-003
1,737067e+003;9,841681e-004
1,737549e+003;9,528861e-004
1,738031e+003;9,242960e-004
1,738513e+003;9,041745e-004
1,738995e+003;8,982643e-004
1,739477e+003;9,084577e-004
1,739959e+003;9,303061e-004
1,740442e+003;9,557751e-004
1,740924e+003;9,775595e-004
1,741406e+003;9,931015e-004
1,741888e+003;1,004991e-003
1,742370e+003;1,018010e-003
1,742852e+003;1,036708e-003
1,743334e+003;1,061353e-003
1,743816e+003;1,087959e-003
1,744299e+003;1,110049e-003
1,744781e+003;1,122041e-003
1,745263e+003;1,122274e-003
1,745745e+003;1,113637e-003
1,746227e+003;1,103505e-003
1,746709e+003;1,099752e-003
1,747191e+003;1,107392e-003
1,747673e+003;1,126161e-003
1,748156e+003;1,149615e-003
1,748638e+003;1,167455e-003
1,749120e+003;1,168884e-003
1,749602e+003;1,148020e-003
1,750084e+003;1,105166e-003
1,750566e+003;1,046872e-003
1,751048e+003;9,833711e-004
1,751530e+003;9,238311e-004
1,752012e+003;8,748571e-004
1,752495e+003;8,388025e-004
1,752977e+003;8,156972e-004
1,753459e+003;8,041783e-004
1,753941e+003;8,026181e-004
1,754423e+003;8,089253e-004
1,754905e+003;8,198468e-004
1,755387e+003;8,319970e-004
1,755869e+003;8,408276e-004
1,756351e+003;8,434171e-004
1,756834e+003;8,395661e-004
1,757316e+003;8,321297e-004
1,757798e+003;8,245276e-004
1,758280e+003;8,185189e-004
1,758762e+003;8,125104e-004
1,759244e+003;8,018214e-004
1,759726e+003;7,800126e-004
1,760208e+003;7,414766e-004
1,760691e+003;6,851225e-004
1,761173e+003;6,172617e-004
1,761655e+003;5,516344e-004
1,762137e+003;5,040955e-004
1,762619e+003;4,874432e-004
1,763101e+003;5,049912e-004
1,763583e+003;5,521983e-004
1,764065e+003;6,200490e-004
1,764547e+003;6,982977e-004
1,765030e+003;7,766269e-004
1,765512e+003;8,457410e-004
1,765994e+003;8,978992e-004
1,766476e+003;9,271516e-004
1,766958e+003;9,321656e-004
1,767440e+003;9,175224e-004
1,767922e+003;8,945125e-004
1,768404e+003;8,768492e-004
1,768886e+003;8,754547e-004
1,769369e+003;8,955417e-004
1,769851e+003;9,345232e-004
1,770333e+003;9,836035e-004
1,770815e+003;1,029169e-003
1,771297e+003;1,058098e-003
1,771779e+003;1,062250e-003
1,772261e+003;1,045145e-003
1,772743e+003;1,019537e-003
1,773226e+003;1,000076e-003
1,773708e+003;9,946291e-004
1,774190e+003;1,002168e-003
1,774672e+003;1,016681e-003
1,775154e+003;1,030929e-003
1,775636e+003;1,039830e-003
1,776118e+003;1,041292e-003
1,776600e+003;1,035811e-003
1,777083e+003;1,025183e-003
1,777565e+003;1,010603e-003
1,778047e+003;9,905775e-004
1,778529e+003;9,629811e-004
1,779011e+003;9,261887e-004
1,779493e+003;8,818626e-004
1,779975e+003;8,365118e-004
1,780457e+003;7,993982e-004
1,780939e+003;7,783530e-004
1,781422e+003;7,757971e-004
1,781904e+003;7,867510e-004
1,782386e+003;8,013234e-004
1,782868e+003;8,072655e-004
1,783350e+003;7,949832e-004
1,783832e+003;7,598646e-004
1,784314e+003;7,054662e-004
1,784796e+003;6,418496e-004
1,785278e+003;5,844468e-004
1,785761e+003;5,481840e-004
1,786243e+003;5,424115e-004
1,786725e+003;5,708438e-004
1,787207e+003;6,308662e-004
1,787689e+003;7,157878e-004
1,788171e+003;8,150665e-004
1,788653e+003;9,159285e-004
1,789135e+003;1,004958e-003
1,789618e+003;1,067332e-003
1,790100e+003;1,090650e-003
1,790582e+003;1,066535e-003
1,791064e+003;9,948616e-004
1,791546e+003;8,862452e-004
1,792028e+003;7,617566e-004
1,792510e+003;6,443384e-004
1,792992e+003;5,496106e-004
1,793474e+003;4,834627e-004
1,793957e+003;4,444222e-004
1,794439e+003;4,298286e-004
1,794921e+003;4,378882e-004
1,795403e+003;4,676736e-004
1,795885e+003;5,167344e-004
1,796367e+003;5,779106e-004
1,796849e+003;6,403564e-004
1,797331e+003;6,899346e-004
1,797813e+003;7,140288e-004
1,798296e+003;7,058977e-004
1,798778e+003;6,667377e-004
1,799260e+003;6,063784e-004
1,799742e+003;5,390276e-004
1,800224e+003;4,797144e-004
1,800706e+003;4,377555e-004
1,801188e+003;4,146384e-004
1,801670e+003;4,062144e-004
1,802153e+003;4,075742e-004
1,802635e+003;4,160646e-004
1,803117e+003;4,329131e-004
1,803599e+003;4,598788e-004
1,804081e+003;4,967976e-004
1,804563e+003;5,386295e-004
1,805045e+003;5,766830e-004
1,805527e+003;6,004392e-004
1,806010e+003;6,019986e-004
1,806492e+003;5,802331e-004
1,806974e+003;5,414162e-004
1,807456e+003;4,977264e-004
1,807938e+003;4,625323e-004
1,808420e+003;4,468104e-004
1,808902e+003;4,542401e-004
1,809384e+003;4,813729e-004
1,809866e+003;5,196205e-004
1,810349e+003;5,589663e-004
1,810831e+003;5,903526e-004
1,811313e+003;6,076393e-004
1,811795e+003;6,072411e-004
1,812277e+003;5,873002e-004
1,812759e+003;5,470228e-004
1,813241e+003;4,869788e-004
1,813723e+003;4,108907e-004
1,814205e+003;3,264930e-004
1,814688e+003;2,450954e-004
1,815170e+003;1,806512e-004
1,815652e+003;1,445216e-004
1,816134e+003;1,424335e-004
1,816616e+003;1,714694e-004
1,817098e+003;2,214913e-004
1,817580e+003;2,778515e-004
1,818062e+003;3,276535e-004
1,818545e+003;3,634999e-004
1,819027e+003;3,840276e-004
1,819509e+003;3,918211e-004
1,819991e+003;3,902955e-004
1,820473e+003;3,812751e-004
1,820955e+003;3,637321e-004
1,821437e+003;3,350149e-004
1,821919e+003;2,937332e-004
1,822401e+003;2,411171e-004
1,822884e+003;1,827064e-004
1,823366e+003;1,285791e-004
1,823848e+003;9,053163e-005
1,824330e+003;7,976095e-005
1,824812e+003;1,017334e-004
1,825294e+003;1,542664e-004
1,825776e+003;2,271933e-004
1,826258e+003;3,074933e-004
1,826740e+003;3,819051e-004
1,827223e+003;4,396461e-004
1,827705e+003;4,731466e-004
1,828187e+003;4,782549e-004
1,828669e+003;4,553015e-004
1,829151e+003;4,108244e-004
1,829633e+003;3,580946e-004
1,830115e+003;3,125001e-004
1,830597e+003;2,848473e-004
1,831080e+003;2,778847e-004
1,831562e+003;2,876987e-004
1,832044e+003;3,080570e-004
1,832526e+003;3,337549e-004
1,833008e+003;3,622730e-004
1,833490e+003;3,922854e-004
1,833972e+003;4,213048e-004
1,834454e+003;4,433940e-004
1,834937e+003;4,486346e-004
1,835419e+003;4,256496e-004
1,835901e+003;3,664514e-004
1,836383e+003;2,721157e-004
1,836865e+003;1,562883e-004
1,837347e+003;4,221482e-005
1,837829e+003;-4,078609e-005
1,838311e+003;-6,984094e-005
1,838793e+003;-3,624713e-005
1,839276e+003;5,129452e-005
1,839758e+003;1,717345e-004
1,840240e+003;2,992040e-004
1,840722e+003;4,086023e-004
1,841204e+003;4,837281e-004
1,841686e+003;5,165354e-004
1,842168e+003;5,078772e-004
1,842650e+003;4,646552e-004
1,843132e+003;3,980891e-004
1,843615e+003;3,216850e-004
1,844097e+003;2,481786e-004
1,844579e+003;1,875792e-004
1,845061e+003;1,461126e-004
1,845543e+003;1,236076e-004
1,846025e+003;1,149572e-004
1,846507e+003;1,104829e-004
1,846989e+003;9,838611e-005
1,847472e+003;6,677022e-005
1,847954e+003;8,548666e-006
1,848436e+003;-7,590345e-005
1,848918e+003;-1,767010e-004
1,849400e+003;-2,784024e-004
1,849882e+003;-3,636926e-004
1,850364e+003;-4,207972e-004
1,850846e+003;-4,457222e-004
1,851328e+003;-4,414523e-004
1,851811e+003;-4,148719e-004
1,852293e+003;-3,729622e-004
1,852775e+003;-3,203542e-004
1,853257e+003;-2,587660e-004
1,853739e+003;-1,890217e-004
1,854221e+003;-1,140324e-004
1,854703e+003;-4,028912e-005
1,855185e+003;2,229978e-005
1,855667e+003;6,189880e-005
1,856150e+003;6,975276e-005
1,856632e+003;4,261246e-005
1,857114e+003;-1,471126e-005
1,857596e+003;-9,246726e-005
1,858078e+003;-1,776284e-004
1,858560e+003;-2,596601e-004
1,859042e+003;-3,319756e-004
1,859524e+003;-3,914679e-004
1,860007e+003;-4,371492e-004
1,860489e+003;-4,675677e-004
1,860971e+003;-4,799132e-004
1,861453e+003;-4,705466e-004
1,861935e+003;-4,376789e-004
1,862417e+003;-3,806096e-004
1,862899e+003;-3,019780e-004
1,863381e+003;-2,059124e-004
1,863864e+003;-9,803256e-005
1,864346e+003;1,646793e-005
1,864828e+003;1,324238e-004
1,865310e+003;2,445981e-004
1,865792e+003;3,469194e-004
1,866274e+003;4,305583e-004
1,866756e+003;4,856188e-004
1,867238e+003;5,006788e-004
1,867720e+003;4,689341e-004
1,868203e+003;3,924180e-004
1,868685e+003;2,858420e-004
1,869167e+003;1,726627e-004
1,869649e+003;7,492252e-005
1,870131e+003;6,626859e-006
1,870613e+003;-2,965395e-005
1,871095e+003;-4,012347e-005
1,871577e+003;-3,628026e-005
1,872059e+003;-3,058164e-005
1,872542e+003;-3,425925e-005
1,873024e+003;-5,523093e-005
1,873506e+003;-9,660811e-005
1,873988e+003;-1,550727e-004
1,874470e+003;-2,220407e-004
1,874952e+003;-2,853891e-004
1,875434e+003;-3,312141e-004
1,875916e+003;-3,481654e-004
1,876399e+003;-3,308168e-004
1,876881e+003;-2,804553e-004
1,877363e+003;-2,046539e-004
1,877845e+003;-1,141318e-004
1,878327e+003;-2,014503e-005
1,878809e+003;6,875858e-005
1,879291e+003;1,468417e-004
1,879773e+003;2,105516e-004
1,880255e+003;2,569311e-004
1,880738e+003;2,829906e-004
1,881220e+003;2,863062e-004
1,881702e+003;2,654848e-004
1,882184e+003;2,241102e-004
1,882666e+003;1,699446e-004
1,883148e+003;1,148578e-004
1,883630e+003;7,177426e-005
1,884112e+003;4,933939e-005
1,884594e+003;4,844467e-005
1,885077e+003;6,150113e-005
1,885559e+003;7,661265e-005
1,886041e+003;8,271044e-005
1,886523e+003;7,379577e-005
1,887005e+003;5,159276e-005
1,887487e+003;2,485124e-005
1,887969e+003;4,903865e-006
1,888451e+003;1,325362e-007
1,888934e+003;1,216036e-005
1,889416e+003;3,495782e-005
1,889898e+003;5,898259e-005
1,890380e+003;7,618184e-005
1,890862e+003;8,489771e-005
1,891344e+003;8,904029e-005
1,891826e+003;9,477369e-005
1,892308e+003;1,059093e-004
1,892791e+003;1,206578e-004
1,893273e+003;1,319266e-004
1,893755e+003;1,307997e-004
1,894237e+003;1,110464e-004
1,894719e+003;7,382892e-005
1,895201e+003;2,839680e-005
1,895683e+003;-1,083470e-005
1,896165e+003;-3,157559e-005
1,896647e+003;-2,879252e-005
1,897130e+003;-6,792425e-006
1,897612e+003;2,329385e-005
1,898094e+003;4,844467e-005
1,898576e+003;5,825355e-005
1,899058e+003;4,880918e-005
1,899540e+003;2,349267e-005
1,900022e+003;-9,774431e-006
1,900504e+003;-4,250889e-005
1,900986e+003;-6,821763e-005
1,901469e+003;-8,401980e-005
1,901951e+003;-9,038026e-005
1,902433e+003;-8,935331e-005
1,902915e+003;-8,382103e-005
1,903397e+003;-7,646663e-005
1,903879e+003;-7,056977e-005
1,904361e+003;-7,003971e-005
1,904843e+003;-7,802365e-005
1,905326e+003;-9,541555e-005
1,905808e+003;-1,199949e-004
1,906290e+003;-1,439104e-004
1,906772e+003;-1,572588e-004
1,907254e+003;-1,512968e-004
1,907736e+003;-1,233405e-004
1,908218e+003;-8,054138e-005
1,908700e+003;-3,757238e-005
1,909182e+003;-1,590405e-005
1,909665e+003;-3,256954e-005
1,910147e+003;-9,339482e-005
1,910629e+003;-1,888230e-004
1,911111e+003;-2,970113e-004
1,911593e+003;-3,906072e-004
1,912075e+003;-4,457884e-004
1,912557e+003;-4,503893e-004
1,913039e+003;-4,073576e-004
1,913521e+003;-3,336310e-004
1,914004e+003;-2,540638e-004
1,914486e+003;-1,951819e-004
1,914968e+003;-1,750450e-004
1,915450e+003;-1,985600e-004
1,915932e+003;-2,551565e-004
1,916414e+003;-3,210827e-004
1,916896e+003;-3,663411e-004
1,917378e+003;-3,613751e-004
1,917861e+003;-2,904552e-004
1,918343e+003;-1,584843e-004
1,918825e+003;1,070243e-005
1,919307e+003;1,866179e-004
1,919789e+003;3,396241e-004
1,920271e+003;4,480044e-004
1,920753e+003;4,993519e-004
1,921235e+003;4,877418e-004
1,921718e+003;4,138756e-004
1,922200e+003;2,846484e-004
1,922682e+003;1,134326e-004
1,923164e+003;-8,385416e-005
1,923646e+003;-2,902897e-004
1,924128e+003;-4,908683e-004
1,924610e+003;-6,727292e-004
1,925092e+003;-8,236927e-004
1,925574e+003;-9,315577e-004
1,926057e+003;-9,866704e-004
1,926539e+003;-9,826041e-004
1,927021e+003;-9,195887e-004
1,927503e+003;-8,049739e-004
1,927985e+003;-6,530115e-004
1,928467e+003;-4,829251e-004
1,928949e+003;-3,148580e-004
1,929431e+003;-1,699775e-004
1,929913e+003;-6,507038e-005
1,930396e+003;-1,050336e-005
1,930878e+003;-8,912965e-006
1,931360e+003;-5,493276e-005
1,931842e+003;-1,354308e-004
1,932324e+003;-2,313465e-004
1,932806e+003;-3,214469e-004
1,933288e+003;-3,847477e-004
1,933770e+003;-4,051728e-004
1,934253e+003;-3,760079e-004
1,934735e+003;-3,011171e-004
1,935217e+003;-1,948176e-004
1,935699e+003;-7,858683e-005
1,936181e+003;2,127257e-005
1,936663e+003;8,025806e-005
1,937145e+003;8,277672e-005
1,937627e+003;2,740272e-005
1,938109e+003;-6,894647e-005
1,938592e+003;-1,734552e-004
1,939074e+003;-2,422085e-004
1,939556e+003;-2,351218e-004
1,940038e+003;-1,235061e-004
1,940520e+003;9,530396e-005
1,941002e+003;3,916221e-004
1,941484e+003;6,988619e-004
1,941966e+003;9,345564e-004
1,942448e+003;1,027741e-003
1,942931e+003;9,432231e-004
1,943413e+003;6,976671e-004
1,943895e+003;3,488759e-004
1,944377e+003;-2,292815e-005
1,944859e+003;-3,472384e-004
1,945341e+003;-5,765139e-004
1,945823e+003;-6,969121e-004
1,946305e+003;-7,245007e-004
1,946788e+003;-6,951588e-004
1,947270e+003;-6,486774e-004
1,947752e+003;-6,142019e-004
1,948234e+003;-6,082462e-004
1,948716e+003;-6,325649e-004
1,949198e+003;-6,800736e-004
1,949680e+003;-7,408413e-004
1,950162e+003;-8,042133e-004
1,950645e+003;-8,585153e-004
1,951127e+003;-8,881107e-004
1,951609e+003;-8,759752e-004
1,952091e+003;-8,063299e-004
1,952573e+003;-6,730931e-004
1,953055e+003;-4,853081e-004
1,953537e+003;-2,707863e-004
1,954019e+003;-6,941026e-005
1,954501e+003;7,999294e-005
1,954984e+003;1,465103e-004
1,955466e+003;1,198955e-004
1,955948e+003;1,017227e-005
1,956430e+003;-1,546753e-004
1,956912e+003;-3,441594e-004
1,957394e+003;-5,305494e-004
1,957876e+003;-6,964490e-004
1,958358e+003;-8,339777e-004
1,958840e+003;-9,390630e-004
1,959323e+003;-1,009216e-003
1,959805e+003;-1,043858e-003
1,960287e+003;-1,048916e-003
1,960769e+003;-1,042768e-003
1,961251e+003;-1,055493e-003
1,961733e+003;-1,123281e-003
1,962215e+003;-1,275343e-003
1,962697e+003;-1,521101e-003
1,963180e+003;-1,841029e-003
1,963662e+003;-2,191052e-003
1,964144e+003;-2,512496e-003
1,964626e+003;-2,748138e-003
1,965108e+003;-2,865006e-003
1,965590e+003;-2,856679e-003
1,966072e+003;-2,743924e-003
1,966554e+003;-2,559503e-003
1,967036e+003;-2,337402e-003
1,967519e+003;-2,095799e-003
1,968001e+003;-1,835222e-003
1,968483e+003;-1,541011e-003
1,968965e+003;-1,195585e-003
1,969447e+003;-7,914470e-004
1,969929e+003;-3,394912e-004
1,970411e+003;1,304683e-004
1,970893e+003;5,677250e-004
1,971375e+003;9,119441e-004
1,971858e+003;1,112175e-003
1,972340e+003;1,137356e-003
1,972822e+003;9,905443e-004
1,973304e+003;7,070925e-004
1,973786e+003;3,522583e-004
1,974268e+003;5,367748e-006
1,974750e+003;-2,566467e-004
1,975232e+003;-3,745182e-004
1,975715e+003;-3,258504e-004
1,976197e+003;-1,300316e-004
1,976679e+003;1,570837e-004
1,977161e+003;4,673087e-004
1,977643e+003;7,378588e-004
1,978125e+003;9,256242e-004
1,978607e+003;1,015784e-003
1,979089e+003;1,012198e-003
1,979572e+003;9,288451e-004
1,980054e+003;7,765605e-004
1,980536e+003;5,603929e-004
1,981018e+003;2,808023e-004
1,981500e+003;-5,798070e-005
1,981982e+003;-4,391684e-004
1,982464e+003;-8,315967e-004
1,982946e+003;-1,193569e-003
1,983428e+003;-1,482997e-003
1,983911e+003;-1,673355e-003
1,984393e+003;-1,756688e-003
1,984875e+003;-1,741673e-003
1,985357e+003;-1,646948e-003
1,985839e+003;-1,492804e-003
1,986321e+003;-1,298964e-003
1,986803e+003;-1,082596e-003
1,987285e+003;-8,663195e-004
1,987767e+003;-6,758059e-004
1,988250e+003;-5,395507e-004
1,988732e+003;-4,829251e-004
1,989214e+003;-5,185031e-004
1,989696e+003;-6,393805e-004
1,990178e+003;-8,147303e-004
1,990660e+003;-1,000224e-003
1,991142e+003;-1,146414e-003
1,991624e+003;-1,218384e-003
1,992107e+003;-1,210751e-003
1,992589e+003;-1,144663e-003
1,993071e+003;-1,056815e-003
1,993553e+003;-9,800586e-004
1,994035e+003;-9,310949e-004
1,994517e+003;-9,020645e-004
1,994999e+003;-8,683366e-004
1,995481e+003;-8,001123e-004
1,995964e+003;-6,776917e-004
1,996446e+003;-5,016246e-004
1,996928e+003;-2,958855e-004
1,997410e+003;-9,790005e-005
1,997892e+003;4,900801e-005
1,998374e+003;1,131343e-004
1,998856e+003;8,430118e-005
1,999338e+003;-2,594318e-005
1,999820e+003;-1,919362e-004
2,000302e+003;-3,858401e-004
2,000785e+003;-5,883600e-004
2,001267e+003;-7,947874e-004
2,001749e+003;-1,013083e-003
2,002231e+003;-1,258560e-003
2,002713e+003;-1,544544e-003
2,003195e+003;-1,874186e-003
2,003677e+003;-2,236149e-003
2,004159e+003;-2,607789e-003
2,004642e+003;-2,956043e-003
2,005124e+003;-3,249955e-003
2,005606e+003;-3,467152e-003
2,006088e+003;-3,600258e-003
2,006570e+003;-3,658351e-003
2,007052e+003;-3,656938e-003
2,007534e+003;-3,612087e-003
2,008016e+003;-3,530194e-003
2,008499e+003;-3,404595e-003
2,008981e+003;-3,221803e-003
2,009463e+003;-2,970128e-003
2,009945e+003;-2,647211e-003
2,010427e+003;-2,263409e-003
2,010909e+003;-1,838290e-003
2,011391e+003;-1,396935e-003
2,011873e+003;-9,610159e-004
2,012355e+003;-5,442499e-004
2,012838e+003;-1,551721e-004
2,013320e+003;2,006067e-004
2,013802e+003;5,183268e-004
2,014284e+003;7,876141e-004
2,014766e+003;9,933340e-004
2,015248e+003;1,116062e-003
2,015730e+003;1,134632e-003
2,016212e+003;1,034350e-003
2,016694e+003;8,115477e-004
2,017177e+003;4,824344e-004
2,017659e+003;8,191507e-005
2,018141e+003;-3,361141e-004
2,018623e+003;-7,088541e-004
2,019105e+003;-9,794635e-004
2,019587e+003;-1,099287e-003
2,020069e+003;-1,045676e-003
2,020551e+003;-8,298439e-004
2,021034e+003;-5,016908e-004
2,021516e+003;-1,371864e-004
2,021998e+003;1,759111e-004
2,022480e+003;3,649259e-004
2,022962e+003;3,998136e-004
2,023444e+003;2,982425e-004
2,023926e+003;1,213538e-004
2,024408e+003;-5,291184e-005
2,024891e+003;-1,510318e-004
2,025373e+003;-1,377495e-004
2,025855e+003;-2,630763e-005
2,026337e+003;1,277505e-004
2,026819e+003;2,547429e-004
2,027301e+003;2,977451e-004
2,027783e+003;2,333263e-004
2,028265e+003;7,959526e-005
2,028747e+003;-1,106867e-004
2,029229e+003;-2,739321e-004
2,029712e+003;-3,628649e-004
2,030194e+003;-3,559456e-004
2,030676e+003;-2,634351e-004
2,031158e+003;-1,158874e-004
2,031640e+003;4,761622e-005
2,032122e+003;1,941426e-004
2,032604e+003;3,021550e-004
2,033086e+003;3,637321e-004
2,033569e+003;3,810429e-004
2,034051e+003;3,613776e-004
2,034533e+003;3,151528e-004
2,035015e+003;2,540135e-004
2,035497e+003;1,908609e-004
2,035979e+003;1,373955e-004
2,036461e+003;1,011700e-004
2,036943e+003;8,290928e-005
2,037426e+003;7,624812e-005
2,037908e+003;7,273530e-005
2,038390e+003;6,643883e-005
2,038872e+003;5,898259e-005
2,039354e+003;5,971165e-005
2,039836e+003;8,244532e-005
2,040318e+003;1,349759e-004
2,040800e+003;2,149937e-004
2,041282e+003;3,059349e-004
2,041765e+003;3,859842e-004
2,042247e+003;4,351685e-004
2,042729e+003;4,463792e-004
2,043211e+003;4,278054e-004
2,043693e+003;3,992167e-004
2,044175e+003;3,813082e-004
2,044657e+003;3,828337e-004
2,045139e+003;3,959002e-004
2,045622e+003;3,988518e-004
2,046104e+003;3,654565e-004
2,046586e+003;2,793103e-004
2,047068e+003;1,437593e-004
2,047550e+003;-1,640104e-005
2,048032e+003;-1,635188e-004
2,048514e+003;-2,651570e-004
2,048996e+003;-3,065804e-004
2,049479e+003;-2,956869e-004
2,049960e+003;-2,580044e-004
2,050443e+003;-2,257829e-004
2,050925e+003;-2,243258e-004
2,051407e+003;-2,635345e-004
2,051889e+003;-3,405175e-004
2,052371e+003;-4,431073e-004
2,052853e+003;-5,565602e-004
2,053335e+003;-6,700495e-004
2,053817e+003;-7,770597e-004
2,054300e+003;-8,731314e-004
2,054782e+003;-9,515604e-004
2,055264e+003;-1,003530e-003
2,055746e+003;-1,017480e-003
2,056228e+003;-9,858769e-004
2,056710e+003;-9,096033e-004
2,057192e+003;-8,003768e-004
2,057674e+003;-6,779563e-004
2,058156e+003;-5,636417e-004
2,058639e+003;-4,746838e-004
2,059121e+003;-4,172884e-004
2,059603e+003;-3,861049e-004
2,060085e+003;-3,675329e-004
2,060567e+003;-3,482978e-004
2,061049e+003;-3,203874e-004
2,061531e+003;-2,840315e-004
2,062013e+003;-2,455201e-004
2,062496e+003;-2,127347e-004
2,062978e+003;-1,887236e-004
2,063460e+003;-1,694807e-004
2,063942e+003;-1,450035e-004
2,064424e+003;-1,053866e-004
2,064906e+003;-4,757788e-005
2,065388e+003;2,027850e-005
2,065870e+003;7,870048e-005
2,066353e+003;1,026945e-004
2,066835e+003;6,962020e-005
2,067317e+003;-3,121114e-005
2,067799e+003;-1,926979e-004
2,068281e+003;-3,899782e-004
2,068763e+003;-5,881284e-004
2,069245e+003;-7,462660e-004
2,069727e+003;-8,303069e-004
2,070209e+003;-8,212124e-004
2,070692e+003;-7,180502e-004
2,071174e+003;-5,366055e-004
2,071656e+003;-3,042627e-004
2,072138e+003;-5,165290e-005
2,072620e+003;1,966288e-004
2,073102e+003;4,246546e-004
2,073584e+003;6,260216e-004
2,074066e+003;7,999625e-004
2,074549e+003;9,462780e-004
2,075031e+003;1,061187e-003
2,075513e+003;1,136725e-003
2,075995e+003;1,162139e-003
2,076477e+003;1,129981e-003
2,076959e+003;1,040860e-003
2,077441e+003;9,076608e-004
2,077923e+003;7,531599e-004
2,078406e+003;6,051176e-004
2,078887e+003;4,894998e-004
2,079370e+003;4,197128e-004
2,079852e+003;3,946400e-004
2,080334e+003;3,991503e-004
2,080816e+003;4,112887e-004
2,081298e+003;4,090666e-004
2,081780e+003;3,780914e-004
2,082262e+003;3,158822e-004
2,082744e+003;2,299780e-004
2,083227e+003;1,345450e-004
2,083709e+003;4,304325e-005
2,084191e+003;-3,386167e-005
2,084673e+003;-9,177160e-005
2,085155e+003;-1,303960e-004
2,085637e+003;-1,512968e-004
2,086119e+003;-1,557683e-004
2,086601e+003;-1,439435e-004
2,087083e+003;-1,158543e-004
2,087566e+003;-7,378324e-005
2,088048e+003;-2,206671e-005
2,088530e+003;2,995420e-005
2,089012e+003;7,296728e-005
2,089494e+003;9,805469e-005
2,089976e+003;1,007060e-004
2,090458e+003;8,198135e-005
2,090940e+003;4,857722e-005
2,091423e+003;9,476439e-006
2,091905e+003;-2,574439e-005
2,092387e+003;-4,896935e-005
2,092869e+003;-5,576101e-005
2,093351e+003;-4,433108e-005
2,093833e+003;-1,547332e-005
2,094315e+003;2,756840e-005
2,094797e+003;8,005922e-005
2,095280e+003;1,346113e-004
2,095762e+003;1,829384e-004
2,096244e+003;2,151263e-004
2,096726e+003;2,225189e-004
2,097208e+003;1,992144e-004
2,097690e+003;1,441570e-004
2,098172e+003;6,183252e-005
2,098654e+003;-3,919580e-005
2,099136e+003;-1,484483e-004
2,099619e+003;-2,558851e-004
2,100101e+003;-3,536281e-004
2,100583e+003;-4,365865e-004
2,101065e+003;-5,004331e-004
2,101547e+003;-5,405105e-004
2,102029e+003;-5,500411e-004
2,102511e+003;-5,208197e-004
2,102993e+003;-4,449609e-004
2,103476e+003;-3,189636e-004
2,103958e+003;-1,471233e-004
2,104440e+003;5,546993e-005
2,104922e+003;2,661147e-004
2,105404e+003;4,572584e-004
2,105886e+003;6,026955e-004
2,106368e+003;6,853880e-004
2,106850e+003;7,010523e-004
2,107333e+003;6,590057e-004
2,107814e+003;5,780433e-004
2,108297e+003;4,844578e-004
2,108779e+003;4,031964e-004
2,109261e+003;3,534189e-004
2,109743e+003;3,462562e-004
2,110225e+003;3,816398e-004
2,110707e+003;4,502930e-004
2,111189e+003;5,336201e-004
2,111671e+003;6,089002e-004
2,112154e+003;6,504442e-004
2,112636e+003;6,355118e-004
2,113118e+003;5,501083e-004
2,113600e+003;3,922854e-004
2,114082e+003;1,752150e-004
2,114564e+003;-7,583720e-005
2,115046e+003;-3,254862e-004
2,115528e+003;-5,384587e-004
2,116010e+003;-6,880794e-004
2,116493e+003;-7,615143e-004
2,116975e+003;-7,641604e-004
2,117457e+003;-7,160324e-004
2,117939e+003;-6,471886e-004
2,118421e+003;-5,856798e-004
2,118903e+003;-5,528870e-004
2,119385e+003;-5,573874e-004
2,119867e+003;-5,946469e-004
2,120350e+003;-6,488428e-004
2,120832e+003;-6,984668e-004
2,121314e+003;-7,219205e-004
2,121796e+003;-7,004848e-004
2,122278e+003;-6,219111e-004
2,122760e+003;-4,832892e-004
2,123242e+003;-2,915479e-004
2,123724e+003;-6,268508e-005
2,124207e+003;1,778337e-004
2,124689e+003;3,987855e-004
2,125171e+003;5,721045e-004
2,125653e+003;6,756977e-004
2,126135e+003;7,007204e-004
2,126617e+003;6,531652e-004
2,127099e+003;5,522647e-004
2,127581e+003;4,245551e-004
2,128063e+003;2,949268e-004
2,128546e+003;1,820103e-004
2,129028e+003;9,295093e-005
2,129510e+003;2,418852e-005
2,129992e+003;-3,386167e-005
2,130474e+003;-9,038026e-005
2,130956e+003;-1,499057e-004
2,131438e+003;-2,111782e-004
2,131920e+003;-2,672763e-004
2,132403e+003;-3,101564e-004
2,132885e+003;-3,337965e-004
2,133367e+003;-3,367432e-004
2,133849e+003;-3,214800e-004
2,134331e+003;-2,938989e-004
2,134813e+003;-2,611502e-004
2,135295e+003;-2,315783e-004
2,135777e+003;-2,150529e-004
2,136260e+003;-2,218751e-004
2,136741e+003;-2,632364e-004
2,137224e+003;-3,467749e-004
2,137706e+003;-4,741873e-004
2,138188e+003;-6,374616e-004
2,138670e+003;-8,218407e-004
2,139152e+003;-1,005547e-003
2,139634e+003;-1,169513e-003
2,140116e+003;-1,303259e-003
2,140598e+003;-1,407108e-003
2,141081e+003;-1,490757e-003
2,141563e+003;-1,566598e-003
2,142045e+003;-1,641436e-003
2,142527e+003;-1,711971e-003
2,143009e+003;-1,764179e-003
2,143491e+003;-1,777148e-003
2,143973e+003;-1,735502e-003
2,144455e+003;-1,636154e-003
2,144938e+003;-1,493035e-003
2,145420e+003;-1,333451e-003
2,145902e+003;-1,194230e-003
2,146384e+003;-1,107550e-003
2,146866e+003;-1,092347e-003
2,147348e+003;-1,150083e-003
2,147830e+003;-1,264771e-003
2,148312e+003;-1,412458e-003
2,148794e+003;-1,567555e-003
2,149277e+003;-1,712862e-003
2,149759e+003;-1,844955e-003
2,150241e+003;-1,973446e-003
2,150723e+003;-2,116539e-003
2,151205e+003;-2,297754e-003
2,151687e+003;-2,539442e-003
2,152169e+003;-2,853387e-003
2,152651e+003;-3,239596e-003
2,153134e+003;-3,681186e-003
2,153616e+003;-4,145728e-003
2,154098e+003;-4,584726e-003
2,154580e+003;-4,943225e-003
2,155062e+003;-5,169858e-003
2,155544e+003;-5,226171e-003
2,156026e+003;-5,097296e-003
2,156508e+003;-4,793786e-003
2,156990e+003;-4,354375e-003
2,157473e+003;-3,832289e-003
2,157955e+003;-3,289253e-003
2,158437e+003;-2,776947e-003
2,158919e+003;-2,324120e-003
2,159401e+003;-1,932379e-003
2,159883e+003;-1,588981e-003
2,160365e+003;-1,282446e-003
2,160847e+003;-1,017579e-003
2,161330e+003;-8,201872e-004
2,161812e+003;-7,296278e-004
2,162294e+003;-7,808633e-004
2,162776e+003;-9,833314e-004
2,163258e+003;-1,306661e-003
2,163740e+003;-1,682134e-003
2,164222e+003;-2,024271e-003
2,164704e+003;-2,249697e-003
2,165187e+003;-2,309388e-003
2,165668e+003;-2,205326e-003
2,166151e+003;-1,988190e-003
2,166633e+003;-1,737515e-003
2,167115e+003;-1,527177e-003
2,167597e+003;-1,401064e-003
2,168079e+003;-1,354426e-003
2,168561e+003;-1,340619e-003
2,169043e+003;-1,289582e-003
2,169525e+003;-1,143903e-003
2,170008e+003;-8,813652e-004
2,170490e+003;-5,279019e-004
2,170972e+003;-1,458647e-004
2,171454e+003;1,860543e-004
2,171936e+003;4,062144e-004
2,172418e+003;4,925848e-004
2,172900e+003;4,672756e-004
2,173382e+003;3,897980e-004
2,173865e+003;3,285488e-004
2,174347e+003;3,437360e-004
2,174829e+003;4,613714e-004
2,175311e+003;6,726115e-004
2,175793e+003;9,403009e-004
2,176275e+003;1,220915e-003
2,176757e+003;1,474048e-003
2,177239e+003;1,672310e-003
2,177721e+003;1,803082e-003
2,178204e+003;1,859315e-003
2,178686e+003;1,834824e-003
2,179168e+003;1,722804e-003
2,179650e+003;1,518202e-003
2,180132e+003;1,226696e-003
2,180614e+003;8,707070e-004
2,181096e+003;4,935800e-004
2,181578e+003;1,480350e-004
2,182061e+003;-1,138999e-004
2,182543e+003;-2,553552e-004
2,183025e+003;-2,674088e-004
2,183507e+003;-1,657380e-004
2,183989e+003;1,149766e-005
2,184471e+003;2,193696e-004
2,184953e+003;4,113882e-004
2,185435e+003;5,527955e-004
2,185917e+003;6,262539e-004
2,186400e+003;6,307335e-004
2,186882e+003;5,798682e-004
2,187364e+003;4,964327e-004
2,187846e+003;4,071762e-004
2,188328e+003;3,355455e-004
2,188810e+003;2,981430e-004
2,189292e+003;3,015250e-004
2,189774e+003;3,405526e-004
2,190257e+003;4,016045e-004
2,190739e+003;4,655176e-004
2,191221e+003;5,139479e-004
2,191703e+003;5,324258e-004
2,192185e+003;5,129527e-004
2,192667e+003;4,563629e-004
2,193149e+003;3,689717e-004
2,193631e+003;2,615394e-004
2,194114e+003;1,474052e-004
2,194595e+003;4,088933e-005
2,195078e+003;-4,539126e-005
2,195560e+003;-1,002852e-004
2,196042e+003;-1,178749e-004
2,196524e+003;-9,992077e-005
2,197006e+003;-5,695368e-005
2,197488e+003;-8,217164e-006
2,197970e+003;2,445361e-005
2,198452e+003;2,024537e-005
2,198935e+003;-3,177438e-005
2,199417e+003;-1,294023e-004
2,199899e+003;-2,566467e-004
2,200381e+003;-3,882567e-004
2,200863e+003;-4,979841e-004
2,201345e+003;-5,662890e-004
2,201827e+003;-5,885586e-004
2,202309e+003;-5,755874e-004
2,202792e+003;-5,510669e-004
2,203274e+003;-5,412385e-004
2,203756e+003;-5,687046e-004
2,204238e+003;-6,427221e-004
2,204720e+003;-7,540721e-004
2,205202e+003;-8,782569e-004
2,205684e+003;-9,810503e-004
2,206166e+003;-1,030074e-003
2,206648e+003;-1,001679e-003
2,207131e+003;-8,911198e-004
2,207613e+003;-7,125260e-004
2,208095e+003;-4,979841e-004
2,208577e+003;-2,843295e-004
2,209059e+003;-1,058172e-004
2,209541e+003;1,709750e-005
2,210023e+003;8,178251e-005
2,210505e+003;1,014351e-004
2,210988e+003;9,722616e-005
2,211470e+003;8,834434e-005
2,211952e+003;8,761524e-005
2,212434e+003;9,583421e-005
2,212916e+003;1,067047e-004
2,213398e+003;1,110132e-004
2,213880e+003;1,050476e-004
2,214362e+003;9,245381e-005
2,214844e+003;8,393663e-005
2,215327e+003;9,020022e-005
2,215809e+003;1,171446e-004
2,216291e+003;1,609950e-004
2,216773e+003;2,083968e-004
2,217255e+003;2,409513e-004
2,217737e+003;2,426752e-004
2,218219e+003;2,062421e-004
2,218701e+003;1,345119e-004
2,219184e+003;4,029286e-005
2,219666e+003;-6,053167e-005
2,220148e+003;-1,509325e-004
2,220630e+003;-2,203517e-004
2,221112e+003;-2,635345e-004
2,221594e+003;-2,794951e-004
2,222076e+003;-2,710844e-004
2,222558e+003;-2,421754e-004
2,223041e+003;-1,994211e-004
2,223522e+003;-1,509325e-004
2,224005e+003;-1,067448e-004
2,224487e+003;-7,557217e-005
2,224969e+003;-6,149242e-005
2,225451e+003;-6,139304e-005
2,225933e+003;-6,490474e-005
2,226415e+003;-5,745062e-005
2,226897e+003;-2,587691e-005
2,227379e+003;3,419568e-005
2,227862e+003;1,158521e-004
2,228344e+003;2,021978e-004
2,228826e+003;2,744034e-004
2,229308e+003;3,169765e-004
2,229790e+003;3,265593e-004
2,230272e+003;3,128649e-004
2,230754e+003;2,953910e-004
2,231236e+003;2,958220e-004
2,231719e+003;3,294110e-004
2,232201e+003;4,009081e-004
2,232683e+003;5,029013e-004
2,233165e+003;6,213762e-004
2,233647e+003;7,376265e-004
2,234129e+003;8,370762e-004
2,234611e+003;9,085241e-004
2,235093e+003;9,440864e-004
2,235575e+003;9,397033e-004
2,236058e+003;8,934832e-004
2,236540e+003;8,073319e-004
2,237022e+003;6,893372e-004
2,237504e+003;5,561463e-004
2,237986e+003;4,296628e-004
2,238468e+003;3,327269e-004
2,238950e+003;2,827254e-004
2,239432e+003;2,839190e-004
2,239915e+003;3,260951e-004
2,240397e+003;3,859842e-004
2,240879e+003;4,382530e-004
2,241361e+003;4,608739e-004
2,241843e+003;4,443891e-004
2,242325e+003;3,932139e-004
2,242807e+003;3,227129e-004
2,243289e+003;2,519912e-004
2,243771e+003;1,954354e-004
2,244254e+003;1,599012e-004
2,244736e+003;1,434941e-004
2,245218e+003;1,393841e-004
2,245700e+003;1,411740e-004
2,246182e+003;1,458805e-004
2,246664e+003;1,557579e-004
2,247146e+003;1,758780e-004
2,247628e+003;2,103195e-004
2,248111e+003;2,595834e-004
2,248593e+003;3,186012e-004
2,249075e+003;3,788873e-004
2,249557e+003;4,299281e-004
2,250039e+003;4,633616e-004
2,250521e+003;4,750042e-004
2,251003e+003;4,665790e-004
2,251485e+003;4,445881e-004
2,251968e+003;4,210726e-004
2,252449e+003;4,107912e-004
2,252932e+003;4,283029e-004
2,253414e+003;4,848227e-004
2,253896e+003;5,841813e-004
2,254378e+003;7,194717e-004
2,254860e+003;8,708399e-004
2,255342e+003;1,009574e-003
2,255824e+003;1,105764e-003
2,256306e+003;1,133403e-003
2,256789e+003;1,081216e-003
2,257271e+003;9,564393e-004
2,257753e+003;7,843610e-004
2,258235e+003;6,003065e-004
2,258717e+003;4,394802e-004
2,259199e+003;3,282173e-004
2,259681e+003;2,750333e-004
2,260163e+003;2,715852e-004
2,260646e+003;2,968167e-004
2,261128e+003;3,273220e-004
2,261610e+003;3,444987e-004
2,262092e+003;3,404200e-004
2,262574e+003;3,194633e-004
2,263056e+003;2,944626e-004
2,263538e+003;2,796751e-004
2,264020e+003;2,855768e-004
2,264502e+003;3,162470e-004
2,264985e+003;3,693696e-004
2,265467e+003;4,390822e-004
2,265949e+003;5,191561e-004
2,266431e+003;6,061462e-004
2,266913e+003;6,981982e-004
2,267395e+003;7,938214e-004
2,267877e+003;8,888017e-004
2,268359e+003;9,755006e-004
2,268842e+003;1,043285e-003
2,269324e+003;1,082611e-003
2,269806e+003;1,088391e-003
2,270288e+003;1,063147e-003
2,270770e+003;1,017146e-003
2,271252e+003;9,665344e-004
2,271734e+003;9,270852e-004
2,272216e+003;9,104831e-004
2,272698e+003;9,207432e-004
2,273181e+003;9,534839e-004
2,273663e+003;9,988800e-004
2,274145e+003;1,046340e-003
2,274627e+003;1,088458e-003
2,275109e+003;1,123403e-003
2,275591e+003;1,154365e-003
2,276073e+003;1,186559e-003
2,276555e+003;1,224138e-003
2,277038e+003;1,267701e-003
2,277520e+003;1,314260e-003
2,278002e+003;1,359428e-003
2,278484e+003;1,400413e-003
2,278966e+003;1,438342e-003
2,279448e+003;1,477938e-003
2,279930e+003;1,524985e-003
2,280412e+003;1,582246e-003
2,280895e+003;1,644903e-003
2,281376e+003;1,701448e-003
2,281859e+003;1,732551e-003
2,282341e+003;1,719710e-003
2,282823e+003;1,651355e-003
2,283305e+003;1,528110e-003
2,283787e+003;1,365411e-003
2,284269e+003;1,190479e-003
2,284751e+003;1,038037e-003
2,285233e+003;9,374784e-004
2,285716e+003;9,083913e-004
2,286198e+003;9,538159e-004
2,286680e+003;1,060955e-003
2,287162e+003;1,204434e-003
2,287644e+003;1,353412e-003
2,288126e+003;1,480963e-003
2,288608e+003;1,567947e-003
2,289090e+003;1,608385e-003
2,289573e+003;1,607321e-003
2,290055e+003;1,579253e-003
2,290537e+003;1,540280e-003
2,291019e+003;1,504968e-003
2,291501e+003;1,482060e-003
2,291983e+003;1,472651e-003
2,292465e+003;1,471687e-003
2,292947e+003;1,470989e-003
2,293429e+003;1,462677e-003
2,293912e+003;1,442863e-003
2,294394e+003;1,412679e-003
2,294876e+003;1,377942e-003
2,295358e+003;1,348227e-003
2,295840e+003;1,332041e-003
2,296322e+003;1,335298e-003
2,296804e+003;1,359029e-003
2,297286e+003;1,400014e-003
2,297769e+003;1,451873e-003
2,298251e+003;1,507063e-003
2,298733e+003;1,560165e-003
2,299215e+003;1,608086e-003
2,299697e+003;1,650557e-003
2,300179e+003;1,688808e-003
2,300661e+003;1,724434e-003
2,301143e+003;1,758267e-003
2,301625e+003;1,789740e-003
2,302108e+003;1,817655e-003
2,302590e+003;1,840747e-003
2,303072e+003;1,858716e-003
2,303554e+003;1,872226e-003
2,304036e+003;1,883175e-003
2,304518e+003;1,893092e-003
2,305000e+003;1,902809e-003
2,305482e+003;1,912194e-003
2,305965e+003;1,919216e-003
2,306447e+003;1,921080e-003
2,306929e+003;1,915156e-003
2,307411e+003;1,898882e-003
2,307893e+003;1,871394e-003
2,308375e+003;1,833693e-003
2,308857e+003;1,789141e-003
2,309339e+003;1,742731e-003
2,309822e+003;1,701348e-003
2,310303e+003;1,672609e-003
2,310786e+003;1,662664e-003
2,311268e+003;1,675736e-003
2,311750e+003;1,711261e-003
2,312232e+003;1,763923e-003
2,312714e+003;1,824609e-003
2,313196e+003;1,881411e-003
2,313678e+003;1,924974e-003
2,314160e+003;1,949236e-003
2,314643e+003;1,954995e-003
2,315125e+003;1,949203e-003
2,315607e+003;1,944178e-003
2,316089e+003;1,952831e-003
2,316571e+003;1,985217e-003
2,317053e+003;2,045435e-003
2,317535e+003;2,129402e-003
2,318017e+003;2,226007e-003
2,318500e+003;2,318703e-003
2,318982e+003;2,392394e-003
2,319464e+003;2,435642e-003
2,319946e+003;2,445438e-003
2,320428e+003;2,427512e-003
2,320910e+003;2,394726e-003
2,321392e+003;2,361510e-003
2,321874e+003;2,339390e-003
2,322356e+003;2,333527e-003
2,322839e+003;2,341622e-003
2,323321e+003;2,355414e-003
2,323803e+003;2,365375e-003
2,324285e+003;2,364908e-003
2,324767e+003;2,352615e-003
2,325249e+003;2,332494e-003
2,325731e+003;2,311641e-003
2,326213e+003;2,297118e-003
2,326696e+003;2,293087e-003
2,327178e+003;2,298683e-003
2,327660e+003;2,309642e-003
2,328142e+003;2,321368e-003
2,328624e+003;2,331561e-003
2,329106e+003;2,344453e-003
2,329588e+003;2,369506e-003
2,330070e+003;2,417516e-003
2,330552e+003;2,495323e-003
2,331035e+003;2,600909e-003
2,331517e+003;2,719958e-003
2,331999e+003;2,829567e-003
2,332481e+003;2,906481e-003
2,332963e+003;2,932166e-003
2,333445e+003;2,900910e-003
2,333927e+003;2,821296e-003
2,334409e+003;2,714489e-003
2,334892e+003;2,606109e-003
2,335374e+003;2,519251e-003
2,335856e+003;2,469363e-003
2,336338e+003;2,459833e-003
2,336820e+003;2,483792e-003
2,337302e+003;2,528449e-003
2,337784e+003;2,580910e-003
2,338266e+003;2,631276e-003
2,338749e+003;2,673414e-003
2,339230e+003;2,704720e-003
2,339713e+003;2,722925e-003
2,340195e+003;2,725292e-003
2,340677e+003;2,709388e-003
2,341159e+003;2,674215e-003
2,341641e+003;2,623276e-003
2,342123e+003;2,565511e-003
2,342605e+003;2,513085e-003
2,343087e+003;2,477094e-003
2,343570e+003;2,463565e-003
2,344052e+003;2,469963e-003
2,344534e+003;2,485192e-003
2,345016e+003;2,494256e-003
2,345498e+003;2,483192e-003
2,345980e+003;2,447271e-003
2,346462e+003;2,390395e-003
2,346944e+003;2,323866e-003
2,347427e+003;2,260811e-003
2,347909e+003;2,213651e-003
2,348391e+003;2,190340e-003
2,348873e+003;2,193770e-003
2,349355e+003;2,223309e-003
2,349837e+003;2,275500e-003
2,350319e+003;2,345086e-003
2,350801e+003;2,426212e-003
2,351283e+003;2,514452e-003
2,351766e+003;2,607142e-003
2,352248e+003;2,704154e-003
2,352730e+003;2,806689e-003
2,353212e+003;2,916621e-003
2,353694e+003;3,034956e-003
2,354176e+003;3,160231e-003
2,354658e+003;3,287780e-003
2,355140e+003;3,410423e-003
2,355623e+003;3,518904e-003
2,356105e+003;3,602989e-003
2,356587e+003;3,655112e-003
2,357069e+003;3,671185e-003
2,357551e+003;3,651871e-003
2,358033e+003;3,603691e-003
2,358515e+003;3,536575e-003
2,358997e+003;3,462857e-003
2,359479e+003;3,393158e-003
2,359962e+003;3,334122e-003
2,360444e+003;3,286411e-003
2,360926e+003;3,246350e-003
2,361408e+003;3,207227e-003
2,361890e+003;3,163302e-003
2,362372e+003;3,112239e-003
2,362854e+003;3,056210e-003
2,363336e+003;3,000923e-003
2,363819e+003;2,953549e-003
2,364301e+003;2,919857e-003
2,364783e+003;2,901777e-003
2,365265e+003;2,897108e-003
2,365747e+003;2,900576e-003
2,366229e+003;2,906047e-003
2,366711e+003;2,907748e-003
2,367193e+003;2,902711e-003
2,367676e+003;2,889836e-003
2,368157e+003;2,869490e-003
2,368640e+003;2,841240e-003
2,369122e+003;2,803588e-003
2,369604e+003;2,752701e-003
2,370086e+003;2,684483e-003
2,370568e+003;2,595909e-003
2,371050e+003;2,487625e-003
2,371532e+003;2,364309e-003
2,372014e+003;2,236531e-003
2,372497e+003;2,117548e-003
2,372979e+003;2,020169e-003
2,373461e+003;1,955427e-003
2,373943e+003;1,927736e-003
2,374425e+003;1,934526e-003
2,374907e+003;1,966977e-003
2,375389e+003;2,012379e-003
2,375872e+003;2,057686e-003
2,376354e+003;2,092411e-003
2,376836e+003;2,111755e-003
2,377318e+003;2,116183e-003
2,377800e+003;2,110623e-003
2,378282e+003;2,101101e-003
2,378764e+003;2,093110e-003
2,379246e+003;2,088815e-003
2,379729e+003;2,087317e-003
2,380210e+003;2,085053e-003
2,380693e+003;2,078394e-003
2,381175e+003;2,064944e-003
2,381657e+003;2,045236e-003
2,382139e+003;2,022266e-003
2,382621e+003;2,000695e-003
2,383103e+003;1,985417e-003
2,383585e+003;1,978793e-003
2,384067e+003;1,980257e-003
2,384550e+003;1,986116e-003
2,385032e+003;1,991109e-003
2,385514e+003;1,989577e-003
2,385996e+003;1,977462e-003
2,386478e+003;1,953763e-003
2,386960e+003;1,920082e-003
2,387442e+003;1,880213e-003
2,387924e+003;1,838385e-003
2,388406e+003;1,798291e-003
2,388889e+003;1,760795e-003
2,389371e+003;1,725366e-003
2,389853e+003;1,689573e-003
2,390335e+003;1,651488e-003
2,390817e+003;1,610447e-003
2,391299e+003;1,568379e-003
2,391781e+003;1,529872e-003
2,392263e+003;1,501577e-003
2,392746e+003;1,489740e-003
2,393228e+003;1,498884e-003
2,393710e+003;1,529872e-003
2,394192e+003;1,579153e-003
2,394674e+003;1,639049e-003
2,395156e+003;1,699120e-003
2,395638e+003;1,749018e-003
2,396120e+003;1,780391e-003
2,396603e+003;1,789208e-003
2,397085e+003;1,776132e-003
2,397567e+003;1,746523e-003
2,398049e+003;1,708800e-003
2,398531e+003;1,672044e-003
2,399013e+003;1,644138e-003
2,399495e+003;1,630169e-003
2,399977e+003;1,631167e-003
2,400459e+003;1,644404e-003
2,400942e+003;1,665225e-003
2,401424e+003;1,687677e-003
2,401906e+003;1,706737e-003
2,402388e+003;1,719345e-003
2,402870e+003;1,724634e-003
2,403352e+003;1,723702e-003
2,403834e+003;1,718214e-003
2,404316e+003;1,709432e-003
2,404799e+003;1,697589e-003
2,405281e+003;1,681723e-003
2,405763e+003;1,660169e-003
2,406245e+003;1,632663e-003
2,406727e+003;1,600171e-003
2,407209e+003;1,566217e-003
2,407691e+003;1,535691e-003
2,408173e+003;1,512882e-003
2,408656e+003;1,500912e-003
2,409137e+003;1,499183e-003
2,409620e+003;1,504037e-003
2,410102e+003;1,509756e-003
2,410584e+003;1,511385e-003
2,411066e+003;1,506664e-003
2,411548e+003;1,496856e-003
2,412030e+003;1,487612e-003
2,412512e+003;1,485917e-003
2,412994e+003;1,498185e-003
2,413477e+003;1,527379e-003
2,413959e+003;1,571904e-003
2,414441e+003;1,626045e-003
2,414923e+003;1,682255e-003
2,415405e+003;1,732884e-003
2,415887e+003;1,773471e-003
2,416369e+003;1,802982e-003
2,416851e+003;1,823877e-003
2,417333e+003;1,840481e-003
2,417816e+003;1,857352e-003
2,418298e+003;1,877551e-003
2,418780e+003;1,901977e-003
2,419262e+003;1,929334e-003
2,419744e+003;1,956193e-003
2,420226e+003;1,978294e-003
2,420708e+003;1,990809e-003
2,421190e+003;1,989611e-003
2,421673e+003;1,972236e-003
2,422155e+003;1,938619e-003
2,422637e+003;1,891461e-003
2,423119e+003;1,836355e-003
2,423601e+003;1,780557e-003
2,424083e+003;1,730755e-003
2,424565e+003;1,691303e-003
2,425047e+003;1,662498e-003
2,425530e+003;1,641411e-003
2,426012e+003;1,622320e-003
2,426494e+003;1,600304e-003
2,426976e+003;1,572968e-003
2,427458e+003;1,542342e-003
2,427940e+003;1,514079e-003
2,428422e+003;1,495559e-003
2,428904e+003;1,493198e-003
2,429386e+003;1,509257e-003
2,429869e+003;1,541677e-003
2,430351e+003;1,584607e-003
2,430833e+003;1,630901e-003
2,431315e+003;1,673973e-003
2,431797e+003;1,710030e-003
2,432279e+003;1,737807e-003
2,432761e+003;1,757602e-003
2,433243e+003;1,769479e-003
2,433726e+003;1,773038e-003
2,434208e+003;1,767516e-003
2,434690e+003;1,752944e-003
2,435172e+003;1,731786e-003
2,435654e+003;1,709764e-003
2,436136e+003;1,694429e-003
2,436618e+003;1,693531e-003
2,437100e+003;1,711128e-003
2,437583e+003;1,746124e-003
2,438064e+003;1,790405e-003
2,438547e+003;1,832395e-003
2,439029e+003;1,859415e-003
2,439511e+003;1,861311e-003
2,439993e+003;1,834359e-003
2,440475e+003;1,781722e-003
2,440957e+003;1,712459e-003
2,441439e+003;1,638018e-003
2,441921e+003;1,569775e-003
2,442404e+003;1,515475e-003
2,442886e+003;1,477805e-003
2,443368e+003;1,455363e-003
2,443850e+003;1,443562e-003
2,444332e+003;1,437378e-003
2,444814e+003;1,432691e-003
2,445296e+003;1,427638e-003
2,445778e+003;1,423449e-003
2,446260e+003;1,422518e-003
2,446743e+003;1,428768e-003
2,447225e+003;1,445224e-003
2,447707e+003;1,473582e-003
2,448189e+003;1,513846e-003
2,448671e+003;1,563756e-003
2,449153e+003;1,619626e-003
2,449635e+003;1,677266e-003
2,450117e+003;1,732385e-003
2,450600e+003;1,781456e-003
2,451082e+003;1,821515e-003
2,451564e+003;1,850430e-003
2,452046e+003;1,866370e-003
2,452528e+003;1,867834e-003
2,453010e+003;1,853891e-003
2,453492e+003;1,824942e-003
2,453974e+003;1,782653e-003
2,454457e+003;1,731221e-003
2,454939e+003;1,675736e-003
2,455421e+003;1,623085e-003
2,455903e+003;1,579652e-003
2,456385e+003;1,550156e-003
2,456867e+003;1,536755e-003
2,457349e+003;1,539183e-003
2,457831e+003;1,554346e-003
2,458313e+003;1,577490e-003
2,458796e+003;1,603729e-003
2,459278e+003;1,628406e-003
2,459760e+003;1,647963e-003
2,460242e+003;1,660203e-003
2,460724e+003;1,663728e-003
2,461206e+003;1,658373e-003
2,461688e+003;1,644371e-003
2,462170e+003;1,622952e-003
2,462653e+003;1,596346e-003
2,463135e+003;1,567813e-003
2,463617e+003;1,541810e-003
2,464099e+003;1,522757e-003
2,464581e+003;1,514744e-003
2,465063e+003;1,520030e-003
2,465545e+003;1,537886e-003
2,466027e+003;1,565685e-003
2,466510e+003;1,597577e-003
2,466992e+003;1,628140e-003
2,467474e+003;1,652153e-003
2,467956e+003;1,667553e-003
2,468438e+003;1,675203e-003
2,468920e+003;1,679128e-003
2,469402e+003;1,684550e-003
2,469884e+003;1,695627e-003
2,470366e+003;1,714355e-003
2,470849e+003;1,739504e-003
2,471331e+003;1,767116e-003
2,471813e+003;1,791869e-003
2,472295e+003;1,809404e-003
2,472777e+003;1,817389e-003
2,473259e+003;1,815592e-003
2,473741e+003;1,805311e-003
2,474223e+003;1,788609e-003
2,474706e+003;1,766484e-003
2,475188e+003;1,739238e-003
2,475670e+003;1,707436e-003
2,476152e+003;1,672609e-003
2,476634e+003;1,638550e-003
2,477116e+003;1,611245e-003
2,477598e+003;1,597011e-003
2,478080e+003;1,600736e-003
2,478563e+003;1,623850e-003
2,479044e+003;1,663529e-003
2,479527e+003;1,712791e-003
2,480009e+003;1,763024e-003
2,480491e+003;1,806476e-003
2,480973e+003;1,837952e-003
2,481455e+003;1,855555e-003
2,481937e+003;1,860080e-003
2,482419e+003;1,853924e-003
2,482901e+003;1,839150e-003
2,483384e+003;1,817489e-003
2,483866e+003;1,790139e-003
2,484348e+003;1,758866e-003
2,484830e+003;1,726630e-003
2,485312e+003;1,697257e-003
2,485794e+003;1,674172e-003
2,486276e+003;1,659338e-003
2,486758e+003;1,651987e-003
2,487240e+003;1,648961e-003
2,487723e+003;1,646067e-003
2,488205e+003;1,639614e-003
2,488687e+003;1,628872e-003
2,489169e+003;1,616167e-003
2,489651e+003;1,606356e-003
2,490133e+003;1,604228e-003
2,490615e+003;1,613606e-003
2,491097e+003;1,634626e-003
2,491580e+003;1,664294e-003
2,492062e+003;1,697057e-003
2,492544e+003;1,727927e-003
2,493026e+003;1,752778e-003
2,493508e+003;1,770144e-003
2,493990e+003;1,781123e-003
2,494472e+003;1,788509e-003
2,494954e+003;1,795030e-003
2,495437e+003;1,803082e-003
2,495919e+003;1,813197e-003
2,496401e+003;1,824343e-003
2,496883e+003;1,833693e-003
2,497365e+003;1,837453e-003
2,497847e+003;1,831597e-003
2,498329e+003;1,813064e-003
2,498811e+003;1,781023e-003
2,499293e+003;1,738173e-003
2,499776e+003;1,690970e-003
2,500258e+003;1,648761e-003
2,500740e+003;1,621089e-003
2,501222e+003;1,616101e-003
2,501704e+003;1,636987e-003
2,502186e+003;1,681024e-003
2,502668e+003;1,740469e-003
2,503150e+003;1,804512e-003
2,503633e+003;1,862277e-003
2,504115e+003;1,905372e-003
2,504597e+003;1,929766e-003
2,505079e+003;1,935258e-003
2,505561e+003;1,924974e-003
2,506043e+003;1,903175e-003
2,506525e+003;1,874988e-003
2,507007e+003;1,845239e-003
2,507490e+003;1,818853e-003
2,507971e+003;1,801019e-003
2,508454e+003;1,796361e-003
2,508936e+003;1,807440e-003
2,509418e+003;1,833859e-003
2,509900e+003;1,872260e-003
2,510382e+003;1,915156e-003
2,510864e+003;1,954595e-003
2,511346e+003;1,984385e-003
2,511828e+003;2,001128e-003
2,512311e+003;2,005788e-003
2,512793e+003;2,002360e-003
2,513275e+003;1,995869e-003
2,513757e+003;1,989345e-003
2,514239e+003;1,983287e-003
2,514721e+003;1,975065e-003
2,515203e+003;1,960719e-003
2,515685e+003;1,937321e-003
2,516167e+003;1,904872e-003
2,516650e+003;1,865737e-003
2,517132e+003;1,825674e-003
2,517614e+003;1,790904e-003
2,518096e+003;1,766484e-003
2,518578e+003;1,755373e-003
2,519060e+003;1,757968e-003
2,519542e+003;1,772306e-003
2,520024e+003;1,794631e-003
2,520507e+003;1,820450e-003
2,520989e+003;1,845406e-003
2,521471e+003;1,865737e-003
2,521953e+003;1,879747e-003
2,522435e+003;1,888599e-003
2,522917e+003;1,896286e-003
2,523399e+003;1,908633e-003
2,523881e+003;1,931697e-003
2,524364e+003;1,968808e-003
2,524846e+003;2,018937e-003
2,525328e+003;2,075697e-003
2,525810e+003;2,128736e-003
2,526292e+003;2,168061e-003
2,526774e+003;2,187009e-003
2,527256e+003;2,185045e-003
2,527738e+003;2,168827e-003
2,528220e+003;2,149880e-003
2,528703e+003;2,139691e-003
2,529185e+003;2,146384e-003
2,529667e+003;2,171458e-003
2,530149e+003;2,210387e-003
2,530631e+003;2,254217e-003
2,531113e+003;2,293553e-003
2,531595e+003;2,322234e-003
2,532077e+003;2,338290e-003
2,532560e+003;2,343321e-003
2,533042e+003;2,341188e-003
2,533524e+003;2,335259e-003
2,534006e+003;2,328430e-003
2,534488e+003;2,322567e-003
2,534970e+003;2,320668e-003
2,535452e+003;2,327197e-003
2,535934e+003;2,347552e-003
2,536417e+003;2,386397e-003
2,536898e+003;2,444438e-003
2,537381e+003;2,516018e-003
2,537863e+003;2,589276e-003
2,538345e+003;2,649145e-003
2,538827e+003;2,680449e-003
2,539309e+003;2,673514e-003
2,539791e+003;2,627509e-003
2,540273e+003;2,550812e-003
2,540755e+003;2,458433e-003
2,541238e+003;2,367274e-003
2,541720e+003;2,292488e-003
2,542202e+003;2,242693e-003
2,542684e+003;2,220046e-003
2,543166e+003;2,220778e-003
2,543648e+003;2,238097e-003
2,544130e+003;2,264242e-003
2,544612e+003;2,292454e-003
2,545094e+003;2,317937e-003
2,545577e+003;2,336625e-003
2,546059e+003;2,345186e-003
2,546541e+003;2,341522e-003
2,547023e+003;2,324666e-003
2,547505e+003;2,296018e-003
2,547987e+003;2,260345e-003
2,548469e+003;2,225208e-003
2,548951e+003;2,199697e-003
2,549434e+003;2,192671e-003
2,549916e+003;2,210754e-003
2,550398e+003;2,255915e-003
2,550880e+003;2,325998e-003
2,551362e+003;2,414251e-003
2,551844e+003;2,510852e-003
2,552326e+003;2,604709e-003
2,552808e+003;2,684783e-003
2,553291e+003;2,742598e-003
2,553773e+003;2,771908e-003
2,554255e+003;2,770507e-003
2,554737e+003;2,740130e-003
2,555219e+003;2,686750e-003
2,555701e+003;2,619342e-003
2,556183e+003;2,549412e-003
2,556665e+003;2,488957e-003
2,557147e+003;2,447504e-003
2,557630e+003;2,431410e-003
2,558112e+003;2,441673e-003
2,558594e+003;2,474762e-003
2,559076e+003;2,522250e-003
2,559558e+003;2,574343e-003
2,560040e+003;2,621942e-003
2,560522e+003;2,658246e-003
2,561004e+003;2,680849e-003
2,561487e+003;2,691651e-003
2,561969e+003;2,695485e-003
2,562451e+003;2,698386e-003
2,562933e+003;2,705187e-003
2,563415e+003;2,718724e-003
2,563897e+003;2,738563e-003
2,564379e+003;2,761404e-003
2,564861e+003;2,782845e-003
2,565344e+003;2,798652e-003
2,565825e+003;2,805722e-003
2,566308e+003;2,803855e-003
2,566790e+003;2,795284e-003
2,567272e+003;2,784580e-003
2,567754e+003;2,776376e-003
2,568236e+003;2,775543e-003
2,568718e+003;2,784646e-003
2,569200e+003;2,803755e-003
2,569682e+003;2,830835e-003
2,570165e+003;2,861918e-003
2,570647e+003;2,893639e-003
2,571129e+003;2,923293e-003
2,571611e+003;2,950580e-003
2,572093e+003;2,977402e-003
2,572575e+003;3,006195e-003
2,573057e+003;3,038926e-003
2,573539e+003;3,075097e-003
2,574021e+003;3,111038e-003
2,574504e+003;3,141240e-003
2,574986e+003;3,159664e-003
2,575468e+003;3,162734e-003
2,575950e+003;3,151620e-003
2,576432e+003;3,132430e-003
2,576914e+003;3,115142e-003
2,577396e+003;3,109903e-003
2,577878e+003;3,124420e-003
2,578361e+003;3,160465e-003
2,578843e+003;3,213135e-003
2,579325e+003;3,271788e-003
2,579807e+003;3,324305e-003
2,580289e+003;3,359899e-003
2,580771e+003;3,372488e-003
2,581253e+003;3,362170e-003
2,581735e+003;3,334088e-003
2,582218e+003;3,296727e-003
2,582700e+003;3,258468e-003
2,583182e+003;3,226120e-003
2,583664e+003;3,204189e-003
2,584146e+003;3,194543e-003
2,584628e+003;3,197781e-003
2,585110e+003;3,214337e-003
2,585592e+003;3,243779e-003
2,586074e+003;3,285643e-003
2,586557e+003;3,338162e-003
2,587039e+003;3,398067e-003
2,587521e+003;3,460753e-003
2,588003e+003;3,521309e-003
2,588485e+003;3,574892e-003
2,588967e+003;3,617790e-003
2,589449e+003;3,648597e-003
2,589931e+003;3,667476e-003
2,590414e+003;3,676297e-003
2,590896e+003;3,678169e-003
2,591378e+003;3,676598e-003
2,591860e+003;3,675395e-003
2,592342e+003;3,677768e-003
2,592824e+003;3,686489e-003
2,593306e+003;3,702295e-003
2,593788e+003;3,724887e-003
2,594271e+003;3,752291e-003
2,594752e+003;3,781937e-003
2,595235e+003;3,811351e-003
2,595717e+003;3,839129e-003
2,596199e+003;3,865037e-003
2,596681e+003;3,889642e-003
2,597163e+003;3,913146e-003
2,597645e+003;3,935413e-003
2,598127e+003;3,954572e-003
2,598609e+003;3,968282e-003
2,599092e+003;3,974702e-003
2,599574e+003;3,973599e-003
2,600056e+003;3,967880e-003
2,600538e+003;3,962530e-003
2,601020e+003;3,963868e-003
2,601502e+003;3,977511e-003
2,601984e+003;4,005701e-003
2,602466e+003;4,047504e-003
2,602948e+003;4,097506e-003
2,603431e+003;4,148183e-003
2,603913e+003;4,191840e-003
2,604395e+003;4,222587e-003
2,604877e+003;4,237509e-003
2,605359e+003;4,236371e-003
2,605841e+003;4,221783e-003
2,606323e+003;4,197929e-003
2,606805e+003;4,168991e-003
2,607288e+003;4,139352e-003
2,607770e+003;4,113160e-003
2,608252e+003;4,093057e-003
2,608734e+003;4,081217e-003
2,609216e+003;4,077705e-003
2,609698e+003;4,080581e-003
2,610180e+003;4,085833e-003
2,610662e+003;4,088643e-003
2,611145e+003;4,085398e-003
2,611627e+003;4,074494e-003
2,612109e+003;4,058106e-003
2,612591e+003;4,042086e-003
2,613073e+003;4,034728e-003
2,613555e+003;4,043825e-003
2,614037e+003;4,074361e-003
2,614519e+003;4,126339e-003
2,615001e+003;4,194918e-003
2,615484e+003;4,270333e-003
2,615966e+003;4,341579e-003
2,616448e+003;4,399514e-003
2,616930e+003;4,438343e-003
2,617412e+003;4,457423e-003
2,617894e+003;4,460469e-003
2,618376e+003;4,454009e-003
2,618858e+003;4,444468e-003
2,619341e+003;4,436099e-003
2,619823e+003;4,430342e-003
2,620305e+003;4,425823e-003
2,620787e+003;4,419965e-003
2,621269e+003;4,410794e-003
2,621751e+003;4,398476e-003
2,622233e+003;4,385791e-003
2,622715e+003;4,377323e-003
2,623198e+003;4,377825e-003
2,623679e+003;4,390510e-003
2,624162e+003;4,415581e-003
2,624644e+003;4,450059e-003
2,625126e+003;4,488524e-003
2,625608e+003;4,525384e-003
2,626090e+003;4,555786e-003
2,626572e+003;4,577585e-003
2,627054e+003;4,591012e-003
2,627536e+003;4,598245e-003
2,628019e+003;4,602197e-003
2,628501e+003;4,605144e-003
2,628983e+003;4,608057e-003
2,629465e+003;4,611138e-003
2,629947e+003;4,614520e-003
2,630429e+003;4,618673e-003
2,630911e+003;4,624969e-003
2,631393e+003;4,634580e-003
2,631875e+003;4,648579e-003
2,632358e+003;4,666229e-003
2,632840e+003;4,684885e-003
2,633322e+003;4,700526e-003
2,633804e+003;4,709235e-003
2,634286e+003;4,708498e-003
2,634768e+003;4,699186e-003
2,635250e+003;4,684449e-003
2,635732e+003;4,670315e-003
2,636215e+003;4,662712e-003
2,636697e+003;4,665860e-003
2,637179e+003;4,680597e-003
2,637661e+003;4,704579e-003
2,638143e+003;4,732615e-003
2,638625e+003;4,758542e-003
2,639107e+003;4,777570e-003
2,639589e+003;4,787018e-003
2,640072e+003;4,786817e-003
2,640554e+003;4,779346e-003
2,641036e+003;4,767956e-003
2,641518e+003;4,755997e-003
2,642000e+003;4,746048e-003
2,642482e+003;4,739248e-003
2,642964e+003;4,736501e-003
2,643446e+003;4,737640e-003
2,643928e+003;4,742329e-003
2,644411e+003;4,750034e-003
2,644893e+003;4,759916e-003
2,645375e+003;4,770200e-003
2,645857e+003;4,779112e-003
2,646339e+003;4,784807e-003
2,646821e+003;4,786448e-003
2,647303e+003;4,784371e-003
2,647785e+003;4,780887e-003
2,648268e+003;4,779681e-003
2,648750e+003;4,784505e-003
2,649232e+003;4,798978e-003
2,649714e+003;4,824809e-003
2,650196e+003;4,861297e-003
2,650678e+003;4,905763e-003
2,651160e+003;4,953819e-003
2,651642e+003;5,000842e-003
2,652125e+003;5,042373e-003
2,652606e+003;5,075559e-003
2,653089e+003;5,098826e-003
2,653571e+003;5,112135e-003
2,654053e+003;5,116058e-003
2,654535e+003;5,111968e-003
2,655017e+003;5,101373e-003
2,655499e+003;5,085818e-003
2,655981e+003;5,067213e-003
2,656463e+003;5,047903e-003
2,656946e+003;5,030205e-003
2,657428e+003;5,016629e-003
2,657910e+003;5,009288e-003
2,658392e+003;5,009892e-003
2,658874e+003;5,019143e-003
2,659356e+003;5,036674e-003
2,659838e+003;5,061346e-003
2,660320e+003;5,091081e-003
2,660802e+003;5,123400e-003
2,661285e+003;5,155655e-003
2,661767e+003;5,185262e-003
2,662249e+003;5,210077e-003
2,662731e+003;5,228789e-003
2,663213e+003;5,240728e-003
2,663695e+003;5,246429e-003
2,664177e+003;5,247033e-003
2,664659e+003;5,244283e-003
2,665142e+003;5,240392e-003
2,665624e+003;5,237576e-003
2,666106e+003;5,237911e-003
2,666588e+003;5,243511e-003
2,667070e+003;5,255786e-003
2,667552e+003;5,275574e-003
2,668034e+003;5,302540e-003
2,668516e+003;5,335076e-003
2,668999e+003;5,370298e-003
2,669481e+003;5,403980e-003
2,669963e+003;5,431927e-003
2,670445e+003;5,450716e-003
2,670927e+003;5,458366e-003
2,671409e+003;5,455246e-003
2,671891e+003;5,443939e-003
2,672373e+003;5,428438e-003
2,672855e+003;5,412971e-003
2,673338e+003;5,401330e-003
2,673820e+003;5,395727e-003
2,674302e+003;5,396901e-003
2,674784e+003;5,404450e-003
2,675266e+003;5,417333e-003
2,675748e+003;5,434108e-003
2,676230e+003;5,453434e-003
2,676712e+003;5,473633e-003
2,677195e+003;5,492625e-003
2,677677e+003;5,507759e-003
2,678159e+003;5,516652e-003
2,678641e+003;5,517558e-003
2,679123e+003;5,510443e-003
2,679605e+003;5,496954e-003
2,680087e+003;5,480579e-003
2,680569e+003;5,465412e-003
2,681052e+003;5,454944e-003
2,681533e+003;5,451387e-003
2,682016e+003;5,454541e-003
2,682498e+003;5,462896e-003
2,682980e+003;5,473969e-003
2,683462e+003;5,485780e-003
2,683944e+003;5,497457e-003
2,684426e+003;5,509068e-003
2,684908e+003;5,521182e-003
2,685390e+003;5,533834e-003
2,685873e+003;5,546083e-003
2,686355e+003;5,555681e-003
2,686837e+003;5,559272e-003
2,687319e+003;5,553936e-003
2,687801e+003;5,537458e-003
2,688283e+003;5,509672e-003
2,688765e+003;5,472056e-003
2,689247e+003;5,428069e-003
2,689729e+003;5,381704e-003
2,690212e+003;5,337357e-003
2,690694e+003;5,298850e-003
2,691176e+003;5,269336e-003
2,691658e+003;5,250823e-003
2,692140e+003;5,243780e-003
2,692622e+003;5,247100e-003
2,693104e+003;5,258335e-003
2,693586e+003;5,273662e-003
2,694069e+003;5,288989e-003
2,694551e+003;5,301232e-003
2,695033e+003;5,308376e-003
2,695515e+003;5,310489e-003
2,695997e+003;5,309315e-003
2,696479e+003;5,307538e-003
2,696961e+003;5,307403e-003
2,697443e+003;5,309818e-003
2,697926e+003;5,313843e-003
2,698408e+003;5,317432e-003
2,698890e+003;5,317868e-003
2,699372e+003;5,312938e-003
2,699854e+003;5,302338e-003
2,700336e+003;5,287279e-003
2,700818e+003;5,270576e-003
2,701300e+003;5,255450e-003
2,701782e+003;5,244887e-003
2,702265e+003;5,240392e-003
2,702747e+003;5,242170e-003
2,703229e+003;5,249146e-003
2,703711e+003;5,259509e-003
2,704193e+003;5,271549e-003
2,704675e+003;5,284059e-003
2,705157e+003;5,296670e-003
2,705639e+003;5,309818e-003
2,706122e+003;5,324342e-003
2,706604e+003;5,340745e-003
2,707086e+003;5,359765e-003
2,707568e+003;5,381100e-003
2,708050e+003;5,404349e-003
2,708532e+003;5,428773e-003
2,709014e+003;5,453702e-003
2,709496e+003;5,479102e-003
2,709979e+003;5,505276e-003
2,710461e+003;5,532693e-003
2,710943e+003;5,561823e-003
2,711425e+003;5,592431e-003
2,711907e+003;5,624217e-003
2,712389e+003;5,656173e-003
2,712871e+003;5,687695e-003
2,713353e+003;5,718615e-003
2,713835e+003;5,750007e-003
2,714318e+003;5,783181e-003
2,714800e+003;5,820018e-003
2,715282e+003;5,861190e-003
2,715764e+003;5,906229e-003
2,716246e+003;5,952851e-003
2,716728e+003;5,998068e-003
2,717210e+003;6,039156e-003
2,717692e+003;6,074872e-003
2,718175e+003;6,106324e-003
2,718656e+003;6,135996e-003
2,719139e+003;6,167990e-003
2,719621e+003;6,205061e-003
2,720103e+003;6,248253e-003
2,720585e+003;6,295618e-003
2,721067e+003;6,343324e-003
2,721549e+003;6,386698e-003
2,722031e+003;6,421703e-003
2,722513e+003;6,446689e-003
2,722996e+003;6,462361e-003
2,723478e+003;6,471408e-003
2,723960e+003;6,477091e-003
2,724442e+003;6,482170e-003
2,724924e+003;6,487753e-003
2,725406e+003;6,493739e-003
2,725888e+003;6,498751e-003
2,726370e+003;6,501576e-003
2,726853e+003;6,501206e-003
2,727335e+003;6,497540e-003
2,727817e+003;6,490141e-003
2,728299e+003;6,478874e-003
2,728781e+003;6,462563e-003
2,729263e+003;6,440064e-003
2,729745e+003;6,410102e-003
2,730227e+003;6,371971e-003
2,730709e+003;6,326178e-003
2,731192e+003;6,274372e-003
2,731674e+003;6,219009e-003
2,732156e+003;6,162646e-003
2,732638e+003;6,107667e-003
2,733120e+003;6,055686e-003
2,733602e+003;6,007676e-003
2,734084e+003;5,964239e-003
2,734566e+003;5,925139e-003
2,735049e+003;5,890477e-003
2,735531e+003;5,859276e-003
2,736013e+003;5,830260e-003
2,736495e+003;5,801851e-003
2,736977e+003;5,772100e-003
2,737459e+003;5,739901e-003
2,737941e+003;5,705219e-003
2,738423e+003;5,669701e-003
2,738906e+003;5,635395e-003
2,739388e+003;5,605387e-003
2,739870e+003;5,582128e-003
2,740352e+003;5,566253e-003
2,740834e+003;5,556688e-003
2,741316e+003;5,551117e-003
2,741798e+003;5,546284e-003
2,742280e+003;5,539337e-003
2,742762e+003;5,529068e-003
2,743245e+003;5,515947e-003
2,743727e+003;5,502222e-003
2,744209e+003;5,490813e-003
2,744691e+003;5,484270e-003
2,745173e+003;5,484035e-003
2,745655e+003;5,489672e-003
2,746137e+003;5,498900e-003
2,746619e+003;5,508934e-003
2,747102e+003;5,517323e-003
2,747583e+003;5,522256e-003
2,748066e+003;5,523565e-003
2,748548e+003;5,522356e-003
2,749030e+003;5,519873e-003
2,749512e+003;5,516954e-003
2,749994e+003;5,513195e-003
2,750476e+003;5,507021e-003
2,750958e+003;5,496652e-003
2,751440e+003;5,481149e-003
2,751923e+003;5,461487e-003
2,752405e+003;5,440718e-003
2,752887e+003;5,424277e-003
2,753369e+003;5,417701e-003
2,753851e+003;5,425318e-003
2,754333e+003;5,448502e-003
2,754815e+003;5,485511e-003
2,755297e+003;5,530880e-003
2,755780e+003;5,577496e-003
2,756262e+003;5,618746e-003
2,756744e+003;5,649258e-003
2,757226e+003;5,666647e-003
2,757708e+003;5,671380e-003
2,758190e+003;5,666445e-003
2,758672e+003;5,656509e-003
2,759154e+003;5,646136e-003
2,759636e+003;5,639893e-003
2,760119e+003;5,641269e-003
2,760601e+003;5,651943e-003
2,761083e+003;5,671850e-003
2,761565e+003;5,699445e-003
2,762047e+003;5,731037e-003
2,762529e+003;5,762632e-003
2,763011e+003;5,790467e-003
2,763493e+003;5,812462e-003
2,763976e+003;5,828850e-003
2,764458e+003;5,841813e-003
2,764940e+003;5,855313e-003
2,765422e+003;5,872844e-003
2,765904e+003;5,896354e-003
2,766386e+003;5,925374e-003
2,766868e+003;5,957722e-003
2,767350e+003;5,990273e-003
2,767833e+003;6,020677e-003
2,768315e+003;6,048463e-003
2,768797e+003;6,075275e-003
2,769279e+003;6,103669e-003
2,769761e+003;6,135593e-003
2,770243e+003;6,171149e-003
2,770725e+003;6,208489e-003
2,771207e+003;6,244152e-003
2,771689e+003;6,275313e-003
2,772172e+003;6,301165e-003
2,772654e+003;6,324127e-003
2,773136e+003;6,349410e-003
2,773618e+003;6,382899e-003
2,774100e+003;6,429370e-003
2,774582e+003;6,490174e-003
2,775064e+003;6,563029e-003
2,775546e+003;6,642693e-003
2,776029e+003;6,722405e-003
2,776510e+003;6,797150e-003
2,776993e+003;6,864131e-003
2,777475e+003;6,923650e-003
2,777957e+003;6,978092e-003
2,778439e+003;7,030554e-003
2,778921e+003;7,083225e-003
2,779403e+003;7,137047e-003
2,779885e+003;7,191584e-003
2,780367e+003;7,245790e-003
2,780850e+003;7,298789e-003
2,781332e+003;7,350920e-003
2,781814e+003;7,402955e-003
2,782296e+003;7,456547e-003
2,782778e+003;7,513315e-003
2,783260e+003;7,574507e-003
2,783742e+003;7,641373e-003
2,784224e+003;7,714118e-003
2,784707e+003;7,792980e-003
2,785189e+003;7,877290e-003
2,785671e+003;7,965632e-003
2,786153e+003;8,055713e-003
2,786635e+003;8,144327e-003
2,787117e+003;8,228569e-003
2,787599e+003;8,306513e-003
2,788081e+003;8,377883e-003
2,788563e+003;8,444231e-003
2,789046e+003;8,509101e-003
2,789528e+003;8,576416e-003
2,790010e+003;8,649216e-003
2,790492e+003;8,729263e-003
2,790974e+003;8,816021e-003
2,791456e+003;8,907732e-003
2,791938e+003;9,001493e-003
2,792420e+003;9,095443e-003
2,792903e+003;9,188703e-003
2,793385e+003;9,281882e-003
2,793867e+003;9,376435e-003
2,794349e+003;9,474530e-003
2,794831e+003;9,577932e-003
2,795313e+003;9,687660e-003
2,795795e+003;9,803584e-003
2,796277e+003;9,924590e-003
2,796760e+003;1,004861e-002
2,797242e+003;1,017318e-002
2,797724e+003;1,029578e-002
2,798206e+003;1,041421e-002
2,798688e+003;1,052738e-002
2,799170e+003;1,063565e-002
2,799652e+003;1,074126e-002
2,800134e+003;1,084789e-002
2,800616e+003;1,095950e-002
2,801099e+003;1,107950e-002
2,801581e+003;1,120974e-002
2,802063e+003;1,135022e-002
2,802545e+003;1,149853e-002
2,803027e+003;1,165183e-002
2,803509e+003;1,180730e-002
2,803991e+003;1,196381e-002
2,804473e+003;1,212197e-002
2,804956e+003;1,228364e-002
2,805438e+003;1,245123e-002
2,805920e+003;1,262616e-002
2,806402e+003;1,280845e-002
2,806884e+003;1,299608e-002
2,807366e+003;1,318622e-002
2,807848e+003;1,337575e-002
2,808330e+003;1,356236e-002
2,808813e+003;1,374574e-002
2,809294e+003;1,392724e-002
2,809777e+003;1,410919e-002
2,810259e+003;1,429519e-002
2,810741e+003;1,448837e-002
2,811223e+003;1,469177e-002
2,811705e+003;1,490748e-002
2,812187e+003;1,513677e-002
2,812669e+003;1,538023e-002
2,813151e+003;1,563681e-002
2,813634e+003;1,590543e-002
2,814116e+003;1,618412e-002
2,814598e+003;1,647067e-002
2,815080e+003;1,676336e-002
2,815562e+003;1,706142e-002
2,816044e+003;1,736441e-002
2,816526e+003;1,767303e-002
2,817008e+003;1,798808e-002
2,817490e+003;1,831045e-002
2,817973e+003;1,864088e-002
2,818455e+003;1,898038e-002
2,818937e+003;1,933092e-002
2,819419e+003;1,969475e-002
2,819901e+003;2,007505e-002
2,820383e+003;2,047503e-002
2,820865e+003;2,089679e-002
2,821347e+003;2,134128e-002
2,821830e+003;2,180737e-002
2,822312e+003;2,229366e-002
2,822794e+003;2,279855e-002
2,823276e+003;2,332253e-002
2,823758e+003;2,386849e-002
2,824240e+003;2,444167e-002
2,824722e+003;2,504818e-002
2,825204e+003;2,569449e-002
2,825687e+003;2,638500e-002
2,826169e+003;2,712196e-002
2,826651e+003;2,790663e-002
2,827133e+003;2,874027e-002
2,827615e+003;2,962570e-002
2,828097e+003;3,056867e-002
2,828579e+003;3,157745e-002
2,829061e+003;3,266129e-002
2,829543e+003;3,382900e-002
2,830026e+003;3,508704e-002
2,830508e+003;3,643931e-002
2,830990e+003;3,788755e-002
2,831472e+003;3,943348e-002
2,831954e+003;4,108013e-002
2,832436e+003;4,283418e-002
2,832918e+003;4,470485e-002
2,833400e+003;4,670461e-002
2,833883e+003;4,884694e-002
2,834365e+003;5,114385e-002
2,834847e+003;5,360620e-002
2,835329e+003;5,624191e-002
2,835811e+003;5,905608e-002
2,836293e+003;6,205124e-002
2,836775e+003;6,522743e-002
2,837257e+003;6,858166e-002
2,837740e+003;7,210679e-002
2,838221e+003;7,579314e-002
2,838704e+003;7,962682e-002
2,839186e+003;8,359072e-002
2,839668e+003;8,766746e-002
2,840150e+003;9,183875e-002
2,840632e+003;9,608795e-002
2,841114e+003;1,004025e-001
2,841596e+003;1,047726e-001
2,842078e+003;1,091928e-001
2,842561e+003;1,136612e-001
2,843043e+003;1,181778e-001
2,843525e+003;1,227421e-001
2,844007e+003;1,273514e-001
2,844489e+003;1,319970e-001
2,844971e+003;1,366646e-001
2,845453e+003;1,413329e-001
2,845935e+003;1,459724e-001
2,846417e+003;1,505500e-001
2,846900e+003;1,550251e-001
2,847382e+003;1,593519e-001
2,847864e+003;1,634811e-001
2,848346e+003;1,673559e-001
2,848828e+003;1,709144e-001
2,849310e+003;1,740945e-001
2,849792e+003;1,768305e-001
2,850274e+003;1,790630e-001
2,850757e+003;1,807407e-001
2,851239e+003;1,818234e-001
2,851721e+003;1,822883e-001
2,852203e+003;1,821307e-001
2,852685e+003;1,813670e-001
2,853167e+003;1,800312e-001
2,853649e+003;1,781764e-001
2,854131e+003;1,758685e-001
2,854614e+003;1,731770e-001
2,855096e+003;1,701767e-001
2,855578e+003;1,669383e-001
2,856060e+003;1,635258e-001
2,856542e+003;1,600022e-001
2,857024e+003;1,564227e-001
2,857506e+003;1,528381e-001
2,857988e+003;1,492970e-001
2,858470e+003;1,458380e-001
2,858953e+003;1,424952e-001
2,859435e+003;1,392957e-001
2,859917e+003;1,362587e-001
2,860399e+003;1,334022e-001
2,860881e+003;1,307414e-001
2,861363e+003;1,282901e-001
2,861845e+003;1,260627e-001
2,862327e+003;1,240688e-001
2,862810e+003;1,223127e-001
2,863292e+003;1,207910e-001
2,863774e+003;1,194923e-001
2,864256e+003;1,183980e-001
2,864738e+003;1,174849e-001
2,865220e+003;1,167302e-001
2,865702e+003;1,161109e-001
2,866184e+003;1,156057e-001
2,866667e+003;1,151944e-001
2,867148e+003;1,148533e-001
2,867631e+003;1,145545e-001
2,868113e+003;1,142653e-001
2,868595e+003;1,139455e-001
2,869077e+003;1,135537e-001
2,869559e+003;1,130502e-001
2,870041e+003;1,123988e-001
2,870523e+003;1,115749e-001
2,871005e+003;1,105656e-001
2,871488e+003;1,093708e-001
2,871970e+003;1,080039e-001
2,872452e+003;1,064895e-001
2,872934e+003;1,048612e-001
2,873416e+003;1,031562e-001
2,873898e+003;1,014168e-001
2,874380e+003;9,968410e-002
2,874862e+003;9,799667e-002
2,875344e+003;9,639207e-002
2,875827e+003;9,490198e-002
2,876309e+003;9,355279e-002
2,876791e+003;9,236585e-002
2,877273e+003;9,135368e-002
2,877755e+003;9,052328e-002
2,878237e+003;8,987529e-002
2,878719e+003;8,940620e-002
2,879201e+003;8,911060e-002
2,879684e+003;8,898361e-002
2,880166e+003;8,902176e-002
2,880648e+003;8,922358e-002
2,881130e+003;8,958898e-002
2,881612e+003;9,011783e-002
2,882094e+003;9,080837e-002
2,882576e+003;9,165658e-002
2,883058e+003;9,265535e-002
2,883541e+003;9,379464e-002
2,884023e+003;9,506308e-002
2,884505e+003;9,644717e-002
2,884987e+003;9,793299e-002
2,885469e+003;9,950761e-002
2,885951e+003;1,011576e-001
2,886433e+003;1,028721e-001
2,886915e+003;1,046420e-001
2,887397e+003;1,064615e-001
2,887880e+003;1,083275e-001
2,888362e+003;1,102392e-001
2,888844e+003;1,121972e-001
2,889326e+003;1,142007e-001
2,889808e+003;1,162463e-001
2,890290e+003;1,183269e-001
2,890772e+003;1,204321e-001
2,891254e+003;1,225488e-001
2,891737e+003;1,246626e-001
2,892219e+003;1,267613e-001
2,892701e+003;1,288332e-001
2,893183e+003;1,308705e-001
2,893665e+003;1,328679e-001
2,894147e+003;1,348235e-001
2,894629e+003;1,367389e-001
2,895111e+003;1,386194e-001
2,895594e+003;1,404737e-001
2,896075e+003;1,423128e-001
2,896558e+003;1,441482e-001
2,897040e+003;1,459902e-001
2,897522e+003;1,478453e-001
2,898004e+003;1,497159e-001
2,898486e+003;1,516010e-001
2,898968e+003;1,534977e-001
2,899450e+003;1,554034e-001
2,899932e+003;1,573171e-001
2,900415e+003;1,592403e-001
2,900897e+003;1,611767e-001
2,901379e+003;1,631313e-001
2,901861e+003;1,651099e-001
2,902343e+003;1,671193e-001
2,902825e+003;1,691664e-001
2,903307e+003;1,712593e-001
2,903789e+003;1,734058e-001
2,904271e+003;1,756112e-001
2,904754e+003;1,778787e-001
2,905236e+003;1,802067e-001
2,905718e+003;1,825908e-001
2,906200e+003;1,850250e-001
2,906682e+003;1,875057e-001
2,907164e+003;1,900330e-001
2,907646e+003;1,926122e-001
2,908128e+003;1,952519e-001
2,908611e+003;1,979622e-001
2,909093e+003;2,007519e-001
2,909575e+003;2,036266e-001
2,910057e+003;2,065893e-001
2,910539e+003;2,096411e-001
2,911021e+003;2,127835e-001
2,911503e+003;2,160165e-001
2,911985e+003;2,193382e-001
2,912468e+003;2,227418e-001
2,912950e+003;2,262121e-001
2,913432e+003;2,297262e-001
2,913914e+003;2,332558e-001
2,914396e+003;2,367679e-001
2,914878e+003;2,402324e-001
2,915360e+003;2,436203e-001
2,915842e+003;2,469031e-001
2,916324e+003;2,500508e-001
2,916807e+003;2,530265e-001
2,917289e+003;2,557837e-001
2,917771e+003;2,582726e-001
2,918253e+003;2,604384e-001
2,918735e+003;2,622292e-001
2,919217e+003;2,636022e-001
2,919699e+003;2,645203e-001
2,920181e+003;2,649552e-001
2,920664e+003;2,648842e-001
2,921146e+003;2,642904e-001
2,921628e+003;2,631656e-001
2,922110e+003;2,615128e-001
2,922592e+003;2,593494e-001
2,923074e+003;2,567061e-001
2,923556e+003;2,536253e-001
2,924038e+003;2,501560e-001
2,924521e+003;2,463465e-001
2,925002e+003;2,422461e-001
2,925485e+003;2,379019e-001
2,925967e+003;2,333594e-001
2,926449e+003;2,286662e-001
2,926931e+003;2,238680e-001
2,927413e+003;2,190064e-001
2,927895e+003;2,141189e-001
2,928377e+003;2,092328e-001
2,928859e+003;2,043682e-001
2,929342e+003;1,995401e-001
2,929824e+003;1,947604e-001
2,930306e+003;1,900413e-001
2,930788e+003;1,853957e-001
2,931270e+003;1,808348e-001
2,931752e+003;1,763685e-001
2,932234e+003;1,720027e-001
2,932716e+003;1,677389e-001
2,933198e+003;1,635773e-001
2,933681e+003;1,595177e-001
2,934163e+003;1,555628e-001
2,934645e+003;1,517186e-001
2,935127e+003;1,479936e-001
2,935609e+003;1,443985e-001
2,936091e+003;1,409455e-001
2,936573e+003;1,376447e-001
2,937055e+003;1,345069e-001
2,937538e+003;1,315413e-001
2,938020e+003;1,287550e-001
2,938502e+003;1,261553e-001
2,938984e+003;1,237464e-001
2,939466e+003;1,215305e-001
2,939948e+003;1,195090e-001
2,940430e+003;1,176823e-001
2,940912e+003;1,160509e-001
2,941395e+003;1,146168e-001
2,941877e+003;1,133820e-001
2,942359e+003;1,123484e-001
2,942841e+003;1,115165e-001
2,943323e+003;1,108841e-001
2,943805e+003;1,104454e-001
2,944287e+003;1,101926e-001
2,944769e+003;1,101157e-001
2,945251e+003;1,102036e-001
2,945734e+003;1,104441e-001
2,946216e+003;1,108247e-001
2,946698e+003;1,113292e-001
2,947180e+003;1,119395e-001
2,947662e+003;1,126328e-001
2,948144e+003;1,133820e-001
2,948626e+003;1,141594e-001
2,949108e+003;1,149350e-001
2,949591e+003;1,156791e-001
2,950073e+003;1,163653e-001
2,950555e+003;1,169672e-001
2,951037e+003;1,174607e-001
2,951519e+003;1,178247e-001
2,952001e+003;1,180393e-001
2,952483e+003;1,180889e-001
2,952965e+003;1,179622e-001
2,953448e+003;1,176521e-001
2,953929e+003;1,171554e-001
2,954412e+003;1,164725e-001
2,954894e+003;1,156065e-001
2,955376e+003;1,145621e-001
2,955858e+003;1,133485e-001
2,956340e+003;1,119785e-001
2,956822e+003;1,104678e-001
2,957304e+003;1,088356e-001
2,957786e+003;1,071001e-001
2,958269e+003;1,052752e-001
2,958751e+003;1,033704e-001
2,959233e+003;1,013891e-001
2,959715e+003;9,933148e-002
2,960197e+003;9,719747e-002
2,960679e+003;9,498868e-002
2,961161e+003;9,271121e-002
2,961643e+003;9,037352e-002
2,962125e+003;8,798529e-002
2,962608e+003;8,555524e-002
2,963090e+003;8,308996e-002
2,963572e+003;8,059460e-002
2,964054e+003;7,807475e-002
2,964536e+003;7,553785e-002
2,965018e+003;7,299380e-002
2,965500e+003;7,045636e-002
2,965982e+003;6,793938e-002
2,966465e+003;6,545562e-002
2,966947e+003;6,301568e-002
2,967429e+003;6,062667e-002
2,967911e+003;5,829332e-002
2,968393e+003;5,601956e-002
2,968875e+003;5,380913e-002
2,969357e+003;5,166695e-002
2,969839e+003;4,959843e-002
2,970322e+003;4,760814e-002
2,970804e+003;4,569966e-002
2,971286e+003;4,387434e-002
2,971768e+003;4,213095e-002
2,972250e+003;4,046683e-002
2,972732e+003;3,887903e-002
2,973214e+003;3,736442e-002
2,973696e+003;3,592148e-002
2,974178e+003;3,455019e-002
2,974661e+003;3,325078e-002
2,975143e+003;3,202355e-002
2,975625e+003;3,086747e-002
2,976107e+003;2,977911e-002
2,976589e+003;2,875283e-002
2,977071e+003;2,778146e-002
2,977553e+003;2,685685e-002
2,978035e+003;2,597176e-002
2,978518e+003;2,512109e-002
2,979000e+003;2,430183e-002
2,979482e+003;2,351311e-002
2,979964e+003;2,275560e-002
2,980446e+003;2,202981e-002
2,980928e+003;2,133585e-002
2,981410e+003;2,067253e-002
2,981892e+003;2,003833e-002
2,982375e+003;1,943184e-002
2,982856e+003;1,885305e-002
2,983339e+003;1,830292e-002
2,983821e+003;1,778337e-002
2,984303e+003;1,729655e-002
2,984785e+003;1,684344e-002
2,985267e+003;1,642290e-002
2,985749e+003;1,603162e-002
2,986231e+003;1,566480e-002
2,986713e+003;1,531748e-002
2,987196e+003;1,498529e-002
2,987678e+003;1,466596e-002
2,988160e+003;1,435916e-002
2,988642e+003;1,406593e-002
2,989124e+003;1,378705e-002
2,989606e+003;1,352268e-002
2,990088e+003;1,327093e-002
2,990570e+003;1,302879e-002
2,991052e+003;1,279258e-002
2,991535e+003;1,255951e-002
2,992017e+003;1,232935e-002
2,992499e+003;1,210460e-002
2,992981e+003;1,188997e-002
2,993463e+003;1,169108e-002
2,993945e+003;1,151262e-002
2,994427e+003;1,135583e-002
2,994909e+003;1,121783e-002
2,995392e+003;1,109191e-002
2,995874e+003;1,097010e-002
2,996356e+003;1,084401e-002
2,996838e+003;1,070852e-002
2,997320e+003;1,056312e-002
2,997802e+003;1,041143e-002
2,998284e+003;1,026030e-002
2,998766e+003;1,011647e-002
2,999249e+003;9,985173e-003
2,999731e+003;9,867642e-003
3,000213e+003;9,760884e-003
3,000695e+003;9,658997e-003
3,001177e+003;9,556389e-003
3,001659e+003;9,448659e-003
3,002141e+003;9,335131e-003
3,002623e+003;9,218859e-003
3,003105e+003;9,105459e-003
3,003588e+003;9,000748e-003
3,004070e+003;8,909321e-003
3,004552e+003;8,832251e-003
3,005034e+003;8,767669e-003
3,005516e+003;8,711380e-003
3,005998e+003;8,658377e-003
3,006480e+003;8,604365e-003
3,006962e+003;8,547354e-003
3,007445e+003;8,487037e-003
3,007927e+003;8,424231e-003
3,008409e+003;8,360216e-003
3,008891e+003;8,295164e-003
3,009373e+003;8,228266e-003
3,009855e+003;8,157933e-003
3,010337e+003;8,082245e-003
3,010819e+003;8,000224e-003
3,011302e+003;7,912753e-003
3,011783e+003;7,822364e-003
3,012266e+003;7,732837e-003
3,012748e+003;7,648084e-003
3,013230e+003;7,571102e-003
3,013712e+003;7,503100e-003
3,014194e+003;7,443030e-003
3,014676e+003;7,389036e-003
3,015158e+003;7,338316e-003
3,015640e+003;7,288782e-003
3,016123e+003;7,239354e-003
3,016605e+003;7,189966e-003
3,017087e+003;7,141392e-003
3,017569e+003;7,094036e-003
3,018051e+003;7,047257e-003
3,018533e+003;6,999844e-003
3,019015e+003;6,949540e-003
3,019497e+003;6,895001e-003
3,019979e+003;6,835755e-003
3,020462e+003;6,773321e-003
3,020944e+003;6,710997e-003
3,021426e+003;6,652585e-003
3,021908e+003;6,601817e-003
3,022390e+003;6,560775e-003
3,022872e+003;6,529493e-003
3,023354e+003;6,506050e-003
3,023836e+003;6,487484e-003
3,024319e+003;6,470230e-003
3,024801e+003;6,451297e-003
3,025283e+003;6,428631e-003
3,025765e+003;6,400955e-003
3,026247e+003;6,368037e-003
3,026729e+003;6,329607e-003
3,027211e+003;6,286440e-003
3,027693e+003;6,239278e-003
3,028176e+003;6,189802e-003
3,028658e+003;6,139861e-003
3,029140e+003;6,091673e-003
3,029622e+003;6,046984e-003
3,030104e+003;6,006533e-003
3,030586e+003;5,969681e-003
3,031068e+003;5,934611e-003
3,031550e+003;5,899209e-003
3,032032e+003;5,861593e-003
3,032515e+003;5,821059e-003
3,032997e+003;5,778513e-003
3,033479e+003;5,735570e-003
3,033961e+003;5,694678e-003
3,034443e+003;5,657852e-003
3,034925e+003;5,625795e-003
3,035407e+003;5,598674e-003
3,035889e+003;5,574979e-003
3,036372e+003;5,552929e-003
3,036854e+003;5,530947e-003
3,037336e+003;5,507491e-003
3,037818e+003;5,481955e-003
3,038300e+003;5,454373e-003
3,038782e+003;5,424848e-003
3,039264e+003;5,394519e-003
3,039746e+003;5,363723e-003
3,040229e+003;5,333298e-003
3,040711e+003;5,303713e-003
3,041193e+003;5,275171e-003
3,041675e+003;5,247670e-003
3,042157e+003;5,221110e-003
3,042639e+003;5,195288e-003
3,043121e+003;5,169771e-003
3,043603e+003;5,144624e-003
3,044085e+003;5,119746e-003
3,044568e+003;5,095507e-003
3,045050e+003;5,072241e-003
3,045532e+003;5,050183e-003
3,046014e+003;5,029836e-003
3,046496e+003;5,011501e-003
3,046978e+003;4,995211e-003
3,047460e+003;4,980396e-003
3,047942e+003;4,966152e-003
3,048425e+003;4,950535e-003
3,048906e+003;4,931466e-003
3,049389e+003;4,906533e-003
3,049871e+003;4,874331e-003
3,050353e+003;4,834726e-003
3,050835e+003;4,788994e-003
3,051317e+003;4,740152e-003
3,051799e+003;4,692387e-003
3,052281e+003;4,649919e-003
3,052763e+003;4,615659e-003
3,053246e+003;4,590912e-003
3,053728e+003;4,575274e-003
3,054210e+003;4,566367e-003
3,054692e+003;4,560943e-003
3,055174e+003;4,556222e-003
3,055656e+003;4,549961e-003
3,056138e+003;4,541222e-003
3,056620e+003;4,530641e-003
3,057103e+003;4,519660e-003
3,057585e+003;4,509984e-003
3,058067e+003;4,503489e-003
3,058549e+003;4,501982e-003
3,059031e+003;4,506133e-003
3,059513e+003;4,515910e-003
3,059995e+003;4,530541e-003
3,060477e+003;4,548018e-003
3,060959e+003;4,565530e-003
3,061442e+003;4,579996e-003
3,061924e+003;4,588300e-003
3,062406e+003;4,588668e-003
3,062888e+003;4,580297e-003
3,063370e+003;4,564224e-003
3,063852e+003;4,542628e-003
3,064334e+003;4,517751e-003
3,064816e+003;4,492039e-003
3,065299e+003;4,466428e-003
3,065781e+003;4,440819e-003
3,066263e+003;4,414275e-003
3,066745e+003;4,385757e-003
3,067227e+003;4,354564e-003
3,067709e+003;4,321232e-003
3,068191e+003;4,287299e-003
3,068673e+003;4,254908e-003
3,069156e+003;4,226200e-003
3,069638e+003;4,202880e-003
3,070120e+003;4,184647e-003
3,070602e+003;4,170496e-003
3,071084e+003;4,157851e-003
3,071566e+003;4,144035e-003
3,072048e+003;4,127142e-003
3,072530e+003;4,105668e-003
3,073012e+003;4,079913e-003
3,073495e+003;4,050982e-003
3,073977e+003;4,020482e-003
3,074459e+003;3,989582e-003
3,074941e+003;3,959387e-003
3,075423e+003;3,930465e-003
3,075905e+003;3,903149e-003
3,076387e+003;3,878576e-003
3,076869e+003;3,857816e-003
3,077352e+003;3,842338e-003
3,077833e+003;3,833146e-003
3,078316e+003;3,829435e-003
3,078798e+003;3,828599e-003
3,079280e+003;3,826661e-003
3,079762e+003;3,818939e-003
3,080244e+003;3,801992e-003
3,080726e+003;3,775219e-003
3,081208e+003;3,740861e-003
3,081690e+003;3,703933e-003
3,082173e+003;3,669982e-003
3,082655e+003;3,643818e-003
3,083137e+003;3,627012e-003
3,083619e+003;3,618258e-003
3,084101e+003;3,613514e-003
3,084583e+003;3,608936e-003
3,085065e+003;3,601586e-003
3,085547e+003;3,591463e-003
3,086030e+003;3,580806e-003
3,086512e+003;3,572754e-003
3,086994e+003;3,569915e-003
3,087476e+003;3,571986e-003
3,087958e+003;3,576262e-003
3,088440e+003;3,579102e-003
3,088922e+003;3,577131e-003
3,089404e+003;3,569815e-003
3,089886e+003;3,559458e-003
3,090369e+003;3,551173e-003
3,090851e+003;3,550606e-003
3,091333e+003;3,561129e-003
3,091815e+003;3,582643e-003
3,092297e+003;3,610974e-003
3,092779e+003;3,639040e-003
3,093261e+003;3,658755e-003
3,093743e+003;3,664000e-003
3,094226e+003;3,652439e-003
3,094708e+003;3,625909e-003
3,095190e+003;3,589559e-003
3,095672e+003;3,550105e-003
3,096154e+003;3,514328e-003
3,096636e+003;3,486771e-003
3,097118e+003;3,469637e-003
3,097600e+003;3,463057e-003
3,098083e+003;3,465128e-003
3,098565e+003;3,472977e-003
3,099047e+003;3,483932e-003
3,099529e+003;3,495122e-003
3,100011e+003;3,504240e-003
3,100493e+003;3,509485e-003
3,100975e+003;3,509251e-003
3,101457e+003;3,502971e-003
3,101939e+003;3,490646e-003
3,102422e+003;3,472710e-003
3,102904e+003;3,450800e-003
3,103386e+003;3,427522e-003
3,103868e+003;3,405614e-003
3,104350e+003;3,388082e-003
3,104832e+003;3,377463e-003
3,105314e+003;3,374625e-003
3,105796e+003;3,378866e-003
3,106279e+003;3,387548e-003
3,106760e+003;3,397232e-003
3,107243e+003;3,404612e-003
3,107725e+003;3,407484e-003
3,108207e+003;3,406182e-003
3,108689e+003;3,402542e-003
3,109171e+003;3,400338e-003
3,109653e+003;3,402709e-003
3,110135e+003;3,412026e-003
3,110617e+003;3,428691e-003
3,111100e+003;3,451067e-003
3,111582e+003;3,476718e-003
3,112064e+003;3,502904e-003
3,112546e+003;3,527255e-003
3,113028e+003;3,547800e-003
3,113510e+003;3,562933e-003
3,113992e+003;3,570583e-003
3,114474e+003;3,568411e-003
3,114957e+003;3,555049e-003
3,115439e+003;3,530162e-003
3,115921e+003;3,496090e-003
3,116403e+003;3,457980e-003
3,116885e+003;3,421978e-003
3,117367e+003;3,393993e-003
3,117849e+003;3,377530e-003
3,118331e+003;3,372154e-003
3,118813e+003;3,373823e-003
3,119296e+003;3,376495e-003
3,119778e+003;3,374692e-003
3,120260e+003;3,365976e-003
3,120742e+003;3,351351e-003
3,121224e+003;3,335123e-003
3,121706e+003;3,323370e-003
3,122188e+003;3,320199e-003
3,122670e+003;3,326876e-003
3,123153e+003;3,341133e-003
3,123635e+003;3,357528e-003
3,124117e+003;3,370751e-003
3,124599e+003;3,376395e-003
3,125081e+003;3,373022e-003
3,125563e+003;3,361435e-003
3,126045e+003;3,344239e-003
3,126527e+003;3,323771e-003
3,127010e+003;3,301969e-003
3,127492e+003;3,279533e-003
3,127974e+003;3,257066e-003
3,128456e+003;3,235801e-003
3,128938e+003;3,218276e-003
3,129420e+003;3,208495e-003
3,129902e+003;3,210398e-003
3,130384e+003;3,226654e-003
3,130866e+003;3,257366e-003
3,131349e+003;3,298730e-003
3,131831e+003;3,344406e-003
3,132313e+003;3,385444e-003
3,132795e+003;3,413395e-003
3,133277e+003;3,421945e-003
3,133759e+003;3,408520e-003
3,134241e+003;3,374491e-003
3,134723e+003;3,325340e-003
3,135206e+003;3,269151e-003
3,135688e+003;3,214237e-003
3,136170e+003;3,168475e-003
3,136652e+003;3,137102e-003
3,137134e+003;3,121717e-003
3,137616e+003;3,120749e-003
3,138098e+003;3,129693e-003
3,138580e+003;3,143243e-003
3,139063e+003;3,155926e-003
3,139544e+003;3,163969e-003
3,140027e+003;3,165938e-003
3,140509e+003;3,162568e-003
3,140991e+003;3,155892e-003
3,141473e+003;3,148917e-003
3,141955e+003;3,144411e-003
3,142437e+003;3,144244e-003
3,142919e+003;3,149484e-003
3,143401e+003;3,160298e-003
3,143884e+003;3,176085e-003
3,144366e+003;3,195711e-003
3,144848e+003;3,217542e-003
3,145330e+003;3,240274e-003
3,145812e+003;3,261940e-003
3,146294e+003;3,281436e-003
3,146776e+003;3,298163e-003
3,147258e+003;3,311751e-003
3,147740e+003;3,322436e-003
3,148223e+003;3,330883e-003
3,148705e+003;3,337628e-003
3,149187e+003;3,343170e-003
3,149669e+003;3,348279e-003
3,150151e+003;3,353221e-003
3,150633e+003;3,358931e-003
3,151115e+003;3,365709e-003
3,151597e+003;3,373556e-003
3,152080e+003;3,382138e-003
3,152562e+003;3,389952e-003
3,153044e+003;3,395362e-003
3,153526e+003;3,397132e-003
3,154008e+003;3,394728e-003
3,154490e+003;3,389251e-003
3,154972e+003;3,382873e-003
3,155454e+003;3,378331e-003
3,155937e+003;3,377697e-003
3,156419e+003;3,381337e-003
3,156901e+003;3,387615e-003
3,157383e+003;3,393893e-003
3,157865e+003;3,396431e-003
3,158347e+003;3,392958e-003
3,158829e+003;3,383207e-003
3,159311e+003;3,368714e-003
3,159793e+003;3,352419e-003
3,160276e+003;3,337861e-003
3,160758e+003;3,327878e-003
3,161240e+003;3,323304e-003
3,161722e+003;3,324239e-003
3,162204e+003;3,328779e-003
3,162686e+003;3,335057e-003
3,163168e+003;3,341200e-003
3,163650e+003;3,345708e-003
3,164133e+003;3,347611e-003
3,164615e+003;3,346743e-003
3,165097e+003;3,343504e-003
3,165579e+003;3,339097e-003
3,166061e+003;3,335557e-003
3,166543e+003;3,334923e-003
3,167025e+003;3,339464e-003
3,167507e+003;3,350015e-003
3,167990e+003;3,365776e-003
3,168471e+003;3,384242e-003
3,168954e+003;3,402008e-003
3,169436e+003;3,415399e-003
3,169918e+003;3,421778e-003
3,170400e+003;3,419774e-003
3,170882e+003;3,409388e-003
3,171364e+003;3,391288e-003
3,171846e+003;3,366243e-003
3,172328e+003;3,334823e-003
3,172811e+003;3,297996e-003
3,173293e+003;3,257533e-003
3,173775e+003;3,217475e-003
3,174257e+003;3,182927e-003
3,174739e+003;3,159630e-003
3,175221e+003;3,152288e-003
3,175703e+003;3,162701e-003
3,176185e+003;3,187967e-003
3,176667e+003;3,221414e-003
3,177150e+003;3,254295e-003
3,177632e+003;3,278398e-003
3,178114e+003;3,288180e-003
3,178596e+003;3,283005e-003
3,179078e+003;3,265979e-003
3,179560e+003;3,243646e-003
3,180042e+003;3,222181e-003
3,180524e+003;3,207227e-003
3,181007e+003;3,201419e-003
3,181489e+003;3,205625e-003
3,181971e+003;3,218509e-003
3,182453e+003;3,237704e-003
3,182935e+003;3,260704e-003
3,183417e+003;3,283974e-003
3,183899e+003;3,303905e-003
3,184381e+003;3,317227e-003
3,184864e+003;3,321267e-003
3,185346e+003;3,315457e-003
3,185828e+003;3,301835e-003
3,186310e+003;3,284842e-003
3,186792e+003;3,269885e-003
3,187274e+003;3,262006e-003
3,187756e+003;3,263575e-003
3,188238e+003;3,273691e-003
3,188720e+003;3,288614e-003
3,189203e+003;3,302803e-003
3,189685e+003;3,312386e-003
3,190167e+003;3,314990e-003
3,190649e+003;3,312119e-003
3,191131e+003;3,307211e-003
3,191613e+003;3,304573e-003
3,192095e+003;3,307277e-003
3,192577e+003;3,315591e-003
3,193060e+003;3,327544e-003
3,193542e+003;3,339330e-003
3,194024e+003;3,347411e-003
3,194506e+003;3,348680e-003
3,194988e+003;3,342202e-003
3,195470e+003;3,328479e-003
3,195952e+003;3,308613e-003
3,196434e+003;3,283940e-003
3,196917e+003;3,255931e-003
3,197398e+003;3,225853e-003
3,197881e+003;3,195511e-003
3,198363e+003;3,166639e-003
3,198845e+003;3,141708e-003
3,199327e+003;3,121517e-003
3,199809e+003;3,105932e-003
3,200291e+003;3,093050e-003
3,200773e+003;3,080169e-003
3,201255e+003;3,064319e-003
3,201738e+003;3,044732e-003
3,202220e+003;3,022176e-003
3,202702e+003;2,999956e-003
3,203184e+003;2,982373e-003
3,203666e+003;2,972865e-003
3,204148e+003;2,973065e-003
3,204630e+003;2,981506e-003
3,205112e+003;2,994184e-003
3,205594e+003;3,006562e-003
3,206077e+003;3,014703e-003
3,206559e+003;3,017539e-003
3,207041e+003;3,016738e-003
3,207523e+003;3,016037e-003
3,208005e+003;3,020308e-003
3,208487e+003;3,032019e-003
3,208969e+003;3,050838e-003
3,209451e+003;3,072361e-003
3,209934e+003;3,090180e-003
3,210416e+003;3,096120e-003
3,210898e+003;3,083907e-003
3,211380e+003;3,050905e-003
3,211862e+003;2,999021e-003
3,212344e+003;2,934468e-003
3,212826e+003;2,867055e-003
3,213308e+003;2,807623e-003
3,213791e+003;2,765505e-003
3,214273e+003;2,746732e-003
3,214755e+003;2,752134e-003
3,215237e+003;2,778077e-003
3,215719e+003;2,816294e-003
3,216201e+003;2,857016e-003
3,216683e+003;2,891070e-003
3,217165e+003;2,910917e-003
3,217647e+003;2,913519e-003
3,218130e+003;2,899843e-003
3,218612e+003;2,874793e-003
3,219094e+003;2,845743e-003
3,219576e+003;2,820930e-003
3,220058e+003;2,806923e-003
3,220540e+003;2,807456e-003
3,221022e+003;2,823031e-003
3,221504e+003;2,850312e-003
3,221987e+003;2,884266e-003
3,222469e+003;2,918589e-003
3,222951e+003;2,948178e-003
3,223433e+003;2,968929e-003
3,223915e+003;2,979237e-003
3,224397e+003;2,978937e-003
3,224879e+003;2,968962e-003
3,225361e+003;2,951047e-003
3,225844e+003;2,926328e-003
3,226325e+003;2,896374e-003
3,226808e+003;2,863453e-003
3,227290e+003;2,830534e-003
3,227772e+003;2,801587e-003
3,228254e+003;2,781078e-003
3,228736e+003;2,772041e-003
3,229218e+003;2,775776e-003
3,229700e+003;2,790415e-003
3,230182e+003;2,810958e-003
3,230665e+003;2,830268e-003
3,231147e+003;2,841474e-003
3,231629e+003;2,839206e-003
3,232111e+003;2,821930e-003
3,232593e+003;2,791916e-003
3,233075e+003;2,754568e-003
3,233557e+003;2,716590e-003
3,234039e+003;2,683249e-003
3,234521e+003;2,657779e-003
3,235004e+003;2,639944e-003
3,235486e+003;2,627476e-003
3,235968e+003;2,617109e-003
3,236450e+003;2,606142e-003
3,236932e+003;2,593742e-003
3,237414e+003;2,580843e-003
3,237896e+003;2,569844e-003
3,238378e+003;2,563777e-003
3,238861e+003;2,565211e-003
3,239343e+003;2,575210e-003
3,239825e+003;2,594609e-003
3,240307e+003;2,623176e-003
3,240789e+003;2,660179e-003
3,241271e+003;2,704387e-003
3,241753e+003;2,754335e-003
3,242235e+003;2,807290e-003
3,242718e+003;2,859617e-003
3,243200e+003;2,907581e-003
3,243682e+003;2,946844e-003
3,244164e+003;2,974633e-003
3,244646e+003;2,989446e-003
3,245128e+003;2,991848e-003
3,245610e+003;2,984041e-003
3,246092e+003;2,967994e-003
3,246574e+003;2,946710e-003
3,247057e+003;2,922092e-003
3,247539e+003;2,895673e-003
3,248021e+003;2,869290e-003
3,248503e+003;2,844642e-003
3,248985e+003;2,823931e-003
3,249467e+003;2,808757e-003
3,249949e+003;2,800153e-003
3,250431e+003;2,796852e-003
3,250914e+003;2,796951e-003
3,251396e+003;2,796852e-003
3,251878e+003;2,793784e-003
3,252360e+003;2,785713e-003
3,252842e+003;2,772808e-003
3,253324e+003;2,756969e-003
3,253806e+003;2,741464e-003
3,254288e+003;2,729394e-003
3,254771e+003;2,722992e-003
3,255252e+003;2,723125e-003
3,255735e+003;2,729160e-003
3,256217e+003;2,739997e-003
3,256699e+003;2,754035e-003
3,257181e+003;2,770474e-003
3,257663e+003;2,787881e-003
3,258145e+003;2,804922e-003
3,258627e+003;2,819762e-003
3,259109e+003;2,829834e-003
3,259592e+003;2,832836e-003
3,260074e+003;2,827399e-003
3,260556e+003;2,813759e-003
3,261038e+003;2,794150e-003
3,261520e+003;2,772075e-003
3,262002e+003;2,751667e-003
3,262484e+003;2,735962e-003
3,262966e+003;2,726559e-003
3,263448e+003;2,723392e-003
3,263931e+003;2,724692e-003
3,264413e+003;2,728993e-003
3,264895e+003;2,734562e-003
3,265377e+003;2,741364e-003
3,265859e+003;2,749400e-003
3,266341e+003;2,759236e-003
3,266823e+003;2,770341e-003
3,267305e+003;2,780711e-003
3,267788e+003;2,788414e-003
3,268270e+003;2,790182e-003
3,268752e+003;2,784613e-003
3,269234e+003;2,771541e-003
3,269716e+003;2,753334e-003
3,270198e+003;2,733328e-003
3,270680e+003;2,715923e-003
3,271162e+003;2,704320e-003
3,271645e+003;2,699886e-003
3,272127e+003;2,702086e-003
3,272609e+003;2,708621e-003
3,273091e+003;2,716790e-003
3,273573e+003;2,724159e-003
3,274055e+003;2,729927e-003
3,274537e+003;2,734728e-003
3,275019e+003;2,739630e-003
3,275501e+003;2,745698e-003
3,275984e+003;2,752834e-003
3,276466e+003;2,759536e-003
3,276948e+003;2,763705e-003
3,277430e+003;2,763171e-003
3,277912e+003;2,757436e-003
3,278394e+003;2,748333e-003
3,278876e+003;2,739797e-003
3,279358e+003;2,736796e-003
3,279841e+003;2,743331e-003
3,280323e+003;2,760970e-003
3,280805e+003;2,787614e-003
3,281287e+003;2,817995e-003
3,281769e+003;2,844642e-003
3,282251e+003;2,861218e-003
3,282733e+003;2,863219e-003
3,283215e+003;2,850212e-003
3,283698e+003;2,825098e-003
3,284179e+003;2,792783e-003
3,284662e+003;2,758336e-003
3,285144e+003;2,725126e-003
3,285626e+003;2,694485e-003
3,286108e+003;2,665647e-003
3,286590e+003;2,638077e-003
3,287072e+003;2,611776e-003
3,287554e+003;2,588309e-003
3,288036e+003;2,571044e-003
3,288519e+003;2,563277e-003
3,289001e+003;2,567010e-003
3,289483e+003;2,582209e-003
3,289965e+003;2,606209e-003
3,290447e+003;2,634877e-003
3,290929e+003;2,663546e-003
3,291411e+003;2,688517e-003
3,291893e+003;2,708088e-003
3,292375e+003;2,721958e-003
3,292858e+003;2,731561e-003
3,293340e+003;2,738396e-003
3,293822e+003;2,744198e-003
3,294304e+003;2,750200e-003
3,294786e+003;2,757269e-003
3,295268e+003;2,765706e-003
3,295750e+003;2,775443e-003
3,296232e+003;2,785480e-003
3,296715e+003;2,793550e-003
3,297197e+003;2,797285e-003
3,297679e+003;2,793683e-003
3,298161e+003;2,781312e-003
3,298643e+003;2,760704e-003
3,299125e+003;2,734995e-003
3,299607e+003;2,709488e-003
3,300089e+003;2,689717e-003
3,300572e+003;2,680582e-003
3,301054e+003;2,683816e-003
3,301536e+003;2,698386e-003
3,302018e+003;2,720258e-003
3,302500e+003;2,744031e-003
3,302982e+003;2,764272e-003
3,303464e+003;2,776943e-003
3,303946e+003;2,780244e-003
3,304428e+003;2,774175e-003
3,304911e+003;2,760170e-003
3,305393e+003;2,740930e-003
3,305875e+003;2,719524e-003
3,306357e+003;2,699619e-003
3,306839e+003;2,684683e-003
3,307321e+003;2,677815e-003
3,307803e+003;2,680515e-003
3,308285e+003;2,692318e-003
3,308768e+003;2,709755e-003
3,309250e+003;2,727826e-003
3,309732e+003;2,740930e-003
3,310214e+003;2,744798e-003
3,310696e+003;2,738429e-003
3,311178e+003;2,724092e-003
3,311660e+003;2,707488e-003
3,312142e+003;2,694518e-003
3,312625e+003;2,690551e-003
3,313106e+003;2,697652e-003
3,313589e+003;2,714423e-003
3,314071e+003;2,736362e-003
3,314553e+003;2,758570e-003
3,315035e+003;2,776409e-003
3,315517e+003;2,786747e-003
3,315999e+003;2,789782e-003
3,316481e+003;2,786647e-003
3,316963e+003;2,778810e-003
3,317446e+003;2,767840e-003
3,317928e+003;2,754635e-003
3,318410e+003;2,739530e-003
3,318892e+003;2,723859e-003
3,319374e+003;2,709555e-003
3,319856e+003;2,699519e-003
3,320338e+003;2,696252e-003
3,320820e+003;2,700953e-003
3,321302e+003;2,712556e-003
3,321785e+003;2,727260e-003
3,322267e+003;2,739630e-003
3,322749e+003;2,744531e-003
3,323231e+003;2,738229e-003
3,323713e+003;2,720558e-003
3,324195e+003;2,694885e-003
3,324677e+003;2,667913e-003
3,325159e+003;2,646811e-003
3,325642e+003;2,638177e-003
3,326124e+003;2,646077e-003
3,326606e+003;2,670747e-003
3,327088e+003;2,709222e-003
3,327570e+003;2,755969e-003
3,328052e+003;2,804622e-003
3,328534e+003;2,849345e-003
3,329016e+003;2,885767e-003
3,329499e+003;2,911751e-003
3,329981e+003;2,926628e-003
3,330463e+003;2,931966e-003
3,330945e+003;2,930231e-003
3,331427e+003;2,924827e-003
3,331909e+003;2,919623e-003
3,332391e+003;2,917755e-003
3,332873e+003;2,921391e-003
3,333355e+003;2,930498e-003
3,333838e+003;2,942941e-003
3,334320e+003;2,954116e-003
3,334802e+003;2,958687e-003
3,335284e+003;2,951648e-003
3,335766e+003;2,929898e-003
3,336248e+003;2,893939e-003
3,336730e+003;2,847544e-003
3,337212e+003;2,797285e-003
3,337695e+003;2,749766e-003
3,338177e+003;2,711689e-003
3,338659e+003;2,686183e-003
3,339141e+003;2,673914e-003
3,339623e+003;2,673214e-003
3,340105e+003;2,680882e-003
3,340587e+003;2,693985e-003
3,341069e+003;2,709822e-003
3,341552e+003;2,727059e-003
3,342033e+003;2,744398e-003
3,342516e+003;2,760970e-003
3,342998e+003;2,775609e-003
3,343480e+003;2,787614e-003
3,343962e+003;2,797052e-003
3,344444e+003;2,804688e-003
3,344926e+003;2,812392e-003
3,345408e+003;2,821597e-003
3,345890e+003;2,833136e-003
3,346373e+003;2,845509e-003
3,346855e+003;2,856082e-003
3,347337e+003;2,860718e-003
3,347819e+003;2,856349e-003
3,348301e+003;2,842341e-003
3,348783e+003;2,820396e-003
3,349265e+003;2,795451e-003
3,349747e+003;2,772508e-003
3,350229e+003;2,756702e-003
3,350712e+003;2,750567e-003
3,351194e+003;2,753634e-003
3,351676e+003;2,763471e-003
3,352158e+003;2,776109e-003
3,352640e+003;2,787848e-003
3,353122e+003;2,795884e-003
3,353604e+003;2,798752e-003
3,354086e+003;2,795718e-003
3,354569e+003;2,787414e-003
3,355051e+003;2,774842e-003
3,355533e+003;2,759403e-003
3,356015e+003;2,744365e-003
3,356497e+003;2,732228e-003
3,356979e+003;2,725926e-003
3,357461e+003;2,727726e-003
3,357943e+003;2,736862e-003
3,358426e+003;2,751200e-003
3,358908e+003;2,767606e-003
3,359390e+003;2,782879e-003
3,359872e+003;2,795284e-003
3,360354e+003;2,805722e-003
3,360836e+003;2,816427e-003
3,361318e+003;2,829968e-003
3,361800e+003;2,847377e-003
3,362282e+003;2,866888e-003
3,362765e+003;2,884466e-003
3,363247e+003;2,894739e-003
3,363729e+003;2,893538e-003
3,364211e+003;2,878662e-003
3,364693e+003;2,851813e-003
3,365175e+003;2,816861e-003
3,365657e+003;2,778477e-003
3,366139e+003;2,740697e-003
3,366622e+003;2,705887e-003
3,367104e+003;2,674981e-003
3,367586e+003;2,648578e-003
3,368068e+003;2,627376e-003
3,368550e+003;2,613176e-003
3,369032e+003;2,607409e-003
3,369514e+003;2,610542e-003
3,369996e+003;2,620443e-003
3,370479e+003;2,633010e-003
3,370961e+003;2,642944e-003
3,371443e+003;2,646544e-003
3,371925e+003;2,642644e-003
3,372407e+003;2,634310e-003
3,372889e+003;2,627576e-003
3,373371e+003;2,629610e-003
3,373853e+003;2,645211e-003
3,374335e+003;2,675815e-003
3,374818e+003;2,717990e-003
3,375300e+003;2,765972e-003
3,375782e+003;2,811825e-003
3,376264e+003;2,849511e-003
3,376746e+003;2,875527e-003
3,377228e+003;2,889136e-003
3,377710e+003;2,891804e-003
3,378192e+003;2,886000e-003
3,378675e+003;2,874359e-003
3,379156e+003;2,859284e-003
3,379639e+003;2,842708e-003
3,380121e+003;2,826933e-003
3,380603e+003;2,813759e-003
3,381085e+003;2,804622e-003
3,381567e+003;2,799819e-003
3,382049e+003;2,798652e-003
3,382531e+003;2,800453e-003
3,383013e+003;2,803788e-003
3,383496e+003;2,808557e-003
3,383978e+003;2,815060e-003
3,384460e+003;2,824098e-003
3,384942e+003;2,835504e-003
3,385424e+003;2,847143e-003
3,385906e+003;2,856182e-003
3,386388e+003;2,858717e-003
3,386870e+003;2,851713e-003
3,387353e+003;2,834903e-003
3,387835e+003;2,810424e-003
3,388317e+003;2,782212e-003
3,388799e+003;2,754401e-003
3,389281e+003;2,729293e-003
3,389763e+003;2,706354e-003
3,390245e+003;2,683783e-003
3,390727e+003;2,658979e-003
3,391209e+003;2,631376e-003
3,391692e+003;2,604442e-003
3,392174e+003;2,584076e-003
3,392656e+003;2,577243e-003
3,393138e+003;2,589142e-003
3,393620e+003;2,619909e-003
3,394102e+003;2,665346e-003
3,394584e+003;2,716423e-003
3,395066e+003;2,763205e-003
3,395549e+003;2,798319e-003
3,396031e+003;2,817594e-003
3,396513e+003;2,822164e-003
3,396995e+003;2,816194e-003
3,397477e+003;2,805355e-003
3,397959e+003;2,793817e-003
3,398441e+003;2,783813e-003
3,398923e+003;2,774909e-003
3,399406e+003;2,765405e-003
3,399888e+003;2,753935e-003
3,400370e+003;2,739863e-003
3,400852e+003;2,724392e-003
3,401334e+003;2,709688e-003
3,401816e+003;2,698186e-003
3,402298e+003;2,691518e-003
3,402780e+003;2,691184e-003
3,403262e+003;2,697085e-003
3,403745e+003;2,708788e-003
3,404227e+003;2,725059e-003
3,404709e+003;2,744198e-003
3,405191e+003;2,764005e-003
3,405673e+003;2,782212e-003
3,406155e+003;2,796551e-003
3,406637e+003;2,805689e-003
3,407119e+003;2,809424e-003
3,407602e+003;2,808924e-003
3,408083e+003;2,806289e-003
3,408566e+003;2,804622e-003
3,409048e+003;2,806456e-003
3,409530e+003;2,813959e-003
3,410012e+003;2,828367e-003
3,410494e+003;2,849811e-003
3,410976e+003;2,877528e-003
3,411458e+003;2,910350e-003
3,411940e+003;2,945309e-003
3,412423e+003;2,979037e-003
3,412905e+003;3,007429e-003
3,413387e+003;3,026247e-003
3,413869e+003;3,032220e-003
3,414351e+003;3,024245e-003
3,414833e+003;3,003726e-003
3,415315e+003;2,974433e-003
3,415797e+003;2,941773e-003
3,416280e+003;2,911517e-003
3,416762e+003;2,887968e-003
3,417244e+003;2,873559e-003
3,417726e+003;2,868122e-003
3,418208e+003;2,868623e-003
3,418690e+003;2,870957e-003
3,419172e+003;2,869790e-003
3,419654e+003;2,860818e-003
3,420136e+003;2,841940e-003
3,420619e+003;2,813292e-003
3,421101e+003;2,777877e-003
3,421583e+003;2,741464e-003
3,422065e+003;2,711055e-003
3,422547e+003;2,693051e-003
3,423029e+003;2,692384e-003
3,423511e+003;2,710589e-003
3,423993e+003;2,745698e-003
3,424476e+003;2,792283e-003
3,424958e+003;2,843942e-003
3,425440e+003;2,893071e-003
3,425922e+003;2,933834e-003
3,426404e+003;2,963190e-003
3,426886e+003;2,981072e-003
3,427368e+003;2,989379e-003
3,427850e+003;2,990914e-003
3,428333e+003;2,988912e-003
3,428815e+003;2,984942e-003
3,429297e+003;2,979471e-003
3,429779e+003;2,971664e-003
3,430261e+003;2,960588e-003
3,430743e+003;2,945076e-003
3,431225e+003;2,924727e-003
3,431707e+003;2,900677e-003
3,432189e+003;2,874359e-003
3,432672e+003;2,849078e-003
3,433154e+003;2,827666e-003
3,433636e+003;2,812625e-003
3,434118e+003;2,805856e-003
3,434600e+003;2,806989e-003
3,435082e+003;2,814226e-003
3,435564e+003;2,824431e-003
3,436046e+003;2,834537e-003
3,436529e+003;2,841940e-003
3,437010e+003;2,845876e-003
3,437493e+003;2,847210e-003
3,437975e+003;2,847577e-003
3,438457e+003;2,848277e-003
3,438939e+003;2,849378e-003
3,439421e+003;2,849411e-003
3,439903e+003;2,846210e-003
3,440385e+003;2,837972e-003
3,440867e+003;2,825398e-003
3,441350e+003;2,811592e-003
3,441832e+003;2,801820e-003
3,442314e+003;2,801087e-003
3,442796e+003;2,812725e-003
3,443278e+003;2,836171e-003
3,443760e+003;2,867389e-003
3,444242e+003;2,899943e-003
3,444724e+003;2,927162e-003
3,445207e+003;2,944375e-003
3,445689e+003;2,950246e-003
3,446171e+003;2,946744e-003
3,446653e+003;2,937470e-003
3,447135e+003;2,926595e-003
3,447617e+003;2,915987e-003
3,448099e+003;2,905880e-003
3,448581e+003;2,894773e-003
3,449063e+003;2,881697e-003
3,449546e+003;2,866621e-003
3,450028e+003;2,851713e-003
3,450510e+003;2,839439e-003
3,450992e+003;2,832736e-003
3,451474e+003;2,833002e-003
3,451956e+003;2,839072e-003
3,452438e+003;2,847544e-003
3,452920e+003;2,853847e-003
3,453403e+003;2,853614e-003
3,453885e+003;2,843708e-003
3,454367e+003;2,823397e-003
3,454849e+003;2,794484e-003
3,455331e+003;2,761337e-003
3,455813e+003;2,729427e-003
3,456295e+003;2,705120e-003
3,456777e+003;2,694018e-003
3,457260e+003;2,699386e-003
3,457742e+003;2,721358e-003
3,458224e+003;2,756936e-003
3,458706e+003;2,799819e-003
3,459188e+003;2,842074e-003
3,459670e+003;2,876594e-003
3,460152e+003;2,898375e-003
3,460634e+003;2,906180e-003
3,461116e+003;2,902912e-003
3,461599e+003;2,893005e-003
3,462081e+003;2,881997e-003
3,462563e+003;2,873392e-003
3,463045e+003;2,868022e-003
3,463527e+003;2,864420e-003
3,464009e+003;2,860418e-003
3,464491e+003;2,854914e-003
3,464973e+003;2,848711e-003
3,465456e+003;2,844675e-003
3,465938e+003;2,846210e-003
3,466420e+003;2,855648e-003
3,466902e+003;2,872858e-003
3,467384e+003;2,894239e-003
3,467866e+003;2,914620e-003
3,468348e+003;2,928863e-003
3,468830e+003;2,933367e-003
3,469313e+003;2,928630e-003
3,469794e+003;2,917822e-003
3,470277e+003;2,906714e-003
3,470759e+003;2,900310e-003
3,471241e+003;2,902344e-003
3,471723e+003;2,912852e-003
3,472205e+003;2,929364e-003
3,472687e+003;2,946644e-003
3,473169e+003;2,959521e-003
3,473651e+003;2,964358e-003
3,474134e+003;2,960588e-003
3,474616e+003;2,951047e-003
3,475098e+003;2,940939e-003
3,475580e+003;2,937403e-003
3,476062e+003;2,945309e-003
3,476544e+003;2,967461e-003
3,477026e+003;3,002224e-003
3,477508e+003;3,043998e-003
3,477990e+003;3,084574e-003
3,478473e+003;3,114675e-003
3,478955e+003;3,127624e-003
3,479437e+003;3,120148e-003
3,479919e+003;3,094252e-003
3,480401e+003;3,056377e-003
3,480883e+003;3,016338e-003
3,481365e+003;2,982407e-003
3,481847e+003;2,960255e-003
3,482330e+003;2,950413e-003
3,482812e+003;2,949646e-003
3,483294e+003;2,952281e-003
3,483776e+003;2,952849e-003
3,484258e+003;2,948278e-003
3,484740e+003;2,937837e-003
3,485222e+003;2,923326e-003
3,485704e+003;2,907014e-003
3,486187e+003;2,890470e-003
3,486669e+003;2,874026e-003
3,487151e+003;2,856082e-003
3,487633e+003;2,834036e-003
3,488115e+003;2,805956e-003
3,488597e+003;2,771541e-003
3,489079e+003;2,732928e-003
3,489561e+003;2,694218e-003
3,490043e+003;2,660646e-003
3,490526e+003;2,637477e-003
3,491008e+003;2,627943e-003
3,491490e+003;2,632943e-003
3,491972e+003;2,650111e-003
3,492454e+003;2,674514e-003
3,492936e+003;2,699052e-003
3,493418e+003;2,717223e-003
3,493900e+003;2,723892e-003
3,494383e+003;2,717690e-003
3,494865e+003;2,700686e-003
3,495347e+003;2,679049e-003
3,495829e+003;2,660179e-003
3,496311e+003;2,650111e-003
3,496793e+003;2,652178e-003
3,497275e+003;2,665513e-003
3,497757e+003;2,685716e-003
3,498240e+003;2,706521e-003
3,498721e+003;2,722492e-003
3,499204e+003;2,730794e-003
3,499686e+003;2,731394e-003
3,500168e+003;2,727026e-003
3,500650e+003;2,721625e-003
3,501132e+003;2,718824e-003
3,501614e+003;2,720491e-003
3,502096e+003;2,726993e-003
3,502578e+003;2,737329e-003
3,503061e+003;2,750634e-003
3,503543e+003;2,766372e-003
3,504025e+003;2,784146e-003
3,504507e+003;2,803454e-003
3,504989e+003;2,822097e-003
3,505471e+003;2,836471e-003
3,505953e+003;2,842074e-003
3,506435e+003;2,835270e-003
3,506917e+003;2,814493e-003
3,507400e+003;2,782012e-003
3,507882e+003;2,744398e-003
3,508364e+003;2,710322e-003
3,508846e+003;2,688850e-003
3,509328e+003;2,686083e-003
3,509810e+003;2,702753e-003
3,510292e+003;2,734662e-003
3,510774e+003;2,773809e-003
3,511257e+003;2,812192e-003
3,511739e+003;2,842841e-003
3,512221e+003;2,862285e-003
3,512703e+003;2,869223e-003
3,513185e+003;2,865154e-003
3,513667e+003;2,852413e-003
3,514149e+003;2,833769e-003
3,514631e+003;2,811458e-003
3,515114e+003;2,787614e-003
3,515596e+003;2,764038e-003
3,516078e+003;2,742431e-003
3,516560e+003;2,724759e-003
3,517042e+003;2,713122e-003
3,517524e+003;2,709388e-003
3,518006e+003;2,714890e-003
3,518488e+003;2,730661e-003
3,518970e+003;2,756635e-003
3,519453e+003;2,791916e-003
3,519935e+003;2,833903e-003
3,520417e+003;2,878862e-003
3,520899e+003;2,921591e-003
3,521381e+003;2,956085e-003
3,521863e+003;2,977169e-003
3,522345e+003;2,982407e-003
3,522827e+003;2,972765e-003
3,523310e+003;2,953216e-003
3,523792e+003;2,931999e-003
3,524274e+003;2,917088e-003
3,524756e+003;2,913652e-003
3,525238e+003;2,923526e-003
3,525720e+003;2,943141e-003
3,526202e+003;2,966360e-003
3,526684e+003;2,985009e-003
3,527167e+003;2,992582e-003
3,527648e+003;2,985843e-003
3,528131e+003;2,966126e-003
3,528613e+003;2,938170e-003
3,529095e+003;2,908749e-003
3,529577e+003;2,883765e-003
3,530059e+003;2,866388e-003
3,530541e+003;2,856415e-003
3,531023e+003;2,850879e-003
3,531505e+003;2,845576e-003
3,531988e+003;2,836771e-003
3,532470e+003;2,822664e-003
3,532952e+003;2,804355e-003
3,533434e+003;2,785747e-003
3,533916e+003;2,771441e-003
3,534398e+003;2,765972e-003
3,534880e+003;2,772108e-003
3,535362e+003;2,788948e-003
3,535844e+003;2,812392e-003
3,536327e+003;2,836137e-003
3,536809e+003;2,854914e-003
3,537291e+003;2,865587e-003
3,537773e+003;2,868356e-003
3,538255e+003;2,866721e-003
3,538737e+003;2,866488e-003
3,539219e+003;2,872625e-003
3,539701e+003;2,888502e-003
3,540184e+003;2,914853e-003
3,540666e+003;2,949446e-003
3,541148e+003;2,987745e-003
3,541630e+003;3,024112e-003
3,542112e+003;3,053074e-003
3,542594e+003;3,070159e-003
3,543076e+003;3,072027e-003
3,543558e+003;3,057579e-003
3,544041e+003;3,027648e-003
3,544523e+003;2,985643e-003
3,545005e+003;2,936836e-003
3,545487e+003;2,888835e-003
3,545969e+003;2,848744e-003
3,546451e+003;2,822097e-003
3,546933e+003;2,811825e-003
3,547415e+003;2,816794e-003
3,547897e+003;2,833136e-003
3,548380e+003;2,855448e-003
3,548862e+003;2,878195e-003
3,549344e+003;2,896607e-003
3,549826e+003;2,907481e-003
3,550308e+003;2,908882e-003
3,550790e+003;2,900343e-003
3,551272e+003;2,882565e-003
3,551754e+003;2,858016e-003
3,552237e+003;2,830668e-003
3,552719e+003;2,805222e-003
3,553201e+003;2,786947e-003
3,553683e+003;2,780178e-003
3,554165e+003;2,787147e-003
3,554647e+003;2,807890e-003
3,555129e+003;2,838972e-003
3,555611e+003;2,875127e-003
3,556094e+003;2,909616e-003
3,556575e+003;2,936536e-003
3,557058e+003;2,952582e-003
3,557540e+003;2,958620e-003
3,558022e+003;2,957953e-003
3,558504e+003;2,956351e-003
3,558986e+003;2,959587e-003
3,559468e+003;2,970430e-003
3,559950e+003;2,988078e-003
3,560432e+003;3,008730e-003
3,560915e+003;3,026948e-003
3,561397e+003;3,038092e-003
3,561879e+003;3,039660e-003
3,562361e+003;3,032220e-003
3,562843e+003;3,018540e-003
3,563325e+003;3,002224e-003
3,563807e+003;2,986043e-003
3,564289e+003;2,971697e-003
3,564771e+003;2,958920e-003
3,565254e+003;2,946177e-003
3,565736e+003;2,931632e-003
3,566218e+003;2,915020e-003
3,566700e+003;2,897575e-003
3,567182e+003;2,881997e-003
3,567664e+003;2,871291e-003
3,568146e+003;2,866455e-003
3,568628e+003;2,867188e-003
3,569111e+003;2,872058e-003
3,569593e+003;2,879396e-003
3,570075e+003;2,887601e-003
3,570557e+003;2,896274e-003
3,571039e+003;2,904713e-003
3,571521e+003;2,913285e-003
3,572003e+003;2,922559e-003
3,572485e+003;2,933300e-003
3,572968e+003;2,945810e-003
3,573450e+003;2,959888e-003
3,573932e+003;2,974333e-003
3,574414e+003;2,987144e-003
3,574896e+003;2,995785e-003
3,575378e+003;2,998354e-003
3,575860e+003;2,994251e-003
3,576342e+003;2,985076e-003
3,576824e+003;2,973666e-003
3,577307e+003;2,964291e-003
3,577789e+003;2,960788e-003
3,578271e+003;2,965959e-003
3,578753e+003;2,980105e-003
3,579235e+003;3,001224e-003
3,579717e+003;3,026214e-003
3,580199e+003;3,050905e-003
3,580681e+003;3,071994e-003
3,581164e+003;3,087344e-003
3,581646e+003;3,095687e-003
3,582128e+003;3,097088e-003
3,582610e+003;3,092049e-003
3,583092e+003;3,081938e-003
3,583574e+003;3,068757e-003
3,584056e+003;3,055643e-003
3,584538e+003;3,046901e-003
3,585021e+003;3,047001e-003
3,585502e+003;3,059614e-003
3,585985e+003;3,085842e-003
3,586467e+003;3,122151e-003
3,586949e+003;3,160431e-003
3,587431e+003;3,191305e-003
3,587913e+003;3,209831e-003
3,588395e+003;3,216574e-003
3,588877e+003;3,217575e-003
3,589359e+003;3,219678e-003
3,589842e+003;3,228157e-003
3,590324e+003;3,244714e-003
3,590806e+003;3,266914e-003
3,591288e+003;3,289482e-003
3,591770e+003;3,305675e-003
3,592252e+003;3,309014e-003
3,592734e+003;3,296126e-003
3,593216e+003;3,268249e-003
3,593698e+003;3,231862e-003
3,594181e+003;3,196813e-003
3,594663e+003;3,172881e-003
3,595145e+003;3,166773e-003
3,595627e+003;3,179790e-003
3,596109e+003;3,208429e-003
3,596591e+003;3,244647e-003
3,597073e+003;3,279700e-003
3,597555e+003;3,304740e-003
3,598038e+003;3,312486e-003
3,598520e+003;3,299598e-003
3,599002e+003;3,267047e-003
3,599484e+003;3,221113e-003
3,599966e+003;3,171613e-003
3,600448e+003;3,130761e-003
3,600930e+003;3,108802e-003
3,601412e+003;3,110804e-003
3,601895e+003;3,136001e-003
3,602377e+003;3,178421e-003
3,602859e+003;3,229459e-003
3,603341e+003;3,280168e-003
3,603823e+003;3,324272e-003
3,604305e+003;3,357996e-003
3,604787e+003;3,380202e-003
3,605269e+003;3,391822e-003
3,605751e+003;3,394126e-003
3,606234e+003;3,388249e-003
3,606716e+003;3,374892e-003
3,607198e+003;3,354723e-003
3,607680e+003;3,329380e-003
3,608162e+003;3,301502e-003
3,608644e+003;3,274526e-003
3,609126e+003;3,250756e-003
3,609608e+003;3,230927e-003
3,610091e+003;3,214704e-003
3,610573e+003;3,201219e-003
3,611055e+003;3,190704e-003
3,611537e+003;3,185598e-003
3,612019e+003;3,189870e-003
3,612501e+003;3,207427e-003
3,612983e+003;3,239239e-003
3,613465e+003;3,280869e-003
3,613948e+003;3,323170e-003
3,614429e+003;3,355425e-003
3,614912e+003;3,368881e-003
3,615394e+003;3,358931e-003
3,615876e+003;3,326175e-003
3,616358e+003;3,276162e-003
3,616840e+003;3,219010e-003
3,617322e+003;3,166139e-003
3,617804e+003;3,128025e-003
3,618286e+003;3,109936e-003
3,618769e+003;3,110270e-003
3,619251e+003;3,121583e-003
3,619733e+003;3,135133e-003
3,620215e+003;3,146047e-003
3,620697e+003;3,153422e-003
3,621179e+003;3,159998e-003
3,621661e+003;3,168976e-003
3,622143e+003;3,183094e-003
3,622625e+003;3,203355e-003
3,623108e+003;3,229258e-003
3,623590e+003;3,259369e-003
3,624072e+003;3,291485e-003
3,624554e+003;3,323270e-003
3,625036e+003;3,351551e-003
3,625518e+003;3,373289e-003
3,626000e+003;3,384442e-003
3,626482e+003;3,380769e-003
3,626965e+003;3,359532e-003
3,627447e+003;3,323304e-003
3,627929e+003;3,283106e-003
3,628411e+003;3,257199e-003
3,628893e+003;3,262574e-003
3,629375e+003;3,301368e-003
3,629857e+003;3,362069e-003
3,630339e+003;3,427655e-003
3,630822e+003;3,484066e-003
3,631304e+003;3,520474e-003
3,631786e+003;3,530496e-003
3,632268e+003;3,511956e-003
3,632750e+003;3,466664e-003
3,633232e+003;3,401774e-003
3,633714e+003;3,327210e-003
3,634196e+003;3,254629e-003
3,634678e+003;3,192540e-003
3,635161e+003;3,145312e-003
3,635643e+003;3,113541e-003
3,636125e+003;3,095787e-003
3,636607e+003;3,090448e-003
3,637089e+003;3,096588e-003
3,637571e+003;3,114175e-003
3,638053e+003;3,143677e-003
3,638535e+003;3,185264e-003
3,639018e+003;3,238037e-003
3,639500e+003;3,299098e-003
3,639982e+003;3,364641e-003
3,640464e+003;3,429125e-003
3,640946e+003;3,487105e-003
3,641428e+003;3,534805e-003
3,641910e+003;3,570917e-003
3,642392e+003;3,597911e-003
3,642875e+003;3,620463e-003
3,643356e+003;3,644186e-003
3,643839e+003;3,673791e-003
3,644321e+003;3,710851e-003
3,644803e+003;3,753862e-003
3,645285e+003;3,796243e-003
3,645767e+003;3,829636e-003
3,646249e+003;3,841971e-003
3,646731e+003;3,823117e-003
3,647213e+003;3,767899e-003
3,647696e+003;3,679940e-003
3,648178e+003;3,571050e-003
3,648660e+003;3,458916e-003
3,649142e+003;3,361335e-003
3,649624e+003;3,291352e-003
3,650106e+003;3,255397e-003
3,650588e+003;3,252125e-003
3,651070e+003;3,274859e-003
3,651552e+003;3,315123e-003
3,652035e+003;3,364674e-003
3,652517e+003;3,416735e-003
3,652999e+003;3,465729e-003
3,653481e+003;3,507414e-003
3,653963e+003;3,538346e-003
3,654445e+003;3,556151e-003
3,654927e+003;3,560293e-003
3,655409e+003;3,552810e-003
3,655892e+003;3,537344e-003
3,656374e+003;3,517568e-003
3,656856e+003;3,495489e-003
3,657338e+003;3,470839e-003
3,657820e+003;3,442384e-003
3,658302e+003;3,409922e-003
3,658784e+003;3,374692e-003
3,659266e+003;3,339330e-003
3,659749e+003;3,307544e-003
3,660231e+003;3,282638e-003
3,660713e+003;3,266380e-003
3,661195e+003;3,259269e-003
3,661677e+003;3,260671e-003
3,662159e+003;3,270252e-003
3,662641e+003;3,288381e-003
3,663123e+003;3,316459e-003
3,663605e+003;3,356326e-003
3,664088e+003;3,408720e-003
3,664570e+003;3,473110e-003
3,665052e+003;3,546697e-003
3,665534e+003;3,624940e-003
3,666016e+003;3,701961e-003
3,666498e+003;3,770038e-003
3,666980e+003;3,819975e-003
3,667462e+003;3,840099e-003
3,667945e+003;3,817635e-003
3,668427e+003;3,742933e-003
3,668909e+003;3,617456e-003
3,669391e+003;3,462122e-003
3,669873e+003;3,312720e-003
3,670355e+003;3,206025e-003
3,670837e+003;3,162000e-003
3,671319e+003;3,179156e-003
3,671802e+003;3,243145e-003
3,672283e+003;3,335090e-003
3,672766e+003;3,436973e-003
3,673248e+003;3,529193e-003
3,673730e+003;3,592632e-003
3,674212e+003;3,611810e-003
3,674694e+003;3,583245e-003
3,675176e+003;3,524049e-003
3,675658e+003;3,464627e-003
3,676140e+003;3,427088e-003
3,676623e+003;3,414397e-003
3,677105e+003;3,417269e-003
3,677587e+003;3,424549e-003
3,678069e+003;3,429559e-003
3,678551e+003;3,431162e-003
3,679033e+003;3,433266e-003
3,679515e+003;3,441782e-003
3,679997e+003;3,461187e-003
3,680479e+003;3,491815e-003
3,680962e+003;3,529828e-003
3,681444e+003;3,568178e-003
3,681926e+003;3,600417e-003
3,682408e+003;3,621833e-003
3,682890e+003;3,631189e-003
3,683372e+003;3,630353e-003
3,683854e+003;3,623437e-003
3,684336e+003;3,614249e-003
3,684819e+003;3,604827e-003
3,685301e+003;3,595506e-003
3,685783e+003;3,585282e-003
3,686265e+003;3,573656e-003
3,686747e+003;3,562097e-003
3,687229e+003;3,554581e-003
3,687711e+003;3,556285e-003
3,688193e+003;3,570616e-003
3,688676e+003;3,595840e-003
3,689158e+003;3,624573e-003
3,689640e+003;3,648229e-003
3,690122e+003;3,661194e-003
3,690604e+003;3,664000e-003
3,691086e+003;3,662296e-003
3,691568e+003;3,662831e-003
3,692050e+003;3,671419e-003
3,692532e+003;3,689831e-003
3,693015e+003;3,716164e-003
3,693497e+003;3,746075e-003
3,693979e+003;3,774417e-003
3,694461e+003;3,796945e-003
3,694943e+003;3,811117e-003
3,695425e+003;3,817000e-003
3,695907e+003;3,815596e-003
3,696389e+003;3,808109e-003
3,696872e+003;3,795073e-003
3,697354e+003;3,775319e-003
3,697836e+003;3,747011e-003
3,698318e+003;3,708879e-003
3,698800e+003;3,661494e-003
3,699282e+003;3,608034e-003
3,699764e+003;3,554113e-003
3,700246e+003;3,507815e-003
3,700729e+003;3,475716e-003
3,701211e+003;3,461788e-003
3,701693e+003;3,464861e-003
3,702175e+003;3,480759e-003
3,702657e+003;3,504508e-003
3,703139e+003;3,533101e-003
3,703621e+003;3,566541e-003
3,704103e+003;3,605896e-003
3,704585e+003;3,652306e-003
3,705068e+003;3,704768e-003
3,705550e+003;3,759711e-003
3,706032e+003;3,811184e-003
3,706514e+003;3,852735e-003
3,706996e+003;3,878877e-003
3,707478e+003;3,887335e-003
3,707960e+003;3,880348e-003
3,708442e+003;3,864067e-003
3,708925e+003;3,846751e-003
3,709406e+003;3,837324e-003
3,709889e+003;3,840667e-003
3,710371e+003;3,855610e-003
3,710853e+003;3,874297e-003
3,711335e+003;3,885563e-003
3,711817e+003;3,880214e-003
3,712299e+003;3,854640e-003
3,712781e+003;3,811518e-003
3,713263e+003;3,757605e-003
3,713746e+003;3,700625e-003
3,714228e+003;3,646926e-003
3,714710e+003;3,602054e-003
3,715192e+003;3,570583e-003
3,715674e+003;3,555483e-003
3,716156e+003;3,559258e-003
3,716638e+003;3,582877e-003
3,717120e+003;3,624339e-003
3,717603e+003;3,679037e-003
3,718085e+003;3,740026e-003
3,718567e+003;3,799351e-003
3,719049e+003;3,849693e-003
3,719531e+003;3,886500e-003
3,720013e+003;3,907729e-003
3,720495e+003;3,914015e-003
3,720977e+003;3,908498e-003
3,721459e+003;3,895359e-003
3,721942e+003;3,878643e-003
3,722424e+003;3,861393e-003
3,722906e+003;3,844244e-003
3,723388e+003;3,825758e-003
3,723870e+003;3,803897e-003
3,724352e+003;3,776021e-003
3,724834e+003;3,741597e-003
3,725316e+003;3,702696e-003
3,725799e+003;3,664468e-003
3,726281e+003;3,633460e-003
3,726763e+003;3,615552e-003
3,727245e+003;3,613614e-003
3,727727e+003;3,626711e-003
3,728209e+003;3,651370e-003
3,728691e+003;3,682680e-003
3,729173e+003;3,716231e-003
3,729656e+003;3,749116e-003
3,730138e+003;3,780166e-003
3,730620e+003;3,810449e-003
3,731102e+003;3,842004e-003
3,731584e+003;3,876203e-003
3,732066e+003;3,910671e-003
3,732548e+003;3,937453e-003
3,733030e+003;3,943772e-003
3,733512e+003;3,915285e-003
3,733995e+003;3,840633e-003
3,734477e+003;3,720776e-003
3,734959e+003;3,574391e-003
3,735441e+003;3,435069e-003
3,735923e+003;3,334389e-003
3,736405e+003;3,289549e-003
3,736887e+003;3,297061e-003
3,737369e+003;3,341434e-003
3,737852e+003;3,404713e-003
3,738333e+003;3,473645e-003
3,738816e+003;3,540450e-003
3,739298e+003;3,603156e-003
3,739780e+003;3,663399e-003
3,740262e+003;3,724118e-003
3,740744e+003;3,787185e-003
3,741226e+003;3,851397e-003
3,741708e+003;3,911374e-003
3,742190e+003;3,957314e-003
3,742673e+003;3,976374e-003
3,743155e+003;3,956879e-003
3,743637e+003;3,898234e-003
3,744119e+003;3,817736e-003
3,744601e+003;3,745440e-003
3,745083e+003;3,703231e-003
3,745565e+003;3,695712e-003
3,746047e+003;3,716030e-003
3,746530e+003;3,755299e-003
3,747012e+003;3,805635e-003
3,747494e+003;3,861660e-003
3,747976e+003;3,918495e-003
3,748458e+003;3,968182e-003
3,748940e+003;3,997307e-003
3,749422e+003;3,990518e-003
3,749904e+003;3,934176e-003
3,750386e+003;3,828131e-003
3,750869e+003;3,689330e-003
3,751351e+003;3,550639e-003
3,751833e+003;3,445289e-003
3,752315e+003;3,395963e-003
3,752797e+003;3,407083e-003
3,753279e+003;3,466831e-003
3,753761e+003;3,555082e-003
3,754243e+003;3,649599e-003
3,754726e+003;3,732640e-003
3,755208e+003;3,790293e-003
3,755690e+003;3,815897e-003
3,756172e+003;3,809613e-003
3,756654e+003;3,778160e-003
3,757136e+003;3,731102e-003
3,757618e+003;3,678369e-003
3,758100e+003;3,626978e-003
3,758583e+003;3,580004e-003
3,759065e+003;3,538580e-003
3,759547e+003;3,504441e-003
3,760029e+003;3,480926e-003
3,760511e+003;3,471975e-003
3,760993e+003;3,479857e-003
3,761475e+003;3,503606e-003
3,761957e+003;3,538947e-003
3,762439e+003;3,579102e-003
3,762922e+003;3,616855e-003
3,763404e+003;3,645088e-003
3,763886e+003;3,659723e-003
3,764368e+003;3,661027e-003
3,764850e+003;3,654511e-003
3,765332e+003;3,647661e-003
3,765814e+003;3,647427e-003
3,766296e+003;3,656616e-003
3,766779e+003;3,673891e-003
3,767260e+003;3,695077e-003
3,767743e+003;3,715563e-003
3,768225e+003;3,731671e-003
3,768707e+003;3,741697e-003
3,769189e+003;3,745941e-003
3,769671e+003;3,745908e-003
3,770153e+003;3,742766e-003
3,770635e+003;3,736884e-003
3,771117e+003;3,727727e-003
3,771600e+003;3,715161e-003
3,772082e+003;3,700290e-003
3,772564e+003;3,686188e-003
3,773046e+003;3,676765e-003
3,773528e+003;3,676431e-003
3,774010e+003;3,688361e-003
3,774492e+003;3,713190e-003
3,774974e+003;3,749016e-003
3,775457e+003;3,790694e-003
3,775939e+003;3,832042e-003
3,776421e+003;3,867277e-003
3,776903e+003;3,891648e-003
3,777385e+003;3,902748e-003
3,777867e+003;3,900976e-003
3,778349e+003;3,889141e-003
3,778831e+003;3,871857e-003
3,779313e+003;3,853838e-003
3,779796e+003;3,837558e-003
3,780278e+003;3,822950e-003
3,780760e+003;3,807708e-003
3,781242e+003;3,788722e-003
3,781724e+003;3,764490e-003
3,782206e+003;3,734745e-003
3,782688e+003;3,701828e-003
3,783170e+003;3,670349e-003
3,783653e+003;3,646892e-003
3,784135e+003;3,636367e-003
3,784617e+003;3,641179e-003
3,785099e+003;3,660124e-003
3,785581e+003;3,688828e-003
3,786063e+003;3,722614e-003
3,786545e+003;3,757940e-003
3,787027e+003;3,793569e-003
3,787510e+003;3,829569e-003
3,787992e+003;3,867377e-003
3,788474e+003;3,906726e-003
3,788956e+003;3,946046e-003
3,789438e+003;3,981189e-003
3,789920e+003;4,007072e-003
3,790402e+003;4,019010e-003
3,790884e+003;4,014930e-003
3,791366e+003;3,995802e-003
3,791849e+003;3,966409e-003
3,792331e+003;3,932337e-003
3,792813e+003;3,899103e-003
3,793295e+003;3,870152e-003
3,793777e+003;3,846283e-003
3,794259e+003;3,825825e-003
3,794741e+003;3,806839e-003
3,795223e+003;3,788154e-003
3,795706e+003;3,771175e-003
3,796188e+003;3,759678e-003
3,796670e+003;3,757605e-003
3,797152e+003;3,766763e-003
3,797634e+003;3,785480e-003
3,798116e+003;3,808443e-003
3,798598e+003;3,828165e-003
3,799080e+003;3,836522e-003
3,799563e+003;3,826393e-003
3,800044e+003;3,795073e-003
3,800527e+003;3,749083e-003
3,801009e+003;3,704869e-003
3,801491e+003;3,681343e-003
3,801973e+003;3,689062e-003
3,802455e+003;3,725054e-003
3,802937e+003;3,778060e-003
3,803419e+003;3,834817e-003
3,803901e+003;3,883357e-003
3,804384e+003;3,915352e-003
3,804866e+003;3,924346e-003
3,805348e+003;3,907596e-003
3,805830e+003;3,867578e-003
3,806312e+003;3,814092e-003
3,806794e+003;3,761048e-003
3,807276e+003;3,720943e-003
3,807758e+003;3,700157e-003
3,808240e+003;3,698386e-003
3,808723e+003;3,712354e-003
3,809205e+003;3,738689e-003
3,809687e+003;3,775386e-003
3,810169e+003;3,821212e-003
3,810651e+003;3,874431e-003
3,811133e+003;3,932103e-003
3,811615e+003;3,989215e-003
3,812097e+003;4,039210e-003
3,812580e+003;4,076066e-003
3,813062e+003;4,094395e-003
3,813544e+003;4,091118e-003
3,814026e+003;4,067203e-003
3,814508e+003;4,030047e-003
3,814990e+003;3,993026e-003
3,815472e+003;3,972495e-003
3,815954e+003;3,979651e-003
3,816437e+003;4,014763e-003
3,816919e+003;4,067905e-003
3,817401e+003;4,125236e-003
3,817883e+003;4,174243e-003
3,818365e+003;4,203416e-003
3,818847e+003;4,203617e-003
3,819329e+003;4,167987e-003
3,819811e+003;4,097071e-003
3,820293e+003;4,002758e-003
3,820776e+003;3,907897e-003
3,821258e+003;3,836856e-003
3,821740e+003;3,800789e-003
3,822222e+003;3,795407e-003
3,822704e+003;3,808309e-003
3,823186e+003;3,827396e-003
3,823668e+003;3,843909e-003
3,824150e+003;3,853136e-003
3,824633e+003;3,855208e-003
3,825115e+003;3,853437e-003
3,825597e+003;3,854072e-003
3,826079e+003;3,862998e-003
3,826561e+003;3,884126e-003
3,827043e+003;3,916756e-003
3,827525e+003;3,957147e-003
3,828007e+003;3,998879e-003
3,828490e+003;4,036233e-003
3,828971e+003;4,065297e-003
3,829454e+003;4,084161e-003
3,829936e+003;4,092823e-003
3,830418e+003;4,093225e-003
3,830900e+003;4,088910e-003
3,831382e+003;4,083257e-003
3,831864e+003;4,079344e-003
3,832346e+003;4,078307e-003
3,832828e+003;4,080414e-003
3,833311e+003;4,084829e-003
3,833793e+003;4,090883e-003
3,834275e+003;4,098209e-003
3,834757e+003;4,107306e-003
3,835239e+003;4,119148e-003
3,835721e+003;4,134969e-003
3,836203e+003;4,155542e-003
3,836685e+003;4,180465e-003
3,837167e+003;4,207363e-003
3,837650e+003;4,232591e-003
3,838132e+003;4,252198e-003
3,838614e+003;4,263909e-003
3,839096e+003;4,268025e-003
3,839578e+003;4,266619e-003
3,840060e+003;4,263273e-003
3,840542e+003;4,260027e-003
3,841024e+003;4,256648e-003
3,841507e+003;4,250257e-003
3,841989e+003;4,236171e-003
3,842471e+003;4,209739e-003
3,842953e+003;4,168756e-003
3,843435e+003;4,115568e-003
3,843917e+003;4,057404e-003
3,844399e+003;4,003761e-003
3,844881e+003;3,963467e-003
3,845364e+003;3,942535e-003
3,845846e+003;3,942100e-003
3,846328e+003;3,959688e-003
3,846810e+003;3,989850e-003
3,847292e+003;4,026434e-003
3,847774e+003;4,063825e-003
3,848256e+003;4,097740e-003
3,848738e+003;4,126339e-003
3,849220e+003;4,148986e-003
3,849703e+003;4,164976e-003
3,850185e+003;4,173273e-003
3,850667e+003;4,170897e-003
3,851149e+003;4,153134e-003
3,851631e+003;4,115836e-003
3,852113e+003;4,059444e-003
3,852595e+003;3,993394e-003
3,853077e+003;3,934744e-003
3,853560e+003;3,897800e-003
3,854042e+003;3,884126e-003
3,854524e+003;3,886533e-003
3,855006e+003;3,896395e-003
3,855488e+003;3,908900e-003
3,855970e+003;3,923377e-003
3,856452e+003;3,940897e-003
3,856934e+003;3,962363e-003
3,857417e+003;3,987375e-003
3,857898e+003;4,012891e-003
3,858381e+003;4,035565e-003
3,858863e+003;4,052019e-003
3,859345e+003;4,061016e-003
3,859827e+003;4,064628e-003
3,860309e+003;4,067905e-003
3,860791e+003;4,076367e-003
3,861273e+003;4,093459e-003
3,861755e+003;4,118178e-003
3,862238e+003;4,144369e-003
3,862720e+003;4,162835e-003
3,863202e+003;4,165746e-003
3,863684e+003;4,151996e-003
3,864166e+003;4,128748e-003
3,864648e+003;4,108878e-003
3,865130e+003;4,103761e-003
3,865612e+003;4,117843e-003
3,866094e+003;4,147213e-003
3,866577e+003;4,181402e-003
3,867059e+003;4,207397e-003
3,867541e+003;4,213085e-003
3,868023e+003;4,189900e-003
3,868505e+003;4,137445e-003
3,868987e+003;4,066166e-003
3,869469e+003;3,997073e-003
3,869951e+003;3,950393e-003
3,870434e+003;3,933975e-003
3,870916e+003;3,942535e-003
3,871398e+003;3,964804e-003
3,871880e+003;3,991053e-003
3,872362e+003;4,015332e-003
3,872844e+003;4,036501e-003
3,873326e+003;4,056935e-003
3,873808e+003;4,079645e-003
3,874291e+003;4,105935e-003
3,874773e+003;4,134802e-003
3,875255e+003;4,163003e-003
3,875737e+003;4,187624e-003
3,876219e+003;4,205791e-003
3,876701e+003;4,215828e-003
3,877183e+003;4,216430e-003
3,877665e+003;4,206761e-003
3,878147e+003;4,186353e-003
3,878630e+003;4,156914e-003
3,879112e+003;4,123462e-003
3,879594e+003;4,094663e-003
3,880076e+003;4,080682e-003
3,880558e+003;4,088709e-003
3,881040e+003;4,118679e-003
3,881522e+003;4,163906e-003
3,882004e+003;4,212817e-003
3,882487e+003;4,254205e-003
3,882969e+003;4,277628e-003
3,883451e+003;4,275821e-003
3,883933e+003;4,246643e-003
3,884415e+003;4,195754e-003
3,884897e+003;4,136977e-003
3,885379e+003;4,088107e-003
3,885861e+003;4,063123e-003
3,886344e+003;4,065430e-003
3,886825e+003;4,088776e-003
3,887308e+003;4,122760e-003
3,887790e+003;4,157985e-003
3,888272e+003;4,186387e-003
3,888754e+003;4,202211e-003
3,889236e+003;4,201944e-003
3,889718e+003;4,184145e-003
3,890200e+003;4,151762e-003
3,890682e+003;4,112257e-003
3,891165e+003;4,076468e-003
3,891647e+003;4,054929e-003
3,892129e+003;4,053825e-003
3,892611e+003;4,073491e-003
3,893093e+003;4,108878e-003
3,893575e+003;4,152465e-003
3,894057e+003;4,195587e-003
3,894539e+003;4,230684e-003
3,895021e+003;4,252934e-003
3,895504e+003;4,259726e-003
3,895986e+003;4,251227e-003
3,896468e+003;4,229947e-003
3,896950e+003;4,200070e-003
3,897432e+003;4,166615e-003
3,897914e+003;4,135338e-003
3,898396e+003;4,111889e-003
3,898878e+003;4,101051e-003
3,899361e+003;4,105902e-003
3,899843e+003;4,126841e-003
3,900325e+003;4,160694e-003
3,900807e+003;4,200170e-003
3,901289e+003;4,236204e-003
3,901771e+003;4,257986e-003
3,902253e+003;4,256447e-003
3,902735e+003;4,228074e-003
3,903218e+003;4,176384e-003
3,903700e+003;4,112759e-003
3,904182e+003;4,052387e-003
3,904664e+003;4,008911e-003
3,905146e+003;3,988980e-003
3,905628e+003;3,991923e-003
3,906110e+003;4,011151e-003
3,906592e+003;4,039043e-003
3,907074e+003;4,068407e-003
3,907557e+003;4,094362e-003
3,908039e+003;4,115334e-003
3,908521e+003;4,131992e-003
3,909003e+003;4,146577e-003
3,909485e+003;4,161865e-003
3,909967e+003;4,180198e-003
3,910449e+003;4,202111e-003
3,910931e+003;4,227404e-003
3,911414e+003;4,254139e-003
3,911896e+003;4,280004e-003
3,912378e+003;4,301955e-003
3,912860e+003;4,316881e-003
3,913342e+003;4,322369e-003
3,913824e+003;4,316312e-003
3,914306e+003;4,297639e-003
3,914788e+003;4,267088e-003
3,915271e+003;4,227539e-003
3,915752e+003;4,183744e-003
3,916235e+003;4,141158e-003
3,916717e+003;4,104998e-003
3,917199e+003;4,078174e-003
3,917681e+003;4,061216e-003
3,918163e+003;4,053825e-003
3,918645e+003;4,055364e-003
3,919127e+003;4,066133e-003
3,919609e+003;4,087271e-003
3,920092e+003;4,119281e-003
3,920574e+003;4,160727e-003
3,921056e+003;4,208267e-003
3,921538e+003;4,255745e-003
3,922020e+003;4,295464e-003
3,922502e+003;4,319491e-003
3,922984e+003;4,321934e-003
3,923466e+003;4,300918e-003
3,923948e+003;4,260396e-003
3,924431e+003;4,209237e-003
3,924913e+003;4,159523e-003
3,925395e+003;4,121589e-003
3,925877e+003;4,101185e-003
3,926359e+003;4,099412e-003
3,926841e+003;4,113494e-003
3,927323e+003;4,138382e-003
3,927805e+003;4,167886e-003
3,928288e+003;4,197059e-003
3,928770e+003;4,220947e-003
3,929252e+003;4,236438e-003
3,929734e+003;4,242093e-003
3,930216e+003;4,238279e-003
3,930698e+003;4,226401e-003
3,931180e+003;4,209639e-003
3,931662e+003;4,191338e-003
3,932145e+003;4,174510e-003
3,932627e+003;4,161464e-003
3,933109e+003;4,152900e-003
3,933591e+003;4,148183e-003
3,934073e+003;4,145808e-003
3,934555e+003;4,143968e-003
3,935037e+003;4,141225e-003
3,935519e+003;4,136977e-003
3,936001e+003;4,131122e-003
3,936484e+003;4,124433e-003
3,936966e+003;4,117876e-003
3,937448e+003;4,112625e-003
3,937930e+003;4,109313e-003
3,938412e+003;4,108477e-003
3,938894e+003;4,109849e-003
3,939376e+003;4,113361e-003
3,939858e+003;4,118378e-003
3,940341e+003;4,124901e-003
3,940823e+003;4,133096e-003
3,941305e+003;4,142831e-003
3,941787e+003;4,155107e-003
3,942269e+003;4,170028e-003
3,942751e+003;4,187257e-003
3,943233e+003;4,206293e-003
3,943715e+003;4,225498e-003
3,944198e+003;4,242896e-003
3,944679e+003;4,256180e-003
3,945162e+003;4,262905e-003
3,945644e+003;4,260797e-003
3,946126e+003;4,248350e-003
3,946608e+003;4,225798e-003
3,947090e+003;4,194550e-003
3,947572e+003;4,158219e-003
3,948054e+003;4,122091e-003
3,948536e+003;4,090950e-003
3,949019e+003;4,069143e-003
3,949501e+003;4,059277e-003
3,949983e+003;4,062287e-003
3,950465e+003;4,077471e-003
3,950947e+003;4,102757e-003
3,951429e+003;4,134936e-003
3,951911e+003;4,170429e-003
3,952393e+003;4,204921e-003
3,952875e+003;4,234264e-003
3,953358e+003;4,255243e-003
3,953840e+003;4,266017e-003
3,954322e+003;4,266419e-003
3,954804e+003;4,258288e-003
3,955286e+003;4,244803e-003
3,955768e+003;4,229847e-003
3,956250e+003;4,216564e-003
3,956732e+003;4,207531e-003
3,957215e+003;4,203449e-003
3,957697e+003;4,203516e-003
3,958179e+003;4,206026e-003
3,958661e+003;4,208635e-003
3,959143e+003;4,209204e-003
3,959625e+003;4,205958e-003
3,960107e+003;4,198063e-003
3,960589e+003;4,186420e-003
3,961072e+003;4,172737e-003
3,961554e+003;4,160460e-003
3,962036e+003;4,153033e-003
3,962518e+003;4,153803e-003
3,963000e+003;4,163906e-003
3,963482e+003;4,181770e-003
3,963964e+003;4,202981e-003
3,964446e+003;4,221783e-003
3,964928e+003;4,232423e-003
3,965411e+003;4,231219e-003
3,965893e+003;4,218170e-003
3,966375e+003;4,197159e-003
3,966857e+003;4,175414e-003
3,967339e+003;4,160025e-003
3,967821e+003;4,156680e-003
3,968303e+003;4,166549e-003
3,968785e+003;4,186487e-003
3,969268e+003;4,209940e-003
3,969750e+003;4,229680e-003
3,970232e+003;4,239952e-003
3,970714e+003;4,238346e-003
3,971196e+003;4,226033e-003
3,971678e+003;4,206026e-003
3,972160e+003;4,182272e-003
3,972642e+003;4,157951e-003
3,973125e+003;4,135003e-003
3,973606e+003;4,115100e-003
3,974089e+003;4,100349e-003
3,974571e+003;4,093827e-003
3,975053e+003;4,099981e-003
3,975535e+003;4,121422e-003
3,976017e+003;4,158386e-003
3,976499e+003;4,207163e-003
3,976981e+003;4,260128e-003
3,977463e+003;4,307243e-003
3,977946e+003;4,339973e-003
3,978428e+003;4,353192e-003
3,978910e+003;4,347201e-003
3,979392e+003;4,327824e-003
3,979874e+003;4,304599e-003
3,980356e+003;4,288035e-003
3,980838e+003;4,285492e-003
3,981320e+003;4,300115e-003
3,981802e+003;4,329531e-003
3,982285e+003;4,367483e-003
3,982767e+003;4,405104e-003
3,983249e+003;4,435129e-003
3,983731e+003;4,452201e-003
3,984213e+003;4,454712e-003
3,984695e+003;4,444033e-003
3,985177e+003;4,424551e-003
3,985659e+003;4,401891e-003
3,986142e+003;4,381239e-003
3,986624e+003;4,366947e-003
3,987106e+003;4,361726e-003
3,987588e+003;4,365441e-003
3,988070e+003;4,376854e-003
3,988552e+003;4,392819e-003
3,989034e+003;4,409957e-003
3,989516e+003;4,424719e-003
3,989999e+003;4,434392e-003
3,990481e+003;4,437439e-003
3,990963e+003;4,432819e-003
3,991445e+003;4,420334e-003
3,991927e+003;4,400016e-003
3,992409e+003;4,372169e-003
3,992891e+003;4,337763e-003
3,993373e+003;4,298542e-003
3,993855e+003;4,257752e-003
3,994338e+003;4,219174e-003
3,994820e+003;4,187558e-003
3,995302e+003;4,166783e-003
3,995784e+003;4,160025e-003
3,996266e+003;4,169158e-003
3,996748e+003;4,194316e-003
3,997230e+003;4,234096e-003
3,997712e+003;4,285592e-003
3,998195e+003;4,344959e-003
3,998677e+003;4,406509e-003
3,999159e+003;4,463583e-003
3,999641e+003;4,509950e-003
4,000123e+003;4,540418e-003
