3,996748e+002;0,000000e+000
4,001569e+002;-2,599489e-003
4,006390e+002;-2,555945e-003
4,011211e+002;-2,231797e-003
4,016032e+002;-1,548473e-003
4,020854e+002;-5,945146e-004
4,025675e+002;4,144394e-004
4,030496e+002;1,248228e-003
4,035317e+002;1,729657e-003
4,040138e+002;1,817456e-003
4,044959e+002;1,611478e-003
4,049781e+002;1,342178e-003
4,054602e+002;1,269662e-003
4,059423e+002;1,581248e-003
4,064244e+002;2,314039e-003
4,069065e+002;3,341534e-003
4,073886e+002;4,435229e-003
4,078708e+002;5,361811e-003
4,083529e+002;5,976601e-003
4,088350e+002;6,246102e-003
4,093171e+002;6,253833e-003
4,097992e+002;6,140398e-003
4,102813e+002;6,049672e-003
4,107635e+002;6,063179e-003
4,112456e+002;6,187987e-003
4,117277e+002;6,383504e-003
4,122098e+002;6,607939e-003
4,126919e+002;6,857601e-003
4,131740e+002;7,183498e-003
4,136562e+002;7,669262e-003
4,141383e+002;8,399569e-003
4,146204e+002;9,424108e-003
4,151025e+002;1,074347e-002
4,155846e+002;1,231098e-002
4,160667e+002;1,404519e-002
4,165489e+002;1,583639e-002
4,170310e+002;1,749810e-002
4,175131e+002;1,875254e-002
4,179952e+002;1,923310e-002
4,184773e+002;1,859702e-002
4,189594e+002;1,678365e-002
4,194416e+002;1,413709e-002
4,199237e+002;1,121929e-002
4,204058e+002;8,471394e-003
4,208879e+002;6,102963e-003
4,213700e+002;4,154940e-003
4,218521e+002;2,599576e-003
4,223343e+002;1,421222e-003
4,228164e+002;6,243626e-004
4,232985e+002;2,235466e-004
4,237806e+002;2,146291e-004
4,242627e+002;5,416816e-004
4,247448e+002;1,092909e-003
4,252270e+002;1,714920e-003
4,257091e+002;2,268439e-003
4,261912e+002;2,656912e-003
4,266733e+002;2,841240e-003
4,271554e+002;2,838739e-003
4,276375e+002;2,711655e-003
4,281197e+002;2,546546e-003
4,286018e+002;2,425646e-003
4,290839e+002;2,416916e-003
4,295660e+002;2,549879e-003
4,300481e+002;2,810024e-003
4,305302e+002;3,142275e-003
4,310124e+002;3,464994e-003
4,314945e+002;3,690833e-003
4,319766e+002;3,747713e-003
4,324587e+002;3,606097e-003
4,329408e+002;3,279834e-003
4,334229e+002;2,822030e-003
4,339051e+002;2,301215e-003
4,343872e+002;1,785248e-003
4,348693e+002;1,318149e-003
4,353514e+002;9,029460e-004
4,358335e+002;4,985225e-004
4,363156e+002;4,019345e-005
4,367978e+002;-5,223752e-004
4,372799e+002;-1,190827e-003
4,377620e+002;-1,900513e-003
4,382441e+002;-2,528967e-003
4,387262e+002;-2,916945e-003
4,392083e+002;-2,919611e-003
4,396905e+002;-2,426440e-003
4,401726e+002;-1,393434e-003
4,406547e+002;1,487310e-004
4,411368e+002;2,088116e-003
4,416189e+002;4,249655e-003
4,421010e+002;6,426814e-003
4,425832e+002;8,385382e-003
4,430653e+002;9,915403e-003
4,435474e+002;1,086215e-002
4,440295e+002;1,114191e-002
4,445116e+002;1,076188e-002
4,449937e+002;9,812904e-003
4,454759e+002;8,465921e-003
4,459580e+002;6,937857e-003
4,464401e+002;5,476821e-003
4,469222e+002;4,303194e-003
4,474043e+002;3,534103e-003
4,478864e+002;3,157661e-003
4,483686e+002;3,042730e-003
4,488507e+002;3,018073e-003
4,493328e+002;2,939505e-003
4,498149e+002;2,757302e-003
4,502970e+002;2,526016e-003
4,507791e+002;2,380200e-003
4,512613e+002;2,463332e-003
4,517434e+002;2,862652e-003
4,522255e+002;3,547165e-003
4,527076e+002;4,367349e-003
4,531897e+002;5,103653e-003
4,536718e+002;5,552426e-003
4,541540e+002;5,601292e-003
4,546361e+002;5,229192e-003
4,551182e+002;4,486715e-003
4,556003e+002;3,450733e-003
4,560824e+002;2,220612e-003
4,565645e+002;9,094538e-004
4,570467e+002;-3,320418e-004
4,575288e+002;-1,303127e-003
4,580109e+002;-1,815062e-003
4,584930e+002;-1,768865e-003
4,589751e+002;-1,218979e-003
4,594572e+002;-3,528004e-004
4,599394e+002;5,654690e-004
4,604215e+002;1,276042e-003
4,609036e+002;1,600403e-003
4,613857e+002;1,462511e-003
4,618678e+002;9,342243e-004
4,623499e+002;2,151926e-004
4,628321e+002;-4,098403e-004
4,633142e+002;-6,934386e-004
4,637963e+002;-5,016908e-004
4,642784e+002;1,580781e-004
4,647606e+002;1,172904e-003
4,652427e+002;2,383498e-003
4,657248e+002;3,642048e-003
4,662069e+002;4,854595e-003
4,666890e+002;5,966019e-003
4,671711e+002;6,938430e-003
4,676533e+002;7,719548e-003
4,681354e+002;8,222221e-003
4,686175e+002;8,348191e-003
4,690996e+002;8,028980e-003
4,695817e+002;7,267656e-003
4,700638e+002;6,162041e-003
4,705460e+002;4,899027e-003
4,710281e+002;3,724686e-003
4,715102e+002;2,855415e-003
4,719923e+002;2,418948e-003
4,724744e+002;2,396059e-003
4,729565e+002;2,648978e-003
4,734387e+002;2,985810e-003
4,739208e+002;3,270887e-003
4,744029e+002;3,475048e-003
4,748850e+002;3,660525e-003
4,753671e+002;3,925683e-003
4,758492e+002;4,347770e-003
4,763314e+002;4,944971e-003
4,768135e+002;5,662618e-003
4,772956e+002;6,391843e-003
4,777777e+002;7,006006e-003
4,782598e+002;7,418291e-003
4,787419e+002;7,602628e-003
4,792241e+002;7,596289e-003
4,797062e+002;7,468985e-003
4,801883e+002;7,300609e-003
4,806704e+002;7,152508e-003
4,811525e+002;7,054700e-003
4,816346e+002;7,012269e-003
4,821168e+002;7,009710e-003
4,825989e+002;7,022169e-003
4,830810e+002;7,022203e-003
4,835631e+002;6,987284e-003
4,840452e+002;6,900084e-003
4,845273e+002;6,752456e-003
4,850095e+002;6,544226e-003
4,854916e+002;6,280893e-003
4,859737e+002;5,968673e-003
4,864558e+002;5,609750e-003
4,869379e+002;5,200922e-003
4,874200e+002;4,740453e-003
4,879022e+002;4,236773e-003
4,883843e+002;3,718403e-003
4,888664e+002;3,233498e-003
4,893485e+002;2,839272e-003
4,898306e+002;2,586409e-003
4,903127e+002;2,492923e-003
4,907949e+002;2,534715e-003
4,912770e+002;2,644244e-003
4,917591e+002;2,737263e-003
4,922412e+002;2,734628e-003
4,927233e+002;2,596042e-003
4,932054e+002;2,333527e-003
4,936876e+002;2,004290e-003
4,941697e+002;1,683785e-003
4,946518e+002;1,433455e-003
4,951339e+002;1,287441e-003
4,956160e+002;1,245603e-003
4,960981e+002;1,281060e-003
4,965803e+002;1,355938e-003
4,970624e+002;1,439273e-003
4,975445e+002;1,516473e-003
4,980266e+002;1,592222e-003
4,985087e+002;1,685116e-003
4,989908e+002;1,816757e-003
4,994730e+002;2,002260e-003
4,999551e+002;2,243226e-003
5,004372e+002;2,524716e-003
5,009193e+002;2,814660e-003
5,014014e+002;3,074263e-003
5,018835e+002;3,265245e-003
5,023657e+002;3,366945e-003
5,028478e+002;3,385979e-003
5,033299e+002;3,356493e-003
5,038120e+002;3,326643e-003
5,042941e+002;3,348713e-003
5,047762e+002;3,463558e-003
5,052584e+002;3,686924e-003
5,057405e+002;4,010182e-003
5,062226e+002;4,400685e-003
5,067047e+002;4,815964e-003
5,071868e+002;5,215073e-003
5,076689e+002;5,574643e-003
5,081511e+002;5,890040e-003
5,086332e+002;6,165402e-003
5,091153e+002;6,397391e-003
5,095974e+002;6,559262e-003
5,100795e+002;6,597544e-003
5,105616e+002;6,449750e-003
5,110438e+002;6,062474e-003
5,115259e+002;5,426022e-003
5,120080e+002;4,589505e-003
5,124901e+002;3,663800e-003
5,129722e+002;2,792016e-003
5,134543e+002;2,106128e-003
5,139365e+002;1,707037e-003
5,144186e+002;1,631965e-003
5,149007e+002;1,852294e-003
5,153828e+002;2,272303e-003
5,158649e+002;2,757969e-003
5,163470e+002;3,157194e-003
5,168292e+002;3,336926e-003
5,173113e+002;3,227456e-003
5,177934e+002;2,835037e-003
5,182755e+002;2,245690e-003
5,187576e+002;1,592821e-003
5,192397e+002;1,034981e-003
5,197219e+002;7,040724e-004
5,202040e+002;6,733747e-004
5,206861e+002;9,506945e-004
5,211682e+002;1,481262e-003
5,216503e+002;2,170525e-003
5,221324e+002;2,906681e-003
5,226146e+002;3,597310e-003
5,230967e+002;4,175915e-003
5,235788e+002;4,613148e-003
5,240609e+002;4,914107e-003
5,245430e+002;5,107643e-003
5,250251e+002;5,231975e-003
5,255073e+002;5,320619e-003
5,259894e+002;5,396734e-003
5,264715e+002;5,467996e-003
5,269536e+002;5,529773e-003
5,274357e+002;5,568166e-003
5,279178e+002;5,563534e-003
5,284000e+002;5,492793e-003
5,288821e+002;5,331151e-003
5,293642e+002;5,060441e-003
5,298463e+002;4,678085e-003
5,303284e+002;4,207230e-003
5,308105e+002;3,696113e-003
5,312927e+002;3,217475e-003
5,317748e+002;2,847644e-003
5,322569e+002;2,641244e-003
5,327390e+002;2,624276e-003
5,332211e+002;2,783879e-003
5,337032e+002;3,078401e-003
5,341854e+002;3,448629e-003
5,346675e+002;3,839931e-003
5,351496e+002;4,213352e-003
5,356317e+002;4,553208e-003
5,361138e+002;4,866222e-003
5,365959e+002;5,170710e-003
5,370781e+002;5,485881e-003
5,375602e+002;5,821160e-003
5,380423e+002;6,170712e-003
5,385244e+002;6,513247e-003
5,390065e+002;6,817075e-003
5,394886e+002;7,043081e-003
5,399708e+002;7,156348e-003
5,404529e+002;7,133847e-003
5,409350e+002;6,971223e-003
5,414171e+002;6,689394e-003
5,418992e+002;6,334616e-003
5,423813e+002;5,971327e-003
5,428635e+002;5,659698e-003
5,433456e+002;5,443234e-003
5,438277e+002;5,331453e-003
5,443098e+002;5,298682e-003
5,447919e+002;5,292176e-003
5,452740e+002;5,254646e-003
5,457562e+002;5,149016e-003
5,462383e+002;4,970610e-003
5,467204e+002;4,752580e-003
5,472025e+002;4,548353e-003
5,476846e+002;4,413104e-003
5,481667e+002;4,378394e-003
5,486489e+002;4,444401e-003
5,491310e+002;4,581603e-003
5,496131e+002;4,747053e-003
5,500952e+002;4,895676e-003
5,505773e+002;4,995714e-003
5,510594e+002;5,036003e-003
5,515416e+002;5,019512e-003
5,520237e+002;4,955998e-003
5,525058e+002;4,856873e-003
5,529879e+002;4,732682e-003
5,534700e+002;4,594093e-003
5,539521e+002;4,454879e-003
5,544343e+002;4,331003e-003
5,549164e+002;4,232289e-003
5,553985e+002;4,157985e-003
5,558806e+002;4,090515e-003
5,563627e+002;4,002691e-003
5,568448e+002;3,865739e-003
5,573270e+002;3,667476e-003
5,578091e+002;3,422045e-003
5,582912e+002;3,175184e-003
5,587733e+002;2,990280e-003
5,592554e+002;2,925328e-003
5,597375e+002;3,016771e-003
5,602197e+002;3,259836e-003
5,607018e+002;3,607567e-003
5,611839e+002;3,979016e-003
5,616660e+002;4,289307e-003
5,621481e+002;4,466361e-003
5,626302e+002;4,473659e-003
5,631124e+002;4,318052e-003
5,635945e+002;4,044126e-003
5,640766e+002;3,720509e-003
5,645587e+002;3,418438e-003
5,650408e+002;3,206459e-003
5,655229e+002;3,133431e-003
5,660051e+002;3,226654e-003
5,664872e+002;3,491915e-003
5,669693e+002;3,913213e-003
5,674514e+002;4,454779e-003
5,679335e+002;5,060676e-003
5,684156e+002;5,663793e-003
5,688978e+002;6,189600e-003
5,693799e+002;6,569320e-003
5,698620e+002;6,757605e-003
5,703441e+002;6,736875e-003
5,708262e+002;6,524885e-003
5,713083e+002;6,166645e-003
5,717905e+002;5,730701e-003
5,722726e+002;5,288956e-003
5,727547e+002;4,902244e-003
5,732368e+002;4,610234e-003
5,737189e+002;4,420300e-003
5,742010e+002;4,309351e-003
5,746832e+002;4,231520e-003
5,751653e+002;4,139385e-003
5,756474e+002;3,997106e-003
5,761295e+002;3,798750e-003
5,766116e+002;3,569614e-003
5,770938e+002;3,359732e-003
5,775759e+002;3,221013e-003
5,780580e+002;3,187367e-003
5,785401e+002;3,263776e-003
5,790222e+002;3,422579e-003
5,795043e+002;3,612812e-003
5,799865e+002;3,771676e-003
5,804686e+002;3,850227e-003
5,809507e+002;3,827296e-003
5,814328e+002;3,720208e-003
5,819149e+002;3,574692e-003
5,823970e+002;3,454006e-003
5,828792e+002;3,413796e-003
5,833613e+002;3,483164e-003
5,838434e+002;3,658621e-003
5,843255e+002;3,902280e-003
5,848076e+002;4,155911e-003
5,852897e+002;4,356605e-003
5,857719e+002;4,463516e-003
5,862540e+002;4,469274e-003
5,867361e+002;4,403531e-003
5,872182e+002;4,317617e-003
5,877003e+002;4,267790e-003
5,881824e+002;4,292318e-003
5,886646e+002;4,394594e-003
5,891467e+002;4,540217e-003
5,896288e+002;4,668272e-003
5,901109e+002;4,717843e-003
5,905930e+002;4,646569e-003
5,910751e+002;4,454277e-003
5,915573e+002;4,184513e-003
5,920394e+002;3,914684e-003
5,925215e+002;3,719339e-003
5,930036e+002;3,645489e-003
5,934857e+002;3,694209e-003
5,939678e+002;3,826259e-003
5,944500e+002;3,978815e-003
5,949321e+002;4,091050e-003
5,954142e+002;4,127276e-003
5,958963e+002;4,081652e-003
5,963784e+002;3,976273e-003
5,968605e+002;3,844478e-003
5,973427e+002;3,718036e-003
5,978248e+002;3,615251e-003
5,983069e+002;3,541285e-003
5,987890e+002;3,496892e-003
5,992711e+002;3,486571e-003
5,997532e+002;3,522846e-003
6,002354e+002;3,621967e-003
6,007175e+002;3,792800e-003
6,011996e+002;4,027170e-003
6,016817e+002;4,295129e-003
6,021638e+002;4,554481e-003
6,026459e+002;4,757102e-003
6,031281e+002;4,865552e-003
6,036102e+002;4,863206e-003
6,040923e+002;4,754858e-003
6,045744e+002;4,562182e-003
6,050565e+002;4,315274e-003
6,055386e+002;4,045263e-003
6,060208e+002;3,777458e-003
6,065029e+002;3,533903e-003
6,069850e+002;3,333854e-003
6,074671e+002;3,191172e-003
6,079492e+002;3,111104e-003
6,084313e+002;3,082806e-003
6,089135e+002;3,078167e-003
6,093956e+002;3,054709e-003
6,098777e+002;2,969963e-003
6,103598e+002;2,798252e-003
6,108419e+002;2,542113e-003
6,113240e+002;2,237098e-003
6,118062e+002;1,941182e-003
6,122883e+002;1,721241e-003
6,127704e+002;1,625346e-003
6,132525e+002;1,672609e-003
6,137346e+002;1,848567e-003
6,142167e+002;2,114352e-003
6,146989e+002;2,416516e-003
6,151810e+002;2,702553e-003
6,156631e+002;2,934568e-003
6,161452e+002;3,089113e-003
6,166273e+002;3,161566e-003
6,171094e+002;3,164136e-003
6,175916e+002;3,123986e-003
6,180737e+002;3,078701e-003
6,185558e+002;3,071260e-003
6,190379e+002;3,142342e-003
6,195200e+002;3,313855e-003
6,200021e+002;3,581173e-003
6,204843e+002;3,906559e-003
6,209664e+002;4,229546e-003
6,214485e+002;4,475467e-003
6,219306e+002;4,580933e-003
6,224127e+002;4,512327e-003
6,228948e+002;4,272375e-003
6,233770e+002;3,897532e-003
6,238591e+002;3,439845e-003
6,243412e+002;2,954517e-003
6,248233e+002;2,479793e-003
6,253054e+002;2,038744e-003
6,257875e+002;1,643838e-003
6,262697e+002;1,306915e-003
6,267518e+002;1,046241e-003
6,272339e+002;8,852159e-004
6,277160e+002;8,433507e-004
6,281981e+002;9,263879e-004
6,286802e+002;1,119650e-003
6,291624e+002;1,391437e-003
6,296445e+002;1,697124e-003
6,301266e+002;1,995170e-003
6,306087e+002;2,255915e-003
6,310908e+002;2,461499e-003
6,315729e+002;2,603475e-003
6,320551e+002;2,673581e-003
6,325372e+002;2,659312e-003
6,330193e+002;2,548079e-003
6,335014e+002;2,338724e-003
6,339835e+002;2,055889e-003
6,344656e+002;1,751513e-003
6,349478e+002;1,505633e-003
6,354299e+002;1,398584e-003
6,359120e+002;1,484022e-003
6,363941e+002;1,771508e-003
6,368762e+002;2,218714e-003
6,373583e+002;2,745465e-003
6,378405e+002;3,255330e-003
6,383226e+002;3,673457e-003
6,388047e+002;3,961293e-003
6,392868e+002;4,124499e-003
6,397689e+002;4,198765e-003
6,402510e+002;4,230851e-003
6,407332e+002;4,254707e-003
6,412153e+002;4,278532e-003
6,416974e+002;4,287165e-003
6,421795e+002;4,255443e-003
6,426616e+002;4,165512e-003
6,431437e+002;4,018877e-003
6,436259e+002;3,839931e-003
6,441080e+002;3,668144e-003
6,445901e+002;3,546296e-003
6,450722e+002;3,502437e-003
6,455543e+002;3,543490e-003
6,460364e+002;3,652707e-003
6,465186e+002;3,799017e-003
6,470007e+002;3,944608e-003
6,474828e+002;4,056935e-003
6,479649e+002;4,117709e-003
6,484470e+002;4,123931e-003
6,489291e+002;4,089880e-003
6,494113e+002;4,040447e-003
6,498934e+002;4,008443e-003
6,503755e+002;4,023291e-003
6,508576e+002;4,104664e-003
6,513397e+002;4,255376e-003
6,518218e+002;4,457858e-003
6,523040e+002;4,674066e-003
6,527861e+002;4,851780e-003
6,532682e+002;4,942458e-003
6,537503e+002;4,909315e-003
6,542324e+002;4,743636e-003
6,547145e+002;4,467734e-003
6,551967e+002;4,132896e-003
6,556788e+002;3,803663e-003
6,561609e+002;3,536676e-003
6,566431e+002;3,367813e-003
6,571251e+002;3,296961e-003
6,576073e+002;3,292187e-003
6,580894e+002;3,300433e-003
6,585715e+002;3,274192e-003
6,590536e+002;3,186966e-003
6,595358e+002;3,048970e-003
6,600178e+002;2,902111e-003
6,605000e+002;2,808957e-003
6,609821e+002;2,825232e-003
6,614642e+002;2,976768e-003
6,619463e+002;3,249488e-003
6,624285e+002;3,590628e-003
6,629105e+002;3,926519e-003
6,633927e+002;4,182874e-003
6,638748e+002;4,313099e-003
6,643569e+002;4,304332e-003
6,648390e+002;4,172336e-003
6,653212e+002;3,944073e-003
6,658032e+002;3,646224e-003
6,662854e+002;3,297161e-003
6,667675e+002;2,909216e-003
6,672496e+002;2,511552e-003
6,677317e+002;2,170559e-003
6,682139e+002;1,981722e-003
6,686959e+002;2,017672e-003
6,691781e+002;2,272069e-003
6,696602e+002;2,675048e-003
6,701423e+002;3,141374e-003
6,706244e+002;3,603725e-003
6,711066e+002;4,009379e-003
6,715886e+002;4,317617e-003
6,720708e+002;4,504660e-003
6,725529e+002;4,563957e-003
6,730350e+002;4,514168e-003
6,735171e+002;4,391983e-003
6,739993e+002;4,245807e-003
6,744813e+002;4,116171e-003
6,749635e+002;4,025164e-003
6,754456e+002;3,976240e-003
6,759277e+002;3,959086e-003
6,764098e+002;3,958317e-003
6,768920e+002;3,960792e-003
6,773740e+002;3,960691e-003
6,778562e+002;3,956311e-003
6,783383e+002;3,947216e-003
6,788204e+002;3,931334e-003
6,793025e+002;3,903383e-003
6,797847e+002;3,857649e-003
6,802667e+002;3,792065e-003
6,807489e+002;3,710316e-003
6,812310e+002;3,621900e-003
6,817131e+002;3,539615e-003
6,821952e+002;3,476050e-003
6,826774e+002;3,439211e-003
6,831594e+002;3,431830e-003
6,836416e+002;3,450599e-003
6,841237e+002;3,487172e-003
6,846058e+002;3,530061e-003
6,850879e+002;3,566039e-003
6,855701e+002;3,584380e-003
6,860521e+002;3,578066e-003
6,865343e+002;3,546263e-003
6,870164e+002;3,495422e-003
6,874985e+002;3,439612e-003
6,879806e+002;3,396330e-003
6,884628e+002;3,381103e-003
6,889448e+002;3,403978e-003
6,894270e+002;3,464527e-003
6,899091e+002;3,553044e-003
6,903912e+002;3,653508e-003
6,908733e+002;3,750854e-003
6,913555e+002;3,833881e-003
6,918375e+002;3,899639e-003
6,923197e+002;3,953302e-003
6,928018e+002;4,006169e-003
6,932839e+002;4,072421e-003
6,937660e+002;4,165746e-003
6,942482e+002;4,298476e-003
6,947302e+002;4,479786e-003
6,952124e+002;4,715934e-003
6,956945e+002;5,009154e-003
6,961766e+002;5,356880e-003
6,966587e+002;5,751451e-003
6,971409e+002;6,179181e-003
6,976229e+002;6,622069e-003
6,981051e+002;7,057158e-003
6,985872e+002;7,459042e-003
6,990693e+002;7,803135e-003
6,995514e+002;8,067020e-003
7,000336e+002;8,235120e-003
7,005156e+002;8,302392e-003
7,009978e+002;8,277434e-003
7,014799e+002;8,184336e-003
7,019620e+002;8,062093e-003
7,024441e+002;7,963944e-003
7,029263e+002;7,942414e-003
7,034083e+002;8,041131e-003
7,038905e+002;8,281554e-003
7,043726e+002;8,654320e-003
7,048547e+002;9,122547e-003
7,053368e+002;9,631996e-003
7,058190e+002;1,013167e-002
7,063010e+002;1,058451e-002
7,067832e+002;1,098074e-002
7,072653e+002;1,133699e-002
7,077474e+002;1,168750e-002
7,082295e+002;1,206566e-002
7,087117e+002;1,249205e-002
7,091937e+002;1,296717e-002
7,096759e+002;1,347390e-002
7,101580e+002;1,398691e-002
7,106401e+002;1,448419e-002
7,111222e+002;1,495741e-002
7,116044e+002;1,541298e-002
7,120864e+002;1,586783e-002
7,125686e+002;1,633950e-002
7,130507e+002;1,684165e-002
7,135328e+002;1,738090e-002
7,140149e+002;1,796021e-002
7,144971e+002;1,858595e-002
7,149791e+002;1,927127e-002
7,154613e+002;2,003597e-002
7,159434e+002;2,090253e-002
7,164255e+002;2,188552e-002
7,169076e+002;2,298611e-002
7,173898e+002;2,418688e-002
7,178718e+002;2,545702e-002
7,183540e+002;2,675115e-002
7,188361e+002;2,801876e-002
7,193182e+002;2,921033e-002
7,198003e+002;3,027317e-002
7,202825e+002;3,115814e-002
7,207645e+002;3,182146e-002
7,212467e+002;3,222845e-002
7,217288e+002;3,236651e-002
7,222109e+002;3,224872e-002
7,226930e+002;3,191477e-002
7,231752e+002;3,141770e-002
7,236572e+002;3,081571e-002
7,241394e+002;3,015709e-002
7,246215e+002;2,947074e-002
7,251036e+002;2,877220e-002
7,255857e+002;2,806785e-002
7,260679e+002;2,736344e-002
7,265499e+002;2,667085e-002
7,270321e+002;2,600578e-002
7,275142e+002;2,538314e-002
7,279963e+002;2,481047e-002
7,284784e+002;2,428410e-002
7,289606e+002;2,379022e-002
7,294426e+002;2,330963e-002
7,299248e+002;2,282701e-002
7,304069e+002;2,233440e-002
7,308890e+002;2,183465e-002
7,313711e+002;2,133842e-002
7,318533e+002;2,086213e-002
7,323353e+002;2,042321e-002
7,328175e+002;2,003823e-002
7,332996e+002;1,972214e-002
7,337817e+002;1,948576e-002
7,342638e+002;1,933286e-002
7,347460e+002;1,925700e-002
7,352280e+002;1,924072e-002
7,357102e+002;1,925565e-002
7,361923e+002;1,926763e-002
7,366744e+002;1,924727e-002
7,371565e+002;1,917572e-002
7,376387e+002;1,905086e-002
7,381207e+002;1,888579e-002
7,386029e+002;1,870251e-002
7,390850e+002;1,852091e-002
7,395671e+002;1,835023e-002
7,400492e+002;1,818664e-002
7,405314e+002;1,801751e-002
7,410134e+002;1,782804e-002
7,414956e+002;1,761109e-002
7,419777e+002;1,737120e-002
7,424598e+002;1,712301e-002
7,429419e+002;1,688560e-002
7,434241e+002;1,667232e-002
7,439061e+002;1,648777e-002
7,443883e+002;1,632536e-002
7,448704e+002;1,617277e-002
7,453525e+002;1,601759e-002
7,458346e+002;1,585505e-002
7,463168e+002;1,568943e-002
7,467988e+002;1,553340e-002
7,472810e+002;1,540059e-002
7,477631e+002;1,530042e-002
7,482452e+002;1,523374e-002
7,487273e+002;1,519249e-002
7,492095e+002;1,516168e-002
7,496915e+002;1,512665e-002
7,501737e+002;1,507787e-002
7,506558e+002;1,501468e-002
7,511379e+002;1,494455e-002
7,516200e+002;1,487833e-002
7,521022e+002;1,482546e-002
7,525842e+002;1,478696e-002
7,530664e+002;1,475261e-002
7,535485e+002;1,470157e-002
7,540306e+002;1,460948e-002
7,545127e+002;1,445507e-002
7,549949e+002;1,422962e-002
7,554769e+002;1,394086e-002
7,559591e+002;1,361430e-002
7,564412e+002;1,328620e-002
7,569233e+002;1,299042e-002
7,574054e+002;1,275116e-002
7,578876e+002;1,257387e-002
7,583696e+002;1,244687e-002
7,588518e+002;1,234711e-002
7,593339e+002;1,225181e-002
7,598160e+002;1,214828e-002
7,602981e+002;1,203772e-002
7,607803e+002;1,193322e-002
7,612623e+002;1,185309e-002
7,617445e+002;1,181149e-002
7,622266e+002;1,181169e-002
7,627087e+002;1,184445e-002
7,631908e+002;1,189215e-002
7,636730e+002;1,193567e-002
7,641550e+002;1,196016e-002
7,646372e+002;1,195962e-002
7,651193e+002;1,193567e-002
7,656014e+002;1,189477e-002
7,660835e+002;1,184373e-002
7,665657e+002;1,178701e-002
7,670477e+002;1,172777e-002
7,675299e+002;1,166803e-002
7,680120e+002;1,161099e-002
7,684941e+002;1,156083e-002
7,689762e+002;1,151990e-002
7,694584e+002;1,148724e-002
7,699404e+002;1,145665e-002
7,704226e+002;1,141862e-002
7,709047e+002;1,136260e-002
7,713868e+002;1,128339e-002
7,718689e+002;1,118308e-002
7,723511e+002;1,107247e-002
7,728331e+002;1,096596e-002
7,733153e+002;1,087663e-002
7,737974e+002;1,081065e-002
7,742795e+002;1,076419e-002
7,747616e+002;1,072418e-002
7,752438e+002;1,067280e-002
7,757258e+002;1,059433e-002
7,762080e+002;1,047999e-002
7,766901e+002;1,033192e-002
7,771722e+002;1,016178e-002
7,776543e+002;9,989073e-003
7,781365e+002;9,834358e-003
7,786185e+002;9,714359e-003
7,791007e+002;9,637790e-003
7,795828e+002;9,603100e-003
7,800649e+002;9,599069e-003
7,805470e+002;9,607030e-003
7,810292e+002;9,608452e-003
7,815112e+002;9,586739e-003
7,819934e+002;9,532477e-003
7,824755e+002;9,444188e-003
7,829576e+002;9,327446e-003
7,834397e+002;9,191411e-003
7,839219e+002;9,045742e-003
7,844039e+002;8,899649e-003
7,848861e+002;8,760198e-003
7,853682e+002;8,634243e-003
7,858503e+002;8,529984e-003
7,863324e+002;8,455853e-003
7,868146e+002;8,418352e-003
7,872966e+002;8,418859e-003
7,877788e+002;8,451426e-003
7,882609e+002;8,502817e-003
7,887430e+002;8,556207e-003
7,892251e+002;8,598552e-003
7,897073e+002;8,623528e-003
7,901893e+002;8,634412e-003
7,906715e+002;8,638907e-003
7,911536e+002;8,643673e-003
7,916357e+002;8,645903e-003
7,921178e+002;8,630694e-003
7,926000e+002;8,572902e-003
7,930820e+002;8,449501e-003
7,935642e+002;8,249371e-003
7,940463e+002;7,984227e-003
7,945284e+002;7,687001e-003
7,950105e+002;7,407977e-003
7,954927e+002;7,196535e-003
7,959747e+002;7,084370e-003
7,964569e+002;7,078510e-003
7,969390e+002;7,158268e-003
7,974211e+002;7,286693e-003
7,979032e+002;7,419470e-003
7,983854e+002;7,523159e-003
7,988674e+002;7,581587e-003
7,993496e+002;7,597738e-003
7,998317e+002;7,589747e-003
8,003138e+002;7,584116e-003
8,007959e+002;7,608933e-003
8,012781e+002;7,687035e-003
8,017601e+002;7,833396e-003
8,022423e+002;8,051021e-003
8,027244e+002;8,327926e-003
8,032065e+002;8,635223e-003
8,036886e+002;8,931441e-003
8,041708e+002;9,171410e-003
8,046528e+002;9,314109e-003
8,051350e+002;9,340886e-003
8,056171e+002;9,260659e-003
8,060992e+002;9,114324e-003
8,065813e+002;8,960158e-003
8,070635e+002;8,863666e-003
8,075455e+002;8,876348e-003
8,080277e+002;9,021046e-003
8,085098e+002;9,290785e-003
8,089919e+002;9,651612e-003
8,094740e+002;1,005879e-002
8,099562e+002;1,046254e-002
8,104382e+002;1,082397e-002
8,109204e+002;1,111686e-002
8,114025e+002;1,132488e-002
8,118846e+002;1,143981e-002
8,123668e+002;1,145832e-002
8,128489e+002;1,138358e-002
8,133310e+002;1,122742e-002
8,138131e+002;1,101428e-002
8,142952e+002;1,077940e-002
8,147773e+002;1,055966e-002
8,152595e+002;1,039001e-002
8,157416e+002;1,029192e-002
8,162237e+002;1,026925e-002
8,167058e+002;1,030959e-002
8,171879e+002;1,038923e-002
8,176700e+002;1,048057e-002
8,181522e+002;1,055671e-002
8,186343e+002;1,059945e-002
8,191164e+002;1,059826e-002
8,195985e+002;1,054985e-002
8,200806e+002;1,045596e-002
8,205627e+002;1,032184e-002
8,210449e+002;1,015415e-002
8,215270e+002;9,959509e-003
8,220091e+002;9,743399e-003
8,224912e+002;9,509649e-003
8,229733e+002;9,259982e-003
8,234554e+002;8,997502e-003
8,239376e+002;8,728046e-003
8,244197e+002;8,461934e-003
8,249018e+002;8,215097e-003
8,253839e+002;8,003227e-003
8,258660e+002;7,839468e-003
8,263481e+002;7,728149e-003
8,268303e+002;7,664271e-003
8,273124e+002;7,634831e-003
8,277945e+002;7,623838e-003
8,282766e+002;7,618476e-003
8,287587e+002;7,611327e-003
8,292408e+002;7,601954e-003
8,297230e+002;7,593625e-003
8,302051e+002;7,589916e-003
8,306872e+002;7,592613e-003
8,311693e+002;7,601920e-003
8,316514e+002;7,618443e-003
8,321335e+002;7,646027e-003
8,326157e+002;7,691689e-003
8,330978e+002;7,761778e-003
8,335799e+002;7,856641e-003
8,340620e+002;7,965834e-003
8,345441e+002;8,066447e-003
8,350262e+002;8,131262e-003
8,355084e+002;8,133726e-003
8,359905e+002;8,061958e-003
8,364726e+002;7,924799e-003
8,369547e+002;7,751591e-003
8,374368e+002;7,582127e-003
8,379189e+002;7,455030e-003
8,384011e+002;7,396349e-003
8,388832e+002;7,411010e-003
8,393653e+002;7,484559e-003
8,398474e+002;7,590152e-003
8,403295e+002;7,700290e-003
8,408116e+002;7,791969e-003
8,412938e+002;7,853942e-003
8,417759e+002;7,885422e-003
8,422580e+002;7,893014e-003
8,427401e+002;7,887345e-003
8,432222e+002;7,879584e-003
8,437043e+002;7,882823e-003
8,441865e+002;7,909311e-003
8,446686e+002;7,969479e-003
8,451507e+002;8,068844e-003
8,456328e+002;8,204730e-003
8,461149e+002;8,365789e-003
8,465970e+002;8,533498e-003
8,470792e+002;8,690015e-003
8,475613e+002;8,821295e-003
8,480434e+002;8,922309e-003
8,485255e+002;8,995878e-003
8,490076e+002;9,046994e-003
8,494897e+002;9,076497e-003
8,499719e+002;9,076597e-003
8,504540e+002;9,032751e-003
8,509361e+002;8,931678e-003
8,514182e+002;8,769833e-003
8,519003e+002;8,562459e-003
8,523824e+002;8,339748e-003
8,528646e+002;8,141289e-003
8,533467e+002;8,000392e-003
8,538288e+002;7,929692e-003
8,543109e+002;7,917443e-003
8,547930e+002;7,931110e-003
8,552751e+002;7,931953e-003
8,557573e+002;7,888289e-003
8,562394e+002;7,791530e-003
8,567215e+002;7,657897e-003
8,572036e+002;7,523328e-003
8,576857e+002;7,426279e-003
8,581678e+002;7,397158e-003
8,586500e+002;7,445626e-003
8,591321e+002;7,561122e-003
8,596142e+002;7,717120e-003
8,600963e+002;7,882385e-003
8,605784e+002;8,032017e-003
8,610605e+002;8,149121e-003
8,615427e+002;8,226645e-003
8,620248e+002;8,261866e-003
8,625069e+002;8,252005e-003
8,629890e+002;8,193453e-003
8,634711e+002;8,083662e-003
8,639532e+002;7,926553e-003
8,644354e+002;7,735164e-003
8,649175e+002;7,533779e-003
8,653996e+002;7,354458e-003
8,658817e+002;7,226316e-003
8,663638e+002;7,171405e-003
8,668459e+002;7,194716e-003
8,673281e+002;7,283795e-003
8,678102e+002;7,410437e-003
8,682923e+002;7,541735e-003
8,687744e+002;7,649399e-003
8,692565e+002;7,717356e-003
8,697386e+002;7,747240e-003
8,702208e+002;7,756246e-003
8,707029e+002;7,770244e-003
8,711850e+002;7,813222e-003
8,716671e+002;7,897973e-003
8,721492e+002;8,019968e-003
8,726313e+002;8,157798e-003
8,731135e+002;8,276962e-003
8,735956e+002;8,342213e-003
8,740777e+002;8,328972e-003
8,745598e+002;8,231508e-003
8,750419e+002;8,067392e-003
8,755240e+002;7,874051e-003
8,760062e+002;7,702819e-003
8,764883e+002;7,600706e-003
8,769704e+002;7,603269e-003
8,774525e+002;7,724236e-003
8,779346e+002;7,951221e-003
8,784167e+002;8,248257e-003
8,788989e+002;8,562324e-003
8,793810e+002;8,839758e-003
8,798631e+002;9,032447e-003
8,803452e+002;9,112869e-003
8,808273e+002;9,078459e-003
8,813094e+002;8,950314e-003
8,817916e+002;8,767196e-003
8,822737e+002;8,573375e-003
8,827558e+002;8,409569e-003
8,832379e+002;8,298542e-003
8,837200e+002;8,243866e-003
8,842021e+002;8,231473e-003
8,846843e+002;8,240422e-003
8,851664e+002;8,250925e-003
8,856485e+002;8,254402e-003
8,861306e+002;8,255787e-003
8,866127e+002;8,270815e-003
8,870948e+002;8,316409e-003
8,875770e+002;8,402272e-003
8,880591e+002;8,524848e-003
8,885412e+002;8,667029e-003
8,890233e+002;8,802800e-003
8,895054e+002;8,904012e-003
8,899875e+002;8,951127e-003
8,904697e+002;8,936278e-003
8,909518e+002;8,865120e-003
8,914339e+002;8,752895e-003
8,919160e+002;8,621839e-003
8,923981e+002;8,494303e-003
8,928802e+002;8,389908e-003
8,933624e+002;8,323501e-003
8,938445e+002;8,303473e-003
8,943266e+002;8,329074e-003
8,948087e+002;8,389874e-003
8,952908e+002;8,467847e-003
8,957729e+002;8,539379e-003
8,962551e+002;8,580674e-003
8,967372e+002;8,575943e-003
8,972193e+002;8,519880e-003
8,977014e+002;8,421022e-003
8,981835e+002;8,296651e-003
8,986656e+002;8,169108e-003
8,991478e+002;8,056455e-003
8,996299e+002;7,968163e-003
9,001120e+002;7,904149e-003
9,005941e+002;7,857552e-003
9,010762e+002;7,820103e-003
9,015583e+002;7,784952e-003
9,020405e+002;7,750579e-003
9,025226e+002;7,719008e-003
9,030047e+002;7,693207e-003
9,034868e+002;7,673848e-003
9,039689e+002;7,656852e-003
9,044510e+002;7,634696e-003
9,049332e+002;7,598447e-003
9,054153e+002;7,541095e-003
9,058974e+002;7,460390e-003
9,063795e+002;7,360996e-003
9,068616e+002;7,254044e-003
9,073438e+002;7,155641e-003
9,078259e+002;7,083393e-003
9,083080e+002;7,054430e-003
9,087901e+002;7,078409e-003
9,092722e+002;7,156954e-003
9,097543e+002;7,278236e-003
9,102365e+002;7,420785e-003
9,107186e+002;7,555693e-003
9,112007e+002;7,653513e-003
9,116829e+002;7,693848e-003
9,121649e+002;7,667812e-003
9,126471e+002;7,582464e-003
9,131292e+002;7,457457e-003
9,136113e+002;7,320962e-003
9,140934e+002;7,200208e-003
9,145756e+002;7,117006e-003
9,150576e+002;7,084909e-003
9,155398e+002;7,107676e-003
9,160219e+002;7,182218e-003
9,165040e+002;7,299598e-003
9,169861e+002;7,446839e-003
9,174683e+002;7,607045e-003
9,179503e+002;7,761306e-003
9,184325e+002;7,892777e-003
9,189146e+002;7,989289e-003
9,193967e+002;8,048725e-003
9,198788e+002;8,080387e-003
9,203610e+002;8,103411e-003
9,208430e+002;8,139060e-003
9,213252e+002;8,202569e-003
9,218073e+002;8,295874e-003
9,222894e+002;8,406292e-003
9,227715e+002;8,509068e-003
9,232537e+002;8,577498e-003
9,237357e+002;8,594936e-003
9,242179e+002;8,560060e-003
9,247000e+002;8,487984e-003
9,251821e+002;8,402745e-003
9,256642e+002;8,328061e-003
9,261464e+002;8,276725e-003
9,266284e+002;8,246568e-003
9,271106e+002;8,223133e-003
9,275927e+002;8,188219e-003
9,280748e+002;8,129270e-003
9,285569e+002;8,046025e-003
9,290391e+002;7,951086e-003
9,295211e+002;7,866696e-003
9,300033e+002;7,816932e-003
9,304854e+002;7,818855e-003
9,309675e+002;7,879989e-003
9,314496e+002;7,996242e-003
9,319318e+002;8,153612e-003
9,324138e+002;8,331574e-003
9,328960e+002;8,508325e-003
9,333781e+002;8,662399e-003
9,338602e+002;8,776020e-003
9,343423e+002;8,839116e-003
9,348245e+002;8,850545e-003
9,353065e+002;8,820822e-003
9,357887e+002;8,768143e-003
9,362708e+002;8,715707e-003
9,367529e+002;8,683762e-003
9,372350e+002;8,681936e-003
9,377172e+002;8,706512e-003
9,381992e+002;8,741535e-003
9,386814e+002;8,766080e-003
9,391635e+002;8,761178e-003
9,396456e+002;8,719189e-003
9,401277e+002;8,646614e-003
9,406099e+002;8,563033e-003
9,410919e+002;8,492815e-003
9,415741e+002;8,459129e-003
9,420562e+002;8,477645e-003
9,425383e+002;8,552422e-003
9,430204e+002;8,677609e-003
9,435026e+002;8,839927e-003
9,439846e+002;9,023245e-003
9,444668e+002;9,208942e-003
9,449489e+002;9,379109e-003
9,454310e+002;9,517101e-003
9,459131e+002;9,606725e-003
9,463953e+002;9,637010e-003
9,468773e+002;9,602998e-003
9,473595e+002;9,508837e-003
9,478416e+002;9,367124e-003
9,483237e+002;9,197063e-003
9,488058e+002;9,021215e-003
9,492880e+002;8,859709e-003
9,497700e+002;8,730176e-003
9,502522e+002;8,645430e-003
9,507343e+002;8,613051e-003
9,512164e+002;8,636542e-003
9,516985e+002;8,713375e-003
9,521807e+002;8,835261e-003
9,526627e+002;8,986406e-003
9,531449e+002;9,146741e-003
9,536270e+002;9,293493e-003
9,541091e+002;9,405790e-003
9,545912e+002;9,470636e-003
9,550734e+002;9,484758e-003
9,555554e+002;9,455431e-003
9,560376e+002;9,396547e-003
9,565197e+002;9,325957e-003
9,570018e+002;9,259745e-003
9,574839e+002;9,210194e-003
9,579661e+002;9,186300e-003
9,584481e+002;9,193103e-003
9,589303e+002;9,233717e-003
9,594124e+002;9,308218e-003
9,598945e+002;9,413544e-003
9,603766e+002;9,542536e-003
9,608588e+002;9,683594e-003
9,613408e+002;9,824257e-003
9,618230e+002;9,951880e-003
9,623051e+002;1,005774e-002
9,627872e+002;1,013842e-002
9,632693e+002;1,019479e-002
9,637515e+002;1,022973e-002
9,642335e+002;1,024628e-002
9,647157e+002;1,024577e-002
9,651978e+002;1,022817e-002
9,656799e+002;1,019448e-002
9,661620e+002;1,014839e-002
9,666442e+002;1,009561e-002
9,671262e+002;1,004305e-002
9,676084e+002;9,995108e-003
9,680905e+002;9,951812e-003
9,685726e+002;9,908827e-003
9,690547e+002;9,860320e-003
9,695369e+002;9,803821e-003
9,700189e+002;9,744178e-003
9,705011e+002;9,694572e-003
9,709832e+002;9,672718e-003
9,714653e+002;9,695656e-003
9,719474e+002;9,771829e-003
9,724296e+002;9,896453e-003
9,729116e+002;1,005068e-002
9,733938e+002;1,020758e-002
9,738759e+002;1,033721e-002
9,743580e+002;1,041462e-002
9,748401e+002;1,042653e-002
9,753223e+002;1,037084e-002
9,758043e+002;1,025531e-002
9,762865e+002;1,009287e-002
9,767686e+002;9,898793e-003
9,772507e+002;9,687456e-003
9,777328e+002;9,470568e-003
9,782150e+002;9,259067e-003
9,786970e+002;9,061035e-003
9,791792e+002;8,882976e-003
9,796613e+002;8,729500e-003
9,801434e+002;8,603284e-003
9,806255e+002;8,505587e-003
9,811077e+002;8,437035e-003
9,815897e+002;8,396293e-003
9,820719e+002;8,380551e-003
9,825540e+002;8,383828e-003
9,830361e+002;8,397374e-003
9,835182e+002;8,409299e-003
9,840004e+002;8,408251e-003
9,844824e+002;8,386193e-003
9,849646e+002;8,340862e-003
9,854467e+002;8,277772e-003
9,859288e+002;8,207938e-003
9,864109e+002;8,144428e-003
9,868931e+002;8,096355e-003
9,873751e+002;8,065603e-003
9,878573e+002;8,045587e-003
9,883394e+002;8,024423e-003
9,888215e+002;7,989626e-003
9,893036e+002;7,933775e-003
9,897858e+002;7,858160e-003
9,902678e+002;7,773213e-003
9,907500e+002;7,694151e-003
9,912321e+002;7,636382e-003
9,917142e+002;7,610080e-003
9,921963e+002;7,616722e-003
9,926785e+002;7,649567e-003
9,931605e+002;7,695905e-003
9,936427e+002;7,742146e-003
9,941248e+002;7,777295e-003
9,946069e+002;7,795511e-003
9,950890e+002;7,796320e-003
9,955712e+002;7,782928e-003
9,960532e+002;7,760226e-003
9,965354e+002;7,732668e-003
9,970175e+002;7,704539e-003
9,974996e+002;7,680020e-003
9,979817e+002;7,664102e-003
9,984639e+002;7,664777e-003
9,989459e+002;7,690846e-003
9,994281e+002;7,750579e-003
9,999102e+002;7,847802e-003
1,000392e+003;7,979468e-003
1,000874e+003;8,132477e-003
1,001357e+003;8,286688e-003
1,001839e+003;8,419839e-003
1,002321e+003;8,512245e-003
1,002803e+003;8,554044e-003
1,003285e+003;8,547962e-003
1,003767e+003;8,508325e-003
1,004249e+003;8,454569e-003
1,004731e+003;8,404805e-003
1,005214e+003;8,369607e-003
1,005696e+003;8,348226e-003
1,006178e+003;8,332148e-003
1,006660e+003;8,311376e-003
1,007142e+003;8,281926e-003
1,007624e+003;8,249911e-003
1,008106e+003;8,230528e-003
1,008588e+003;8,240084e-003
1,009070e+003;8,288410e-003
1,009552e+003;8,370114e-003
1,010035e+003;8,464401e-003
1,010517e+003;8,538161e-003
1,010999e+003;8,560465e-003
1,011481e+003;8,511602e-003
1,011963e+003;8,390719e-003
1,012445e+003;8,216481e-003
1,012927e+003;8,020373e-003
1,013409e+003;7,835386e-003
1,013892e+003;7,684641e-003
1,014374e+003;7,578823e-003
1,014856e+003;7,516214e-003
1,015338e+003;7,489616e-003
1,015820e+003;7,492650e-003
1,016302e+003;7,524035e-003
1,016784e+003;7,587589e-003
1,017266e+003;7,687507e-003
1,017749e+003;7,822600e-003
1,018231e+003;7,983721e-003
1,018713e+003;8,152058e-003
1,019195e+003;8,306074e-003
1,019677e+003;8,424096e-003
1,020159e+003;8,491362e-003
1,020641e+003;8,502580e-003
1,021123e+003;8,460684e-003
1,021605e+003;8,375045e-003
1,022088e+003;8,257273e-003
1,022570e+003;8,120897e-003
1,023052e+003;7,979198e-003
1,023534e+003;7,843989e-003
1,024016e+003;7,726226e-003
1,024498e+003;7,633010e-003
1,024980e+003;7,568236e-003
1,025462e+003;7,532093e-003
1,025944e+003;7,523564e-003
1,026427e+003;7,541971e-003
1,026909e+003;7,587994e-003
1,027391e+003;7,663630e-003
1,027873e+003;7,768490e-003
1,028355e+003;7,897332e-003
1,028837e+003;8,037823e-003
1,029319e+003;8,171472e-003
1,029801e+003;8,279629e-003
1,030284e+003;8,350016e-003
1,030766e+003;8,382477e-003
1,031248e+003;8,390483e-003
1,031730e+003;8,397846e-003
1,032212e+003;8,430683e-003
1,032694e+003;8,504506e-003
1,033176e+003;8,619169e-003
1,033658e+003;8,755126e-003
1,034141e+003;8,880913e-003
1,034623e+003;8,959278e-003
1,035105e+003;8,962457e-003
1,035587e+003;8,878884e-003
1,036069e+003;8,716856e-003
1,036551e+003;8,500486e-003
1,037033e+003;8,262001e-003
1,037515e+003;8,034617e-003
1,037997e+003;7,841662e-003
1,038479e+003;7,693679e-003
1,038962e+003;7,586746e-003
1,039444e+003;7,506640e-003
1,039926e+003;7,433289e-003
1,040408e+003;7,349269e-003
1,040890e+003;7,247946e-003
1,041372e+003;7,135632e-003
1,041854e+003;7,031767e-003
1,042336e+003;6,962166e-003
1,042819e+003;6,950887e-003
1,043301e+003;7,008262e-003
1,043783e+003;7,125898e-003
1,044265e+003;7,275708e-003
1,044747e+003;7,420380e-003
1,045229e+003;7,521709e-003
1,045711e+003;7,553772e-003
1,046193e+003;7,511393e-003
1,046676e+003;7,409055e-003
1,047158e+003;7,274732e-003
1,047640e+003;7,136138e-003
1,048122e+003;7,014492e-003
1,048604e+003;6,916917e-003
1,049086e+003;6,839593e-003
1,049568e+003;6,773388e-003
1,050050e+003;6,712209e-003
1,050532e+003;6,656084e-003
1,051015e+003;6,611506e-003
1,051497e+003;6,586140e-003
1,051979e+003;6,584458e-003
1,052461e+003;6,604844e-003
1,052943e+003;6,641280e-003
1,053425e+003;6,686332e-003
1,053907e+003;6,736875e-003
1,054389e+003;6,794760e-003
1,054871e+003;6,865916e-003
1,055354e+003;6,955230e-003
1,055836e+003;7,062681e-003
1,056318e+003;7,180164e-003
1,056800e+003;7,295319e-003
1,057282e+003;7,394732e-003
1,057764e+003;7,470233e-003
1,058246e+003;7,520833e-003
1,058728e+003;7,551546e-003
1,059211e+003;7,568472e-003
1,059693e+003;7,572990e-003
1,060175e+003;7,559334e-003
1,060657e+003;7,517057e-003
1,061139e+003;7,436593e-003
1,061621e+003;7,315975e-003
1,062103e+003;7,165274e-003
1,062585e+003;7,006343e-003
1,063068e+003;6,867666e-003
1,063550e+003;6,774567e-003
1,064032e+003;6,743672e-003
1,064514e+003;6,777831e-003
1,064996e+003;6,866892e-003
1,065478e+003;6,991123e-003
1,065960e+003;7,127616e-003
1,066442e+003;7,257447e-003
1,066924e+003;7,366590e-003
1,067406e+003;7,449401e-003
1,067889e+003;7,505494e-003
1,068371e+003;7,538465e-003
1,068853e+003;7,552828e-003
1,069335e+003;7,551984e-003
1,069817e+003;7,537285e-003
1,070299e+003;7,508157e-003
1,070781e+003;7,463660e-003
1,071263e+003;7,405517e-003
1,071746e+003;7,340102e-003
1,072228e+003;7,280224e-003
1,072710e+003;7,243701e-003
1,073192e+003;7,246396e-003
1,073674e+003;7,297711e-003
1,074156e+003;7,393316e-003
1,074638e+003;7,514528e-003
1,075120e+003;7,629672e-003
1,075603e+003;7,706327e-003
1,076085e+003;7,718671e-003
1,076567e+003;7,656380e-003
1,077049e+003;7,527913e-003
1,077531e+003;7,355975e-003
1,078013e+003;7,169485e-003
1,078495e+003;6,991864e-003
1,078977e+003;6,839021e-003
1,079459e+003;6,716314e-003
1,079942e+003;6,623146e-003
1,080424e+003;6,558152e-003
1,080906e+003;6,521622e-003
1,081388e+003;6,515400e-003
1,081870e+003;6,538407e-003
1,082352e+003;6,584693e-003
1,082834e+003;6,642121e-003
1,083316e+003;6,696561e-003
1,083798e+003;6,737783e-003
1,084281e+003;6,763663e-003
1,084763e+003;6,782913e-003
1,085245e+003;6,808762e-003
1,085727e+003;6,852821e-003
1,086209e+003;6,917556e-003
1,086691e+003;6,993749e-003
1,087173e+003;7,062917e-003
1,087655e+003;7,107474e-003
1,088138e+003;7,118926e-003
1,088620e+003;7,102119e-003
1,089102e+003;7,073963e-003
1,089584e+003;7,055373e-003
1,090066e+003;7,060256e-003
1,090548e+003;7,088412e-003
1,091030e+003;7,125157e-003
1,091512e+003;7,145906e-003
1,091995e+003;7,129637e-003
1,092477e+003;7,065173e-003
1,092959e+003;6,957183e-003
1,093441e+003;6,823908e-003
1,093923e+003;6,690875e-003
1,094405e+003;6,580555e-003
1,094887e+003;6,508370e-003
1,095369e+003;6,479244e-003
1,095851e+003;6,489502e-003
1,096333e+003;6,529594e-003
1,096816e+003;6,586745e-003
1,097298e+003;6,647134e-003
1,097780e+003;6,697302e-003
1,098262e+003;6,725332e-003
1,098744e+003;6,723582e-003
1,099226e+003;6,691514e-003
1,099708e+003;6,636334e-003
1,100190e+003;6,571742e-003
1,100673e+003;6,514021e-003
1,101155e+003;6,474434e-003
1,101637e+003;6,455870e-003
1,102119e+003;6,451868e-003
1,102601e+003;6,450893e-003
1,103083e+003;6,441409e-003
1,103565e+003;6,418206e-003
1,104047e+003;6,384950e-003
1,104530e+003;6,351427e-003
1,105012e+003;6,328262e-003
1,105494e+003;6,321471e-003
1,105976e+003;6,329842e-003
1,106458e+003;6,347561e-003
1,106940e+003;6,368474e-003
1,107422e+003;6,391977e-003
1,107904e+003;6,424360e-003
1,108386e+003;6,476587e-003
1,108869e+003;6,559161e-003
1,109351e+003;6,674724e-003
1,109833e+003;6,816234e-003
1,110315e+003;6,966880e-003
1,110797e+003;7,107676e-003
1,111279e+003;7,221229e-003
1,111761e+003;7,298149e-003
1,112243e+003;7,337373e-003
1,112725e+003;7,343101e-003
1,113208e+003;7,320995e-003
1,113690e+003;7,275338e-003
1,114172e+003;7,210246e-003
1,114654e+003;7,131455e-003
1,115136e+003;7,048739e-003
1,115618e+003;6,975668e-003
1,116100e+003;6,925199e-003
1,116582e+003;6,905167e-003
1,117065e+003;6,913819e-003
1,117547e+003;6,940753e-003
1,118029e+003;6,970752e-003
1,118511e+003;6,991358e-003
1,118993e+003;6,999945e-003
1,119475e+003;7,003952e-003
1,119957e+003;7,016882e-003
1,120439e+003;7,050389e-003
1,120922e+003;7,106868e-003
1,121404e+003;7,175852e-003
1,121886e+003;7,238310e-003
1,122368e+003;7,273822e-003
1,122850e+003;7,271632e-003
1,123332e+003;7,235278e-003
1,123814e+003;7,181612e-003
1,124296e+003;7,131220e-003
1,124778e+003;7,101378e-003
1,125260e+003;7,096663e-003
1,125743e+003;7,108956e-003
1,126225e+003;7,122294e-003
1,126707e+003;7,123170e-003
1,127189e+003;7,106969e-003
1,127671e+003;7,081339e-003
1,128153e+003;7,060290e-003
1,128635e+003;7,057528e-003
1,129117e+003;7,077331e-003
1,129600e+003;7,112392e-003
1,130082e+003;7,145670e-003
1,130564e+003;7,160491e-003
1,131046e+003;7,149880e-003
1,131528e+003;7,121149e-003
1,132010e+003;7,094777e-003
1,132492e+003;7,096831e-003
1,132974e+003;7,150082e-003
1,133457e+003;7,263983e-003
1,133939e+003;7,431840e-003
1,134421e+003;7,632234e-003
1,134903e+003;7,838490e-003
1,135385e+003;8,024187e-003
1,135867e+003;8,170459e-003
1,136349e+003;8,269025e-003
1,136831e+003;8,318773e-003
1,137313e+003;8,323670e-003
1,137796e+003;8,288917e-003
1,138278e+003;8,220330e-003
1,138760e+003;8,124948e-003
1,139242e+003;8,012307e-003
1,139724e+003;7,896016e-003
1,140206e+003;7,792475e-003
1,140688e+003;7,718975e-003
1,141170e+003;7,690037e-003
1,141652e+003;7,712499e-003
1,142135e+003;7,783434e-003
1,142617e+003;7,889740e-003
1,143099e+003;8,012374e-003
1,143581e+003;8,129405e-003
1,144063e+003;8,223640e-003
1,144545e+003;8,287364e-003
1,145027e+003;8,324008e-003
1,145509e+003;8,347279e-003
1,145992e+003;8,376025e-003
1,146474e+003;8,428183e-003
1,146956e+003;8,512785e-003
1,147438e+003;8,627010e-003
1,147920e+003;8,756681e-003
1,148402e+003;8,882537e-003
1,148884e+003;8,987218e-003
1,149366e+003;9,063843e-003
1,149849e+003;9,118756e-003
1,150331e+003;9,171275e-003
1,150813e+003;9,244446e-003
1,151295e+003;9,355410e-003
1,151777e+003;9,508498e-003
1,152259e+003;9,691048e-003
1,152741e+003;9,877370e-003
1,153223e+003;1,003593e-002
1,153705e+003;1,014191e-002
1,154188e+003;1,018298e-002
1,154670e+003;1,016263e-002
1,155152e+003;1,009568e-002
1,155634e+003;1,000301e-002
1,156116e+003;9,902149e-003
1,156598e+003;9,802703e-003
1,157080e+003;9,706668e-003
1,157562e+003;9,610485e-003
1,158044e+003;9,510429e-003
1,158527e+003;9,407246e-003
1,159009e+003;9,306694e-003
1,159491e+003;9,220009e-003
1,159973e+003;9,160311e-003
1,160455e+003;9,137165e-003
1,160937e+003;9,154254e-003
1,161419e+003;9,207115e-003
1,161901e+003;9,284353e-003
1,162384e+003;9,368681e-003
1,162866e+003;9,441750e-003
1,163348e+003;9,488347e-003
1,163830e+003;9,498609e-003
1,164312e+003;9,471516e-003
1,164794e+003;9,415304e-003
1,165276e+003;9,345931e-003
1,165758e+003;9,282085e-003
1,166240e+003;9,240858e-003
1,166723e+003;9,232396e-003
1,167205e+003;9,256124e-003
1,167687e+003;9,300669e-003
1,168169e+003;9,346033e-003
1,168651e+003;9,370950e-003
1,169133e+003;9,355884e-003
1,169615e+003;9,290615e-003
1,170097e+003;9,175979e-003
1,170579e+003;9,023312e-003
1,171062e+003;8,850410e-003
1,171544e+003;8,677677e-003
1,172026e+003;8,523902e-003
1,172508e+003;8,401562e-003
1,172990e+003;8,316003e-003
1,173472e+003;8,264804e-003
1,173954e+003;8,240186e-003
1,174436e+003;8,230326e-003
1,174919e+003;8,222559e-003
1,175401e+003;8,206081e-003
1,175883e+003;8,173227e-003
1,176365e+003;8,121032e-003
1,176847e+003;8,050514e-003
1,177329e+003;7,967116e-003
1,177811e+003;7,877694e-003
1,178293e+003;7,790214e-003
1,178776e+003;7,711824e-003
1,179258e+003;7,648185e-003
1,179740e+003;7,603033e-003
1,180222e+003;7,578890e-003
1,180704e+003;7,576564e-003
1,181186e+003;7,595581e-003
1,181668e+003;7,632639e-003
1,182150e+003;7,681841e-003
1,182632e+003;7,732702e-003
1,183115e+003;7,771189e-003
1,183597e+003;7,781916e-003
1,184079e+003;7,750208e-003
1,184561e+003;7,667239e-003
1,185043e+003;7,532801e-003
1,185525e+003;7,357929e-003
1,186007e+003;7,162377e-003
1,186489e+003;6,973546e-003
1,186971e+003;6,820743e-003
1,187454e+003;6,727217e-003
1,187936e+003;6,707632e-003
1,188418e+003;6,764100e-003
1,188900e+003;6,886989e-003
1,189382e+003;7,056889e-003
1,189864e+003;7,249732e-003
1,190346e+003;7,441312e-003
1,190828e+003;7,608461e-003
1,191311e+003;7,733512e-003
1,191793e+003;7,804585e-003
1,192275e+003;7,816561e-003
1,192757e+003;7,771054e-003
1,193239e+003;7,677086e-003
1,193721e+003;7,549388e-003
1,194203e+003;7,406292e-003
1,194685e+003;7,267791e-003
1,195167e+003;7,151261e-003
1,195650e+003;7,067329e-003
1,196132e+003;7,019610e-003
1,196614e+003;7,004120e-003
1,197096e+003;7,011731e-003
1,197578e+003;7,032575e-003
1,198060e+003;7,058943e-003
1,198542e+003;7,088277e-003
1,199024e+003;7,121418e-003
1,199506e+003;7,161131e-003
1,199989e+003;7,209135e-003
1,200471e+003;7,263714e-003
1,200953e+003;7,320086e-003
1,201435e+003;7,371308e-003
1,201917e+003;7,411954e-003
1,202399e+003;7,439997e-003
1,202881e+003;7,458637e-003
1,203363e+003;7,473974e-003
1,203846e+003;7,492616e-003
1,204328e+003;7,518203e-003
1,204810e+003;7,549658e-003
1,205292e+003;7,581486e-003
1,205774e+003;7,605460e-003
1,206256e+003;7,616318e-003
1,206738e+003;7,612171e-003
1,207220e+003;7,597738e-003
1,207703e+003;7,581587e-003
1,208185e+003;7,574237e-003
1,208667e+003;7,582835e-003
1,209149e+003;7,608259e-003
1,209631e+003;7,645150e-003
1,210113e+003;7,682954e-003
1,210595e+003;7,709362e-003
1,211077e+003;7,714590e-003
1,211559e+003;7,694185e-003
1,212042e+003;7,651085e-003
1,212524e+003;7,593558e-003
1,213006e+003;7,532599e-003
1,213488e+003;7,479503e-003
1,213970e+003;7,442862e-003
1,214452e+003;7,426582e-003
1,214934e+003;7,430762e-003
1,215416e+003;7,452536e-003
1,215898e+003;7,488031e-003
1,216381e+003;7,532430e-003
1,216863e+003;7,581554e-003
1,217345e+003;7,630042e-003
1,217827e+003;7,671758e-003
1,218309e+003;7,701031e-003
1,218791e+003;7,712499e-003
1,219273e+003;7,704067e-003
1,219755e+003;7,678132e-003
1,220238e+003;7,642047e-003
1,220720e+003;7,605899e-003
1,221202e+003;7,579430e-003
1,221684e+003;7,568741e-003
1,222166e+003;7,572720e-003
1,222648e+003;7,584217e-003
1,223130e+003;7,591703e-003
1,223612e+003;7,585465e-003
1,224094e+003;7,562403e-003
1,224577e+003;7,528958e-003
1,225059e+003;7,498718e-003
1,225541e+003;7,489852e-003
1,226023e+003;7,516720e-003
1,226505e+003;7,582936e-003
1,226987e+003;7,679751e-003
1,227469e+003;7,787448e-003
1,227951e+003;7,882520e-003
1,228434e+003;7,943494e-003
1,228916e+003;7,959726e-003
1,229398e+003;7,932662e-003
1,229880e+003;7,876717e-003
1,230362e+003;7,811164e-003
1,230844e+003;7,755942e-003
1,231326e+003;7,725147e-003
1,231808e+003;7,723494e-003
1,232291e+003;7,747577e-003
1,232773e+003;7,788022e-003
1,233255e+003;7,833463e-003
1,233737e+003;7,873140e-003
1,234219e+003;7,899120e-003
1,234701e+003;7,907691e-003
1,235183e+003;7,898850e-003
1,235665e+003;7,876446e-003
1,236147e+003;7,847835e-003
1,236630e+003;7,822465e-003
1,237112e+003;7,810152e-003
1,237594e+003;7,819024e-003
1,238076e+003;7,853200e-003
1,238558e+003;7,911099e-003
1,239040e+003;7,986353e-003
1,239522e+003;8,068404e-003
1,240004e+003;8,146893e-003
1,240486e+003;8,212429e-003
1,240969e+003;8,259738e-003
1,241451e+003;8,287634e-003
1,241933e+003;8,298441e-003
1,242415e+003;8,296684e-003
1,242897e+003;8,287869e-003
1,243379e+003;8,277603e-003
1,243861e+003;8,271457e-003
1,244343e+003;8,273415e-003
1,244826e+003;8,286384e-003
1,245308e+003;8,310734e-003
1,245790e+003;8,344308e-003
1,246272e+003;8,383187e-003
1,246754e+003;8,422947e-003
1,247236e+003;8,460482e-003
1,247718e+003;8,494775e-003
1,248200e+003;8,527315e-003
1,248682e+003;8,560634e-003
1,249165e+003;8,595240e-003
1,249647e+003;8,629241e-003
1,250129e+003;8,657126e-003
1,250611e+003;8,671322e-003
1,251093e+003;8,665374e-003
1,251575e+003;8,636845e-003
1,252057e+003;8,588514e-003
1,252539e+003;8,529579e-003
1,253021e+003;8,471732e-003
1,253504e+003;8,425987e-003
1,253986e+003;8,401326e-003
1,254468e+003;8,401225e-003
1,254950e+003;8,425954e-003
1,255432e+003;8,472070e-003
1,255914e+003;8,534918e-003
1,256396e+003;8,607982e-003
1,256878e+003;8,682917e-003
1,257361e+003;8,751001e-003
1,257843e+003;8,802123e-003
1,258325e+003;8,828599e-003
1,258807e+003;8,828126e-003
1,259289e+003;8,805842e-003
1,259771e+003;8,774093e-003
1,260253e+003;8,749447e-003
1,260735e+003;8,746843e-003
1,261218e+003;8,774161e-003
1,261700e+003;8,829005e-003
1,262182e+003;8,901949e-003
1,262664e+003;8,980419e-003
1,263146e+003;9,056467e-003
1,263628e+003;9,130397e-003
1,264110e+003;9,210330e-003
1,264592e+003;9,309335e-003
1,265074e+003;9,438465e-003
1,265557e+003;9,599645e-003
1,266039e+003;9,784470e-003
1,266521e+003;9,974053e-003
1,267003e+003;1,014578e-002
1,267485e+003;1,027692e-002
1,267967e+003;1,035296e-002
1,268449e+003;1,036887e-002
1,268931e+003;1,032958e-002
1,269413e+003;1,024706e-002
1,269896e+003;1,013818e-002
1,270378e+003;1,002203e-002
1,270860e+003;9,915810e-003
1,271342e+003;9,835205e-003
1,271824e+003;9,790672e-003
1,272306e+003;9,786639e-003
1,272788e+003;9,820293e-003
1,273270e+003;9,881912e-003
1,273753e+003;9,958491e-003
1,274235e+003;1,003447e-002
1,274717e+003;1,009745e-002
1,275199e+003;1,013950e-002
1,275681e+003;1,015802e-002
1,276163e+003;1,015480e-002
1,276645e+003;1,013557e-002
1,277127e+003;1,010677e-002
1,277609e+003;1,007452e-002
1,278092e+003;1,004512e-002
1,278574e+003;1,002383e-002
1,279056e+003;1,001511e-002
1,279538e+003;1,002142e-002
1,280020e+003;1,004210e-002
1,280502e+003;1,007262e-002
1,280984e+003;1,010508e-002
1,281466e+003;1,013184e-002
1,281948e+003;1,014747e-002
1,282431e+003;1,015242e-002
1,282913e+003;1,015293e-002
1,283395e+003;1,016009e-002
1,283877e+003;1,018505e-002
1,284359e+003;1,023411e-002
1,284841e+003;1,030691e-002
1,285323e+003;1,039551e-002
1,285805e+003;1,048800e-002
1,286288e+003;1,057243e-002
1,286770e+003;1,064138e-002
1,287252e+003;1,069541e-002
1,287734e+003;1,074177e-002
1,288216e+003;1,079078e-002
1,288698e+003;1,085305e-002
1,289180e+003;1,093456e-002
1,289662e+003;1,103589e-002
1,290145e+003;1,115143e-002
1,290627e+003;1,127254e-002
1,291109e+003;1,138953e-002
1,291591e+003;1,149367e-002
1,292073e+003;1,157842e-002
1,292555e+003;1,164159e-002
1,293037e+003;1,168471e-002
1,293519e+003;1,171300e-002
1,294001e+003;1,173553e-002
1,294484e+003;1,176341e-002
1,294966e+003;1,180685e-002
1,295448e+003;1,187342e-002
1,295930e+003;1,196500e-002
1,296412e+003;1,207826e-002
1,296894e+003;1,220450e-002
1,297376e+003;1,233290e-002
1,297858e+003;1,245417e-002
1,298340e+003;1,256111e-002
1,298823e+003;1,265075e-002
1,299305e+003;1,272338e-002
1,299787e+003;1,278071e-002
1,300269e+003;1,282514e-002
1,300751e+003;1,285876e-002
1,301233e+003;1,288446e-002
1,301715e+003;1,290507e-002
1,302197e+003;1,292450e-002
1,302680e+003;1,294651e-002
1,303162e+003;1,297266e-002
1,303644e+003;1,300236e-002
1,304126e+003;1,303200e-002
1,304608e+003;1,305648e-002
1,305090e+003;1,307099e-002
1,305572e+003;1,307273e-002
1,306054e+003;1,306112e-002
1,306536e+003;1,303801e-002
1,307019e+003;1,300506e-002
1,307501e+003;1,296317e-002
1,307983e+003;1,291146e-002
1,308465e+003;1,284889e-002
1,308947e+003;1,277552e-002
1,309429e+003;1,269452e-002
1,309911e+003;1,261176e-002
1,310393e+003;1,253540e-002
1,310875e+003;1,247254e-002
1,311358e+003;1,242702e-002
1,311840e+003;1,239828e-002
1,312322e+003;1,238072e-002
1,312804e+003;1,236651e-002
1,313286e+003;1,234725e-002
1,313768e+003;1,231732e-002
1,314250e+003;1,227458e-002
1,314732e+003;1,222049e-002
1,315215e+003;1,215850e-002
1,315697e+003;1,209308e-002
1,316179e+003;1,202832e-002
1,316661e+003;1,196738e-002
1,317143e+003;1,191218e-002
1,317625e+003;1,186222e-002
1,318107e+003;1,181469e-002
1,318589e+003;1,176413e-002
1,319072e+003;1,170493e-002
1,319554e+003;1,163352e-002
1,320036e+003;1,155032e-002
1,320518e+003;1,146243e-002
1,321000e+003;1,138086e-002
1,321482e+003;1,131917e-002
1,321964e+003;1,128798e-002
1,322446e+003;1,129278e-002
1,322928e+003;1,133134e-002
1,323411e+003;1,139549e-002
1,323893e+003;1,147240e-002
1,324375e+003;1,154926e-002
1,324857e+003;1,161732e-002
1,325339e+003;1,167219e-002
1,325821e+003;1,171419e-002
1,326303e+003;1,174622e-002
1,326785e+003;1,177186e-002
1,327267e+003;1,179341e-002
1,327750e+003;1,181312e-002
1,328232e+003;1,183365e-002
1,328714e+003;1,185885e-002
1,329196e+003;1,189409e-002
1,329678e+003;1,194436e-002
1,330160e+003;1,201252e-002
1,330642e+003;1,209864e-002
1,331124e+003;1,220001e-002
1,331607e+003;1,231313e-002
1,332089e+003;1,243528e-002
1,332571e+003;1,256718e-002
1,333053e+003;1,271206e-002
1,333535e+003;1,287480e-002
1,334017e+003;1,305887e-002
1,334499e+003;1,326372e-002
1,334981e+003;1,348474e-002
1,335464e+003;1,371462e-002
1,335946e+003;1,394506e-002
1,336428e+003;1,417033e-002
1,336910e+003;1,438917e-002
1,337392e+003;1,460349e-002
1,337874e+003;1,481565e-002
1,338356e+003;1,502460e-002
1,338838e+003;1,522362e-002
1,339320e+003;1,540114e-002
1,339802e+003;1,554528e-002
1,340285e+003;1,564869e-002
1,340767e+003;1,571224e-002
1,341249e+003;1,574341e-002
1,341731e+003;1,575330e-002
1,342213e+003;1,575100e-002
1,342695e+003;1,574519e-002
1,343177e+003;1,574248e-002
1,343659e+003;1,574911e-002
1,344142e+003;1,577220e-002
1,344624e+003;1,581855e-002
1,345106e+003;1,589240e-002
1,345588e+003;1,599349e-002
1,346070e+003;1,611672e-002
1,346552e+003;1,625312e-002
1,347034e+003;1,639283e-002
1,347516e+003;1,652980e-002
1,347999e+003;1,666392e-002
1,348481e+003;1,680032e-002
1,348963e+003;1,694675e-002
1,349445e+003;1,710853e-002
1,349927e+003;1,728376e-002
1,350409e+003;1,746312e-002
1,350891e+003;1,763100e-002
1,351373e+003;1,777177e-002
1,351855e+003;1,787614e-002
1,352338e+003;1,794360e-002
1,352820e+003;1,798346e-002
1,353302e+003;1,801181e-002
1,353784e+003;1,804683e-002
1,354266e+003;1,810251e-002
1,354748e+003;1,818850e-002
1,355230e+003;1,830928e-002
1,355712e+003;1,846638e-002
1,356194e+003;1,866121e-002
1,356677e+003;1,889572e-002
1,357159e+003;1,917114e-002
1,357641e+003;1,948649e-002
1,358123e+003;1,983730e-002
1,358605e+003;2,021818e-002
1,359087e+003;2,062656e-002
1,359569e+003;2,107046e-002
1,360051e+003;2,157278e-002
1,360534e+003;2,217386e-002
1,361016e+003;2,292023e-002
1,361498e+003;2,385277e-002
1,361980e+003;2,497939e-002
1,362462e+003;2,625798e-002
1,362944e+003;2,759641e-002
1,363426e+003;2,888370e-002
1,363908e+003;3,003042e-002
1,364391e+003;3,098734e-002
1,364873e+003;3,174873e-002
1,365355e+003;3,233249e-002
1,365837e+003;3,276650e-002
1,366319e+003;3,308005e-002
1,366801e+003;3,330920e-002
1,367283e+003;3,350107e-002
1,367765e+003;3,371358e-002
1,368247e+003;3,401723e-002
1,368729e+003;3,447625e-002
1,369212e+003;3,513342e-002
1,369694e+003;3,600783e-002
1,370176e+003;3,709844e-002
1,370658e+003;3,839933e-002
1,371140e+003;3,991596e-002
1,371622e+003;4,167624e-002
1,372104e+003;4,372411e-002
1,372586e+003;4,609769e-002
1,373069e+003;4,879258e-002
1,373551e+003;5,171696e-002
1,374033e+003;5,467669e-002
1,374515e+003;5,742627e-002
1,374997e+003;5,973541e-002
1,375479e+003;6,146625e-002
1,375961e+003;6,257778e-002
1,376443e+003;6,307633e-002
1,376926e+003;6,297255e-002
1,377408e+003;6,225896e-002
1,377890e+003;6,092421e-002
1,378372e+003;5,898935e-002
1,378854e+003;5,653838e-002
1,379336e+003;5,372356e-002
1,379818e+003;5,071801e-002
1,380300e+003;4,768904e-002
1,380782e+003;4,475634e-002
1,381265e+003;4,198296e-002
1,381747e+003;3,939999e-002
1,382229e+003;3,701736e-002
1,382711e+003;3,483544e-002
1,383193e+003;3,284512e-002
1,383675e+003;3,102178e-002
1,384157e+003;2,932250e-002
1,384639e+003;2,768928e-002
1,385121e+003;2,606460e-002
1,385604e+003;2,440648e-002
1,386086e+003;2,270903e-002
1,386568e+003;2,101234e-002
1,387050e+003;1,939203e-002
1,387532e+003;1,792599e-002
1,388014e+003;1,666034e-002
1,388496e+003;1,559484e-002
1,388978e+003;1,469934e-002
1,389461e+003;1,393641e-002
1,389943e+003;1,327606e-002
1,390425e+003;1,269998e-002
1,390907e+003;1,219738e-002
1,391389e+003;1,175746e-002
1,391871e+003;1,136600e-002
1,392353e+003;1,100510e-002
1,392835e+003;1,065914e-002
1,393318e+003;1,032025e-002
1,393800e+003;9,993310e-003
1,394282e+003;9,694098e-003
1,394764e+003;9,440802e-003
1,395246e+003;9,242584e-003
1,395728e+003;9,095105e-003
1,396210e+003;8,985797e-003
1,396692e+003;8,902389e-003
1,397174e+003;8,839961e-003
1,397656e+003;8,799553e-003
1,398139e+003;8,782614e-003
1,398621e+003;8,785014e-003
1,399103e+003;8,792892e-003
1,399585e+003;8,788193e-003
1,400067e+003;8,759082e-003
1,400549e+003;8,705396e-003
1,401031e+003;8,638569e-003
1,401513e+003;8,574388e-003
1,401996e+003;8,527517e-003
1,402478e+003;8,504776e-003
1,402960e+003;8,503831e-003
1,403442e+003;8,514238e-003
1,403924e+003;8,523192e-003
1,404406e+003;8,523057e-003
1,404888e+003;8,516164e-003
1,405370e+003;8,512548e-003
1,405853e+003;8,524342e-003
1,406335e+003;8,556849e-003
1,406817e+003;8,606494e-003
1,407299e+003;8,663615e-003
1,407781e+003;8,718411e-003
1,408263e+003;8,765877e-003
1,408745e+003;8,807059e-003
1,409227e+003;8,847163e-003
1,409709e+003;8,890991e-003
1,410192e+003;8,940235e-003
1,410674e+003;8,991919e-003
1,411156e+003;9,042528e-003
1,411638e+003;9,092364e-003
1,412120e+003;9,148128e-003
1,412602e+003;9,221363e-003
1,413084e+003;9,322267e-003
1,413566e+003;9,453095e-003
1,414048e+003;9,605370e-003
1,414531e+003;9,761291e-003
1,415013e+003;9,901640e-003
1,415495e+003;1,001216e-002
1,415977e+003;1,009104e-002
1,416459e+003;1,014947e-002
1,416941e+003;1,020863e-002
1,417423e+003;1,028988e-002
1,417905e+003;1,040522e-002
1,418388e+003;1,054941e-002
1,418870e+003;1,070329e-002
1,419352e+003;1,084748e-002
1,419834e+003;1,097815e-002
1,420316e+003;1,110581e-002
1,420798e+003;1,124670e-002
1,421280e+003;1,141117e-002
1,421762e+003;1,160194e-002
1,422245e+003;1,181652e-002
1,422727e+003;1,205319e-002
1,423209e+003;1,231466e-002
1,423691e+003;1,260978e-002
1,424173e+003;1,294832e-002
1,424655e+003;1,333475e-002
1,425137e+003;1,376318e-002
1,425619e+003;1,422127e-002
1,426101e+003;1,469681e-002
1,426584e+003;1,518656e-002
1,427066e+003;1,570070e-002
1,427548e+003;1,626110e-002
1,428030e+003;1,689590e-002
1,428512e+003;1,762931e-002
1,428994e+003;1,847102e-002
1,429476e+003;1,940970e-002
1,429958e+003;2,041998e-002
1,430441e+003;2,147338e-002
1,430923e+003;2,255024e-002
1,431405e+003;2,364160e-002
1,431887e+003;2,474431e-002
1,432369e+003;2,585507e-002
1,432851e+003;2,696743e-002
1,433333e+003;2,807654e-002
1,433815e+003;2,918871e-002
1,434297e+003;3,032508e-002
1,434780e+003;3,152938e-002
1,435262e+003;3,285827e-002
1,435744e+003;3,435739e-002
1,436226e+003;3,601262e-002
1,436708e+003;3,773273e-002
1,437190e+003;3,938846e-002
1,437672e+003;4,088554e-002
1,438154e+003;4,220949e-002
1,438636e+003;4,340777e-002
1,439119e+003;4,455066e-002
1,439601e+003;4,570750e-002
1,440083e+003;4,693018e-002
1,440565e+003;4,824790e-002
1,441047e+003;4,966510e-002
1,441529e+003;5,116633e-002
1,442011e+003;5,272376e-002
1,442493e+003;5,430338e-002
1,442976e+003;5,587709e-002
1,443458e+003;5,742147e-002
1,443940e+003;5,892043e-002
1,444422e+003;6,036746e-002
1,444904e+003;6,176623e-002
1,445386e+003;6,313518e-002
1,445868e+003;6,450720e-002
1,446350e+003;6,592595e-002
1,446833e+003;6,743158e-002
1,447315e+003;6,904225e-002
1,447797e+003;7,074623e-002
1,448279e+003;7,250488e-002
1,448761e+003;7,427847e-002
1,449243e+003;7,605337e-002
1,449725e+003;7,784744e-002
1,450207e+003;7,970142e-002
1,450689e+003;8,165359e-002
1,451172e+003;8,371818e-002
1,451654e+003;8,586729e-002
1,452136e+003;8,803398e-002
1,452618e+003;9,014315e-002
1,453100e+003;9,212643e-002
1,453582e+003;9,395698e-002
1,454064e+003;9,564733e-002
1,454546e+003;9,723145e-002
1,455028e+003;9,874100e-002
1,455511e+003;1,001764e-001
1,455993e+003;1,014829e-001
1,456475e+003;1,025470e-001
1,456957e+003;1,032713e-001
1,457439e+003;1,036603e-001
1,457921e+003;1,038142e-001
1,458403e+003;1,038506e-001
1,458885e+003;1,038247e-001
1,459368e+003;1,037416e-001
1,459850e+003;1,035916e-001
1,460332e+003;1,033740e-001
1,460814e+003;1,030987e-001
1,461296e+003;1,027777e-001
1,461778e+003;1,024086e-001
1,462260e+003;1,019635e-001
1,462742e+003;1,013816e-001
1,463224e+003;1,005793e-001
1,463707e+003;9,946823e-002
1,464189e+003;9,799580e-002
1,464671e+003;9,617394e-002
1,465153e+003;9,405991e-002
1,465635e+003;9,170733e-002
1,466117e+003;8,912768e-002
1,466599e+003;8,628366e-002
1,467081e+003;8,314068e-002
1,467563e+003;7,970102e-002
1,468046e+003;7,602616e-002
1,468528e+003;7,220268e-002
1,469010e+003;6,832863e-002
1,469492e+003;6,446815e-002
1,469974e+003;6,060382e-002
1,470456e+003;5,665547e-002
1,470938e+003;5,250548e-002
1,471420e+003;4,809105e-002
1,471903e+003;4,351449e-002
1,472385e+003;3,909509e-002
1,472867e+003;3,523068e-002
1,473349e+003;3,214823e-002
1,473831e+003;2,981051e-002
1,474313e+003;2,800462e-002
1,474795e+003;2,648905e-002
1,475277e+003;2,510694e-002
1,475760e+003;2,379187e-002
1,476242e+003;2,255272e-002
1,476724e+003;2,142704e-002
1,477206e+003;2,044151e-002
1,477688e+003;1,958797e-002
1,478170e+003;1,883080e-002
1,478652e+003;1,812379e-002
1,479134e+003;1,743091e-002
1,479616e+003;1,673481e-002
1,480099e+003;1,603798e-002
1,480581e+003;1,535606e-002
1,481063e+003;1,470822e-002
1,481545e+003;1,410899e-002
1,482027e+003;1,356418e-002
1,482509e+003;1,307461e-002
1,482991e+003;1,264181e-002
1,483473e+003;1,226960e-002
1,483955e+003;1,196357e-002
1,484438e+003;1,172447e-002
1,484920e+003;1,154385e-002
1,485402e+003;1,140144e-002
1,485884e+003;1,126955e-002
1,486366e+003;1,112104e-002
1,486848e+003;1,093775e-002
1,487330e+003;1,071603e-002
1,487812e+003;1,046441e-002
1,488295e+003;1,019811e-002
1,488777e+003;9,930082e-003
1,489259e+003;9,669500e-003
1,489741e+003;9,423567e-003
1,490223e+003;9,202817e-003
1,490705e+003;9,018036e-003
1,491187e+003;8,875908e-003
1,491669e+003;8,773857e-003
1,492151e+003;8,700765e-003
1,492634e+003;8,640800e-003
1,493116e+003;8,578477e-003
1,493598e+003;8,501499e-003
1,494080e+003;8,404535e-003
1,494562e+003;8,288849e-003
1,495044e+003;8,161917e-003
1,495526e+003;8,032524e-003
1,496008e+003;7,904891e-003
1,496490e+003;7,774191e-003
1,496973e+003;7,631459e-003
1,497455e+003;7,470974e-003
1,497937e+003;7,299665e-003
1,498419e+003;7,134891e-003
1,498901e+003;6,997049e-003
1,499383e+003;6,898232e-003
1,499865e+003;6,837640e-003
1,500347e+003;6,801962e-003
1,500830e+003;6,773220e-003
1,501312e+003;6,736101e-003
1,501794e+003;6,683607e-003
1,502276e+003;6,617998e-003
1,502758e+003;6,546513e-003
1,503240e+003;6,476419e-003
1,503722e+003;6,409026e-003
1,504204e+003;6,337441e-003
1,504687e+003;6,243950e-003
1,505169e+003;6,104542e-003
1,505651e+003;5,898403e-003
1,506133e+003;5,632844e-003
1,506615e+003;5,366910e-003
1,507097e+003;5,182077e-003
1,507579e+003;5,107173e-003
1,508061e+003;5,102044e-003
1,508543e+003;5,111834e-003
1,509026e+003;5,108011e-003
1,509508e+003;5,086958e-003
1,509990e+003;5,060240e-003
1,510472e+003;5,041233e-003
1,510954e+003;5,039624e-003
1,511436e+003;5,054910e-003
1,511918e+003;5,077035e-003
1,512400e+003;5,091316e-003
1,512882e+003;5,086053e-003
1,513365e+003;5,057491e-003
1,513847e+003;5,009121e-003
1,514329e+003;4,948189e-003
1,514811e+003;4,881166e-003
1,515293e+003;4,809364e-003
1,515775e+003;4,727959e-003
1,516257e+003;4,629992e-003
1,516739e+003;4,515106e-003
1,517222e+003;4,395464e-003
1,517704e+003;4,291548e-003
1,518186e+003;4,223088e-003
1,518668e+003;4,201709e-003
1,519150e+003;4,229713e-003
1,519632e+003;4,299111e-003
1,520114e+003;4,389807e-003
1,520596e+003;4,468002e-003
1,521078e+003;4,497295e-003
1,521561e+003;4,455080e-003
1,522043e+003;4,349577e-003
1,522525e+003;4,208936e-003
1,523007e+003;4,061584e-003
1,523489e+003;3,923610e-003
1,523971e+003;3,801758e-003
1,524453e+003;3,702295e-003
1,524935e+003;3,632692e-003
1,525417e+003;3,601586e-003
1,525900e+003;3,612445e-003
1,526382e+003;3,657919e-003
1,526864e+003;3,718904e-003
1,527346e+003;3,771275e-003
1,527828e+003;3,798048e-003
1,528310e+003;3,792299e-003
1,528792e+003;3,758809e-003
1,529274e+003;3,708645e-003
1,529757e+003;3,653742e-003
1,530239e+003;3,601286e-003
1,530721e+003;3,552577e-003
1,531203e+003;3,502971e-003
1,531685e+003;3,445590e-003
1,532167e+003;3,376061e-003
1,532649e+003;3,298029e-003
1,533131e+003;3,224819e-003
1,533614e+003;3,174283e-003
1,534096e+003;3,155191e-003
1,534578e+003;3,162033e-003
1,535060e+003;3,181559e-003
1,535542e+003;3,202487e-003
1,536024e+003;3,220813e-003
1,536506e+003;3,240207e-003
1,536988e+003;3,271154e-003
1,537470e+003;3,328846e-003
1,537953e+003;3,430728e-003
1,538435e+003;3,587254e-003
1,538917e+003;3,787185e-003
1,539399e+003;3,982292e-003
1,539881e+003;4,101386e-003
1,540363e+003;4,093191e-003
1,540845e+003;3,967880e-003
1,541327e+003;3,778027e-003
1,541809e+003;3,577498e-003
1,542292e+003;3,396898e-003
1,542774e+003;3,245949e-003
1,543256e+003;3,124654e-003
1,543738e+003;3,029584e-003
1,544220e+003;2,957486e-003
1,544702e+003;2,903712e-003
1,545184e+003;2,861085e-003
1,545666e+003;2,820629e-003
1,546149e+003;2,773809e-003
1,546631e+003;2,715356e-003
1,547113e+003;2,644544e-003
1,547595e+003;2,566844e-003
1,548077e+003;2,491524e-003
1,548559e+003;2,433942e-003
1,549041e+003;2,409153e-003
1,549523e+003;2,425346e-003
1,550005e+003;2,477761e-003
1,550488e+003;2,551379e-003
1,550970e+003;2,628010e-003
1,551452e+003;2,694085e-003
1,551934e+003;2,744398e-003
1,552416e+003;2,779544e-003
1,552898e+003;2,802621e-003
1,553380e+003;2,817294e-003
1,553862e+003;2,827233e-003
1,554344e+003;2,836571e-003
1,554827e+003;2,850645e-003
1,555309e+003;2,875760e-003
1,555791e+003;2,918622e-003
1,556273e+003;2,983908e-003
1,556755e+003;3,070926e-003
1,557237e+003;3,167741e-003
1,557719e+003;3,240842e-003
1,558201e+003;3,231094e-003
1,558684e+003;3,095386e-003
1,559166e+003;2,881330e-003
1,559648e+003;2,698919e-003
1,560130e+003;2,604942e-003
1,560612e+003;2,589142e-003
1,561094e+003;2,619009e-003
1,561576e+003;2,667513e-003
1,562058e+003;2,717590e-003
1,562541e+003;2,760237e-003
1,563023e+003;2,792283e-003
1,563505e+003;2,814726e-003
1,563987e+003;2,831568e-003
1,564469e+003;2,846777e-003
1,564951e+003;2,863586e-003
1,565433e+003;2,882398e-003
1,565915e+003;2,901744e-003
1,566397e+003;2,919723e-003
1,566880e+003;2,934968e-003
1,567362e+003;2,947611e-003
1,567844e+003;2,957352e-003
1,568326e+003;2,964125e-003
1,568808e+003;2,967060e-003
1,569290e+003;2,965526e-003
1,569772e+003;2,960488e-003
1,570254e+003;2,954683e-003
1,570736e+003;2,950647e-003
1,571219e+003;2,949146e-003
1,571701e+003;2,948979e-003
1,572183e+003;2,947077e-003
1,572665e+003;2,940005e-003
1,573147e+003;2,925594e-003
1,573629e+003;2,904246e-003
1,574111e+003;2,879029e-003
1,574593e+003;2,857716e-003
1,575076e+003;2,849111e-003
1,575558e+003;2,859150e-003
1,576040e+003;2,884599e-003
1,576522e+003;2,912351e-003
1,577004e+003;2,928196e-003
1,577486e+003;2,926462e-003
1,577968e+003;2,910817e-003
1,578450e+003;2,889769e-003
1,578932e+003;2,870957e-003
1,579415e+003;2,859517e-003
1,579897e+003;2,857316e-003
1,580379e+003;2,863386e-003
1,580861e+003;2,875760e-003
1,581343e+003;2,893038e-003
1,581825e+003;2,916254e-003
1,582307e+003;2,948479e-003
1,582789e+003;2,992549e-003
1,583271e+003;3,049771e-003
1,583754e+003;3,117412e-003
1,584236e+003;3,189136e-003
1,584718e+003;3,257099e-003
1,585200e+003;3,314122e-003
1,585682e+003;3,356493e-003
1,586164e+003;3,383975e-003
1,586646e+003;3,398334e-003
1,587128e+003;3,401406e-003
1,587611e+003;3,394260e-003
1,588093e+003;3,377363e-003
1,588575e+003;3,352219e-003
1,589057e+003;3,322836e-003
1,589539e+003;3,295625e-003
1,590021e+003;3,277631e-003
1,590503e+003;3,274092e-003
1,590985e+003;3,285309e-003
1,591468e+003;3,306977e-003
1,591950e+003;3,331350e-003
1,592432e+003;3,351518e-003
1,592914e+003;3,363706e-003
1,593396e+003;3,369349e-003
1,593878e+003;3,374124e-003
1,594360e+003;3,383975e-003
1,594842e+003;3,401841e-003
1,595324e+003;3,425318e-003
1,595807e+003;3,447159e-003
1,596289e+003;3,459918e-003
1,596771e+003;3,458648e-003
1,597253e+003;3,444421e-003
1,597735e+003;3,423147e-003
1,598217e+003;3,403343e-003
1,598699e+003;3,392757e-003
1,599181e+003;3,395362e-003
1,599663e+003;3,411525e-003
1,600146e+003;3,438509e-003
1,600628e+003;3,473077e-003
1,601110e+003;3,512391e-003
1,601592e+003;3,555817e-003
1,602074e+003;3,602822e-003
1,602556e+003;3,651437e-003
1,603038e+003;3,698118e-003
1,603520e+003;3,737051e-003
1,604003e+003;3,763053e-003
1,604485e+003;3,773080e-003
1,604967e+003;3,767131e-003
1,605449e+003;3,747211e-003
1,605931e+003;3,715563e-003
1,606413e+003;3,673791e-003
1,606895e+003;3,622769e-003
1,607377e+003;3,563534e-003
1,607859e+003;3,499764e-003
1,608342e+003;3,437474e-003
1,608824e+003;3,384309e-003
1,609306e+003;3,346342e-003
1,609788e+003;3,324539e-003
1,610270e+003;3,313955e-003
1,610752e+003;3,304606e-003
1,611234e+003;3,285643e-003
1,611716e+003;3,249988e-003
1,612198e+003;3,196946e-003
1,612681e+003;3,132530e-003
1,613163e+003;3,067489e-003
1,613645e+003;3,013068e-003
1,614127e+003;2,977336e-003
1,614609e+003;2,963291e-003
1,615091e+003;2,967461e-003
1,615573e+003;2,977970e-003
1,616055e+003;2,979471e-003
1,616538e+003;2,960822e-003
1,617020e+003;2,922759e-003
1,617502e+003;2,876761e-003
1,617984e+003;2,835404e-003
1,618466e+003;2,805455e-003
1,618948e+003;2,786547e-003
1,619430e+003;2,773675e-003
1,619912e+003;2,759970e-003
1,620395e+003;2,738696e-003
1,620877e+003;2,703787e-003
1,621359e+003;2,651145e-003
1,621841e+003;2,578810e-003
1,622323e+003;2,489657e-003
1,622805e+003;2,391628e-003
1,623287e+003;2,296318e-003
1,623769e+003;2,214883e-003
1,624251e+003;2,153543e-003
1,624734e+003;2,113453e-003
1,625216e+003;2,092144e-003
1,625698e+003;2,086484e-003
1,626180e+003;2,093310e-003
1,626662e+003;2,110290e-003
1,627144e+003;2,134263e-003
1,627626e+003;2,161968e-003
1,628108e+003;2,188974e-003
1,628590e+003;2,210721e-003
1,629073e+003;2,223809e-003
1,629555e+003;2,226540e-003
1,630037e+003;2,219879e-003
1,630519e+003;2,207057e-003
1,631001e+003;2,193170e-003
1,631483e+003;2,184945e-003
1,631965e+003;2,189807e-003
1,632447e+003;2,214351e-003
1,632930e+003;2,263809e-003
1,633412e+003;2,339590e-003
1,633894e+003;2,436741e-003
1,634376e+003;2,541580e-003
1,634858e+003;2,628143e-003
1,635340e+003;2,667013e-003
1,635822e+003;2,643244e-003
1,636304e+003;2,569910e-003
1,636786e+003;2,476961e-003
1,637269e+003;2,392161e-003
1,637751e+003;2,329263e-003
1,638233e+003;2,289956e-003
1,638715e+003;2,270837e-003
1,639197e+003;2,265941e-003
1,639679e+003;2,269138e-003
1,640161e+003;2,274501e-003
1,640643e+003;2,277132e-003
1,641125e+003;2,274168e-003
1,641608e+003;2,265475e-003
1,642090e+003;2,253684e-003
1,642572e+003;2,243226e-003
1,643054e+003;2,239895e-003
1,643536e+003;2,248788e-003
1,644018e+003;2,272136e-003
1,644500e+003;2,307977e-003
1,644982e+003;2,348518e-003
1,645465e+003;2,377268e-003
1,645947e+003;2,373870e-003
1,646429e+003;2,323267e-003
1,646911e+003;2,229804e-003
1,647393e+003;2,118481e-003
1,647875e+003;2,018837e-003
1,648357e+003;1,949103e-003
1,648839e+003;1,912161e-003
1,649322e+003;1,903075e-003
1,649804e+003;1,914723e-003
1,650286e+003;1,941748e-003
1,650768e+003;1,979126e-003
1,651250e+003;2,022399e-003
1,651732e+003;2,064212e-003
1,652214e+003;2,090147e-003
1,652696e+003;2,083655e-003
1,653178e+003;2,043305e-003
1,653661e+003;1,995036e-003
1,654143e+003;1,967310e-003
1,654625e+003;1,968375e-003
1,655107e+003;1,991175e-003
1,655589e+003;2,025262e-003
1,656071e+003;2,060350e-003
1,656553e+003;2,087583e-003
1,657035e+003;2,101700e-003
1,657517e+003;2,100268e-003
1,658000e+003;2,085319e-003
1,658482e+003;2,062680e-003
1,658964e+003;2,040874e-003
1,659446e+003;2,027359e-003
1,659928e+003;2,027293e-003
1,660410e+003;2,041640e-003
1,660892e+003;2,066842e-003
1,661374e+003;2,095840e-003
1,661857e+003;2,119313e-003
1,662339e+003;2,129369e-003
1,662821e+003;2,122643e-003
1,663303e+003;2,100901e-003
1,663785e+003;2,069472e-003
1,664267e+003;2,034017e-003
1,664749e+003;1,998731e-003
1,665231e+003;1,965812e-003
1,665714e+003;1,936889e-003
1,666196e+003;1,913858e-003
1,666678e+003;1,899315e-003
1,667160e+003;1,896686e-003
1,667642e+003;1,909798e-003
1,668124e+003;1,941448e-003
1,668606e+003;1,992141e-003
1,669088e+003;2,058352e-003
1,669570e+003;2,132432e-003
1,670052e+003;2,205425e-003
1,670535e+003;2,270237e-003
1,671017e+003;2,322900e-003
1,671499e+003;2,362843e-003
1,671981e+003;2,391628e-003
1,672463e+003;2,411118e-003
1,672945e+003;2,423380e-003
1,673427e+003;2,429444e-003
1,673909e+003;2,428744e-003
1,674392e+003;2,418682e-003
1,674874e+003;2,395259e-003
1,675356e+003;2,355780e-003
1,675838e+003;2,301414e-003
1,676320e+003;2,236698e-003
1,676802e+003;2,167362e-003
1,677284e+003;2,097771e-003
1,677766e+003;2,030355e-003
1,678249e+003;1,966877e-003
1,678731e+003;1,908600e-003
1,679213e+003;1,857152e-003
1,679695e+003;1,814594e-003
1,680177e+003;1,783019e-003
1,680659e+003;1,764022e-003
1,681141e+003;1,759431e-003
1,681623e+003;1,770776e-003
1,682105e+003;1,799588e-003
1,682588e+003;1,846371e-003
1,683070e+003;1,905871e-003
1,683552e+003;1,963382e-003
1,684034e+003;1,999564e-003
1,684516e+003;2,004656e-003
1,684998e+003;1,989112e-003
1,685480e+003;1,970738e-003
1,685962e+003;1,961718e-003
1,686444e+003;1,964614e-003
1,686927e+003;1,976463e-003
1,687409e+003;1,990443e-003
1,687891e+003;1,998365e-003
1,688373e+003;1,993006e-003
1,688855e+003;1,970239e-003
1,689337e+003;1,931464e-003
1,689819e+003;1,883441e-003
1,690301e+003;1,835523e-003
1,690784e+003;1,796394e-003
1,691266e+003;1,772439e-003
1,691748e+003;1,765885e-003
1,692230e+003;1,776199e-003
1,692712e+003;1,801185e-003
1,693194e+003;1,837952e-003
1,693676e+003;1,882076e-003
1,694158e+003;1,926272e-003
1,694641e+003;1,960586e-003
1,695123e+003;1,972569e-003
1,695605e+003;1,954995e-003
1,696087e+003;1,912693e-003
1,696569e+003;1,861644e-003
1,697051e+003;1,818620e-003
1,697533e+003;1,793167e-003
1,698015e+003;1,788243e-003
1,698497e+003;1,801551e-003
1,698979e+003;1,826805e-003
1,699462e+003;1,852760e-003
1,699944e+003;1,865604e-003
1,700426e+003;1,856120e-003
1,700908e+003;1,825840e-003
1,701390e+003;1,783385e-003
1,701872e+003;1,735379e-003
1,702354e+003;1,684583e-003
1,702836e+003;1,630468e-003
1,703319e+003;1,573766e-003
1,703801e+003;1,517736e-003
1,704283e+003;1,469327e-003
1,704765e+003;1,438375e-003
1,705247e+003;1,433489e-003
1,705729e+003;1,455496e-003
1,706211e+003;1,495758e-003
1,706693e+003;1,541045e-003
1,707176e+003;1,578322e-003
1,707658e+003;1,599306e-003
1,708140e+003;1,601202e-003
1,708622e+003;1,586237e-003
1,709104e+003;1,558769e-003
1,709586e+003;1,526182e-003
1,710068e+003;1,496257e-003
1,710550e+003;1,476209e-003
1,711032e+003;1,471321e-003
1,711515e+003;1,484354e-003
1,711997e+003;1,515176e-003
1,712479e+003;1,559866e-003
1,712961e+003;1,611245e-003
1,713443e+003;1,659637e-003
1,713925e+003;1,694463e-003
1,714407e+003;1,707735e-003
1,714889e+003;1,696924e-003
1,715371e+003;1,668152e-003
1,715854e+003;1,633628e-003
1,716336e+003;1,606622e-003
1,716818e+003;1,596014e-003
1,717300e+003;1,599838e-003
1,717782e+003;1,606390e-003
1,718264e+003;1,602964e-003
1,718746e+003;1,585372e-003
1,719229e+003;1,558502e-003
1,719711e+003;1,532134e-003
1,720193e+003;1,514245e-003
1,720675e+003;1,510122e-003
1,721157e+003;1,521227e-003
1,721639e+003;1,545434e-003
1,722121e+003;1,577989e-003
1,722603e+003;1,613241e-003
1,723085e+003;1,646732e-003
1,723568e+003;1,676667e-003
1,724050e+003;1,704342e-003
1,724532e+003;1,732651e-003
1,725014e+003;1,762924e-003
1,725496e+003;1,794331e-003
1,725978e+003;1,823045e-003
1,726460e+003;1,843742e-003
1,726942e+003;1,851894e-003
1,727424e+003;1,844907e-003
1,727907e+003;1,823545e-003
1,728389e+003;1,791104e-003
1,728871e+003;1,753376e-003
1,729353e+003;1,716118e-003
1,729835e+003;1,683386e-003
1,730317e+003;1,656145e-003
1,730799e+003;1,632364e-003
1,731281e+003;1,608152e-003
1,731764e+003;1,578688e-003
1,732246e+003;1,540646e-003
1,732728e+003;1,493065e-003
1,733210e+003;1,440470e-003
1,733692e+003;1,394529e-003
1,734174e+003;1,369167e-003
1,734656e+003;1,371361e-003
1,735138e+003;1,397886e-003
1,735620e+003;1,441301e-003
1,736103e+003;1,496257e-003
1,736585e+003;1,561096e-003
1,737067e+003;1,635125e-003
1,737549e+003;1,716816e-003
1,738031e+003;1,800320e-003
1,738513e+003;1,873391e-003
1,738995e+003;1,920381e-003
1,739477e+003;1,927403e-003
1,739959e+003;1,890696e-003
1,740442e+003;1,818520e-003
1,740924e+003;1,729191e-003
1,741406e+003;1,643074e-003
1,741888e+003;1,577091e-003
1,742370e+003;1,543506e-003
1,742852e+003;1,545866e-003
1,743334e+003;1,578521e-003
1,743816e+003;1,627874e-003
1,744299e+003;1,677931e-003
1,744781e+003;1,714255e-003
1,745263e+003;1,728859e-003
1,745745e+003;1,721041e-003
1,746227e+003;1,696525e-003
1,746709e+003;1,665025e-003
1,747191e+003;1,636255e-003
1,747673e+003;1,617996e-003
1,748156e+003;1,613008e-003
1,748638e+003;1,618961e-003
1,749120e+003;1,628839e-003
1,749602e+003;1,634759e-003
1,750084e+003;1,630402e-003
1,750566e+003;1,612575e-003
1,751048e+003;1,582578e-003
1,751530e+003;1,544736e-003
1,752012e+003;1,504835e-003
1,752495e+003;1,467531e-003
1,752977e+003;1,436481e-003
1,753459e+003;1,413476e-003
1,753941e+003;1,399515e-003
1,754423e+003;1,394861e-003
1,754905e+003;1,399515e-003
1,755387e+003;1,412446e-003
1,755869e+003;1,431195e-003
1,756351e+003;1,452604e-003
1,756834e+003;1,472651e-003
1,757316e+003;1,487978e-003
1,757798e+003;1,497221e-003
1,758280e+003;1,499715e-003
1,758762e+003;1,495459e-003
1,759244e+003;1,484687e-003
1,759726e+003;1,467565e-003
1,760208e+003;1,445689e-003
1,760691e+003;1,422086e-003
1,761173e+003;1,401510e-003
1,761655e+003;1,388878e-003
1,762137e+003;1,386784e-003
1,762619e+003;1,394196e-003
1,763101e+003;1,407161e-003
1,763583e+003;1,421355e-003
1,764065e+003;1,433688e-003
1,764547e+003;1,442498e-003
1,765030e+003;1,448282e-003
1,765512e+003;1,452139e-003
1,765994e+003;1,454366e-003
1,766476e+003;1,455230e-003
1,766958e+003;1,453402e-003
1,767440e+003;1,447617e-003
1,767922e+003;1,437744e-003
1,768404e+003;1,425278e-003
1,768886e+003;1,412911e-003
1,769369e+003;1,404302e-003
1,769851e+003;1,401975e-003
1,770333e+003;1,406529e-003
1,770815e+003;1,416601e-003
1,771297e+003;1,428436e-003
1,771779e+003;1,436647e-003
1,772261e+003;1,436846e-003
1,772743e+003;1,428303e-003
1,773226e+003;1,413144e-003
1,773708e+003;1,395825e-003
1,774190e+003;1,380369e-003
1,774672e+003;1,370530e-003
1,775154e+003;1,370231e-003
1,775636e+003;1,383128e-003
1,776118e+003;1,412446e-003
1,776600e+003;1,458854e-003
1,777083e+003;1,519432e-003
1,777565e+003;1,587467e-003
1,778047e+003;1,652918e-003
1,778529e+003;1,703544e-003
1,779011e+003;1,727295e-003
1,779493e+003;1,715985e-003
1,779975e+003;1,668917e-003
1,780457e+003;1,594883e-003
1,780939e+003;1,508792e-003
1,781422e+003;1,427405e-003
1,781904e+003;1,362553e-003
1,782386e+003;1,319844e-003
1,782868e+003;1,299637e-003
1,783350e+003;1,299837e-003
1,783832e+003;1,316786e-003
1,784314e+003;1,345734e-003
1,784796e+003;1,381366e-003
1,785278e+003;1,417499e-003
1,785761e+003;1,448183e-003
1,786243e+003;1,470091e-003
1,786725e+003;1,482027e-003
1,787207e+003;1,485485e-003
1,787689e+003;1,484188e-003
1,788171e+003;1,482359e-003
1,788653e+003;1,483058e-003
1,789135e+003;1,487480e-003
1,789618e+003;1,493298e-003
1,790100e+003;1,495559e-003
1,790582e+003;1,488311e-003
1,791064e+003;1,466734e-003
1,791546e+003;1,431095e-003
1,792028e+003;1,386817e-003
1,792510e+003;1,342643e-003
1,792992e+003;1,303625e-003
1,793474e+003;1,270958e-003
1,793957e+003;1,241782e-003
1,794439e+003;1,213538e-003
1,794921e+003;1,186924e-003
1,795403e+003;1,166160e-003
1,795885e+003;1,158319e-003
1,796367e+003;1,170379e-003
1,796849e+003;1,205099e-003
1,797331e+003;1,258928e-003
1,797813e+003;1,321273e-003
1,798296e+003;1,378042e-003
1,798778e+003;1,413078e-003
1,799260e+003;1,414108e-003
1,799742e+003;1,376812e-003
1,800224e+003;1,306550e-003
1,800706e+003;1,216462e-003
1,801188e+003;1,122540e-003
1,801670e+003;1,038734e-003
1,802153e+003;9,728771e-004
1,802635e+003;9,266867e-004
1,803117e+003;8,983972e-004
1,803599e+003;8,854484e-004
1,804081e+003;8,855811e-004
1,804563e+003;8,981980e-004
1,805045e+003;9,234659e-004
1,805527e+003;9,617524e-004
1,806010e+003;1,013393e-003
1,806492e+003;1,077662e-003
1,806974e+003;1,152040e-003
1,807456e+003;1,232312e-003
1,807938e+003;1,312499e-003
1,808420e+003;1,383726e-003
1,808902e+003;1,436880e-003
1,809384e+003;1,462711e-003
1,809866e+003;1,454433e-003
1,810349e+003;1,409953e-003
1,810831e+003;1,333969e-003
1,811313e+003;1,237263e-003
1,811795e+003;1,133569e-003
1,812277e+003;1,036841e-003
1,812759e+003;9,564393e-004
1,813241e+003;8,972019e-004
1,813723e+003;8,600166e-004
1,814205e+003;8,431515e-004
1,814688e+003;8,438486e-004
1,815170e+003;8,586554e-004
1,815652e+003;8,832903e-004
1,816134e+003;9,128738e-004
1,816616e+003;9,417952e-004
1,817098e+003;9,651397e-004
1,817580e+003;9,794856e-004
1,818062e+003;9,841681e-004
1,818545e+003;9,807143e-004
1,819027e+003;9,725118e-004
1,819509e+003;9,622838e-004
1,819991e+003;9,513918e-004
1,820473e+003;9,388731e-004
1,820955e+003;9,223369e-004
1,821437e+003;8,983308e-004
1,821919e+003;8,648638e-004
1,822401e+003;8,219714e-004
1,822884e+003;7,731084e-004
1,823366e+003;7,257113e-004
1,823848e+003;6,895695e-004
1,824330e+003;6,757309e-004
1,824812e+003;6,926559e-004
1,825294e+003;7,430034e-004
1,825776e+003;8,226685e-004
1,826258e+003;9,225362e-004
1,826740e+003;1,032988e-003
1,827223e+003;1,142904e-003
1,827705e+003;1,243244e-003
1,828187e+003;1,323765e-003
1,828669e+003;1,373754e-003
1,829151e+003;1,384490e-003
1,829633e+003;1,353279e-003
1,830115e+003;1,287441e-003
1,830597e+003;1,201112e-003
1,831080e+003;1,111179e-003
1,831562e+003;1,031029e-003
1,832044e+003;9,690914e-004
1,832526e+003;9,308706e-004
1,833008e+003;9,197470e-004
1,833490e+003;9,367479e-004
1,833972e+003;9,785226e-004
1,834454e+003;1,037373e-003
1,834937e+003;1,099619e-003
1,835419e+003;1,147821e-003
1,835901e+003;1,167289e-003
1,836383e+003;1,148485e-003
1,836865e+003;1,091480e-003
1,837347e+003;1,006286e-003
1,837829e+003;9,110144e-004
1,838311e+003;8,250255e-004
1,838793e+003;7,638808e-004
1,839276e+003;7,358010e-004
1,839758e+003;7,412111e-004
1,840240e+003;7,753656e-004
1,840722e+003;8,313330e-004
1,841204e+003;9,024811e-004
1,841686e+003;9,825409e-004
1,842168e+003;1,064409e-003
1,842650e+003;1,139349e-003
1,843132e+003;1,197490e-003
1,843615e+003;1,229587e-003
1,844097e+003;1,232677e-003
1,844579e+003;1,212641e-003
1,845061e+003;1,181177e-003
1,845543e+003;1,149814e-003
1,846025e+003;1,125729e-003
1,846507e+003;1,107558e-003
1,846989e+003;1,089454e-003
1,847472e+003;1,062947e-003
1,847954e+003;1,022360e-003
1,848436e+003;9,663019e-004
1,848918e+003;9,004558e-004
1,849400e+003;8,334909e-004
1,849882e+003;7,744030e-004
1,850364e+003;7,283665e-004
1,850846e+003;6,954768e-004
1,851328e+003;6,735075e-004
1,851811e+003;6,595697e-004
1,852293e+003;6,547249e-004
1,852775e+003;6,632532e-004
1,853257e+003;6,911625e-004
1,853739e+003;7,423395e-004
1,854221e+003;8,140375e-004
1,854703e+003;8,972019e-004
1,855185e+003;9,769950e-004
1,855667e+003;1,037173e-003
1,856150e+003;1,068063e-003
1,856632e+003;1,068528e-003
1,857114e+003;1,049794e-003
1,857596e+003;1,030265e-003
1,858078e+003;1,031361e-003
1,858560e+003;1,068727e-003
1,859042e+003;1,147057e-003
1,859524e+003;1,259294e-003
1,860007e+003;1,388812e-003
1,860489e+003;1,513846e-003
1,860971e+003;1,613606e-003
1,861453e+003;1,674838e-003
1,861935e+003;1,693232e-003
1,862417e+003;1,672875e-003
1,862899e+003;1,623750e-003
1,863381e+003;1,558735e-003
1,863864e+003;1,491037e-003
1,864346e+003;1,431461e-003
1,864828e+003;1,388479e-003
1,865310e+003;1,366275e-003
1,865792e+003;1,365876e-003
1,866274e+003;1,384823e-003
1,866756e+003;1,418629e-003
1,867238e+003;1,461780e-003
1,867720e+003;1,507761e-003
1,868203e+003;1,550256e-003
1,868685e+003;1,583709e-003
1,869167e+003;1,603130e-003
1,869649e+003;1,605725e-003
1,870131e+003;1,590360e-003
1,870613e+003;1,558270e-003
1,871095e+003;1,510887e-003
1,871577e+003;1,451540e-003
1,872059e+003;1,383593e-003
1,872542e+003;1,308843e-003
1,873024e+003;1,227992e-003
1,873506e+003;1,140313e-003
1,873988e+003;1,043982e-003
1,874470e+003;9,401681e-004
1,874952e+003;8,342544e-004
1,875434e+003;7,367635e-004
1,875916e+003;6,613617e-004
1,876399e+003;6,196176e-004
1,876881e+003;6,168967e-004
1,877363e+003;6,489841e-004
1,877845e+003;7,027116e-004
1,878327e+003;7,599974e-004
1,878809e+003;8,051078e-004
1,879291e+003;8,294408e-004
1,879773e+003;8,354163e-004
1,880255e+003;8,337232e-004
1,880738e+003;8,388025e-004
1,881220e+003;8,620750e-004
1,881702e+003;9,058014e-004
1,882184e+003;9,623170e-004
1,882666e+003;1,016117e-003
1,883148e+003;1,050824e-003
1,883630e+003;1,053681e-003
1,884112e+003;1,022526e-003
1,884594e+003;9,659034e-004
1,885077e+003;9,015182e-004
1,885559e+003;8,492933e-004
1,886041e+003;8,258554e-004
1,886523e+003;8,422883e-004
1,887005e+003;9,013190e-004
1,887487e+003;9,975516e-004
1,887969e+003;1,117989e-003
1,888451e+003;1,245869e-003
1,888934e+003;1,361522e-003
1,889416e+003;1,448149e-003
1,889898e+003;1,496756e-003
1,890380e+003;1,506298e-003
1,890862e+003;1,482359e-003
1,891344e+003;1,434020e-003
1,891826e+003;1,368004e-003
1,892308e+003;1,286843e-003
1,892791e+003;1,189881e-003
1,893273e+003;1,074407e-003
1,893755e+003;9,405666e-004
1,894237e+003;7,941202e-004
1,894719e+003;6,480218e-004
1,895201e+003;5,184595e-004
1,895683e+003;4,214043e-004
1,896165e+003;3,653239e-004
1,896647e+003;3,487100e-004
1,897130e+003;3,623061e-004
1,897612e+003;3,927165e-004
1,898094e+003;4,267109e-004
1,898576e+003;4,554341e-004
1,899058e+003;4,772930e-004
1,899540e+003;4,969966e-004
1,900022e+003;5,243312e-004
1,900504e+003;5,693840e-004
1,900986e+003;6,391619e-004
1,901469e+003;7,352368e-004
1,901951e+003;8,516171e-004
1,902433e+003;9,753013e-004
1,902915e+003;1,088823e-003
1,903397e+003;1,174665e-003
1,903879e+003;1,217725e-003
1,904361e+003;1,210149e-003
1,904843e+003;1,153302e-003
1,905326e+003;1,057866e-003
1,905808e+003;9,414632e-004
1,906290e+003;8,259218e-004
1,906772e+003;7,314199e-004
1,907254e+003;6,696911e-004
1,907736e+003;6,414846e-004
1,908218e+003;6,357440e-004
1,908700e+003;6,353790e-004
1,909182e+003;6,218739e-004
1,909665e+003;5,848118e-004
1,910147e+003;5,258904e-004
1,910629e+003;4,579881e-004
1,911111e+003;4,002448e-004
1,911593e+003;3,696349e-004
1,912075e+003;3,757368e-004
1,912557e+003;4,179219e-004
1,913039e+003;4,852871e-004
1,913521e+003;5,603929e-004
1,914004e+003;6,260216e-004
1,914486e+003;6,677996e-004
1,914968e+003;6,787840e-004
1,915450e+003;6,609967e-004
1,915932e+003;6,235662e-004
1,916414e+003;5,802995e-004
1,916896e+003;5,463925e-004
1,917378e+003;5,355442e-004
1,917861e+003;5,527955e-004
1,918343e+003;5,934715e-004
1,918825e+003;6,430774e-004
1,919307e+003;6,834964e-004
1,919789e+003;6,979990e-004
1,920271e+003;6,748681e-004
1,920753e+003;6,094311e-004
1,921235e+003;5,068489e-004
1,921718e+003;3,819051e-004
1,922200e+003;2,556381e-004
1,922682e+003;1,539680e-004
1,923164e+003;9,586736e-005
1,923646e+003;8,877517e-005
1,924128e+003;1,286122e-004
1,924610e+003;2,038885e-004
1,925092e+003;2,995688e-004
1,925574e+003;4,018698e-004
1,926057e+003;4,987880e-004
1,926539e+003;5,795695e-004
1,927021e+003;6,344499e-004
1,927503e+003;6,557536e-004
1,927985e+003;6,381332e-004
1,928467e+003;5,812285e-004
1,928949e+003;4,916228e-004
1,929431e+003;3,847240e-004
1,929913e+003;2,814323e-004
1,930396e+003;2,045846e-004
1,930878e+003;1,749830e-004
1,931360e+003;2,042863e-004
1,931842e+003;2,939653e-004
1,932324e+003;4,335765e-004
1,932806e+003;6,041222e-004
1,933288e+003;7,788509e-004
1,933770e+003;9,297416e-004
1,934253e+003;1,034848e-003
1,934735e+003;1,079921e-003
1,935217e+003;1,063213e-003
1,935699e+003;9,941641e-004
1,936181e+003;8,937157e-004
1,936663e+003;7,896057e-004
1,937145e+003;7,099798e-004
1,937627e+003;6,787508e-004
1,938109e+003;7,053003e-004
1,938592e+003;7,832324e-004
1,939074e+003;8,883701e-004
1,939556e+003;9,885186e-004
1,940038e+003;1,044646e-003
1,940520e+003;1,022759e-003
1,941002e+003;9,057018e-004
1,941484e+003;6,994925e-004
1,941966e+003;4,365947e-004
1,942448e+003;1,677569e-004
1,942931e+003;-5,294497e-005
1,943413e+003;-1,902140e-004
1,943895e+003;-2,332341e-004
1,944377e+003;-1,965729e-004
1,944859e+003;-1,096929e-004
1,945341e+003;-4,572473e-006
1,945823e+003;9,427658e-005
1,946305e+003;1,770050e-004
1,946788e+003;2,488085e-004
1,947270e+003;3,221492e-004
1,947752e+003;4,061813e-004
1,948234e+003;4,986221e-004
1,948716e+003;5,789723e-004
1,949198e+003;6,125168e-004
1,949680e+003;5,603929e-004
1,950162e+003;3,965303e-004
1,950645e+003;1,199286e-004
1,951127e+003;-2,372081e-004
1,951609e+003;-6,178084e-004
1,952091e+003;-9,484196e-004
1,952573e+003;-1,163004e-003
1,953055e+003;-1,226876e-003
1,953537e+003;-1,144630e-003
1,954019e+003;-9,592968e-004
1,954501e+003;-7,345565e-004
1,954984e+003;-5,384918e-004
1,955466e+003;-4,161629e-004
1,955948e+003;-3,780936e-004
1,956430e+003;-3,955728e-004
1,956912e+003;-4,144416e-004
1,957394e+003;-3,724988e-004
1,957876e+003;-2,203848e-004
1,958358e+003;5,838610e-005
1,958840e+003;4,402431e-004
1,959323e+003;8,641002e-004
1,959805e+003;1,249092e-003
1,960287e+003;1,509557e-003
1,960769e+003;1,587966e-003
1,961251e+003;1,468396e-003
1,961733e+003;1,183835e-003
1,962215e+003;8,039127e-004
1,962697e+003;4,167942e-004
1,963180e+003;1,127698e-004
1,963662e+003;-4,141557e-005
1,964144e+003;-1,424740e-005
1,964626e+003;1,874134e-004
1,965108e+003;5,265207e-004
1,965590e+003;9,455143e-004
1,966072e+003;1,381831e-003
1,966554e+003;1,783851e-003
1,967036e+003;2,108991e-003
1,967519e+003;2,329696e-003
1,968001e+003;2,433476e-003
1,968483e+003;2,416016e-003
1,968965e+003;2,280230e-003
1,969447e+003;2,038378e-003
1,969929e+003;1,714222e-003
1,970411e+003;1,343242e-003
1,970893e+003;9,765965e-004
1,971375e+003;6,699898e-004
1,971858e+003;4,613051e-004
1,972340e+003;3,631352e-004
1,972822e+003;3,490085e-004
1,973304e+003;3,649922e-004
1,973786e+003;3,423764e-004
1,974268e+003;2,263645e-004
1,974750e+003;-6,427956e-006
1,975232e+003;-3,355182e-004
1,975715e+003;-7,013449e-004
1,976197e+003;-1,025744e-003
1,976679e+003;-1,231733e-003
1,977161e+003;-1,274518e-003
1,977643e+003;-1,146216e-003
1,978125e+003;-8,760414e-004
1,978607e+003;-5,143001e-004
1,979089e+003;-1,245992e-004
1,979572e+003;2,403877e-004
1,980054e+003;5,462930e-004
1,980536e+003;7,754983e-004
1,981018e+003;9,234659e-004
1,981500e+003;9,914410e-004
1,981982e+003;9,778916e-004
1,982464e+003;8,804349e-004
1,982946e+003;6,983640e-004
1,983428e+003;4,392481e-004
1,983911e+003;1,216852e-004
1,984393e+003;-2,216433e-004
1,984875e+003;-5,472944e-004
1,985357e+003;-8,100340e-004
1,985839e+003;-9,656113e-004
1,986321e+003;-9,824057e-004
1,986803e+003;-8,510748e-004
1,987285e+003;-5,869703e-004
1,987767e+003;-2,240608e-004
1,988250e+003;1,927835e-004
1,988732e+003;6,157686e-004
1,989214e+003;1,006186e-003
1,989696e+003;1,327554e-003
1,990178e+003;1,544137e-003
1,990660e+003;1,626211e-003
1,991142e+003;1,549957e-003
1,991624e+003;1,310538e-003
1,992107e+003;9,302397e-004
1,992589e+003;4,628972e-004
1,993071e+003;-1,491006e-005
1,993553e+003;-4,209958e-004
1,994035e+003;-6,768646e-004
1,994517e+003;-7,340604e-004
1,994999e+003;-5,753889e-004
1,995481e+003;-2,193913e-004
1,995964e+003;2,892239e-004
1,996446e+003;8,882041e-004
1,996928e+003;1,506365e-003
1,997410e+003;2,077662e-003
1,997892e+003;2,542247e-003
1,998374e+003;2,854814e-003
1,998856e+003;2,988145e-003
1,999338e+003;2,937970e-003
1,999820e+003;2,721291e-003
2,000302e+003;2,374103e-003
2,000785e+003;1,951633e-003
2,001267e+003;1,513015e-003
2,001749e+003;1,110249e-003
2,002231e+003;7,782202e-004
2,002713e+003;5,233028e-004
2,003195e+003;3,279852e-004
2,003677e+003;1,664642e-004
2,004159e+003;2,349267e-005
2,004642e+003;-9,183785e-005
2,005124e+003;-1,426186e-004
2,005606e+003;-8,206526e-005
2,006088e+003;1,260933e-004
2,006570e+003;4,781885e-004
2,007052e+003;9,221378e-004
2,007534e+003;1,360326e-003
2,008016e+003;1,687012e-003
2,008499e+003;1,814162e-003
2,008981e+003;1,698687e-003
2,009463e+003;1,356769e-003
2,009945e+003;8,564643e-004
2,010427e+003;2,963525e-004
2,010909e+003;-2,335984e-004
2,011391e+003;-6,614148e-004
2,011873e+003;-9,504363e-004
2,012355e+003;-1,096941e-003
2,012838e+003;-1,120902e-003
2,013320e+003;-1,055857e-003
2,013802e+003;-9,425676e-004
2,014284e+003;-8,253793e-004
2,014766e+003;-7,383274e-004
2,015248e+003;-7,022711e-004
2,015730e+003;-7,164624e-004
2,016212e+003;-7,522198e-004
2,016694e+003;-7,584713e-004
2,017177e+003;-6,754089e-004
2,017659e+003;-4,576381e-004
2,018141e+003;-9,256664e-005
2,018623e+003;3,918211e-004
2,019105e+003;9,406662e-004
2,019587e+003;1,484055e-003
2,020069e+003;1,962250e-003
2,020551e+003;2,341055e-003
2,021034e+003;2,609109e-003
2,021516e+003;2,774642e-003
2,021998e+003;2,849511e-003
2,022480e+003;2,835870e-003
2,022962e+003;2,718957e-003
2,023444e+003;2,483492e-003
2,023926e+003;2,128936e-003
2,024408e+003;1,686712e-003
2,024891e+003;1,233242e-003
2,025373e+003;8,659262e-004
2,025855e+003;6,715163e-004
2,026337e+003;6,978331e-004
2,026819e+003;9,273841e-004
2,027301e+003;1,282090e-003
2,027783e+003;1,642708e-003
2,028265e+003;1,893391e-003
2,028747e+003;1,950768e-003
2,029229e+003;1,791836e-003
2,029712e+003;1,454333e-003
2,030194e+003;1,018142e-003
2,030676e+003;5,759200e-004
2,031158e+003;2,050818e-004
2,031640e+003;-3,608147e-005
2,032122e+003;-1,146618e-004
2,032604e+003;-1,782575e-005
2,033086e+003;2,509966e-004
2,033569e+003;6,720473e-004
2,034051e+003;1,204600e-003
2,034533e+003;1,781622e-003
2,035015e+003;2,319702e-003
2,035497e+003;2,724559e-003
2,035979e+003;2,916154e-003
2,036461e+003;2,859217e-003
2,036943e+003;2,570444e-003
2,037426e+003;2,118681e-003
2,037908e+003;1,593453e-003
2,038390e+003;1,085003e-003
2,038872e+003;6,522693e-004
2,039354e+003;3,134949e-004
2,039836e+003;5,086373e-005
2,040318e+003;-1,682221e-004
2,040800e+003;-3,725319e-004
2,041282e+003;-5,656934e-004
2,041765e+003;-7,228137e-004
2,042247e+003;-7,975987e-004
2,042729e+003;-7,460014e-004
2,043211e+003;-5,422974e-004
2,043693e+003;-1,956456e-004
2,044175e+003;2,519580e-004
2,044657e+003;7,401822e-004
2,045139e+003;1,201377e-003
2,045622e+003;1,583443e-003
2,046104e+003;1,856786e-003
2,046586e+003;2,010981e-003
2,047068e+003;2,050029e-003
2,047550e+003;1,988479e-003
2,048032e+003;1,844341e-003
2,048514e+003;1,636887e-003
2,048996e+003;1,388812e-003
2,049479e+003;1,123370e-003
2,049960e+003;8,591866e-004
2,050443e+003;6,124173e-004
2,050925e+003;3,914562e-004
2,051407e+003;1,981868e-004
2,051889e+003;3,419568e-005
2,052371e+003;-9,581307e-005
2,052853e+003;-1,817353e-004
2,053335e+003;-2,052169e-004
2,053817e+003;-1,484151e-004
2,054300e+003;-2,783250e-006
2,054782e+003;2,222537e-004
2,055264e+003;4,968971e-004
2,055746e+003;7,712165e-004
2,056228e+003;9,921052e-004
2,056710e+003;1,120248e-003
2,057192e+003;1,138153e-003
2,057674e+003;1,058596e-003
2,058156e+003;9,160613e-004
2,058639e+003;7,587361e-004
2,059121e+003;6,287426e-004
2,059603e+003;5,507718e-004
2,060085e+003;5,284116e-004
2,060567e+003;5,463925e-004
2,061049e+003;5,816930e-004
2,061531e+003;6,138773e-004
2,062013e+003;6,340517e-004
2,062496e+003;6,440398e-004
2,062978e+003;6,537625e-004
2,063460e+003;6,716822e-004
2,063942e+003;7,011850e-004
2,064424e+003;7,381575e-004
2,064906e+003;7,720131e-004
2,065388e+003;7,911327e-004
2,065870e+003;7,884439e-004
2,066353e+003;7,628519e-004
2,066835e+003;7,189739e-004
2,067317e+003;6,637842e-004
2,067799e+003;6,050512e-004
2,068281e+003;5,474542e-004
2,068763e+003;4,941439e-004
2,069245e+003;4,449861e-004
2,069727e+003;3,987855e-004
2,070209e+003;3,546127e-004
2,070692e+003;3,114391e-004
2,071174e+003;2,693639e-004
2,071656e+003;2,312377e-004
2,072138e+003;2,028608e-004
2,072620e+003;1,917890e-004
2,073102e+003;2,070045e-004
2,073584e+003;2,538809e-004
2,074066e+003;3,295436e-004
2,074549e+003;4,227973e-004
2,075031e+003;5,134171e-004
2,075513e+003;5,802995e-004
2,075995e+003;6,061462e-004
2,076477e+003;5,840486e-004
2,076959e+003;5,192888e-004
2,077441e+003;4,280708e-004
2,077923e+003;3,289136e-004
2,078406e+003;2,358459e-004
2,078887e+003;1,565866e-004
2,079370e+003;9,000138e-005
2,079852e+003;3,402999e-005
2,080334e+003;-8,349698e-006
2,080816e+003;-2,494922e-005
2,081298e+003;5,135807e-006
2,081780e+003;1,033905e-004
2,082262e+003;2,806034e-004
2,082744e+003;5,277150e-004
2,083227e+003;8,137387e-004
2,083709e+003;1,092510e-003
2,084191e+003;1,312067e-003
2,084673e+003;1,434586e-003
2,085155e+003;1,445822e-003
2,085637e+003;1,360359e-003
2,086119e+003;1,215233e-003
2,086601e+003;1,059194e-003
2,087083e+003;9,377109e-004
2,087566e+003;8,757536e-004
2,088048e+003;8,776792e-004
2,088530e+003;9,275833e-004
2,089012e+003;1,001072e-003
2,089494e+003;1,074141e-003
2,089976e+003;1,135695e-003
2,090458e+003;1,190347e-003
2,090940e+003;1,255107e-003
2,091423e+003;1,350753e-003
2,091905e+003;1,491636e-003
2,092387e+003;1,676667e-003
2,092869e+003;1,887301e-003
2,093351e+003;2,087450e-003
2,093833e+003;2,232168e-003
2,094315e+003;2,284427e-003
2,094797e+003;2,221578e-003
2,095280e+003;2,046034e-003
2,095762e+003;1,784816e-003
2,096244e+003;1,483191e-003
2,096726e+003;1,190180e-003
2,097208e+003;9,464773e-004
2,097690e+003;7,752328e-004
2,098172e+003;6,760295e-004
2,098654e+003;6,310321e-004
2,099136e+003;6,129814e-004
2,099619e+003;5,975857e-004
2,100101e+003;5,716069e-004
2,100583e+003;5,349139e-004
2,101065e+003;4,971293e-004
2,101547e+003;4,720189e-004
2,102029e+003;4,688677e-004
2,102511e+003;4,883720e-004
2,102993e+003;5,233692e-004
2,103476e+003;5,642746e-004
2,103958e+003;6,029941e-004
2,104440e+003;6,388300e-004
2,104922e+003;6,773238e-004
2,105404e+003;7,269061e-004
2,105886e+003;7,937551e-004
2,106368e+003;8,769156e-004
2,106850e+003;9,669329e-004
2,107333e+003;1,048233e-003
2,107814e+003;1,105631e-003
2,108297e+003;1,127988e-003
2,108779e+003;1,112939e-003
2,109261e+003;1,065970e-003
2,109743e+003;9,976844e-004
2,110225e+003;9,177880e-004
2,110707e+003;8,321297e-004
2,111189e+003;7,421736e-004
2,111671e+003;6,458980e-004
2,112154e+003;5,429091e-004
2,112636e+003;4,381204e-004
2,113118e+003;3,424096e-004
2,113600e+003;2,714194e-004
2,114082e+003;2,418796e-004
2,114564e+003;2,646228e-004
2,115046e+003;3,418127e-004
2,115528e+003;4,650200e-004
2,116010e+003;6,167308e-004
2,116493e+003;7,725442e-004
2,116975e+003;9,091882e-004
2,117457e+003;1,007548e-003
2,117939e+003;1,054810e-003
2,118421e+003;1,047071e-003
2,118903e+003;9,862935e-004
2,119385e+003;8,797377e-004
2,119867e+003;7,382571e-004
2,120350e+003;5,774130e-004
2,120832e+003;4,159319e-004
2,121314e+003;2,751659e-004
2,121796e+003;1,795573e-004
2,122278e+003;1,494271e-004
2,122760e+003;1,985514e-004
2,123242e+003;3,273220e-004
2,123724e+003;5,211797e-004
2,124207e+003;7,522637e-004
2,124689e+003;9,829726e-004
2,125171e+003;1,179648e-003
2,125653e+003;1,318315e-003
2,126135e+003;1,391836e-003
2,126617e+003;1,408956e-003
2,127099e+003;1,390241e-003
2,127581e+003;1,358464e-003
2,128063e+003;1,328751e-003
2,128546e+003;1,305785e-003
2,129028e+003;1,283586e-003
2,129510e+003;1,252116e-003
2,129992e+003;1,205830e-003
2,130474e+003;1,150611e-003
2,130956e+003;1,104668e-003
2,131438e+003;1,096064e-003
2,131920e+003;1,150744e-003
2,132403e+003;1,284450e-003
2,132885e+003;1,495393e-003
2,133367e+003;1,765553e-003
2,133849e+003;2,063046e-003
2,134331e+003;2,354581e-003
2,134813e+003;2,613076e-003
2,135295e+003;2,820863e-003
2,135777e+003;2,971164e-003
2,136260e+003;3,062350e-003
2,136741e+003;3,093718e-003
2,137224e+003;3,062617e-003
2,137706e+003;2,965092e-003
2,138188e+003;2,800386e-003
2,138670e+003;2,574743e-003
2,139152e+003;2,304279e-003
2,139634e+003;2,013578e-003
2,140116e+003;1,727362e-003
2,140598e+003;1,467299e-003
2,141081e+003;1,246002e-003
2,141563e+003;1,065837e-003
2,142045e+003;9,214737e-004
2,142527e+003;8,053733e-004
2,143009e+003;7,091833e-004
2,143491e+003;6,251589e-004
2,143973e+003;5,472219e-004
2,144455e+003;4,700618e-004
2,144938e+003;3,887368e-004
2,145420e+003;3,034481e-004
2,145902e+003;2,206956e-004
2,146384e+003;1,540343e-004
2,146866e+003;1,218178e-004
2,147348e+003;1,419694e-004
2,147830e+003;2,230494e-004
2,148312e+003;3,609133e-004
2,148794e+003;5,371034e-004
2,149277e+003;7,267734e-004
2,149759e+003;9,082253e-004
2,150241e+003;1,070222e-003
2,150723e+003;1,219054e-003
2,151205e+003;1,377576e-003
2,151687e+003;1,575362e-003
2,152169e+003;1,835190e-003
2,152651e+003;2,162234e-003
2,153134e+003;2,536281e-003
2,153616e+003;2,913552e-003
2,154098e+003;3,235300e-003
2,154580e+003;3,444955e-003
2,155062e+003;3,504007e-003
2,155544e+003;3,403577e-003
2,156026e+003;3,164937e-003
2,156508e+003;2,833503e-003
2,156990e+003;2,468930e-003
2,157473e+003;2,126272e-003
2,157955e+003;1,847169e-003
2,158437e+003;1,652386e-003
2,158919e+003;1,540845e-003
2,159401e+003;1,494994e-003
2,159883e+003;1,493497e-003
2,160365e+003;1,517670e-003
2,160847e+003;1,553947e-003
2,161330e+003;1,591857e-003
2,161812e+003;1,620491e-003
2,162294e+003;1,624282e-003
2,162776e+003;1,587467e-003
2,163258e+003;1,496623e-003
2,163740e+003;1,348327e-003
2,164222e+003;1,152339e-003
2,164704e+003;9,331949e-004
2,165187e+003;7,265742e-004
2,165668e+003;5,653363e-004
2,166151e+003;4,746061e-004
2,166633e+003;4,591159e-004
2,167115e+003;5,011432e-004
2,167597e+003;5,643410e-004
2,168079e+003;6,094311e-004
2,168561e+003;6,041222e-004
2,169043e+003;5,367053e-004
2,169525e+003;4,227641e-004
2,170008e+003;3,034481e-004
2,170490e+003;2,353154e-004
2,170972e+003;2,699275e-004
2,171454e+003;4,414372e-004
2,171936e+003;7,501394e-004
2,172418e+003;1,164166e-003
2,172900e+003;1,618262e-003
2,173382e+003;2,032918e-003
2,173865e+003;2,338124e-003
2,174347e+003;2,484659e-003
2,174829e+003;2,463865e-003
2,175311e+003;2,307211e-003
2,175793e+003;2,075664e-003
2,176275e+003;1,836355e-003
2,176757e+003;1,651721e-003
2,177239e+003;1,560065e-003
2,177721e+003;1,568711e-003
2,178204e+003;1,658473e-003
2,178686e+003;1,791803e-003
2,179168e+003;1,926438e-003
2,179650e+003;2,024163e-003
2,180132e+003;2,059418e-003
2,180614e+003;2,021167e-003
2,181096e+003;1,914357e-003
2,181578e+003;1,756504e-003
2,182061e+003;1,574398e-003
2,182543e+003;1,400645e-003
2,183025e+003;1,266173e-003
2,183507e+003;1,194633e-003
2,183989e+003;1,198321e-003
2,184471e+003;1,272420e-003
2,184953e+003;1,394030e-003
2,185435e+003;1,525916e-003
2,185917e+003;1,626976e-003
2,186400e+003;1,659072e-003
2,186882e+003;1,598774e-003
2,187364e+003;1,442365e-003
2,187846e+003;1,207225e-003
2,188328e+003;9,263879e-004
2,188810e+003;6,452675e-004
2,189292e+003;4,127480e-004
2,189774e+003;2,701927e-004
2,190257e+003;2,497036e-004
2,190739e+003;3,664514e-004
2,191221e+003;6,155363e-004
2,191703e+003;9,697223e-004
2,192185e+003;1,381299e-003
2,192667e+003;1,790006e-003
2,193149e+003;2,127437e-003
2,193631e+003;2,339956e-003
2,194114e+003;2,397625e-003
2,194595e+003;2,302247e-003
2,195078e+003;2,086684e-003
2,195560e+003;1,806309e-003
2,196042e+003;1,524785e-003
2,196524e+003;1,295649e-003
2,197006e+003;1,153502e-003
2,197488e+003;1,106594e-003
2,197970e+003;1,142339e-003
2,198452e+003;1,233940e-003
2,198935e+003;1,351185e-003
2,199417e+003;1,471055e-003
2,199899e+003;1,577091e-003
2,200381e+003;1,662232e-003
2,200863e+003;1,727029e-003
2,201345e+003;1,777663e-003
2,201827e+003;1,823145e-003
2,202309e+003;1,877085e-003
2,202792e+003;1,952166e-003
2,203274e+003;2,056654e-003
2,203756e+003;2,189274e-003
2,204238e+003;2,335892e-003
2,204720e+003;2,469030e-003
2,205202e+003;2,552479e-003
2,205684e+003;2,551812e-003
2,206166e+003;2,443472e-003
2,206648e+003;2,222410e-003
2,207131e+003;1,903907e-003
2,207613e+003;1,519831e-003
2,208095e+003;1,113969e-003
2,208577e+003;7,283001e-004
2,209059e+003;4,002448e-004
2,209541e+003;1,605310e-004
2,210023e+003;2,962284e-005
2,210505e+003;2,362521e-005
2,210988e+003;1,513164e-004
2,211470e+003;4,106586e-004
2,211952e+003;7,836639e-004
2,212434e+003;1,233176e-003
2,212916e+003;1,707436e-003
2,213398e+003;2,141589e-003
2,213880e+003;2,476794e-003
2,214362e+003;2,667247e-003
2,214844e+003;2,689451e-003
2,215327e+003;2,546346e-003
2,215809e+003;2,263942e-003
2,216291e+003;1,885438e-003
2,216773e+003;1,456062e-003
2,217255e+003;1,022028e-003
2,217737e+003;6,223053e-004
2,218219e+003;2,872677e-004
2,218701e+003;4,387169e-005
2,219184e+003;-8,779633e-005
2,219666e+003;-9,471989e-005
2,220148e+003;2,359208e-005
2,220630e+003;2,544445e-004
2,221112e+003;5,691517e-004
2,221594e+003;9,248937e-004
2,222076e+003;1,277504e-003
2,222558e+003;1,583310e-003
2,223041e+003;1,810734e-003
2,223522e+003;1,947240e-003
2,224005e+003;1,996834e-003
2,224487e+003;1,976563e-003
2,224969e+003;1,908866e-003
2,225451e+003;1,814162e-003
2,225933e+003;1,704675e-003
2,226415e+003;1,584507e-003
2,226897e+003;1,452804e-003
2,227379e+003;1,308710e-003
2,227862e+003;1,156757e-003
2,228344e+003;1,009109e-003
2,228826e+003;8,815306e-004
2,229308e+003;7,917634e-004
2,229790e+003;7,506705e-004
2,230272e+003;7,583046e-004
2,230754e+003;8,037799e-004
2,231236e+003;8,680510e-004
2,231719e+003;9,311030e-004
2,232201e+003;9,776923e-004
2,232683e+003;1,002500e-003
2,233165e+003;1,008943e-003
2,233647e+003;1,007183e-003
2,234129e+003;1,007482e-003
2,234611e+003;1,015917e-003
2,235093e+003;1,032490e-003
2,235575e+003;1,053614e-003
2,236058e+003;1,073344e-003
2,236540e+003;1,087594e-003
2,237022e+003;1,095500e-003
2,237504e+003;1,096529e-003
2,237986e+003;1,089055e-003
2,238468e+003;1,068760e-003
2,238950e+003;1,029767e-003
2,239432e+003;9,679291e-004
2,239915e+003;8,863780e-004
2,240397e+003;7,979044e-004
2,240879e+003;7,222928e-004
2,241361e+003;6,826999e-004
2,241843e+003;6,959746e-004
2,242325e+003;7,651754e-004
2,242807e+003;8,766168e-004
2,243289e+003;1,002500e-003
2,243771e+003;1,111644e-003
2,244254e+003;1,175628e-003
2,244736e+003;1,180811e-003
2,245218e+003;1,128685e-003
2,245700e+003;1,036276e-003
2,246182e+003;9,269524e-004
2,246664e+003;8,241292e-004
2,247146e+003;7,452603e-004
2,247628e+003;6,986959e-004
2,248111e+003;6,845252e-004
2,248593e+003;6,969370e-004
2,249075e+003;7,272713e-004
2,249557e+003;7,658724e-004
2,250039e+003;8,030828e-004
2,250521e+003;8,331921e-004
2,251003e+003;8,539743e-004
2,251485e+003;8,695782e-004
2,251968e+003;8,907274e-004
2,252449e+003;9,318999e-004
2,252932e+003;1,004825e-003
2,253414e+003;1,113770e-003
2,253896e+003;1,250422e-003
2,254378e+003;1,395127e-003
2,254860e+003;1,521327e-003
2,255342e+003;1,604827e-003
2,255824e+003;1,632963e-003
2,256306e+003;1,608684e-003
2,256789e+003;1,548926e-003
2,257271e+003;1,476076e-003
2,257753e+003;1,411116e-003
2,258235e+003;1,362619e-003
2,258717e+003;1,325261e-003
2,259199e+003;1,282423e-003
2,259681e+003;1,216196e-003
2,260163e+003;1,113238e-003
2,260646e+003;9,735081e-004
2,261128e+003;8,097551e-004
2,261610e+003;6,447366e-004
2,262092e+003;5,044272e-004
2,262574e+003;4,101942e-004
2,263056e+003;3,757368e-004
2,263538e+003;4,042909e-004
2,264020e+003;4,900306e-004
2,264502e+003;6,181576e-004
2,264985e+003;7,689925e-004
2,265467e+003;9,191826e-004
2,265949e+003;1,044646e-003
2,266431e+003;1,126991e-003
2,266913e+003;1,156126e-003
2,267395e+003;1,134831e-003
2,267877e+003;1,076998e-003
2,268359e+003;1,005323e-003
2,268842e+003;9,432231e-004
2,269324e+003;9,063991e-004
2,269806e+003;8,989284e-004
2,270288e+003;9,114792e-004
2,270770e+003;9,266203e-004
2,271252e+003;9,243956e-004
2,271734e+003;8,925204e-004
2,272216e+003;8,287436e-004
2,272698e+003;7,414434e-004
2,273181e+003;6,448030e-004
2,273663e+003;5,548192e-004
2,274145e+003;4,832637e-004
2,274627e+003;4,365615e-004
2,275109e+003;4,170264e-004
2,275591e+003;4,250857e-004
2,276073e+003;4,614709e-004
2,276555e+003;5,263548e-004
2,277038e+003;6,174940e-004
2,277520e+003;7,288643e-004
2,278002e+003;8,475337e-004
2,278484e+003;9,576348e-004
2,278966e+003;1,043484e-003
2,279448e+003;1,094536e-003
2,279930e+003;1,108488e-003
2,280412e+003;1,092676e-003
2,280895e+003;1,060921e-003
2,281376e+003;1,027741e-003
2,281859e+003;1,004991e-003
2,282341e+003;9,982159e-004
2,282823e+003;1,006087e-003
2,283305e+003;1,023324e-003
2,283787e+003;1,044214e-003
2,284269e+003;1,064210e-003
2,284751e+003;1,081914e-003
2,285233e+003;1,098423e-003
2,285716e+003;1,115530e-003
2,286198e+003;1,134134e-003
2,286680e+003;1,153967e-003
2,287162e+003;1,173635e-003
2,287644e+003;1,191808e-003
2,288126e+003;1,208255e-003
2,288608e+003;1,224105e-003
2,289090e+003;1,241516e-003
2,289573e+003;1,262251e-003
2,290055e+003;1,286510e-003
2,290537e+003;1,313064e-003
2,291019e+003;1,338190e-003
2,291501e+003;1,357700e-003
2,291983e+003;1,367339e-003
2,292465e+003;1,364480e-003
2,292947e+003;1,348892e-003
2,293429e+003;1,322170e-003
2,293912e+003;1,288305e-003
2,294394e+003;1,252980e-003
2,294876e+003;1,222011e-003
2,295358e+003;1,202142e-003
2,295840e+003;1,199118e-003
2,296322e+003;1,217293e-003
2,296804e+003;1,258629e-003
2,297286e+003;1,322170e-003
2,297769e+003;1,402540e-003
2,298251e+003;1,490239e-003
2,298733e+003;1,573433e-003
2,299215e+003;1,639149e-003
2,299697e+003;1,676235e-003
2,300179e+003;1,680492e-003
2,300661e+003;1,654116e-003
2,301143e+003;1,607953e-003
2,301625e+003;1,557605e-003
2,302108e+003;1,520363e-003
2,302590e+003;1,509490e-003
2,303072e+003;1,530404e-003
2,303554e+003;1,580118e-003
2,304036e+003;1,648162e-003
2,304518e+003;1,720509e-003
2,305000e+003;1,784184e-003
2,305482e+003;1,830998e-003
2,305965e+003;1,858483e-003
2,306447e+003;1,868033e-003
2,306929e+003;1,862643e-003
2,307411e+003;1,843875e-003
2,307893e+003;1,811433e-003
2,308375e+003;1,763989e-003
2,308857e+003;1,702712e-003
2,309339e+003;1,632298e-003
2,309822e+003;1,562759e-003
2,310303e+003;1,506764e-003
2,310786e+003;1,474513e-003
2,311268e+003;1,470756e-003
2,311750e+003;1,491735e-003
2,312232e+003;1,526813e-003
2,312714e+003;1,561894e-003
2,313196e+003;1,585405e-003
2,313678e+003;1,592588e-003
2,314160e+003;1,586170e-003
2,314643e+003;1,573932e-003
2,315125e+003;1,564156e-003
2,315607e+003;1,562426e-003
2,316089e+003;1,568678e-003
2,316571e+003;1,579087e-003
2,317053e+003;1,588897e-003
2,317535e+003;1,596280e-003
2,318017e+003;1,603264e-003
2,318500e+003;1,615269e-003
2,318982e+003;1,637320e-003
2,319464e+003;1,670148e-003
2,319946e+003;1,708733e-003
2,320428e+003;1,743330e-003
2,320910e+003;1,763157e-003
2,321392e+003;1,762459e-003
2,321874e+003;1,742531e-003
2,322356e+003;1,713556e-003
2,322839e+003;1,689473e-003
2,323321e+003;1,682222e-003
2,323803e+003;1,697190e-003
2,324285e+003;1,730988e-003
2,324767e+003;1,772772e-003
2,325249e+003;1,807806e-003
2,325731e+003;1,824410e-003
2,326213e+003;1,815725e-003
2,326696e+003;1,781722e-003
2,327178e+003;1,729923e-003
2,327660e+003;1,671345e-003
2,328142e+003;1,617830e-003
2,328624e+003;1,578422e-003
2,329106e+003;1,557904e-003
2,329588e+003;1,555377e-003
2,330070e+003;1,566450e-003
2,330552e+003;1,584075e-003
2,331035e+003;1,602366e-003
2,331517e+003;1,617165e-003
2,331999e+003;1,627641e-003
2,332481e+003;1,634759e-003
2,332963e+003;1,641277e-003
2,333445e+003;1,649692e-003
2,333927e+003;1,660402e-003
2,334409e+003;1,673108e-003
2,334892e+003;1,687145e-003
2,335374e+003;1,701914e-003
2,335856e+003;1,719577e-003
2,336338e+003;1,743662e-003
2,336820e+003;1,778628e-003
2,337302e+003;1,827205e-003
2,337784e+003;1,888632e-003
2,338266e+003;1,956825e-003
2,338749e+003;2,022166e-003
2,339230e+003;2,074965e-003
2,339713e+003;2,107060e-003
2,340195e+003;2,114985e-003
2,340677e+003;2,100967e-003
2,341159e+003;2,069405e-003
2,341641e+003;2,025162e-003
2,342123e+003;1,970039e-003
2,342605e+003;1,903641e-003
2,343087e+003;1,824742e-003
2,343570e+003;1,735046e-003
2,344052e+003;1,641244e-003
2,344534e+003;1,554146e-003
2,345016e+003;1,486283e-003
2,345498e+003;1,445922e-003
2,345980e+003;1,432757e-003
2,346462e+003;1,439572e-003
2,346944e+003;1,455164e-003
2,347427e+003;1,469792e-003
2,347909e+003;1,478503e-003
2,348391e+003;1,482060e-003
2,348873e+003;1,485817e-003
2,349355e+003;1,496922e-003
2,349837e+003;1,520762e-003
2,350319e+003;1,558270e-003
2,350801e+003;1,604062e-003
2,351283e+003;1,648262e-003
2,351766e+003;1,679428e-003
2,352248e+003;1,690704e-003
2,352730e+003;1,684650e-003
2,353212e+003;1,674538e-003
2,353694e+003;1,679827e-003
2,354176e+003;1,720043e-003
2,354658e+003;1,808405e-003
2,355140e+003;1,945941e-003
2,355623e+003;2,122110e-003
2,356105e+003;2,315338e-003
2,356587e+003;2,500188e-003
2,357069e+003;2,650078e-003
2,357551e+003;2,741064e-003
2,358033e+003;2,755735e-003
2,358515e+003;2,686317e-003
2,358997e+003;2,535814e-003
2,359479e+003;2,319336e-003
2,359962e+003;2,064278e-003
2,360444e+003;1,802516e-003
2,360926e+003;1,564654e-003
2,361408e+003;1,374917e-003
2,361890e+003;1,245570e-003
2,362372e+003;1,177788e-003
2,362854e+003;1,165561e-003
2,363336e+003;1,199351e-003
2,363819e+003;1,269330e-003
2,364301e+003;1,366508e-003
2,364783e+003;1,481063e-003
2,365265e+003;1,599871e-003
2,365747e+003;1,706305e-003
2,366229e+003;1,783851e-003
2,366711e+003;1,819485e-003
2,367193e+003;1,809903e-003
2,367676e+003;1,763357e-003
2,368157e+003;1,698022e-003
2,368640e+003;1,634326e-003
2,369122e+003;1,588465e-003
2,369604e+003;1,567381e-003
2,370086e+003;1,566716e-003
2,370568e+003;1,575595e-003
2,371050e+003;1,581182e-003
2,371532e+003;1,576559e-003
2,372014e+003;1,561462e-003
2,372497e+003;1,542109e-003
2,372979e+003;1,525816e-003
2,373461e+003;1,517936e-003
2,373943e+003;1,518601e-003
2,374425e+003;1,523023e-003
2,374907e+003;1,525051e-003
2,375389e+003;1,520695e-003
2,375872e+003;1,510787e-003
2,376354e+003;1,500214e-003
2,376836e+003;1,496157e-003
2,377318e+003;1,503938e-003
2,377800e+003;1,524652e-003
2,378282e+003;1,554013e-003
2,378764e+003;1,584008e-003
2,379246e+003;1,605259e-003
2,379729e+003;1,611977e-003
2,380210e+003;1,601601e-003
2,380693e+003;1,576559e-003
2,381175e+003;1,542641e-003
2,381657e+003;1,506863e-003
2,382139e+003;1,475112e-003
2,382621e+003;1,451540e-003
2,383103e+003;1,437943e-003
2,383585e+003;1,433588e-003
2,384067e+003;1,436913e-003
2,384550e+003;1,444925e-003
2,385032e+003;1,454632e-003
2,385514e+003;1,462279e-003
2,385996e+003;1,464373e-003
2,386478e+003;1,457923e-003
2,386960e+003;1,440836e-003
2,387442e+003;1,412878e-003
2,387924e+003;1,375117e-003
2,388406e+003;1,330412e-003
2,388889e+003;1,283121e-003
2,389371e+003;1,237363e-003
2,389853e+003;1,197922e-003
2,390335e+003;1,168419e-003
2,390817e+003;1,151774e-003
2,391299e+003;1,149615e-003
2,391781e+003;1,161973e-003
2,392263e+003;1,186659e-003
2,392746e+003;1,220018e-003
2,393228e+003;1,256868e-003
2,393710e+003;1,291595e-003
2,394192e+003;1,319412e-003
2,394674e+003;1,337758e-003
2,395156e+003;1,346798e-003
2,395638e+003;1,349756e-003
2,396120e+003;1,352149e-003
2,396603e+003;1,360525e-003
2,397085e+003;1,380069e-003
2,397567e+003;1,413809e-003
2,398049e+003;1,461314e-003
2,398531e+003;1,518634e-003
2,399013e+003;1,578555e-003
2,399495e+003;1,632763e-003
2,399977e+003;1,673075e-003
2,400459e+003;1,692899e-003
2,400942e+003;1,689274e-003
2,401424e+003;1,663096e-003
2,401906e+003;1,618928e-003
2,402388e+003;1,563657e-003
2,402870e+003;1,505168e-003
2,403352e+003;1,450310e-003
2,403834e+003;1,403737e-003
2,404316e+003;1,367339e-003
2,404799e+003;1,340849e-003
2,405281e+003;1,323466e-003
2,405763e+003;1,314393e-003
2,406245e+003;1,313861e-003
2,406727e+003;1,323599e-003
2,407209e+003;1,344970e-003
2,407691e+003;1,377842e-003
2,408173e+003;1,419128e-003
2,408656e+003;1,462345e-003
2,409137e+003;1,499150e-003
2,409620e+003;1,519931e-003
2,410102e+003;1,517769e-003
2,410584e+003;1,489840e-003
2,411066e+003;1,439406e-003
2,411548e+003;1,374253e-003
2,412030e+003;1,304855e-003
2,412512e+003;1,242247e-003
2,412994e+003;1,194334e-003
2,413477e+003;1,164498e-003
2,413959e+003;1,151508e-003
2,414441e+003;1,150844e-003
2,414923e+003;1,157023e-003
2,415405e+003;1,165761e-003
2,415887e+003;1,175695e-003
2,416369e+003;1,187456e-003
2,416851e+003;1,202972e-003
2,417333e+003;1,223473e-003
2,417816e+003;1,247331e-003
2,418298e+003;1,270160e-003
2,418780e+003;1,286377e-003
2,419262e+003;1,290299e-003
2,419744e+003;1,279266e-003
2,420226e+003;1,254542e-003
2,420708e+003;1,221845e-003
2,421190e+003;1,189084e-003
2,421673e+003;1,164698e-003
2,422155e+003;1,155761e-003
2,422637e+003;1,165462e-003
2,423119e+003;1,193736e-003
2,423601e+003;1,237828e-003
2,424083e+003;1,293024e-003
2,424565e+003;1,353445e-003
2,425047e+003;1,413244e-003
2,425530e+003;1,465869e-003
2,426012e+003;1,505134e-003
2,426494e+003;1,526381e-003
2,426976e+003;1,526913e-003
2,427458e+003;1,507961e-003
2,427940e+003;1,474413e-003
2,428422e+003;1,434220e-003
2,428904e+003;1,396291e-003
2,429386e+003;1,367272e-003
2,429869e+003;1,350820e-003
2,430351e+003;1,345402e-003
2,430833e+003;1,347629e-003
2,431315e+003;1,352482e-003
2,431797e+003;1,356869e-003
2,432279e+003;1,360924e-003
2,432761e+003;1,367439e-003
2,433243e+003;1,380169e-003
2,433726e+003;1,402008e-003
2,434208e+003;1,433156e-003
2,434690e+003;1,471055e-003
2,435172e+003;1,511252e-003
2,435654e+003;1,549291e-003
2,436136e+003;1,582146e-003
2,436618e+003;1,608152e-003
2,437100e+003;1,626544e-003
2,437583e+003;1,635690e-003
2,438064e+003;1,632929e-003
2,438547e+003;1,615303e-003
2,439029e+003;1,580716e-003
2,439511e+003;1,530704e-003
2,439993e+003;1,471089e-003
2,440475e+003;1,411249e-003
2,440957e+003;1,362287e-003
2,441439e+003;1,331742e-003
2,441921e+003;1,321638e-003
2,442404e+003;1,327255e-003
2,442886e+003;1,338489e-003
2,443368e+003;1,343375e-003
2,443850e+003;1,333138e-003
2,444332e+003;1,305619e-003
2,444814e+003;1,266439e-003
2,445296e+003;1,226298e-003
2,445778e+003;1,198188e-003
2,446260e+003;1,192340e-003
2,446743e+003;1,212774e-003
2,447225e+003;1,256602e-003
2,447707e+003;1,314925e-003
2,448189e+003;1,377277e-003
2,448671e+003;1,433389e-003
2,449153e+003;1,477372e-003
2,449635e+003;1,508127e-003
2,450117e+003;1,528343e-003
2,450600e+003;1,542641e-003
2,451082e+003;1,554080e-003
2,451564e+003;1,562692e-003
2,452046e+003;1,565020e-003
2,452528e+003;1,555111e-003
2,453010e+003;1,526913e-003
2,453492e+003;1,478702e-003
2,453974e+003;1,414341e-003
2,454457e+003;1,344638e-003
2,454939e+003;1,284350e-003
2,455421e+003;1,249624e-003
2,455903e+003;1,251452e-003
2,456385e+003;1,292592e-003
2,456867e+003;1,364480e-003
2,457349e+003;1,450310e-003
2,457831e+003;1,528875e-003
2,458313e+003;1,580450e-003
2,458796e+003;1,593519e-003
2,459278e+003;1,567348e-003
2,459760e+003;1,512183e-003
2,460242e+003;1,443694e-003
2,460724e+003;1,380069e-003
2,461206e+003;1,335498e-003
2,461688e+003;1,315290e-003
2,462170e+003;1,318315e-003
2,462653e+003;1,337193e-003
2,463135e+003;1,362686e-003
2,463617e+003;1,386784e-003
2,464099e+003;1,404967e-003
2,464581e+003;1,416934e-003
2,465063e+003;1,425610e-003
2,465545e+003;1,434752e-003
2,466027e+003;1,448050e-003
2,466510e+003;1,467099e-003
2,466992e+003;1,491004e-003
2,467474e+003;1,515907e-003
2,467956e+003;1,535924e-003
2,468438e+003;1,544470e-003
2,468920e+003;1,535193e-003
2,469402e+003;1,505334e-003
2,469884e+003;1,456195e-003
2,470366e+003;1,394961e-003
2,470849e+003;1,332872e-003
2,471331e+003;1,282954e-003
2,471813e+003;1,256868e-003
2,472295e+003;1,260025e-003
2,472777e+003;1,291030e-003
2,473259e+003;1,340948e-003
2,473741e+003;1,397388e-003
2,474223e+003;1,447185e-003
2,474706e+003;1,481695e-003
2,475188e+003;1,498418e-003
2,475670e+003;1,501278e-003
2,476152e+003;1,498086e-003
2,476634e+003;1,496324e-003
2,477116e+003;1,501776e-003
2,477598e+003;1,515708e-003
2,478080e+003;1,535858e-003
2,478563e+003;1,558137e-003
2,479044e+003;1,579519e-003
2,479527e+003;1,598674e-003
2,480009e+003;1,616034e-003
2,480491e+003;1,632697e-003
2,480973e+003;1,648395e-003
2,481455e+003;1,660269e-003
2,481937e+003;1,663263e-003
2,482419e+003;1,650557e-003
2,482901e+003;1,616134e-003
2,483384e+003;1,557605e-003
2,483866e+003;1,476840e-003
2,484348e+003;1,380036e-003
2,484830e+003;1,277571e-003
2,485312e+003;1,181741e-003
2,485794e+003;1,103771e-003
2,486276e+003;1,053149e-003
2,486758e+003;1,035579e-003
2,487240e+003;1,051488e-003
2,487723e+003;1,097360e-003
2,488205e+003;1,165329e-003
2,488687e+003;1,245437e-003
2,489169e+003;1,326258e-003
2,489651e+003;1,398352e-003
2,490133e+003;1,455097e-003
2,490615e+003;1,493896e-003
2,491097e+003;1,516838e-003
2,491580e+003;1,529739e-003
2,492062e+003;1,540180e-003
2,492544e+003;1,554811e-003
2,493026e+003;1,577989e-003
2,493508e+003;1,609815e-003
2,493990e+003;1,646998e-003
2,494472e+003;1,683453e-003
2,494954e+003;1,713024e-003
2,495437e+003;1,731520e-003
2,495919e+003;1,737807e-003
2,496401e+003;1,734281e-003
2,496883e+003;1,725299e-003
2,497365e+003;1,715552e-003
2,497847e+003;1,707369e-003
2,498329e+003;1,700683e-003
2,498811e+003;1,692301e-003
2,499293e+003;1,678330e-003
2,499776e+003;1,655912e-003
2,500258e+003;1,625845e-003
2,500740e+003;1,592089e-003
2,501222e+003;1,561861e-003
2,501704e+003;1,543173e-003
2,502186e+003;1,540912e-003
2,502668e+003;1,556541e-003
2,503150e+003;1,586103e-003
2,503633e+003;1,621688e-003
2,504115e+003;1,653018e-003
2,504597e+003;1,671312e-003
2,505079e+003;1,669682e-003
2,505561e+003;1,645635e-003
2,506043e+003;1,600869e-003
2,506525e+003;1,540513e-003
2,507007e+003;1,472984e-003
2,507490e+003;1,408291e-003
2,507971e+003;1,357367e-003
2,508454e+003;1,330379e-003
2,508936e+003;1,334235e-003
2,509418e+003;1,371062e-003
2,509900e+003;1,436447e-003
2,510382e+003;1,519797e-003
2,510864e+003;1,605658e-003
2,511346e+003;1,679261e-003
2,511828e+003;1,728592e-003
2,512311e+003;1,748686e-003
2,512793e+003;1,742265e-003
2,513275e+003;1,718347e-003
2,513757e+003;1,687976e-003
2,514239e+003;1,659770e-003
2,514721e+003;1,638417e-003
2,515203e+003;1,622253e-003
2,515685e+003;1,606689e-003
2,516167e+003;1,586868e-003
2,516650e+003;1,561030e-003
2,517132e+003;1,531635e-003
2,517614e+003;1,505068e-003
2,518096e+003;1,487546e-003
2,518578e+003;1,483191e-003
2,519060e+003;1,490705e-003
2,519542e+003;1,504469e-003
2,520024e+003;1,515176e-003
2,520507e+003;1,513946e-003
2,520989e+003;1,495792e-003
2,521471e+003;1,460284e-003
2,521953e+003;1,412745e-003
2,522435e+003;1,361555e-003
2,522917e+003;1,316985e-003
2,523399e+003;1,287673e-003
2,523881e+003;1,279964e-003
2,524364e+003;1,297411e-003
2,524846e+003;1,339918e-003
2,525328e+003;1,404667e-003
2,525810e+003;1,485385e-003
2,526292e+003;1,574464e-003
2,526774e+003;1,661999e-003
2,527256e+003;1,738539e-003
2,527738e+003;1,796561e-003
2,528220e+003;1,831763e-003
2,528703e+003;1,844441e-003
2,529185e+003;1,838984e-003
2,529667e+003;1,822580e-003
2,530149e+003;1,802915e-003
2,530631e+003;1,786912e-003
2,531113e+003;1,778694e-003
2,531595e+003;1,779925e-003
2,532077e+003;1,790272e-003
2,532560e+003;1,807773e-003
2,533042e+003;1,830732e-003
2,533524e+003;1,857052e-003
2,534006e+003;1,884606e-003
2,534488e+003;1,912028e-003
2,534970e+003;1,937521e-003
2,535452e+003;1,959754e-003
2,535934e+003;1,978360e-003
2,536417e+003;1,993705e-003
2,536898e+003;2,006587e-003
2,537381e+003;2,017739e-003
2,537863e+003;2,027592e-003
2,538345e+003;2,035482e-003
2,538827e+003;2,040575e-003
2,539309e+003;2,042240e-003
2,539791e+003;2,040608e-003
2,540273e+003;2,037080e-003
2,540755e+003;2,033651e-003
2,541238e+003;2,030954e-003
2,541720e+003;2,027492e-003
2,542202e+003;2,019470e-003
2,542684e+003;2,000129e-003
2,543166e+003;1,962716e-003
2,543648e+003;1,902609e-003
2,544130e+003;1,819751e-003
2,544612e+003;1,720309e-003
2,545094e+003;1,615037e-003
2,545577e+003;1,518235e-003
2,546059e+003;1,443927e-003
2,546541e+003;1,402241e-003
2,547023e+003;1,398152e-003
2,547505e+003;1,430297e-003
2,547987e+003;1,492500e-003
2,548469e+003;1,575063e-003
2,548951e+003;1,668019e-003
2,549434e+003;1,762459e-003
2,549916e+003;1,851462e-003
2,550398e+003;1,931331e-003
2,550880e+003;2,000163e-003
2,551362e+003;2,058153e-003
2,551844e+003;2,106128e-003
2,552326e+003;2,145651e-003
2,552808e+003;2,177918e-003
2,553291e+003;2,203227e-003
2,553773e+003;2,220379e-003
2,554255e+003;2,227173e-003
2,554737e+003;2,220279e-003
2,555219e+003;2,196434e-003
2,555701e+003;2,154608e-003
2,556183e+003;2,096506e-003
2,556665e+003;2,027958e-003
2,557147e+003;1,958023e-003
2,557630e+003;1,898183e-003
2,558112e+003;1,859548e-003
2,558594e+003;1,849931e-003
2,559076e+003;1,871661e-003
2,559558e+003;1,920614e-003
2,560040e+003;1,987447e-003
2,560522e+003;2,058519e-003
2,561004e+003;2,120678e-003
2,561487e+003;2,164265e-003
2,561969e+003;2,185211e-003
2,562451e+003;2,185311e-003
2,562933e+003;2,172357e-003
2,563415e+003;2,156706e-003
2,563897e+003;2,147449e-003
2,564379e+003;2,151045e-003
2,564861e+003;2,169560e-003
2,565344e+003;2,200363e-003
2,565825e+003;2,239162e-003
2,566308e+003;2,281096e-003
2,566790e+003;2,323166e-003
2,567272e+003;2,364209e-003
2,567754e+003;2,404455e-003
2,568236e+003;2,444405e-003
2,568718e+003;2,483226e-003
2,569200e+003;2,518784e-003
2,569682e+003;2,547546e-003
2,570165e+003;2,566711e-003
2,570647e+003;2,575676e-003
2,571129e+003;2,576476e-003
2,571611e+003;2,573543e-003
2,572093e+003;2,572343e-003
2,572575e+003;2,576643e-003
2,573057e+003;2,588009e-003
2,573539e+003;2,604342e-003
2,574021e+003;2,621309e-003
2,574504e+003;2,634277e-003
2,574986e+003;2,640544e-003
2,575468e+003;2,640244e-003
2,575950e+003;2,636443e-003
2,576432e+003;2,634010e-003
2,576914e+003;2,637410e-003
2,577396e+003;2,649011e-003
2,577878e+003;2,668680e-003
2,578361e+003;2,694018e-003
2,578843e+003;2,722125e-003
2,579325e+003;2,750700e-003
2,579807e+003;2,779678e-003
2,580289e+003;2,810424e-003
2,580771e+003;2,845409e-003
2,581253e+003;2,886400e-003
2,581735e+003;2,933434e-003
2,582218e+003;2,983775e-003
2,582700e+003;3,033387e-003
2,583182e+003;3,076699e-003
2,583664e+003;3,108368e-003
2,584146e+003;3,125288e-003
2,584628e+003;3,126156e-003
2,585110e+003;3,112439e-003
2,585592e+003;3,088212e-003
2,586074e+003;3,059014e-003
2,586557e+003;3,031385e-003
2,587039e+003;3,011233e-003
2,587521e+003;3,003025e-003
2,588003e+003;3,007896e-003
2,588485e+003;3,024112e-003
2,588967e+003;3,046267e-003
2,589449e+003;3,068090e-003
2,589931e+003;3,083106e-003
2,590414e+003;3,087244e-003
2,590896e+003;3,080336e-003
2,591378e+003;3,066288e-003
2,591860e+003;3,051906e-003
2,592342e+003;3,044565e-003
2,592824e+003;3,051072e-003
2,593306e+003;3,074897e-003
2,593788e+003;3,116010e-003
2,594271e+003;3,171212e-003
2,594752e+003;3,235667e-003
2,595235e+003;3,303638e-003
2,595717e+003;3,369616e-003
2,596199e+003;3,428958e-003
2,596681e+003;3,477553e-003
2,597163e+003;3,511789e-003
2,597645e+003;3,529026e-003
2,598127e+003;3,527656e-003
2,598609e+003;3,507815e-003
2,599092e+003;3,472342e-003
2,599574e+003;3,426386e-003
2,600056e+003;3,376061e-003
2,600538e+003;3,328078e-003
2,601020e+003;3,288314e-003
2,601502e+003;3,260003e-003
2,601984e+003;3,244480e-003
2,602466e+003;3,240308e-003
2,602948e+003;3,244647e-003
2,603431e+003;3,253594e-003
2,603913e+003;3,262741e-003
2,604395e+003;3,268516e-003
2,604877e+003;3,267849e-003
2,605359e+003;3,258868e-003
2,605841e+003;3,241843e-003
2,606323e+003;3,218543e-003
2,606805e+003;3,192774e-003
2,607288e+003;3,169877e-003
2,607770e+003;3,155024e-003
2,608252e+003;3,152855e-003
2,608734e+003;3,166039e-003
2,609216e+003;3,194543e-003
2,609698e+003;3,236202e-003
2,610180e+003;3,286344e-003
2,610662e+003;3,339163e-003
2,611145e+003;3,390119e-003
2,611627e+003;3,434936e-003
2,612109e+003;3,471908e-003
2,612591e+003;3,501568e-003
2,613073e+003;3,525919e-003
2,613555e+003;3,547833e-003
2,614037e+003;3,569647e-003
2,614519e+003;3,592031e-003
2,615001e+003;3,613547e-003
2,615484e+003;3,630320e-003
2,615966e+003;3,638071e-003
2,616448e+003;3,633460e-003
2,616930e+003;3,615752e-003
2,617412e+003;3,588122e-003
2,617894e+003;3,556852e-003
2,618376e+003;3,531097e-003
2,618858e+003;3,518437e-003
2,619341e+003;3,523915e-003
2,619823e+003;3,547699e-003
2,620305e+003;3,585617e-003
2,620787e+003;3,630253e-003
2,621269e+003;3,673791e-003
2,621751e+003;3,710283e-003
2,622233e+003;3,736884e-003
2,622715e+003;3,753862e-003
2,623198e+003;3,763153e-003
2,623679e+003;3,766395e-003
2,624162e+003;3,763521e-003
2,624644e+003;3,752960e-003
2,625126e+003;3,732139e-003
2,625608e+003;3,699655e-003
2,626090e+003;3,656482e-003
2,626572e+003;3,607433e-003
2,627054e+003;3,558556e-003
2,627536e+003;3,517769e-003
2,628019e+003;3,490913e-003
2,628501e+003;3,480926e-003
2,628983e+003;3,486871e-003
2,629465e+003;3,505176e-003
2,629947e+003;3,530963e-003
2,630429e+003;3,559826e-003
2,630911e+003;3,589091e-003
2,631393e+003;3,618626e-003
2,631875e+003;3,649566e-003
2,632358e+003;3,684117e-003
2,632840e+003;3,722848e-003
2,633322e+003;3,764858e-003
2,633804e+003;3,806872e-003
2,634286e+003;3,843542e-003
2,634768e+003;3,869082e-003
2,635250e+003;3,878977e-003
2,635732e+003;3,871656e-003
2,636215e+003;3,849425e-003
2,636697e+003;3,818271e-003
2,637179e+003;3,787352e-003
2,637661e+003;3,765794e-003
2,638143e+003;3,761516e-003
2,638625e+003;3,778461e-003
2,639107e+003;3,815663e-003
2,639589e+003;3,867912e-003
2,640072e+003;3,927154e-003
2,640554e+003;3,984767e-003
2,641036e+003;4,033257e-003
2,641518e+003;4,067671e-003
2,642000e+003;4,085799e-003
2,642482e+003;4,088174e-003
2,642964e+003;4,077003e-003
2,643446e+003;4,055364e-003
2,643928e+003;4,027873e-003
2,644411e+003;3,999213e-003
2,644893e+003;3,974568e-003
2,645375e+003;3,958384e-003
2,645857e+003;3,953736e-003
2,646339e+003;3,961159e-003
2,646821e+003;3,978882e-003
2,647303e+003;4,003259e-003
2,647785e+003;4,030280e-003
2,648268e+003;4,056935e-003
2,648750e+003;4,082823e-003
2,649232e+003;4,109615e-003
2,649714e+003;4,139920e-003
2,650196e+003;4,175782e-003
2,650678e+003;4,216664e-003
2,651160e+003;4,259225e-003
2,651642e+003;4,298208e-003
2,652125e+003;4,328226e-003
2,652606e+003;4,346197e-003
2,653089e+003;4,352556e-003
2,653571e+003;4,351485e-003
2,654053e+003;4,348473e-003
2,654535e+003;4,349544e-003
2,655017e+003;4,358580e-003
2,655499e+003;4,376085e-003
2,655981e+003;4,400451e-003
2,656463e+003;4,428735e-003
2,656946e+003;4,458528e-003
2,657428e+003;4,488256e-003
2,657910e+003;4,517986e-003
2,658392e+003;4,547784e-003
2,658874e+003;4,577150e-003
2,659356e+003;4,604139e-003
2,659838e+003;4,626208e-003
2,660320e+003;4,640742e-003
2,660802e+003;4,647005e-003
2,661285e+003;4,646569e-003
2,661767e+003;4,643321e-003
2,662249e+003;4,642149e-003
2,662731e+003;4,648043e-003
2,663213e+003;4,663784e-003
2,663695e+003;4,689707e-003
2,664177e+003;4,723202e-003
2,664659e+003;4,760184e-003
2,665142e+003;4,796097e-003
2,665624e+003;4,826551e-003
2,666106e+003;4,849502e-003
2,666588e+003;4,863809e-003
2,667070e+003;4,870377e-003
2,667552e+003;4,871014e-003
2,668034e+003;4,867897e-003
2,668516e+003;4,863206e-003
2,668999e+003;4,858381e-003
2,669481e+003;4,854159e-003
2,669963e+003;4,850172e-003
2,670445e+003;4,845147e-003
2,670927e+003;4,837607e-003
2,671409e+003;4,826853e-003
2,671891e+003;4,812748e-003
2,672373e+003;4,796934e-003
2,672855e+003;4,781624e-003
2,673338e+003;4,769531e-003
2,673820e+003;4,763031e-003
2,674302e+003;4,763300e-003
2,674784e+003;4,770000e-003
2,675266e+003;4,781724e-003
2,675748e+003;4,796365e-003
2,676230e+003;4,811541e-003
2,676712e+003;4,825144e-003
2,677195e+003;4,835530e-003
2,677677e+003;4,842030e-003
2,678159e+003;4,844677e-003
2,678641e+003;4,844409e-003
2,679123e+003;4,843236e-003
2,679605e+003;4,843136e-003
2,680087e+003;4,846219e-003
2,680569e+003;4,853355e-003
2,681052e+003;4,863876e-003
2,681533e+003;4,874968e-003
2,682016e+003;4,883077e-003
2,682498e+003;4,884953e-003
2,682980e+003;4,878587e-003
2,683462e+003;4,864580e-003
2,683944e+003;4,845750e-003
2,684426e+003;4,825914e-003
2,684908e+003;4,808425e-003
2,685390e+003;4,794756e-003
2,685873e+003;4,783735e-003
2,686355e+003;4,773081e-003
2,686837e+003;4,759983e-003
2,687319e+003;4,742933e-003
2,687801e+003;4,722499e-003
2,688283e+003;4,701029e-003
2,688765e+003;4,681334e-003
2,689247e+003;4,665358e-003
2,689729e+003;4,653402e-003
2,690212e+003;4,644326e-003
2,690694e+003;4,636858e-003
2,691176e+003;4,630896e-003
2,691658e+003;4,628150e-003
2,692140e+003;4,631935e-003
2,692622e+003;4,645096e-003
2,693104e+003;4,667870e-003
2,693586e+003;4,696540e-003
2,694069e+003;4,723604e-003
2,694551e+003;4,740219e-003
2,695033e+003;4,738511e-003
2,695515e+003;4,715297e-003
2,695997e+003;4,673229e-003
2,696479e+003;4,620783e-003
2,696961e+003;4,569113e-003
2,697443e+003;4,528498e-003
2,697926e+003;4,506100e-003
2,698408e+003;4,503154e-003
2,698890e+003;4,515240e-003
2,699372e+003;4,534625e-003
2,699854e+003;4,552806e-003
2,700336e+003;4,562550e-003
2,700818e+003;4,559905e-003
2,701300e+003;4,545139e-003
2,701782e+003;4,521970e-003
2,702265e+003;4,496893e-003
2,702747e+003;4,477342e-003
2,703229e+003;4,470680e-003
2,703711e+003;4,482029e-003
2,704193e+003;4,512963e-003
2,704675e+003;4,561010e-003
2,705157e+003;4,619879e-003
2,705639e+003;4,679927e-003
2,706122e+003;4,731577e-003
2,706604e+003;4,767587e-003
2,707086e+003;4,784840e-003
2,707568e+003;4,785812e-003
2,708050e+003;4,776666e-003
2,708532e+003;4,766114e-003
2,709014e+003;4,761759e-003
2,709496e+003;4,767822e-003
2,709979e+003;4,784405e-003
2,710461e+003;4,808057e-003
2,710943e+003;4,833486e-003
2,711425e+003;4,855634e-003
2,711907e+003;4,872488e-003
2,712389e+003;4,884718e-003
2,712871e+003;4,895609e-003
2,713353e+003;4,909884e-003
2,713835e+003;4,931667e-003
2,714318e+003;4,963371e-003
2,714800e+003;5,005166e-003
2,715282e+003;5,055178e-003
2,715764e+003;5,110560e-003
2,716246e+003;5,168027e-003
2,716728e+003;5,225201e-003
2,717210e+003;5,280303e-003
2,717692e+003;5,332996e-003
2,718175e+003;5,383381e-003
2,718656e+003;5,432027e-003
2,719139e+003;5,479371e-003
2,719621e+003;5,525276e-003
2,720103e+003;5,569307e-003
2,720585e+003;5,610589e-003
2,721067e+003;5,648352e-003
2,721549e+003;5,681854e-003
2,722031e+003;5,711330e-003
2,722513e+003;5,737215e-003
2,722996e+003;5,760651e-003
2,723478e+003;5,782644e-003
2,723960e+003;5,803731e-003
2,724442e+003;5,824148e-003
2,724924e+003;5,843693e-003
2,725406e+003;5,861895e-003
2,725888e+003;5,878285e-003
2,726370e+003;5,892525e-003
2,726853e+003;5,904012e-003
2,727335e+003;5,911570e-003
2,727817e+003;5,913517e-003
2,728299e+003;5,907237e-003
2,728781e+003;5,890342e-003
2,729263e+003;5,861123e-003
2,729745e+003;5,819480e-003
2,730227e+003;5,767399e-003
2,730709e+003;5,708912e-003
2,731192e+003;5,648620e-003
2,731674e+003;5,591894e-003
2,732156e+003;5,541787e-003
2,732638e+003;5,499739e-003
2,733120e+003;5,464741e-003
2,733602e+003;5,433437e-003
2,734084e+003;5,401698e-003
2,734566e+003;5,365065e-003
2,735049e+003;5,320216e-003
2,735531e+003;5,265914e-003
2,736013e+003;5,203437e-003
2,736495e+003;5,136644e-003
2,736977e+003;5,071872e-003
2,737459e+003;5,016093e-003
2,737941e+003;4,976140e-003
2,738423e+003;4,956199e-003
2,738906e+003;4,957171e-003
2,739388e+003;4,975336e-003
2,739870e+003;5,003255e-003
2,740352e+003;5,032350e-003
2,740834e+003;5,053233e-003
2,741316e+003;5,059301e-003
2,741798e+003;5,047501e-003
2,742280e+003;5,018640e-003
2,742762e+003;4,976241e-003
2,743245e+003;4,925903e-003
2,743727e+003;4,873426e-003
2,744209e+003;4,823301e-003
2,744691e+003;4,779346e-003
2,745173e+003;4,744038e-003
2,745655e+003;4,718580e-003
2,746137e+003;4,703507e-003
2,746619e+003;4,698282e-003
2,747102e+003;4,701296e-003
2,747583e+003;4,709938e-003
2,748066e+003;4,721260e-003
2,748548e+003;4,732548e-003
2,749030e+003;4,741927e-003
2,749512e+003;4,749163e-003
2,749994e+003;4,754757e-003
2,750476e+003;4,760318e-003
2,750958e+003;4,767152e-003
2,751440e+003;4,775929e-003
2,751923e+003;4,786381e-003
2,752405e+003;4,798140e-003
2,752887e+003;4,810369e-003
2,753369e+003;4,822531e-003
2,753851e+003;4,834123e-003
2,754333e+003;4,844778e-003
2,754815e+003;4,853590e-003
2,755297e+003;4,859588e-003
2,755780e+003;4,861564e-003
2,756262e+003;4,859521e-003
2,756744e+003;4,854562e-003
2,757226e+003;4,849770e-003
2,757708e+003;4,848229e-003
2,758190e+003;4,853724e-003
2,758672e+003;4,868333e-003
2,759154e+003;4,891756e-003
2,759636e+003;4,921647e-003
2,760119e+003;4,954825e-003
2,760601e+003;4,987770e-003
2,761083e+003;5,018439e-003
2,761565e+003;5,046261e-003
2,762047e+003;5,072241e-003
2,762529e+003;5,097250e-003
2,763011e+003;5,121657e-003
2,763493e+003;5,144188e-003
2,763976e+003;5,162126e-003
2,764458e+003;5,173258e-003
2,764940e+003;5,176209e-003
2,765422e+003;5,171313e-003
2,765904e+003;5,161925e-003
2,766386e+003;5,153140e-003
2,766868e+003;5,150022e-003
2,767350e+003;5,157163e-003
2,767833e+003;5,176645e-003
2,768315e+003;5,207797e-003
2,768797e+003;5,247536e-003
2,769279e+003;5,290868e-003
2,769761e+003;5,332426e-003
2,770243e+003;5,367547e-003
2,770725e+003;5,393513e-003
2,771207e+003;5,409784e-003
2,771689e+003;5,418641e-003
2,772172e+003;5,424143e-003
2,772654e+003;5,431692e-003
2,773136e+003;5,446857e-003
2,773618e+003;5,473902e-003
2,774100e+003;5,515310e-003
2,774582e+003;5,571622e-003
2,775064e+003;5,641168e-003
2,775546e+003;5,720864e-003
2,776029e+003;5,806989e-003
2,776510e+003;5,895380e-003
2,776993e+003;5,982480e-003
2,777475e+003;6,065061e-003
2,777957e+003;6,140365e-003
2,778439e+003;6,206809e-003
2,778921e+003;6,264052e-003
2,779403e+003;6,313133e-003
2,779885e+003;6,357076e-003
2,780367e+003;6,400014e-003
2,780850e+003;6,446588e-003
2,781332e+003;6,500937e-003
2,781814e+003;6,565351e-003
2,782296e+003;6,640102e-003
2,782778e+003;6,722976e-003
2,783260e+003;6,810781e-003
2,783742e+003;6,899613e-003
2,784224e+003;6,986544e-003
2,784707e+003;7,070259e-003
2,785189e+003;7,150824e-003
2,785671e+003;7,230595e-003
2,786153e+003;7,311729e-003
2,786635e+003;7,396956e-003
2,787117e+003;7,488402e-003
2,787599e+003;7,586915e-003
2,788081e+003;7,691925e-003
2,788563e+003;7,802156e-003
2,789046e+003;7,915081e-003
2,789528e+003;8,027428e-003
2,790010e+003;8,136664e-003
2,790492e+003;8,240152e-003
2,790974e+003;8,336910e-003
2,791456e+003;8,427305e-003
2,791938e+003;8,513123e-003
2,792420e+003;8,596592e-003
2,792903e+003;8,680720e-003
2,793385e+003;8,767704e-003
2,793867e+003;8,858966e-003
2,794349e+003;8,954508e-003
2,794831e+003;9,053625e-003
2,795313e+003;9,154693e-003
2,795795e+003;9,255886e-003
2,796277e+003;9,355512e-003
2,796760e+003;9,452553e-003
2,797242e+003;9,547549e-003
2,797724e+003;9,641957e-003
2,798206e+003;9,739298e-003
2,798688e+003;9,844390e-003
2,799170e+003;9,961950e-003
2,799652e+003;1,009575e-002
2,800134e+003;1,024659e-002
2,800616e+003;1,041187e-002
2,801099e+003;1,058502e-002
2,801581e+003;1,075695e-002
2,802063e+003;1,091906e-002
2,802545e+003;1,106526e-002
2,803027e+003;1,119403e-002
2,803509e+003;1,130903e-002
2,803991e+003;1,141845e-002
2,804473e+003;1,153194e-002
2,804956e+003;1,165779e-002
2,805438e+003;1,180083e-002
2,805920e+003;1,196139e-002
2,806402e+003;1,213605e-002
2,806884e+003;1,231998e-002
2,807366e+003;1,250934e-002
2,807848e+003;1,270285e-002
2,808330e+003;1,290244e-002
2,808813e+003;1,311142e-002
2,809294e+003;1,333321e-002
2,809777e+003;1,356913e-002
2,810259e+003;1,381715e-002
2,810741e+003;1,407226e-002
2,811223e+003;1,432800e-002
2,811705e+003;1,457916e-002
2,812187e+003;1,482237e-002
2,812669e+003;1,505842e-002
2,813151e+003;1,529116e-002
2,813634e+003;1,552649e-002
2,814116e+003;1,577027e-002
2,814598e+003;1,602684e-002
2,815080e+003;1,629832e-002
2,815562e+003;1,658425e-002
2,816044e+003;1,688315e-002
2,816526e+003;1,719322e-002
2,817008e+003;1,751373e-002
2,817490e+003;1,784592e-002
2,817973e+003;1,819210e-002
2,818455e+003;1,855566e-002
2,818937e+003;1,893978e-002
2,819419e+003;1,934592e-002
2,819901e+003;1,977398e-002
2,820383e+003;2,022134e-002
2,820865e+003;2,068438e-002
2,821347e+003;2,115850e-002
2,821830e+003;2,164041e-002
2,822312e+003;2,212906e-002
2,822794e+003;2,262678e-002
2,823276e+003;2,313909e-002
2,823758e+003;2,367421e-002
2,824240e+003;2,424237e-002
2,824722e+003;2,485313e-002
2,825204e+003;2,551422e-002
2,825687e+003;2,623067e-002
2,826169e+003;2,700393e-002
2,826651e+003;2,783318e-002
2,827133e+003;2,871651e-002
2,827615e+003;2,965294e-002
2,828097e+003;3,064383e-002
2,828579e+003;3,169387e-002
2,829061e+003;3,281053e-002
2,829543e+003;3,400351e-002
2,830026e+003;3,528271e-002
2,830508e+003;3,665686e-002
2,830990e+003;3,813355e-002
2,831472e+003;3,971815e-002
2,831954e+003;4,141562e-002
2,832436e+003;4,323146e-002
2,832918e+003;4,517255e-002
2,833400e+003;4,724810e-002
2,833883e+003;4,946960e-002
2,834365e+003;5,184818e-002
2,834847e+003;5,439527e-002
2,835329e+003;5,712017e-002
2,835811e+003;6,002872e-002
2,836293e+003;6,312358e-002
2,836775e+003;6,640384e-002
2,837257e+003;6,986570e-002
2,837740e+003;7,350215e-002
2,838221e+003;7,730405e-002
2,838704e+003;8,125949e-002
2,839186e+003;8,535350e-002
2,839668e+003;8,957065e-002
2,840150e+003;9,389322e-002
2,840632e+003;9,830471e-002
2,841114e+003;1,027926e-001
2,841596e+003;1,073479e-001
2,842078e+003;1,119679e-001
2,842561e+003;1,166542e-001
2,843043e+003;1,214107e-001
2,843525e+003;1,262390e-001
2,844007e+003;1,311354e-001
2,844489e+003;1,360872e-001
2,844971e+003;1,410732e-001
2,845453e+003;1,460647e-001
2,845935e+003;1,510257e-001
2,846417e+003;1,559197e-001
2,846900e+003;1,607057e-001
2,847382e+003;1,653386e-001
2,847864e+003;1,697700e-001
2,848346e+003;1,739408e-001
2,848828e+003;1,777842e-001
2,849310e+003;1,812295e-001
2,849792e+003;1,842010e-001
2,850274e+003;1,866308e-001
2,850757e+003;1,884618e-001
2,851239e+003;1,896525e-001
2,851721e+003;1,901826e-001
2,852203e+003;1,900531e-001
2,852685e+003;1,892861e-001
2,853167e+003;1,879218e-001
2,853649e+003;1,860173e-001
2,854131e+003;1,836413e-001
2,854614e+003;1,808642e-001
2,855096e+003;1,777609e-001
2,855578e+003;1,744013e-001
2,856060e+003;1,708489e-001
2,856542e+003;1,671655e-001
2,857024e+003;1,634060e-001
2,857506e+003;1,596227e-001
2,857988e+003;1,558666e-001
2,858470e+003;1,521805e-001
2,858953e+003;1,486043e-001
2,859435e+003;1,451715e-001
2,859917e+003;1,419077e-001
2,860399e+003;1,388344e-001
2,860881e+003;1,359691e-001
2,861363e+003;1,333255e-001
2,861845e+003;1,309157e-001
2,862327e+003;1,287482e-001
2,862810e+003;1,268276e-001
2,863292e+003;1,251533e-001
2,863774e+003;1,237196e-001
2,864256e+003;1,225144e-001
2,864738e+003;1,215200e-001
2,865220e+003;1,207148e-001
2,865702e+003;1,200719e-001
2,866184e+003;1,195608e-001
2,866667e+003;1,191495e-001
2,867148e+003;1,188024e-001
2,867631e+003;1,184830e-001
2,868113e+003;1,181566e-001
2,868595e+003;1,177871e-001
2,869077e+003;1,173418e-001
2,869559e+003;1,167904e-001
2,870041e+003;1,161052e-001
2,870523e+003;1,152641e-001
2,871005e+003;1,142522e-001
2,871488e+003;1,130633e-001
2,871970e+003;1,117021e-001
2,872452e+003;1,101856e-001
2,872934e+003;1,085423e-001
2,873416e+003;1,068066e-001
2,873898e+003;1,050203e-001
2,874380e+003;1,032255e-001
2,874862e+003;1,014615e-001
2,875344e+003;9,976751e-002
2,875827e+003;9,817779e-002
2,876309e+003;9,672334e-002
2,876791e+003;9,543239e-002
2,877273e+003;9,432614e-002
2,877755e+003;9,342031e-002
2,878237e+003;9,272241e-002
2,878719e+003;9,223200e-002
2,879201e+003;9,194221e-002
2,879684e+003;9,184145e-002
2,880166e+003;9,191801e-002
2,880648e+003;9,216039e-002
2,881130e+003;9,256054e-002
2,881612e+003;9,311347e-002
2,882094e+003;9,381570e-002
2,882576e+003;9,466511e-002
2,883058e+003;9,565861e-002
2,883541e+003;9,679128e-002
2,884023e+003;9,805693e-002
2,884505e+003;9,944778e-002
2,884987e+003;1,009550e-001
2,885469e+003;1,025701e-001
2,885951e+003;1,042835e-001
2,886433e+003;1,060858e-001
2,886915e+003;1,079677e-001
2,887397e+003;1,099194e-001
2,887880e+003;1,119313e-001
2,888362e+003;1,139939e-001
2,888844e+003;1,160968e-001
2,889326e+003;1,182301e-001
2,889808e+003;1,203834e-001
2,890290e+003;1,225456e-001
2,890772e+003;1,247084e-001
2,891254e+003;1,268642e-001
2,891737e+003;1,290086e-001
2,892219e+003;1,311400e-001
2,892701e+003;1,332586e-001
2,893183e+003;1,353652e-001
2,893665e+003;1,374597e-001
2,894147e+003;1,395406e-001
2,894629e+003;1,416054e-001
2,895111e+003;1,436509e-001
2,895594e+003;1,456761e-001
2,896075e+003;1,476809e-001
2,896558e+003;1,496680e-001
2,897040e+003;1,516418e-001
2,897522e+003;1,536065e-001
2,898004e+003;1,555671e-001
2,898486e+003;1,575278e-001
2,898968e+003;1,594923e-001
2,899450e+003;1,614659e-001
2,899932e+003;1,634541e-001
2,900415e+003;1,654617e-001
2,900897e+003;1,674938e-001
2,901379e+003;1,695539e-001
2,901861e+003;1,716440e-001
2,902343e+003;1,737656e-001
2,902825e+003;1,759209e-001
2,903307e+003;1,781132e-001
2,903789e+003;1,803472e-001
2,904271e+003;1,826283e-001
2,904754e+003;1,849612e-001
2,905236e+003;1,873500e-001
2,905718e+003;1,897976e-001
2,906200e+003;1,923083e-001
2,906682e+003;1,948887e-001
2,907164e+003;1,975481e-001
2,907646e+003;2,002982e-001
2,908128e+003;2,031500e-001
2,908611e+003;2,061103e-001
2,909093e+003;2,091793e-001
2,909575e+003;2,123509e-001
2,910057e+003;2,156141e-001
2,910539e+003;2,189569e-001
2,911021e+003;2,223707e-001
2,911503e+003;2,258510e-001
2,911985e+003;2,293975e-001
2,912468e+003;2,330097e-001
2,912950e+003;2,366839e-001
2,913432e+003;2,404095e-001
2,913914e+003;2,441689e-001
2,914396e+003;2,479369e-001
2,914878e+003;2,516851e-001
2,915360e+003;2,553813e-001
2,915842e+003;2,589889e-001
2,916324e+003;2,624687e-001
2,916807e+003;2,657752e-001
2,917289e+003;2,688567e-001
2,917771e+003;2,716621e-001
2,918253e+003;2,741385e-001
2,918735e+003;2,762376e-001
2,919217e+003;2,779175e-001
2,919699e+003;2,791375e-001
2,920181e+003;2,798601e-001
2,920664e+003;2,800500e-001
2,921146e+003;2,796746e-001
2,921628e+003;2,787134e-001
2,922110e+003;2,771629e-001
2,922592e+003;2,750416e-001
2,923074e+003;2,723869e-001
2,923556e+003;2,692528e-001
2,924038e+003;2,657005e-001
2,924521e+003;2,617857e-001
2,925002e+003;2,575613e-001
2,925485e+003;2,530721e-001
2,925967e+003;2,483570e-001
2,926449e+003;2,434557e-001
2,926931e+003;2,384069e-001
2,927413e+003;2,332489e-001
2,927895e+003;2,280206e-001
2,928377e+003;2,227556e-001
2,928859e+003;2,174853e-001
2,929342e+003;2,122389e-001
2,929824e+003;2,070418e-001
2,930306e+003;2,019184e-001
2,930788e+003;1,968887e-001
2,931270e+003;1,919653e-001
2,931752e+003;1,871542e-001
2,932234e+003;1,824537e-001
2,932716e+003;1,778589e-001
2,933198e+003;1,733650e-001
2,933681e+003;1,689717e-001
2,934163e+003;1,646848e-001
2,934645e+003;1,605158e-001
2,935127e+003;1,564774e-001
2,935609e+003;1,525813e-001
2,936091e+003;1,488370e-001
2,936573e+003;1,452493e-001
2,937055e+003;1,418231e-001
2,937538e+003;1,385647e-001
2,938020e+003;1,354824e-001
2,938502e+003;1,325886e-001
2,938984e+003;1,298959e-001
2,939466e+003;1,274144e-001
2,939948e+003;1,251519e-001
2,940430e+003;1,231120e-001
2,940912e+003;1,212949e-001
2,941395e+003;1,197013e-001
2,941877e+003;1,183318e-001
2,942359e+003;1,171883e-001
2,942841e+003;1,162719e-001
2,943323e+003;1,155815e-001
2,943805e+003;1,151112e-001
2,944287e+003;1,148493e-001
2,944769e+003;1,147806e-001
2,945251e+003;1,148860e-001
2,945734e+003;1,151460e-001
2,946216e+003;1,155429e-001
2,946698e+003;1,160588e-001
2,947180e+003;1,166774e-001
2,947662e+003;1,173820e-001
2,948144e+003;1,181523e-001
2,948626e+003;1,189671e-001
2,949108e+003;1,198013e-001
2,949591e+003;1,206268e-001
2,950073e+003;1,214149e-001
2,950555e+003;1,221335e-001
2,951037e+003;1,227498e-001
2,951519e+003;1,232326e-001
2,952001e+003;1,235516e-001
2,952483e+003;1,236827e-001
2,952965e+003;1,236097e-001
2,953448e+003;1,233246e-001
2,953929e+003;1,228279e-001
2,954412e+003;1,221270e-001
2,954894e+003;1,212330e-001
2,955376e+003;1,201577e-001
2,955858e+003;1,189138e-001
2,956340e+003;1,175142e-001
2,956822e+003;1,159711e-001
2,957304e+003;1,142984e-001
2,957786e+003;1,125093e-001
2,958269e+003;1,106154e-001
2,958751e+003;1,086269e-001
2,959233e+003;1,065502e-001
2,959715e+003;1,043899e-001
2,960197e+003;1,021489e-001
2,960679e+003;9,983010e-002
2,961161e+003;9,743700e-002
2,961643e+003;9,497306e-002
2,962125e+003;9,244299e-002
2,962608e+003;8,985088e-002
2,963090e+003;8,720221e-002
2,963572e+003;8,450422e-002
2,964054e+003;8,176873e-002
2,964536e+003;7,901105e-002
2,965018e+003;7,625047e-002
2,965500e+003;7,350811e-002
2,965982e+003;7,080348e-002
2,966465e+003;6,815148e-002
2,966947e+003;6,556243e-002
2,967429e+003;6,304006e-002
2,967911e+003;6,058427e-002
2,968393e+003;5,819261e-002
2,968875e+003;5,586274e-002
2,969357e+003;5,359383e-002
2,969839e+003;5,138796e-002
2,970322e+003;4,924924e-002
2,970804e+003;4,718415e-002
2,971286e+003;4,519980e-002
2,971768e+003;4,330229e-002
2,972250e+003;4,149640e-002
2,972732e+003;3,978347e-002
2,973214e+003;3,816155e-002
2,973696e+003;3,662514e-002
2,974178e+003;3,516672e-002
2,974661e+003;3,377857e-002
2,975143e+003;3,245340e-002
2,975625e+003;3,118715e-002
2,976107e+003;2,997802e-002
2,976589e+003;2,882704e-002
2,977071e+003;2,773604e-002
2,977553e+003;2,670658e-002
2,978035e+003;2,573882e-002
2,978518e+003;2,483071e-002
2,979000e+003;2,397737e-002
2,979482e+003;2,317243e-002
2,979964e+003;2,240853e-002
2,980446e+003;2,167813e-002
2,980928e+003;2,097555e-002
2,981410e+003;2,029692e-002
2,981892e+003;1,964087e-002
2,982375e+003;1,900835e-002
2,982856e+003;1,840236e-002
2,983339e+003;1,782594e-002
2,983821e+003;1,728162e-002
2,984303e+003;1,677035e-002
2,984785e+003;1,629082e-002
2,985267e+003;1,584006e-002
2,985749e+003;1,541377e-002
2,986231e+003;1,500789e-002
2,986713e+003;1,461891e-002
2,987196e+003;1,424493e-002
2,987678e+003;1,388482e-002
2,988160e+003;1,353837e-002
2,988642e+003;1,320576e-002
2,989124e+003;1,288705e-002
2,989606e+003;1,258263e-002
2,990088e+003;1,229312e-002
2,990570e+003;1,201967e-002
2,991052e+003;1,176382e-002
2,991535e+003;1,152633e-002
2,992017e+003;1,130730e-002
2,992499e+003;1,110506e-002
2,992981e+003;1,091669e-002
2,993463e+003;1,073827e-002
2,993945e+003;1,056547e-002
2,994427e+003;1,039551e-002
2,994909e+003;1,022702e-002
2,995392e+003;1,006052e-002
2,995874e+003;9,897979e-003
2,996356e+003;9,742077e-003
2,996838e+003;9,594970e-003
2,997320e+003;9,457937e-003
2,997802e+003;9,330798e-003
2,998284e+003;9,211852e-003
2,998766e+003;9,097880e-003
2,999249e+003;8,984951e-003
2,999731e+003;8,869043e-003
3,000213e+003;8,747553e-003
3,000695e+003;8,619135e-003
3,001177e+003;8,485078e-003
3,001659e+003;8,349239e-003
3,002141e+003;8,216379e-003
3,002623e+003;8,091156e-003
3,003105e+003;7,976971e-003
3,003588e+003;7,875063e-003
3,004070e+003;7,784075e-003
3,004552e+003;7,701436e-003
3,005034e+003;7,624816e-003
3,005516e+003;7,553063e-003
3,005998e+003;7,486616e-003
3,006480e+003;7,426851e-003
3,006962e+003;7,374443e-003
3,007445e+003;7,328240e-003
3,007927e+003;7,285143e-003
3,008409e+003;7,239388e-003
3,008891e+003;7,185284e-003
3,009373e+003;7,118959e-003
3,009855e+003;7,039377e-003
3,010337e+003;6,949372e-003
3,010819e+003;6,853663e-003
3,011302e+003;6,758379e-003
3,011783e+003;6,667658e-003
3,012266e+003;6,583852e-003
3,012748e+003;6,506823e-003
3,013230e+003;6,435625e-003
3,013712e+003;6,368440e-003
3,014194e+003;6,304157e-003
3,014676e+003;6,242135e-003
3,015158e+003;6,180963e-003
3,015640e+003;6,118387e-003
3,016123e+003;6,051486e-003
3,016605e+003;5,977407e-003
3,017087e+003;5,894843e-003
3,017569e+003;5,805679e-003
3,018051e+003;5,715089e-003
3,018533e+003;5,629890e-003
3,019015e+003;5,557124e-003
3,019497e+003;5,501115e-003
3,019979e+003;5,462090e-003
3,020462e+003;5,435718e-003
3,020944e+003;5,414850e-003
3,021426e+003;5,392205e-003
3,021908e+003;5,362582e-003
3,022390e+003;5,324510e-003
3,022872e+003;5,280101e-003
3,023354e+003;5,234222e-003
3,023836e+003;5,191466e-003
3,024319e+003;5,155185e-003
3,024801e+003;5,125848e-003
3,025283e+003;5,101172e-003
3,025765e+003;5,077236e-003
3,026247e+003;5,049848e-003
3,026729e+003;5,015255e-003
3,027211e+003;4,971683e-003
3,027693e+003;4,918664e-003
3,028176e+003;4,857443e-003
3,028658e+003;4,790469e-003
3,029140e+003;4,721427e-003
3,029622e+003;4,653971e-003
3,030104e+003;4,592218e-003
3,030586e+003;4,539514e-003
3,031068e+003;4,497931e-003
3,031550e+003;4,467734e-003
3,032032e+003;4,447347e-003
3,032515e+003;4,433857e-003
3,032997e+003;4,423346e-003
3,033479e+003;4,412468e-003
3,033961e+003;4,398677e-003
3,034443e+003;4,380536e-003
3,034925e+003;4,358647e-003
3,035407e+003;4,334484e-003
3,035889e+003;4,310389e-003
3,036372e+003;4,288102e-003
3,036854e+003;4,268995e-003
3,037336e+003;4,252532e-003
3,037818e+003;4,236605e-003
3,038300e+003;4,218103e-003
3,038782e+003;4,193178e-003
3,039264e+003;4,159590e-003
3,039746e+003;4,117007e-003
3,040229e+003;4,067805e-003
3,040711e+003;4,016904e-003
3,041193e+003;3,969753e-003
3,041675e+003;3,930799e-003
3,042157e+003;3,902146e-003
3,042639e+003;3,882321e-003
3,043121e+003;3,867277e-003
3,043603e+003;3,851832e-003
3,044085e+003;3,832143e-003
3,044568e+003;3,806705e-003
3,045050e+003;3,776924e-003
3,045532e+003;3,746142e-003
3,046014e+003;3,717601e-003
3,046496e+003;3,692738e-003
3,046978e+003;3,670917e-003
3,047460e+003;3,649131e-003
3,047942e+003;3,624539e-003
3,048425e+003;3,595272e-003
3,048906e+003;3,562365e-003
3,049389e+003;3,528792e-003
3,049871e+003;3,498629e-003
3,050353e+003;3,474781e-003
3,050835e+003;3,457513e-003
3,051317e+003;3,444721e-003
3,051799e+003;3,432598e-003
3,052281e+003;3,417770e-003
3,052763e+003;3,398802e-003
3,053246e+003;3,377196e-003
3,053728e+003;3,356226e-003
3,054210e+003;3,339330e-003
3,054692e+003;3,328312e-003
3,055174e+003;3,321935e-003
3,055656e+003;3,316092e-003
3,056138e+003;3,305641e-003
3,056620e+003;3,286611e-003
3,057103e+003;3,257533e-003
3,057585e+003;3,221013e-003
3,058067e+003;3,181626e-003
3,058549e+003;3,145579e-003
3,059031e+003;3,116744e-003
3,059513e+003;3,096988e-003
3,059995e+003;3,084741e-003
3,060477e+003;3,076465e-003
3,060959e+003;3,067990e-003
3,061442e+003;3,056644e-003
3,061924e+003;3,041095e-003
3,062406e+003;3,022510e-003
3,062888e+003;3,003125e-003
3,063370e+003;2,985509e-003
3,063852e+003;2,972164e-003
3,064334e+003;2,963557e-003
3,064816e+003;2,959687e-003
3,065299e+003;2,958620e-003
3,065781e+003;2,958220e-003
3,066263e+003;2,955584e-003
3,066745e+003;2,948045e-003
3,067227e+003;2,933667e-003
3,067709e+003;2,911651e-003
3,068191e+003;2,883465e-003
3,068673e+003;2,851646e-003
3,069156e+003;2,821130e-003
3,069638e+003;2,796418e-003
3,070120e+003;2,781812e-003
3,070602e+003;2,778677e-003
3,071084e+003;2,785613e-003
3,071566e+003;2,797685e-003
3,072048e+003;2,808223e-003
3,072530e+003;2,810624e-003
3,073012e+003;2,799953e-003
3,073495e+003;2,774976e-003
3,073977e+003;2,738463e-003
3,074459e+003;2,696885e-003
3,074941e+003;2,657512e-003
3,075423e+003;2,627709e-003
3,075905e+003;2,611909e-003
3,076387e+003;2,610309e-003
3,076869e+003;2,619709e-003
3,077352e+003;2,633476e-003
3,077833e+003;2,644844e-003
3,078316e+003;2,647344e-003
3,078798e+003;2,637343e-003
3,079280e+003;2,614376e-003
3,079762e+003;2,581043e-003
3,080244e+003;2,542013e-003
3,080726e+003;2,502054e-003
3,081208e+003;2,466031e-003
3,081690e+003;2,437374e-003
3,082173e+003;2,417083e-003
3,082655e+003;2,405155e-003
3,083137e+003;2,399890e-003
3,083619e+003;2,399124e-003
3,084101e+003;2,400157e-003
3,084583e+003;2,400423e-003
3,085065e+003;2,398158e-003
3,085547e+003;2,391894e-003
3,086030e+003;2,381833e-003
3,086512e+003;2,368340e-003
3,086994e+003;2,353148e-003
3,087476e+003;2,338324e-003
3,087958e+003;2,325365e-003
3,088440e+003;2,315372e-003
3,088922e+003;2,308143e-003
3,089404e+003;2,302580e-003
3,089886e+003;2,297118e-003
3,090369e+003;2,289656e-003
3,090851e+003;2,279530e-003
3,091333e+003;2,266907e-003
3,091815e+003;2,253750e-003
3,092297e+003;2,243292e-003
3,092779e+003;2,238763e-003
3,093261e+003;2,242593e-003
3,093743e+003;2,255449e-003
3,094226e+003;2,274867e-003
3,094708e+003;2,295918e-003
3,095190e+003;2,312374e-003
3,095672e+003;2,318403e-003
3,096154e+003;2,310442e-003
3,096636e+003;2,288857e-003
3,097118e+003;2,258080e-003
3,097600e+003;2,225607e-003
3,098083e+003;2,199098e-003
3,098565e+003;2,184345e-003
3,099047e+003;2,182880e-003
3,099529e+003;2,192205e-003
3,100011e+003;2,205026e-003
3,100493e+003;2,213452e-003
3,100975e+003;2,210654e-003
3,101457e+003;2,193770e-003
3,101939e+003;2,164132e-003
3,102422e+003;2,126505e-003
3,102904e+003;2,087283e-003
3,103386e+003;2,051028e-003
3,103868e+003;2,020735e-003
3,104350e+003;1,995769e-003
3,104832e+003;1,974133e-003
3,105314e+003;1,954262e-003
3,105796e+003;1,935890e-003
3,106279e+003;1,920914e-003
3,106760e+003;1,912693e-003
3,107243e+003;1,914224e-003
3,107725e+003;1,926904e-003
3,108207e+003;1,949170e-003
3,108689e+003;1,977328e-003
3,109171e+003;2,006021e-003
3,109653e+003;2,030255e-003
3,110135e+003;2,046634e-003
3,110617e+003;2,053658e-003
3,111100e+003;2,051594e-003
3,111582e+003;2,042173e-003
3,112064e+003;2,027692e-003
3,112546e+003;2,010748e-003
3,113028e+003;1,994204e-003
3,113510e+003;1,981323e-003
3,113992e+003;1,974599e-003
3,114474e+003;1,976063e-003
3,114957e+003;1,985683e-003
3,115439e+003;2,001328e-003
3,115921e+003;2,018338e-003
3,116403e+003;2,031753e-003
3,116885e+003;2,036880e-003
3,117367e+003;2,031753e-003
3,117849e+003;2,017639e-003
3,118331e+003;1,998099e-003
3,118813e+003;1,978061e-003
3,119296e+003;1,961884e-003
3,119778e+003;1,951067e-003
3,120260e+003;1,944743e-003
3,120742e+003;1,939951e-003
3,121224e+003;1,933394e-003
3,121706e+003;1,922877e-003
3,122188e+003;1,908267e-003
3,122670e+003;1,891594e-003
3,123153e+003;1,875554e-003
3,123635e+003;1,862310e-003
3,124117e+003;1,852893e-003
3,124599e+003;1,846437e-003
3,125081e+003;1,841945e-003
3,125563e+003;1,838784e-003
3,126045e+003;1,837686e-003
3,126527e+003;1,840647e-003
3,127010e+003;1,850164e-003
3,127492e+003;1,867667e-003
3,127974e+003;1,892692e-003
3,128456e+003;1,922145e-003
3,128938e+003;1,951167e-003
3,129420e+003;1,974732e-003
3,129902e+003;1,988945e-003
3,130384e+003;1,992373e-003
3,130866e+003;1,986549e-003
3,131349e+003;1,974832e-003
3,131831e+003;1,961884e-003
3,132313e+003;1,951433e-003
3,132795e+003;1,946041e-003
3,133277e+003;1,946141e-003
3,133759e+003;1,950668e-003
3,134241e+003;1,957324e-003
3,134723e+003;1,964414e-003
3,135206e+003;1,970072e-003
3,135688e+003;1,973101e-003
3,136170e+003;1,973168e-003
3,136652e+003;1,969939e-003
3,137134e+003;1,964014e-003
3,137616e+003;1,955960e-003
3,138098e+003;1,946940e-003
3,138580e+003;1,938253e-003
3,139063e+003;1,931430e-003
3,139544e+003;1,927770e-003
3,140027e+003;1,927803e-003
3,140509e+003;1,931331e-003
3,140991e+003;1,937055e-003
3,141473e+003;1,943212e-003
3,141955e+003;1,947240e-003
3,142437e+003;1,947140e-003
3,142919e+003;1,941415e-003
3,143401e+003;1,929933e-003
3,143884e+003;1,913991e-003
3,144366e+003;1,895954e-003
3,144848e+003;1,878815e-003
3,145330e+003;1,865238e-003
3,145812e+003;1,857252e-003
3,146294e+003;1,854789e-003
3,146776e+003;1,856353e-003
3,147258e+003;1,858583e-003
3,147740e+003;1,857784e-003
3,148223e+003;1,850996e-003
3,148705e+003;1,836654e-003
3,149187e+003;1,815792e-003
3,149669e+003;1,791703e-003
3,150151e+003;1,769512e-003
3,150633e+003;1,754042e-003
3,151115e+003;1,749384e-003
3,151597e+003;1,756936e-003
3,152080e+003;1,775467e-003
3,152562e+003;1,801651e-003
3,153044e+003;1,831264e-003
3,153526e+003;1,861112e-003
3,154008e+003;1,889265e-003
3,154490e+003;1,916088e-003
3,154972e+003;1,943412e-003
3,155454e+003;1,973334e-003
3,155937e+003;2,006487e-003
3,156419e+003;2,040941e-003
3,156901e+003;2,072102e-003
3,157383e+003;2,094275e-003
3,157865e+003;2,101733e-003
3,158347e+003;2,091212e-003
3,158829e+003;2,063479e-003
3,159311e+003;2,023631e-003
3,159793e+003;1,979758e-003
3,160276e+003;1,941116e-003
3,160758e+003;1,915289e-003
3,161240e+003;1,906437e-003
3,161722e+003;1,913559e-003
3,162204e+003;1,931331e-003
3,162686e+003;1,952498e-003
3,163168e+003;1,968708e-003
3,163650e+003;1,974166e-003
3,164133e+003;1,967010e-003
3,164615e+003;1,949403e-003
3,165097e+003;1,926405e-003
3,165579e+003;1,905072e-003
3,166061e+003;1,891661e-003
3,166543e+003;1,889830e-003
3,167025e+003;1,900047e-003
3,167507e+003;1,918717e-003
3,167990e+003;1,940450e-003
3,168471e+003;1,958922e-003
3,168954e+003;1,969107e-003
3,169436e+003;1,968974e-003
3,169918e+003;1,959887e-003
3,170400e+003;1,946574e-003
3,170882e+003;1,934226e-003
3,171364e+003;1,928901e-003
3,171846e+003;1,934060e-003
3,172328e+003;1,949536e-003
3,172811e+003;1,972868e-003
3,173293e+003;1,999530e-003
3,173775e+003;2,024563e-003
3,174257e+003;2,044503e-003
3,174739e+003;2,058785e-003
3,175221e+003;2,068473e-003
3,175703e+003;2,076463e-003
3,176185e+003;2,084620e-003
3,176667e+003;2,093742e-003
3,177150e+003;2,101800e-003
3,177632e+003;2,105096e-003
3,178114e+003;2,098803e-003
3,178596e+003;2,079826e-003
3,179078e+003;2,047100e-003
3,179560e+003;2,002992e-003
3,180042e+003;1,952931e-003
3,180524e+003;1,904340e-003
3,181007e+003;1,865504e-003
3,181489e+003;1,842977e-003
3,181971e+003;1,841313e-003
3,182453e+003;1,861944e-003
3,182935e+003;1,902676e-003
3,183417e+003;1,957790e-003
3,183899e+003;2,019536e-003
3,184381e+003;2,078860e-003
3,184864e+003;2,126838e-003
3,185346e+003;2,156107e-003
3,185828e+003;2,162234e-003
3,186310e+003;2,143886e-003
3,186792e+003;2,103598e-003
3,187274e+003;2,046933e-003
3,187756e+003;1,981655e-003
3,188238e+003;1,916354e-003
3,188720e+003;1,859149e-003
3,189203e+003;1,816191e-003
3,189685e+003;1,791038e-003
3,190167e+003;1,783219e-003
3,190649e+003;1,789307e-003
3,191131e+003;1,803681e-003
3,191613e+003;1,819152e-003
3,192095e+003;1,829966e-003
3,192577e+003;1,832562e-003
3,193060e+003;1,825874e-003
3,193542e+003;1,812065e-003
3,194024e+003;1,794531e-003
3,194506e+003;1,776365e-003
3,194988e+003;1,758999e-003
3,195470e+003;1,741899e-003
3,195952e+003;1,721906e-003
3,196434e+003;1,696093e-003
3,196917e+003;1,662198e-003
3,197398e+003;1,621289e-003
3,197881e+003;1,576958e-003
3,198363e+003;1,535758e-003
3,198845e+003;1,503738e-003
3,199327e+003;1,485717e-003
3,199809e+003;1,482758e-003
3,200291e+003;1,492533e-003
3,200773e+003;1,510521e-003
3,201255e+003;1,530704e-003
3,201738e+003;1,548626e-003
3,202220e+003;1,561595e-003
3,202702e+003;1,569177e-003
3,203184e+003;1,572935e-003
3,203666e+003;1,574697e-003
3,204148e+003;1,575595e-003
3,204630e+003;1,576360e-003
3,205112e+003;1,576127e-003
3,205594e+003;1,574398e-003
3,206077e+003;1,570806e-003
3,206559e+003;1,565619e-003
3,207041e+003;1,559899e-003
3,207523e+003;1,554512e-003
3,208005e+003;1,550987e-003
3,208487e+003;1,550123e-003
3,208969e+003;1,552284e-003
3,209451e+003;1,557538e-003
3,209934e+003;1,565752e-003
3,210416e+003;1,576127e-003
3,210898e+003;1,587301e-003
3,211380e+003;1,597410e-003
3,211862e+003;1,604228e-003
3,212344e+003;1,606057e-003
3,212826e+003;1,601767e-003
3,213308e+003;1,592189e-003
3,213791e+003;1,578987e-003
3,214273e+003;1,565486e-003
3,214755e+003;1,554379e-003
3,215237e+003;1,547463e-003
3,215719e+003;1,544536e-003
3,216201e+003;1,544370e-003
3,216683e+003;1,544603e-003
3,217165e+003;1,542940e-003
3,217647e+003;1,538086e-003
3,218130e+003;1,530404e-003
3,218612e+003;1,521294e-003
3,219094e+003;1,512948e-003
3,219576e+003;1,506963e-003
3,220058e+003;1,504403e-003
3,220540e+003;1,505101e-003
3,221022e+003;1,507628e-003
3,221504e+003;1,509989e-003
3,221987e+003;1,510055e-003
3,222469e+003;1,505400e-003
3,222951e+003;1,494229e-003
3,223433e+003;1,475477e-003
3,223915e+003;1,448947e-003
3,224397e+003;1,416535e-003
3,224879e+003;1,381831e-003
3,225361e+003;1,350188e-003
3,225844e+003;1,327687e-003
3,226325e+003;1,319545e-003
3,226808e+003;1,328717e-003
3,227290e+003;1,354010e-003
3,227772e+003;1,390939e-003
3,228254e+003;1,431428e-003
3,228736e+003;1,467731e-003
3,229218e+003;1,492866e-003
3,229700e+003;1,503904e-003
3,230182e+003;1,501776e-003
3,230665e+003;1,490971e-003
3,231147e+003;1,477239e-003
3,231629e+003;1,465404e-003
3,232111e+003;1,458389e-003
3,232593e+003;1,455463e-003
3,233075e+003;1,454100e-003
3,233557e+003;1,450842e-003
3,234039e+003;1,443395e-003
3,234521e+003;1,431959e-003
3,235004e+003;1,418961e-003
3,235486e+003;1,408158e-003
3,235968e+003;1,403803e-003
3,236450e+003;1,408091e-003
3,236932e+003;1,421720e-003
3,237414e+003;1,442897e-003
3,237896e+003;1,468894e-003
3,238378e+003;1,496257e-003
3,238861e+003;1,521959e-003
3,239343e+003;1,543240e-003
3,239825e+003;1,558203e-003
3,240307e+003;1,565353e-003
3,240789e+003;1,563291e-003
3,241271e+003;1,551819e-003
3,241753e+003;1,532034e-003
3,242235e+003;1,506132e-003
3,242718e+003;1,478104e-003
3,243200e+003;1,451873e-003
3,243682e+003;1,430464e-003
3,244164e+003;1,414673e-003
3,244646e+003;1,402806e-003
3,245128e+003;1,390939e-003
3,245610e+003;1,375150e-003
3,246092e+003;1,352814e-003
3,246574e+003;1,324131e-003
3,247057e+003;1,292326e-003
3,247539e+003;1,262384e-003
3,248021e+003;1,239489e-003
3,248503e+003;1,227294e-003
3,248985e+003;1,226032e-003
3,249467e+003;1,233508e-003
3,249949e+003;1,245902e-003
3,250431e+003;1,259427e-003
3,250914e+003;1,272121e-003
3,251396e+003;1,284051e-003
3,251878e+003;1,297344e-003
3,252360e+003;1,314626e-003
3,252842e+003;1,337060e-003
3,253324e+003;1,364514e-003
3,253806e+003;1,394396e-003
3,254288e+003;1,423050e-003
3,254771e+003;1,446387e-003
3,255252e+003;1,460816e-003
3,255735e+003;1,464672e-003
3,256217e+003;1,457691e-003
3,256699e+003;1,440204e-003
3,257181e+003;1,414341e-003
3,257663e+003;1,382463e-003
3,258145e+003;1,347729e-003
3,258627e+003;1,313795e-003
3,259109e+003;1,284383e-003
3,259592e+003;1,262683e-003
3,260074e+003;1,251020e-003
3,260556e+003;1,249857e-003
3,261038e+003;1,258264e-003
3,261520e+003;1,273650e-003
3,262002e+003;1,293090e-003
3,262484e+003;1,312731e-003
3,262966e+003;1,328983e-003
3,263448e+003;1,339187e-003
3,263931e+003;1,340184e-003
3,264413e+003;1,330712e-003
3,264895e+003;1,310605e-003
3,265377e+003;1,282223e-003
3,265859e+003;1,250156e-003
3,266341e+003;1,220383e-003
3,266823e+003;1,199417e-003
3,267305e+003;1,191676e-003
3,267788e+003;1,198520e-003
3,268270e+003;1,217492e-003
3,268752e+003;1,242945e-003
3,269234e+003;1,268233e-003
3,269716e+003;1,287507e-003
3,270198e+003;1,298175e-003
3,270680e+003;1,301266e-003
3,271162e+003;1,300202e-003
3,271645e+003;1,299471e-003
3,272127e+003;1,302030e-003
3,272609e+003;1,308843e-003
3,273091e+003;1,318348e-003
3,273573e+003;1,327754e-003
3,274055e+003;1,334933e-003
3,274537e+003;1,338954e-003
3,275019e+003;1,340882e-003
3,275501e+003;1,342677e-003
3,275984e+003;1,345701e-003
3,276466e+003;1,350122e-003
3,276948e+003;1,354941e-003
3,277430e+003;1,358498e-003
3,277912e+003;1,359628e-003
3,278394e+003;1,358531e-003
3,278876e+003;1,356935e-003
3,279358e+003;1,356836e-003
3,279841e+003;1,359927e-003
3,280323e+003;1,366043e-003
3,280805e+003;1,373189e-003
3,281287e+003;1,378607e-003
3,281769e+003;1,379571e-003
3,282251e+003;1,375283e-003
3,282733e+003;1,366741e-003
3,283215e+003;1,356869e-003
3,283698e+003;1,347928e-003
3,284179e+003;1,341945e-003
3,284662e+003;1,338755e-003
3,285144e+003;1,336761e-003
3,285626e+003;1,333869e-003
3,286108e+003;1,328352e-003
3,286590e+003;1,319478e-003
3,287072e+003;1,308444e-003
3,287554e+003;1,296447e-003
3,288036e+003;1,284683e-003
3,288519e+003;1,274281e-003
3,289001e+003;1,265508e-003
3,289483e+003;1,258496e-003
3,289965e+003;1,254243e-003
3,290447e+003;1,254376e-003
3,290929e+003;1,260291e-003
3,291411e+003;1,272952e-003
3,291893e+003;1,291794e-003
3,292375e+003;1,313496e-003
3,292858e+003;1,333570e-003
3,293340e+003;1,347828e-003
3,293822e+003;1,352781e-003
3,294304e+003;1,347895e-003
3,294786e+003;1,334999e-003
3,295268e+003;1,318149e-003
3,295750e+003;1,301498e-003
3,296232e+003;1,288970e-003
3,296715e+003;1,282655e-003
3,297197e+003;1,283353e-003
3,297679e+003;1,290664e-003
3,298161e+003;1,303792e-003
3,298643e+003;1,322104e-003
3,299125e+003;1,344471e-003
3,299607e+003;1,370098e-003
3,300089e+003;1,396889e-003
3,300572e+003;1,421621e-003
3,301054e+003;1,440968e-003
3,301536e+003;1,451773e-003
3,302018e+003;1,451873e-003
3,302500e+003;1,440636e-003
3,302982e+003;1,419992e-003
3,303464e+003;1,392800e-003
3,303946e+003;1,363118e-003
3,304428e+003;1,334534e-003
3,304911e+003;1,310538e-003
3,305393e+003;1,293157e-003
3,305875e+003;1,283420e-003
3,306357e+003;1,281093e-003
3,306839e+003;1,285148e-003
3,307321e+003;1,292991e-003
3,307803e+003;1,301698e-003
3,308285e+003;1,307813e-003
3,308768e+003;1,308477e-003
3,309250e+003;1,301930e-003
3,309732e+003;1,288272e-003
3,310214e+003;1,270360e-003
3,310696e+003;1,252316e-003
3,311178e+003;1,239855e-003
3,311660e+003;1,238858e-003
3,312142e+003;1,253080e-003
3,312625e+003;1,284317e-003
3,313106e+003;1,329947e-003
3,313589e+003;1,384424e-003
3,314071e+003;1,438675e-003
3,314553e+003;1,482958e-003
3,315035e+003;1,507894e-003
3,315517e+003;1,507528e-003
3,315999e+003;1,479700e-003
3,316481e+003;1,428103e-003
3,316963e+003;1,361389e-003
3,317446e+003;1,289867e-003
3,317928e+003;1,225733e-003
3,318410e+003;1,178452e-003
3,318892e+003;1,153668e-003
3,319374e+003;1,152306e-003
3,319856e+003;1,171874e-003
3,320338e+003;1,206660e-003
3,320820e+003;1,250189e-003
3,321302e+003;1,297078e-003
3,321785e+003;1,343175e-003
3,322267e+003;1,385953e-003
3,322749e+003;1,423482e-003
3,323231e+003;1,453734e-003
3,323713e+003;1,474380e-003
3,324195e+003;1,482526e-003
3,324677e+003;1,476242e-003
3,325159e+003;1,454965e-003
3,325642e+003;1,420590e-003
3,326124e+003;1,378142e-003
3,326606e+003;1,334467e-003
3,327088e+003;1,297078e-003
3,327570e+003;1,272520e-003
3,328052e+003;1,264378e-003
3,328534e+003;1,272320e-003
3,329016e+003;1,292027e-003
3,329499e+003;1,317484e-003
3,329981e+003;1,341214e-003
3,330463e+003;1,357600e-003
3,330945e+003;1,364248e-003
3,331427e+003;1,361821e-003
3,331909e+003;1,353877e-003
3,332391e+003;1,345003e-003
3,332873e+003;1,339320e-003
3,333355e+003;1,339253e-003
3,333838e+003;1,344205e-003
3,334320e+003;1,352249e-003
3,334802e+003;1,360459e-003
3,335284e+003;1,366541e-003
3,335766e+003;1,370164e-003
3,336248e+003;1,372325e-003
3,336730e+003;1,374718e-003
3,337212e+003;1,379405e-003
3,337695e+003;1,386452e-003
3,338177e+003;1,394961e-003
3,338659e+003;1,403072e-003
3,339141e+003;1,408789e-003
3,339623e+003;1,410884e-003
3,340105e+003;1,410086e-003
3,340587e+003;1,408257e-003
3,341069e+003;1,407925e-003
3,341552e+003;1,411216e-003
3,342033e+003;1,419194e-003
3,342516e+003;1,431062e-003
3,342998e+003;1,445457e-003
3,343480e+003;1,459818e-003
3,343962e+003;1,472385e-003
3,344444e+003;1,481661e-003
3,344926e+003;1,487214e-003
3,345408e+003;1,489009e-003
3,345890e+003;1,487147e-003
3,346373e+003;1,482027e-003
3,346855e+003;1,473582e-003
3,347337e+003;1,462179e-003
3,347819e+003;1,448681e-003
3,348301e+003;1,434020e-003
3,348783e+003;1,419626e-003
3,349265e+003;1,407161e-003
3,349747e+003;1,397620e-003
3,350229e+003;1,392335e-003
3,350712e+003;1,391903e-003
3,351194e+003;1,396789e-003
3,351676e+003;1,407094e-003
3,352158e+003;1,422552e-003
3,352640e+003;1,441667e-003
3,353122e+003;1,461913e-003
3,353604e+003;1,480365e-003
3,354086e+003;1,492966e-003
3,354569e+003;1,496590e-003
3,355051e+003;1,489075e-003
3,355533e+003;1,470524e-003
3,356015e+003;1,443129e-003
3,356497e+003;1,410152e-003
3,356979e+003;1,376247e-003
3,357461e+003;1,345369e-003
3,357943e+003;1,320442e-003
3,358426e+003;1,303393e-003
3,358908e+003;1,295018e-003
3,359390e+003;1,295616e-003
3,359872e+003;1,305021e-003
3,360354e+003;1,323566e-003
3,360836e+003;1,351052e-003
3,361318e+003;1,386717e-003
3,361800e+003;1,428801e-003
3,362282e+003;1,474347e-003
3,362765e+003;1,519864e-003
3,363247e+003;1,561429e-003
3,363729e+003;1,595881e-003
3,364211e+003;1,621488e-003
3,364693e+003;1,638484e-003
3,365175e+003;1,648894e-003
3,365657e+003;1,655513e-003
3,366139e+003;1,661699e-003
3,366622e+003;1,670015e-003
3,367104e+003;1,681257e-003
3,367586e+003;1,694629e-003
3,368068e+003;1,707569e-003
3,368550e+003;1,717182e-003
3,369032e+003;1,719810e-003
3,369514e+003;1,712359e-003
3,369996e+003;1,693664e-003
3,370479e+003;1,663695e-003
3,370961e+003;1,624382e-003
3,371443e+003;1,579752e-003
3,371925e+003;1,535093e-003
3,372407e+003;1,496390e-003
3,372889e+003;1,469393e-003
3,373371e+003;1,458389e-003
3,373853e+003;1,464439e-003
3,374335e+003;1,485518e-003
3,374818e+003;1,516140e-003
3,375300e+003;1,548926e-003
3,375782e+003;1,576260e-003
3,376264e+003;1,592356e-003
3,376746e+003;1,595149e-003
3,377228e+003;1,586503e-003
3,377710e+003;1,570973e-003
3,378192e+003;1,554279e-003
3,378675e+003;1,541045e-003
3,379156e+003;1,532533e-003
3,379639e+003;1,527312e-003
3,380121e+003;1,520795e-003
3,380603e+003;1,509091e-003
3,381085e+003;1,489375e-003
3,381567e+003;1,461946e-003
3,382049e+003;1,430663e-003
3,382531e+003;1,401510e-003
3,383013e+003;1,380335e-003
3,383496e+003;1,371361e-003
3,383978e+003;1,375815e-003
3,384460e+003;1,391803e-003
3,384942e+003;1,415305e-003
3,385424e+003;1,441201e-003
3,385906e+003;1,465271e-003
3,386388e+003;1,484687e-003
3,386870e+003;1,498185e-003
3,387353e+003;1,505733e-003
3,387835e+003;1,507961e-003
3,388317e+003;1,506298e-003
3,388799e+003;1,502441e-003
3,389281e+003;1,498584e-003
3,389763e+003;1,496988e-003
3,390245e+003;1,499582e-003
3,390727e+003;1,507063e-003
3,391209e+003;1,518567e-003
3,391692e+003;1,530504e-003
3,392174e+003;1,538185e-003
3,392656e+003;1,537454e-003
3,393138e+003;1,524818e-003
3,393620e+003;1,500912e-003
3,394102e+003;1,468562e-003
3,394584e+003;1,434286e-003
3,395066e+003;1,404867e-003
3,395549e+003;1,385720e-003
3,396031e+003;1,378906e-003
3,396513e+003;1,382596e-003
3,396995e+003;1,390374e-003
3,397477e+003;1,393831e-003
3,397959e+003;1,385853e-003
3,398441e+003;1,362120e-003
3,398923e+003;1,324231e-003
3,399406e+003;1,278668e-003
3,399888e+003;1,235934e-003
3,400370e+003;1,207591e-003
3,400852e+003;1,201776e-003
3,401334e+003;1,222044e-003
3,401816e+003;1,264777e-003
3,402298e+003;1,321771e-003
3,402780e+003;1,381166e-003
3,403262e+003;1,432425e-003
3,403745e+003;1,468994e-003
3,404227e+003;1,489674e-003
3,404709e+003;1,497919e-003
3,405191e+003;1,499349e-003
3,405673e+003;1,499116e-003
3,406155e+003;1,498983e-003
3,406637e+003;1,497520e-003
3,407119e+003;1,490439e-003
3,407602e+003;1,473449e-003
3,408083e+003;1,445091e-003
3,408566e+003;1,407692e-003
3,409048e+003;1,367239e-003
3,409530e+003;1,332240e-003
3,410012e+003;1,310472e-003
3,410494e+003;1,306151e-003
3,410976e+003;1,319478e-003
3,411458e+003;1,347031e-003
3,411940e+003;1,381997e-003
3,412423e+003;1,417898e-003
3,412905e+003;1,449080e-003
3,413387e+003;1,472552e-003
3,413869e+003;1,487214e-003
3,414351e+003;1,492999e-003
3,414833e+003;1,490572e-003
3,415315e+003;1,480730e-003
3,415797e+003;1,464074e-003
3,416280e+003;1,442099e-003
3,416762e+003;1,416136e-003
3,417244e+003;1,388579e-003
3,417726e+003;1,362253e-003
3,418208e+003;1,339652e-003
3,418690e+003;1,322702e-003
3,419172e+003;1,312731e-003
3,419654e+003;1,310139e-003
3,420136e+003;1,314493e-003
3,420619e+003;1,324231e-003
3,421101e+003;1,337492e-003
3,421583e+003;1,351318e-003
3,422065e+003;1,362885e-003
3,422547e+003;1,369998e-003
3,423029e+003;1,371560e-003
3,423511e+003;1,368270e-003
3,423993e+003;1,362253e-003
3,424476e+003;1,356969e-003
3,424958e+003;1,355307e-003
3,425440e+003;1,358498e-003
3,425922e+003;1,366209e-003
3,426404e+003;1,376247e-003
3,426886e+003;1,385521e-003
3,427368e+003;1,392036e-003
3,427850e+003;1,395393e-003
3,428333e+003;1,397454e-003
3,428815e+003;1,400878e-003
3,429297e+003;1,407859e-003
3,429779e+003;1,418729e-003
3,430261e+003;1,431128e-003
3,430743e+003;1,440968e-003
3,431225e+003;1,443329e-003
3,431707e+003;1,435616e-003
3,432189e+003;1,417499e-003
3,432672e+003;1,392069e-003
3,433154e+003;1,363982e-003
3,433636e+003;1,338489e-003
3,434118e+003;1,319412e-003
3,434600e+003;1,307879e-003
3,435082e+003;1,303360e-003
3,435564e+003;1,303692e-003
3,436046e+003;1,307414e-003
3,436529e+003;1,313130e-003
3,437010e+003;1,320741e-003
3,437493e+003;1,330579e-003
3,437975e+003;1,342278e-003
3,438457e+003;1,354476e-003
3,438939e+003;1,365478e-003
3,439421e+003;1,373089e-003
3,439903e+003;1,375981e-003
3,440385e+003;1,374552e-003
3,440867e+003;1,370330e-003
3,441350e+003;1,366009e-003
3,441832e+003;1,364347e-003
3,442314e+003;1,367439e-003
3,442796e+003;1,375881e-003
3,443278e+003;1,389011e-003
3,443760e+003;1,405332e-003
3,444242e+003;1,422917e-003
3,444724e+003;1,439605e-003
3,445207e+003;1,453535e-003
3,445689e+003;1,462611e-003
3,446171e+003;1,465437e-003
3,446653e+003;1,461381e-003
3,447135e+003;1,451075e-003
3,447617e+003;1,436680e-003
3,448099e+003;1,421720e-003
3,448581e+003;1,409787e-003
3,449063e+003;1,403637e-003
3,449546e+003;1,404867e-003
3,450028e+003;1,412945e-003
3,450510e+003;1,426341e-003
3,450992e+003;1,441999e-003
3,451474e+003;1,457425e-003
3,451956e+003;1,470391e-003
3,452438e+003;1,479766e-003
3,452920e+003;1,485352e-003
3,453403e+003;1,487313e-003
3,453885e+003;1,486150e-003
3,454367e+003;1,482326e-003
3,454849e+003;1,476441e-003
3,455331e+003;1,470291e-003
3,455813e+003;1,465670e-003
3,456295e+003;1,464938e-003
3,456777e+003;1,469626e-003
3,457260e+003;1,479633e-003
3,457742e+003;1,492101e-003
3,458224e+003;1,502042e-003
3,458706e+003;1,504203e-003
3,459188e+003;1,493896e-003
3,459670e+003;1,469327e-003
3,460152e+003;1,433356e-003
3,460634e+003;1,392767e-003
3,461116e+003;1,356603e-003
3,461599e+003;1,333636e-003
3,462081e+003;1,329814e-003
3,462563e+003;1,345734e-003
3,463045e+003;1,376912e-003
3,463527e+003;1,414906e-003
3,464009e+003;1,450942e-003
3,464491e+003;1,477140e-003
3,464973e+003;1,489009e-003
3,465456e+003;1,485684e-003
3,465938e+003;1,469460e-003
3,466420e+003;1,445024e-003
3,466902e+003;1,416834e-003
3,467384e+003;1,389543e-003
3,467866e+003;1,366608e-003
3,468348e+003;1,350653e-003
3,468830e+003;1,343840e-003
3,469313e+003;1,347729e-003
3,469794e+003;1,362852e-003
3,470277e+003;1,387947e-003
3,470759e+003;1,420358e-003
3,471241e+003;1,454832e-003
3,471723e+003;1,485751e-003
3,472205e+003;1,508060e-003
3,472687e+003;1,518268e-003
3,473169e+003;1,515907e-003
3,473651e+003;1,503239e-003
3,474134e+003;1,484221e-003
3,474616e+003;1,463176e-003
3,475098e+003;1,443229e-003
3,475580e+003;1,425444e-003
3,476062e+003;1,408756e-003
3,476544e+003;1,391105e-003
3,477026e+003;1,370463e-003
3,477508e+003;1,345568e-003
3,477990e+003;1,317218e-003
3,478473e+003;1,287574e-003
3,478955e+003;1,259726e-003
3,479437e+003;1,237495e-003
3,479919e+003;1,224669e-003
3,480401e+003;1,223739e-003
3,480883e+003;1,236532e-003
3,481365e+003;1,263248e-003
3,481847e+003;1,302196e-003
3,482330e+003;1,349590e-003
3,482812e+003;1,400113e-003
3,483294e+003;1,447584e-003
3,483776e+003;1,485584e-003
3,484258e+003;1,509457e-003
3,484740e+003;1,516406e-003
3,485222e+003;1,506597e-003
3,485704e+003;1,483024e-003
3,486187e+003;1,451141e-003
3,486669e+003;1,417100e-003
3,487151e+003;1,386219e-003
3,487633e+003;1,361988e-003
3,488115e+003;1,345036e-003
3,488597e+003;1,333304e-003
3,489079e+003;1,323533e-003
3,489561e+003;1,312133e-003
3,490043e+003;1,297112e-003
3,490526e+003;1,278202e-003
3,491008e+003;1,257200e-003
3,491490e+003;1,237495e-003
3,491972e+003;1,222875e-003
3,492454e+003;1,216828e-003
3,492936e+003;1,221779e-003
3,493418e+003;1,238093e-003
3,493900e+003;1,264511e-003
3,494383e+003;1,297843e-003
3,494865e+003;1,334135e-003
3,495347e+003;1,369267e-003
3,495829e+003;1,399415e-003
3,496311e+003;1,422419e-003
3,496793e+003;1,436780e-003
3,497275e+003;1,442199e-003
3,497757e+003;1,439074e-003
3,498240e+003;1,428602e-003
3,498721e+003;1,411881e-003
3,499204e+003;1,390673e-003
3,499686e+003;1,367738e-003
3,500168e+003;1,345967e-003
3,500650e+003;1,328585e-003
3,501132e+003;1,318680e-003
3,501614e+003;1,317949e-003
3,502096e+003;1,326258e-003
3,502578e+003;1,341048e-003
3,503061e+003;1,358763e-003
3,503543e+003;1,375283e-003
3,504025e+003;1,387681e-003
3,504507e+003;1,394961e-003
3,504989e+003;1,397255e-003
3,505471e+003;1,396124e-003
3,505953e+003;1,393033e-003
3,506435e+003;1,389244e-003
3,506917e+003;1,385288e-003
3,507400e+003;1,381166e-003
3,507882e+003;1,376513e-003
3,508364e+003;1,370862e-003
3,508846e+003;1,363949e-003
3,509328e+003;1,355307e-003
3,509810e+003;1,344804e-003
3,510292e+003;1,332207e-003
3,510774e+003;1,317683e-003
3,511257e+003;1,302097e-003
3,511739e+003;1,287308e-003
3,512221e+003;1,275610e-003
3,512703e+003;1,269429e-003
3,513185e+003;1,270061e-003
3,513667e+003;1,277139e-003
3,514149e+003;1,288371e-003
3,514631e+003;1,299538e-003
3,515114e+003;1,306350e-003
3,515596e+003;1,305320e-003
3,516078e+003;1,295084e-003
3,516560e+003;1,277006e-003
3,517042e+003;1,254675e-003
3,517524e+003;1,232976e-003
3,518006e+003;1,215931e-003
3,518488e+003;1,206295e-003
3,518970e+003;1,204467e-003
3,519453e+003;1,208787e-003
3,519935e+003;1,216961e-003
3,520417e+003;1,226497e-003
3,520899e+003;1,235468e-003
3,521381e+003;1,242480e-003
3,521863e+003;1,246799e-003
3,522345e+003;1,247963e-003
3,522827e+003;1,245371e-003
3,523310e+003;1,239024e-003
3,523792e+003;1,229919e-003
3,524274e+003;1,219918e-003
3,524756e+003;1,212010e-003
3,525238e+003;1,209053e-003
3,525720e+003;1,213372e-003
3,526202e+003;1,225334e-003
3,526684e+003;1,243045e-003
3,527167e+003;1,262451e-003
3,527648e+003;1,278302e-003
3,528131e+003;1,285945e-003
3,528613e+003;1,282223e-003
3,529095e+003;1,267203e-003
3,529577e+003;1,243510e-003
3,530059e+003;1,214801e-003
3,530541e+003;1,185429e-003
3,531023e+003;1,159449e-003
3,531505e+003;1,138519e-003
3,531988e+003;1,123570e-003
3,532470e+003;1,114069e-003
3,532952e+003;1,109086e-003
3,533434e+003;1,107624e-003
3,533916e+003;1,109152e-003
3,534398e+003;1,113770e-003
3,534880e+003;1,121676e-003
3,535362e+003;1,133403e-003
3,535844e+003;1,148884e-003
3,536327e+003;1,166658e-003
3,536809e+003;1,185263e-003
3,537291e+003;1,201843e-003
3,537773e+003;1,213505e-003
3,538255e+003;1,218257e-003
3,538737e+003;1,215465e-003
3,539219e+003;1,204999e-003
3,539701e+003;1,189283e-003
3,540184e+003;1,171276e-003
3,540666e+003;1,154066e-003
3,541148e+003;1,140113e-003
3,541630e+003;1,130380e-003
3,542112e+003;1,124300e-003
3,542594e+003;1,119816e-003
3,543076e+003;1,115099e-003
3,543558e+003;1,108853e-003
3,544041e+003;1,101878e-003
3,544523e+003;1,096396e-003
3,545005e+003;1,095201e-003
3,545487e+003;1,100150e-003
3,545969e+003;1,110880e-003
3,546451e+003;1,124533e-003
3,546933e+003;1,137090e-003
3,547415e+003;1,145794e-003
3,547897e+003;1,149914e-003
3,548380e+003;1,151375e-003
3,548862e+003;1,154133e-003
3,549344e+003;1,162272e-003
3,549826e+003;1,178319e-003
3,550308e+003;1,202142e-003
3,550790e+003;1,230218e-003
3,551272e+003;1,256735e-003
3,551754e+003;1,276142e-003
3,552237e+003;1,284982e-003
3,552719e+003;1,284251e-003
3,553201e+003;1,278568e-003
3,553683e+003;1,273783e-003
3,554165e+003;1,274181e-003
3,554647e+003;1,281027e-003
3,555129e+003;1,292492e-003
3,555611e+003;1,304157e-003
3,556094e+003;1,311369e-003
3,556575e+003;1,310870e-003
3,557058e+003;1,302063e-003
3,557540e+003;1,286610e-003
3,558022e+003;1,267734e-003
3,558504e+003;1,248195e-003
3,558986e+003;1,229886e-003
3,559468e+003;1,212907e-003
3,559950e+003;1,196261e-003
3,560432e+003;1,178751e-003
3,560915e+003;1,160877e-003
3,561397e+003;1,144299e-003
3,561879e+003;1,132174e-003
3,562361e+003;1,127523e-003
3,562843e+003;1,132838e-003
3,563325e+003;1,149017e-003
3,563807e+003;1,175296e-003
3,564289e+003;1,209252e-003
3,564771e+003;1,247099e-003
3,565254e+003;1,283885e-003
3,565736e+003;1,313031e-003
3,566218e+003;1,328585e-003
3,566700e+003;1,326125e-003
3,567182e+003;1,306317e-003
3,567664e+003;1,272885e-003
3,568146e+003;1,232744e-003
3,568628e+003;1,192074e-003
3,569111e+003;1,154764e-003
3,569593e+003;1,122872e-003
3,570075e+003;1,096928e-003
3,570557e+003;1,076234e-003
3,571039e+003;1,060456e-003
3,571521e+003;1,050027e-003
3,572003e+003;1,046373e-003
3,572485e+003;1,052286e-003
3,572968e+003;1,070421e-003
3,573450e+003;1,102010e-003
3,573932e+003;1,146193e-003
3,574414e+003;1,198952e-003
3,574896e+003;1,253379e-003
3,575378e+003;1,301665e-003
3,575860e+003;1,337060e-003
3,576342e+003;1,355107e-003
3,576824e+003;1,354443e-003
3,577307e+003;1,336661e-003
3,577789e+003;1,305619e-003
3,578271e+003;1,265807e-003
3,578753e+003;1,222443e-003
3,579235e+003;1,181077e-003
3,579717e+003;1,146359e-003
3,580199e+003;1,122772e-003
3,580681e+003;1,113604e-003
3,581164e+003;1,120115e-003
3,581646e+003;1,141774e-003
3,582128e+003;1,176359e-003
3,582610e+003;1,220749e-003
3,583092e+003;1,271922e-003
3,583574e+003;1,328518e-003
3,584056e+003;1,390673e-003
3,584538e+003;1,458621e-003
3,585021e+003;1,531734e-003
3,585502e+003;1,604660e-003
3,585985e+003;1,665691e-003
3,586467e+003;1,700184e-003
3,586949e+003;1,694263e-003
3,587431e+003;1,645867e-003
3,587913e+003;1,566916e-003
3,588395e+003;1,479134e-003
3,588877e+003;1,403039e-003
3,589359e+003;1,351185e-003
3,589842e+003;1,327355e-003
3,590324e+003;1,327521e-003
3,590806e+003;1,342776e-003
3,591288e+003;1,361988e-003
3,591770e+003;1,375615e-003
3,592252e+003;1,377211e-003
3,592734e+003;1,365444e-003
3,593216e+003;1,343607e-003
3,593698e+003;1,319511e-003
3,594181e+003;1,300867e-003
3,594663e+003;1,292592e-003
3,595145e+003;1,295749e-003
3,595627e+003;1,307547e-003
3,596109e+003;1,323333e-003
3,596591e+003;1,338456e-003
3,597073e+003;1,350122e-003
3,597555e+003;1,356271e-003
3,598038e+003;1,356570e-003
3,598520e+003;1,351916e-003
3,599002e+003;1,343341e-003
3,599484e+003;1,333138e-003
3,599966e+003;1,323466e-003
3,600448e+003;1,316088e-003
3,600930e+003;1,311635e-003
3,601412e+003;1,309308e-003
3,601895e+003;1,306317e-003
3,602377e+003;1,300036e-003
3,602859e+003;1,288637e-003
3,603341e+003;1,272619e-003
3,603823e+003;1,254675e-003
3,604305e+003;1,239257e-003
3,604787e+003;1,231913e-003
3,605269e+003;1,236930e-003
3,605751e+003;1,256204e-003
3,606234e+003;1,288039e-003
3,606716e+003;1,327454e-003
3,607198e+003;1,366840e-003
3,607680e+003;1,399615e-003
3,608162e+003;1,422585e-003
3,608644e+003;1,436913e-003
3,609126e+003;1,446653e-003
3,609608e+003;1,455496e-003
3,610091e+003;1,465271e-003
3,610573e+003;1,475544e-003
3,611055e+003;1,482991e-003
3,611537e+003;1,484022e-003
3,612019e+003;1,475677e-003
3,612501e+003;1,457790e-003
3,612983e+003;1,432491e-003
3,613465e+003;1,404468e-003
3,613948e+003;1,378175e-003
3,614429e+003;1,356171e-003
3,614912e+003;1,339087e-003
3,615394e+003;1,325593e-003
3,615876e+003;1,314127e-003
3,616358e+003;1,303260e-003
3,616840e+003;1,292858e-003
3,617322e+003;1,284184e-003
3,617804e+003;1,279864e-003
3,618286e+003;1,283021e-003
3,618769e+003;1,294918e-003
3,619251e+003;1,314725e-003
3,619733e+003;1,338356e-003
3,620215e+003;1,359993e-003
3,620697e+003;1,374020e-003
3,621179e+003;1,376446e-003
3,621661e+003;1,365311e-003
3,622143e+003;1,340982e-003
3,622625e+003;1,306251e-003
3,623108e+003;1,264943e-003
3,623590e+003;1,222543e-003
3,624072e+003;1,184300e-003
3,624554e+003;1,154299e-003
3,625036e+003;1,135795e-003
3,625518e+003;1,129981e-003
3,626000e+003;1,137589e-003
3,626482e+003;1,158983e-003
3,626965e+003;1,194865e-003
3,627447e+003;1,243277e-003
3,627929e+003;1,297078e-003
3,628411e+003;1,342444e-003
3,628893e+003;1,364414e-003
3,629375e+003;1,356669e-003
3,629857e+003;1,323599e-003
3,630339e+003;1,276607e-003
3,630822e+003;1,226464e-003
3,631304e+003;1,182771e-003
3,631786e+003;1,152870e-003
3,632268e+003;1,140545e-003
3,632750e+003;1,146093e-003
3,633232e+003;1,164864e-003
3,633714e+003;1,188353e-003
3,634196e+003;1,206494e-003
3,634678e+003;1,211611e-003
3,635161e+003;1,201577e-003
3,635643e+003;1,178153e-003
3,636125e+003;1,147123e-003
3,636607e+003;1,115298e-003
3,637089e+003;1,089653e-003
3,637571e+003;1,075171e-003
3,638053e+003;1,074573e-003
3,638535e+003;1,088624e-003
3,639018e+003;1,116294e-003
3,639500e+003;1,155262e-003
3,639982e+003;1,202241e-003
3,640464e+003;1,253180e-003
3,640946e+003;1,302595e-003
3,641428e+003;1,344903e-003
3,641910e+003;1,376147e-003
3,642392e+003;1,395227e-003
3,642875e+003;1,403703e-003
3,643356e+003;1,406795e-003
3,643839e+003;1,410584e-003
3,644321e+003;1,419992e-003
3,644803e+003;1,437744e-003
3,645285e+003;1,462544e-003
3,645767e+003;1,488543e-003
3,646249e+003;1,505500e-003
3,646731e+003;1,501976e-003
3,647213e+003;1,469792e-003
3,647696e+003;1,409487e-003
3,648178e+003;1,332107e-003
3,648660e+003;1,255240e-003
3,649142e+003;1,196228e-003
3,649624e+003;1,163302e-003
3,650106e+003;1,154066e-003
3,650588e+003;1,159714e-003
3,651070e+003;1,171276e-003
3,651552e+003;1,183735e-003
3,652035e+003;1,196228e-003
3,652517e+003;1,210083e-003
3,652999e+003;1,227294e-003
3,653481e+003;1,249358e-003
3,653963e+003;1,275810e-003
3,654445e+003;1,303360e-003
3,654927e+003;1,326325e-003
3,655409e+003;1,337891e-003
3,655892e+003;1,333005e-003
3,656374e+003;1,311701e-003
3,656856e+003;1,279133e-003
3,657338e+003;1,242945e-003
3,657820e+003;1,209784e-003
3,658302e+003;1,184333e-003
3,658784e+003;1,169615e-003
3,659266e+003;1,166226e-003
3,659749e+003;1,174166e-003
3,660231e+003;1,191842e-003
3,660713e+003;1,216761e-003
3,661195e+003;1,244474e-003
3,661677e+003;1,270360e-003
3,662159e+003;1,288670e-003
3,662641e+003;1,293954e-003
3,663123e+003;1,282556e-003
3,663605e+003;1,253412e-003
3,664088e+003;1,208853e-003
3,664570e+003;1,154365e-003
3,665052e+003;1,097825e-003
3,665534e+003;1,047768e-003
3,666016e+003;1,011600e-003
3,666498e+003;9,950609e-004
3,666980e+003;1,000673e-003
3,667462e+003;1,028173e-003
3,667945e+003;1,072812e-003
3,668427e+003;1,126892e-003
3,668909e+003;1,179648e-003
3,669391e+003;1,220981e-003
3,669873e+003;1,245936e-003
3,670355e+003;1,257499e-003
3,670837e+003;1,263315e-003
3,671319e+003;1,270692e-003
3,671802e+003;1,285214e-003
3,672283e+003;1,310405e-003
3,672766e+003;1,347862e-003
3,673248e+003;1,397487e-003
3,673730e+003;1,455895e-003
3,674212e+003;1,512848e-003
3,674694e+003;1,550522e-003
3,675176e+003;1,552783e-003
3,675658e+003;1,516339e-003
3,676140e+003;1,453302e-003
3,676623e+003;1,380103e-003
3,677105e+003;1,308810e-003
3,677587e+003;1,245670e-003
3,678069e+003;1,192839e-003
3,678551e+003;1,151010e-003
3,679033e+003;1,120214e-003
3,679515e+003;1,099386e-003
3,679997e+003;1,087029e-003
3,680479e+003;1,081382e-003
3,680962e+003;1,080386e-003
3,681444e+003;1,082346e-003
3,681926e+003;1,086066e-003
3,682408e+003;1,090218e-003
3,682890e+003;1,093706e-003
3,683372e+003;1,096164e-003
3,683854e+003;1,097493e-003
3,684336e+003;1,098954e-003
3,684819e+003;1,102509e-003
3,685301e+003;1,110813e-003
3,685783e+003;1,126858e-003
3,686265e+003;1,152140e-003
3,686747e+003;1,185662e-003
3,687229e+003;1,223706e-003
3,687711e+003;1,258164e-003
3,688193e+003;1,279598e-003
3,688676e+003;1,281825e-003
3,689158e+003;1,265043e-003
3,689640e+003;1,235103e-003
3,690122e+003;1,201610e-003
3,690604e+003;1,172705e-003
3,691086e+003;1,153203e-003
3,691568e+003;1,144332e-003
3,692050e+003;1,144698e-003
3,692532e+003;1,151542e-003
3,693015e+003;1,162173e-003
3,693497e+003;1,174598e-003
3,693979e+003;1,188021e-003
3,694461e+003;1,202706e-003
3,694943e+003;1,219652e-003
3,695425e+003;1,239988e-003
3,695907e+003;1,264611e-003
3,696389e+003;1,292825e-003
3,696872e+003;1,322237e-003
3,697354e+003;1,349058e-003
3,697836e+003;1,368403e-003
3,698318e+003;1,375183e-003
3,698800e+003;1,365577e-003
3,699282e+003;1,338090e-003
3,699764e+003;1,294818e-003
3,700246e+003;1,243111e-003
3,700729e+003;1,193503e-003
3,701211e+003;1,157522e-003
3,701693e+003;1,142804e-003
3,702175e+003;1,149914e-003
3,702657e+003;1,173269e-003
3,703139e+003;1,204135e-003
3,703621e+003;1,234671e-003
3,704103e+003;1,259693e-003
3,704585e+003;1,276408e-003
3,705068e+003;1,284084e-003
3,705550e+003;1,282157e-003
3,706032e+003;1,269895e-003
3,706514e+003;1,245636e-003
3,706996e+003;1,208056e-003
3,707478e+003;1,156757e-003
3,707960e+003;1,094171e-003
3,708442e+003;1,027110e-003
3,708925e+003;9,651728e-004
3,709406e+003;9,207432e-004
3,709889e+003;9,038756e-004
3,710371e+003;9,180868e-004
3,710853e+003;9,575019e-004
3,711335e+003;1,009541e-003
3,711817e+003;1,060456e-003
3,712299e+003;1,100715e-003
3,712781e+003;1,128918e-003
3,713263e+003;1,147256e-003
3,713746e+003;1,159681e-003
3,714228e+003;1,168086e-003
3,714710e+003;1,172206e-003
3,715192e+003;1,170047e-003
3,715674e+003;1,160113e-003
3,716156e+003;1,142339e-003
3,716638e+003;1,119417e-003
3,717120e+003;1,096862e-003
3,717603e+003;1,081449e-003
3,718085e+003;1,078924e-003
3,718567e+003;1,091115e-003
3,719049e+003;1,115431e-003
3,719531e+003;1,145761e-003
3,720013e+003;1,174831e-003
3,720495e+003;1,196626e-003
3,720977e+003;1,208986e-003
3,721459e+003;1,214435e-003
3,721942e+003;1,218921e-003
3,722424e+003;1,228092e-003
3,722906e+003;1,244972e-003
3,723388e+003;1,267668e-003
3,723870e+003;1,289468e-003
3,724352e+003;1,301199e-003
3,724834e+003;1,294320e-003
3,725316e+003;1,264777e-003
3,725799e+003;1,215200e-003
3,726281e+003;1,155030e-003
3,726763e+003;1,097559e-003
3,727245e+003;1,054876e-003
3,727727e+003;1,033985e-003
3,728209e+003;1,036642e-003
3,728691e+003;1,060224e-003
3,729173e+003;1,100017e-003
3,729656e+003;1,149282e-003
3,730138e+003;1,200713e-003
3,730620e+003;1,247464e-003
3,731102e+003;1,282954e-003
3,731584e+003;1,303393e-003
3,732066e+003;1,308710e-003
3,732548e+003;1,302063e-003
3,733030e+003;1,287075e-003
3,733512e+003;1,266139e-003
3,733995e+003;1,238924e-003
3,734477e+003;1,203105e-003
3,734959e+003;1,158020e-003
3,735441e+003;1,107060e-003
3,735923e+003;1,058065e-003
3,736405e+003;1,019869e-003
3,736887e+003;9,985479e-004
3,737369e+003;9,958247e-004
3,737852e+003;1,009674e-003
3,738333e+003;1,036741e-003
3,738816e+003;1,071849e-003
3,739298e+003;1,109916e-003
3,739780e+003;1,147522e-003
3,740262e+003;1,183602e-003
3,740744e+003;1,220051e-003
3,741226e+003;1,262418e-003
3,741708e+003;1,318647e-003
3,742190e+003;1,396955e-003
3,742673e+003;1,502308e-003
3,743155e+003;1,629071e-003
3,743637e+003;1,754142e-003
3,744119e+003;1,844607e-003
3,744601e+003;1,875987e-003
3,745083e+003;1,848933e-003
3,745565e+003;1,782653e-003
3,746047e+003;1,697989e-003
3,746530e+003;1,607387e-003
3,747012e+003;1,518068e-003
3,747494e+003;1,433289e-003
3,747976e+003;1,355274e-003
3,748458e+003;1,288504e-003
3,748940e+003;1,239722e-003
3,749422e+003;1,214901e-003
3,749904e+003;1,216828e-003
3,750386e+003;1,241018e-003
3,750869e+003;1,275444e-003
3,751351e+003;1,304323e-003
3,751833e+003;1,315324e-003
3,752315e+003;1,302861e-003
3,752797e+003;1,268698e-003
3,753279e+003;1,219851e-003
3,753761e+003;1,165130e-003
3,754243e+003;1,113703e-003
3,754726e+003;1,072879e-003
3,755208e+003;1,049097e-003
3,755690e+003;1,046739e-003
3,756172e+003;1,066967e-003
3,756654e+003;1,107358e-003
3,757136e+003;1,161708e-003
3,757618e+003;1,221214e-003
3,758100e+003;1,276275e-003
3,758583e+003;1,319877e-003
3,759065e+003;1,348526e-003
3,759547e+003;1,363383e-003
3,760029e+003;1,369001e-003
3,760511e+003;1,371527e-003
3,760993e+003;1,376746e-003
3,761475e+003;1,388213e-003
3,761957e+003;1,407194e-003
3,762439e+003;1,432591e-003
3,762922e+003;1,461414e-003
3,763404e+003;1,488111e-003
3,763886e+003;1,506232e-003
3,764368e+003;1,509557e-003
3,764850e+003;1,495193e-003
3,765332e+003;1,466102e-003
3,765814e+003;1,429765e-003
3,766296e+003;1,395825e-003
3,766779e+003;1,372657e-003
3,767260e+003;1,364946e-003
3,767743e+003;1,372790e-003
3,768225e+003;1,392269e-003
3,768707e+003;1,414440e-003
3,769189e+003;1,429233e-003
3,769671e+003;1,429001e-003
3,770153e+003;1,412379e-003
3,770635e+003;1,384756e-003
3,771117e+003;1,355473e-003
3,771600e+003;1,334201e-003
3,772082e+003;1,326624e-003
3,772564e+003;1,335265e-003
3,773046e+003;1,357866e-003
3,773528e+003;1,389177e-003
3,774010e+003;1,421687e-003
3,774492e+003;1,447983e-003
3,774974e+003;1,462544e-003
3,775457e+003;1,463110e-003
3,775939e+003;1,451241e-003
3,776421e+003;1,431228e-003
3,776903e+003;1,409388e-003
3,777385e+003;1,391969e-003
3,777867e+003;1,383560e-003
3,778349e+003;1,385022e-003
3,778831e+003;1,393864e-003
3,779313e+003;1,403437e-003
3,779796e+003;1,406861e-003
3,780278e+003;1,399914e-003
3,780760e+003;1,381333e-003
3,781242e+003;1,352847e-003
3,781724e+003;1,317949e-003
3,782206e+003;1,280695e-003
3,782688e+003;1,245138e-003
3,783170e+003;1,214635e-003
3,783653e+003;1,192174e-003
3,784135e+003;1,179316e-003
3,784617e+003;1,176426e-003
3,785099e+003;1,182306e-003
3,785581e+003;1,195729e-003
3,786063e+003;1,214469e-003
3,786545e+003;1,236067e-003
3,787027e+003;1,257898e-003
3,787510e+003;1,276773e-003
3,787992e+003;1,290232e-003
3,788474e+003;1,296214e-003
3,788956e+003;1,294818e-003
3,789438e+003;1,288405e-003
3,789920e+003;1,281426e-003
3,790402e+003;1,278867e-003
3,790884e+003;1,285547e-003
3,791366e+003;1,304057e-003
3,791849e+003;1,334766e-003
3,792331e+003;1,375482e-003
3,792813e+003;1,422651e-003
3,793295e+003;1,471521e-003
3,793777e+003;1,518035e-003
3,794259e+003;1,557372e-003
3,794741e+003;1,584674e-003
3,795223e+003;1,596113e-003
3,795706e+003;1,589363e-003
3,796188e+003;1,565985e-003
3,796670e+003;1,531901e-003
3,797152e+003;1,496191e-003
3,797634e+003;1,467365e-003
3,798116e+003;1,452804e-003
3,798598e+003;1,457292e-003
3,799080e+003;1,482093e-003
3,799563e+003;1,524153e-003
3,800044e+003;1,573932e-003
3,800527e+003;1,616001e-003
3,801009e+003;1,633794e-003
3,801491e+003;1,620225e-003
3,801973e+003;1,581581e-003
3,802455e+003;1,533397e-003
3,802937e+003;1,489042e-003
3,803419e+003;1,455696e-003
3,803901e+003;1,435483e-003
3,804384e+003;1,426341e-003
3,804866e+003;1,423981e-003
3,805348e+003;1,423582e-003
3,805830e+003;1,421288e-003
3,806312e+003;1,415238e-003
3,806794e+003;1,406895e-003
3,807276e+003;1,399681e-003
3,807758e+003;1,396756e-003
3,808240e+003;1,398817e-003
3,808723e+003;1,404967e-003
3,809205e+003;1,413078e-003
3,809687e+003;1,421388e-003
3,810169e+003;1,428336e-003
3,810651e+003;1,434020e-003
3,811133e+003;1,439406e-003
3,811615e+003;1,446088e-003
3,812097e+003;1,456028e-003
3,812580e+003;1,470989e-003
3,813062e+003;1,491769e-003
3,813544e+003;1,518468e-003
3,814026e+003;1,549192e-003
3,814508e+003;1,579286e-003
3,814990e+003;1,601967e-003
3,815472e+003;1,609882e-003
3,815954e+003;1,598741e-003
3,816437e+003;1,570208e-003
3,816919e+003;1,529773e-003
3,817401e+003;1,484055e-003
3,817883e+003;1,438774e-003
3,818365e+003;1,398917e-003
3,818847e+003;1,368968e-003
3,819329e+003;1,353911e-003
3,819811e+003;1,357068e-003
3,820293e+003;1,377311e-003
3,820776e+003;1,408523e-003
3,821258e+003;1,439971e-003
3,821740e+003;1,464273e-003
3,822222e+003;1,480398e-003
3,822704e+003;1,491802e-003
3,823186e+003;1,503073e-003
3,823668e+003;1,518202e-003
3,824150e+003;1,539083e-003
3,824633e+003;1,564787e-003
3,825115e+003;1,591624e-003
3,825597e+003;1,613374e-003
3,826079e+003;1,623650e-003
3,826561e+003;1,617398e-003
3,827043e+003;1,593885e-003
3,827525e+003;1,555377e-003
3,828007e+003;1,507063e-003
3,828490e+003;1,454998e-003
3,828971e+003;1,404800e-003
3,829454e+003;1,363018e-003
3,829936e+003;1,335464e-003
3,830418e+003;1,326989e-003
3,830900e+003;1,339785e-003
3,831382e+003;1,371261e-003
3,831864e+003;1,413709e-003
3,832346e+003;1,456959e-003
3,832828e+003;1,490738e-003
3,833311e+003;1,506797e-003
3,833793e+003;1,501244e-003
3,834275e+003;1,474380e-003
3,834757e+003;1,430995e-003
3,835239e+003;1,378441e-003
3,835721e+003;1,326358e-003
3,836203e+003;1,284483e-003
3,836685e+003;1,260357e-003
3,837167e+003;1,257765e-003
3,837650e+003;1,276973e-003
3,838132e+003;1,314293e-003
3,838614e+003;1,364281e-003
3,839096e+003;1,420690e-003
3,839578e+003;1,477738e-003
3,840060e+003;1,530105e-003
3,840542e+003;1,573566e-003
3,841024e+003;1,603862e-003
3,841507e+003;1,618063e-003
3,841989e+003;1,615236e-003
3,842471e+003;1,597178e-003
3,842953e+003;1,568179e-003
3,843435e+003;1,534561e-003
3,843917e+003;1,502375e-003
3,844399e+003;1,475477e-003
3,844881e+003;1,454965e-003
3,845364e+003;1,439572e-003
3,845846e+003;1,426441e-003
3,846328e+003;1,413709e-003
3,846810e+003;1,399615e-003
3,847292e+003;1,384424e-003
3,847774e+003;1,368768e-003
3,848256e+003;1,353445e-003
3,848738e+003;1,338522e-003
3,849220e+003;1,323267e-003
3,849703e+003;1,305719e-003
3,850185e+003;1,283785e-003
3,850667e+003;1,256536e-003
3,851149e+003;1,226065e-003
3,851631e+003;1,198952e-003
3,852113e+003;1,189283e-003
3,852595e+003;1,212242e-003
3,853077e+003;1,272985e-003
3,853560e+003;1,360558e-003
3,854042e+003;1,455031e-003
3,854524e+003;1,540214e-003
3,855006e+003;1,609217e-003
3,855488e+003;1,660968e-003
3,855970e+003;1,696126e-003
3,856452e+003;1,715818e-003
3,856934e+003;1,721374e-003
3,857417e+003;1,713989e-003
3,857898e+003;1,696159e-003
3,858381e+003;1,670015e-003
3,858863e+003;1,638450e-003
3,859345e+003;1,604328e-003
3,859827e+003;1,569908e-003
3,860309e+003;1,537653e-003
3,860791e+003;1,509823e-003
3,861273e+003;1,488311e-003
3,861755e+003;1,474979e-003
3,862238e+003;1,470424e-003
3,862720e+003;1,473948e-003
3,863202e+003;1,483058e-003
3,863684e+003;1,493763e-003
3,864166e+003;1,501510e-003
3,864648e+003;1,503771e-003
3,865130e+003;1,500480e-003
3,865612e+003;1,494628e-003
3,866094e+003;1,490239e-003
3,866577e+003;1,490472e-003
3,867059e+003;1,496955e-003
3,867541e+003;1,508892e-003
3,868023e+003;1,522857e-003
3,868505e+003;1,532200e-003
3,868987e+003;1,531302e-003
3,869469e+003;1,517570e-003
3,869951e+003;1,494861e-003
3,870434e+003;1,470922e-003
3,870916e+003;1,451839e-003
3,871398e+003;1,438941e-003
3,871880e+003;1,429233e-003
3,872362e+003;1,417100e-003
3,872844e+003;1,397255e-003
3,873326e+003;1,367937e-003
3,873808e+003;1,333138e-003
3,874291e+003;1,301266e-003
3,874773e+003;1,282390e-003
3,875255e+003;1,283054e-003
3,875737e+003;1,304356e-003
3,876219e+003;1,343474e-003
3,876701e+003;1,395559e-003
3,877183e+003;1,455729e-003
3,877665e+003;1,518867e-003
3,878147e+003;1,581282e-003
3,878630e+003;1,639082e-003
3,879112e+003;1,687677e-003
3,879594e+003;1,722405e-003
3,880076e+003;1,738373e-003
3,880558e+003;1,733848e-003
3,881040e+003;1,710529e-003
3,881522e+003;1,673673e-003
3,882004e+003;1,630502e-003
3,882487e+003;1,587101e-003
3,882969e+003;1,548161e-003
3,883451e+003;1,515641e-003
3,883933e+003;1,488677e-003
3,884415e+003;1,463243e-003
3,884897e+003;1,434320e-003
3,885379e+003;1,399249e-003
3,885861e+003;1,359628e-003
3,886344e+003;1,321040e-003
3,886825e+003;1,289834e-003
3,887308e+003;1,270592e-003
3,887790e+003;1,265508e-003
3,888272e+003;1,274480e-003
3,888754e+003;1,295749e-003
3,889236e+003;1,326723e-003
3,889718e+003;1,363583e-003
3,890200e+003;1,402839e-003
3,890682e+003;1,441534e-003
3,891165e+003;1,477239e-003
3,891647e+003;1,508825e-003
3,892129e+003;1,534627e-003
3,892611e+003;1,552716e-003
3,893093e+003;1,561728e-003
3,893575e+003;1,560764e-003
3,894057e+003;1,550056e-003
3,894539e+003;1,532067e-003
3,895021e+003;1,510621e-003
3,895504e+003;1,490439e-003
3,895986e+003;1,476308e-003
3,896468e+003;1,472851e-003
3,896950e+003;1,482725e-003
3,897432e+003;1,507329e-003
3,897914e+003;1,544237e-003
3,898396e+003;1,588265e-003
3,898878e+003;1,632397e-003
3,899361e+003;1,668485e-003
3,899843e+003;1,690438e-003
3,900325e+003;1,696259e-003
3,900807e+003;1,688276e-003
3,901289e+003;1,672177e-003
3,901771e+003;1,656577e-003
3,902253e+003;1,649892e-003
3,902735e+003;1,656810e-003
3,903218e+003;1,677499e-003
3,903700e+003;1,705906e-003
3,904182e+003;1,731320e-003
3,904664e+003;1,742797e-003
3,905146e+003;1,734115e-003
3,905628e+003;1,704109e-003
3,906110e+003;1,657874e-003
3,906592e+003;1,602898e-003
3,907074e+003;1,548394e-003
3,907557e+003;1,503140e-003
3,908039e+003;1,473350e-003
3,908521e+003;1,462079e-003
3,909003e+003;1,468329e-003
3,909485e+003;1,487712e-003
3,909967e+003;1,513048e-003
3,910449e+003;1,536157e-003
3,910931e+003;1,550422e-003
3,911414e+003;1,551619e-003
3,911896e+003;1,539183e-003
3,912378e+003;1,516207e-003
3,912860e+003;1,487579e-003
3,913342e+003;1,459120e-003
3,913824e+003;1,436148e-003
3,914306e+003;1,423250e-003
3,914788e+003;1,423615e-003
3,915271e+003;1,438442e-003
3,915752e+003;1,467033e-003
3,916235e+003;1,506265e-003
3,916717e+003;1,550422e-003
3,917199e+003;1,592455e-003
3,917681e+003;1,625513e-003
3,918163e+003;1,643705e-003
3,918645e+003;1,644470e-003
3,919127e+003;1,627675e-003
3,919609e+003;1,597211e-003
3,920092e+003;1,558835e-003
3,920574e+003;1,519698e-003
3,921056e+003;1,485784e-003
3,921538e+003;1,461115e-003
3,922020e+003;1,447252e-003
3,922502e+003;1,443794e-003
3,922984e+003;1,449246e-003
3,923466e+003;1,461846e-003
3,923948e+003;1,479899e-003
3,924431e+003;1,502641e-003
3,924913e+003;1,529340e-003
3,925395e+003;1,558103e-003
3,925877e+003;1,587101e-003
3,926359e+003;1,613141e-003
3,926841e+003;1,633362e-003
3,927323e+003;1,645501e-003
3,927805e+003;1,648861e-003
3,928288e+003;1,644470e-003
3,928770e+003;1,634925e-003
3,929252e+003;1,623817e-003
3,929734e+003;1,614338e-003
3,930216e+003;1,608186e-003
3,930698e+003;1,605592e-003
3,931180e+003;1,604461e-003
3,931662e+003;1,602432e-003
3,932145e+003;1,597477e-003
3,932627e+003;1,588298e-003
3,933109e+003;1,574897e-003
3,933591e+003;1,558236e-003
3,934073e+003;1,539582e-003
3,934555e+003;1,520463e-003
3,935037e+003;1,502574e-003
3,935519e+003;1,488577e-003
3,936001e+003;1,480597e-003
3,936484e+003;1,480431e-003
3,936966e+003;1,489175e-003
3,937448e+003;1,506331e-003
3,937930e+003;1,530005e-003
3,938412e+003;1,557472e-003
3,938894e+003;1,586403e-003
3,939376e+003;1,615502e-003
3,939858e+003;1,644138e-003
3,940341e+003;1,671944e-003
3,940823e+003;1,698122e-003
3,941305e+003;1,720476e-003
3,941787e+003;1,736011e-003
3,942269e+003;1,741799e-003
3,942751e+003;1,737342e-003
3,943233e+003;1,724501e-003
3,943715e+003;1,708334e-003
3,944198e+003;1,694263e-003
3,944679e+003;1,686546e-003
3,945162e+003;1,687045e-003
3,945644e+003;1,694995e-003
3,946126e+003;1,707303e-003
3,946608e+003;1,719245e-003
3,947090e+003;1,727894e-003
3,947572e+003;1,732218e-003
3,948054e+003;1,733715e-003
3,948536e+003;1,735878e-003
3,949019e+003;1,741733e-003
3,949501e+003;1,751281e-003
3,949983e+003;1,762259e-003
3,950465e+003;1,769578e-003
3,950947e+003;1,767882e-003
3,951429e+003;1,753376e-003
3,951911e+003;1,725632e-003
3,952393e+003;1,686945e-003
3,952875e+003;1,642907e-003
3,953358e+003;1,600137e-003
3,953840e+003;1,564555e-003
3,954322e+003;1,541145e-003
3,954804e+003;1,532100e-003
3,955286e+003;1,537720e-003
3,955768e+003;1,555643e-003
3,956250e+003;1,582479e-003
3,956732e+003;1,613839e-003
3,957215e+003;1,644238e-003
3,957697e+003;1,669383e-003
3,958179e+003;1,685349e-003
3,958661e+003;1,690305e-003
3,959143e+003;1,684550e-003
3,959625e+003;1,670979e-003
3,960107e+003;1,654748e-003
3,960589e+003;1,641643e-003
3,961072e+003;1,637220e-003
3,961554e+003;1,644737e-003
3,962036e+003;1,664194e-003
3,962518e+003;1,691502e-003
3,963000e+003;1,720476e-003
3,963482e+003;1,743729e-003
3,963964e+003;1,755373e-003
3,964446e+003;1,752012e-003
3,964928e+003;1,734514e-003
3,965411e+003;1,707103e-003
3,965893e+003;1,675802e-003
3,966375e+003;1,647231e-003
3,966857e+003;1,626311e-003
3,967339e+003;1,614205e-003
3,967821e+003;1,609217e-003
3,968303e+003;1,607387e-003
3,968785e+003;1,605126e-003
3,969268e+003;1,600670e-003
3,969750e+003;1,595881e-003
3,970232e+003;1,595315e-003
3,970714e+003;1,604295e-003
3,971196e+003;1,626311e-003
3,971678e+003;1,661367e-003
3,972160e+003;1,704575e-003
3,972642e+003;1,748419e-003
3,973125e+003;1,784650e-003
3,973606e+003;1,806642e-003
3,974089e+003;1,812897e-003
3,974571e+003;1,806043e-003
3,975053e+003;1,791570e-003
3,975535e+003;1,775567e-003
3,976017e+003;1,761993e-003
3,976499e+003;1,751114e-003
3,976981e+003;1,741034e-003
3,977463e+003;1,728626e-003
3,977946e+003;1,711860e-003
3,978428e+003;1,691303e-003
3,978910e+003;1,670248e-003
3,979392e+003;1,652819e-003
3,979874e+003;1,642841e-003
3,980356e+003;1,642109e-003
3,980838e+003;1,649227e-003
3,981320e+003;1,660535e-003
3,981802e+003;1,671478e-003
3,982285e+003;1,677931e-003
3,982767e+003;1,677765e-003
3,983249e+003;1,671079e-003
3,983731e+003;1,659471e-003
3,984213e+003;1,645635e-003
3,984695e+003;1,632497e-003
3,985177e+003;1,622253e-003
3,985659e+003;1,617032e-003
3,986142e+003;1,618030e-003
3,986624e+003;1,626111e-003
3,987106e+003;1,641377e-003
3,987588e+003;1,663030e-003
3,988070e+003;1,689640e-003
3,988552e+003;1,718746e-003
3,989034e+003;1,748120e-003
3,989516e+003;1,775168e-003
3,989999e+003;1,797825e-003
3,990481e+003;1,814927e-003
3,990963e+003;1,825241e-003
3,991445e+003;1,828103e-003
3,991927e+003;1,823212e-003
3,992409e+003;1,811134e-003
3,992891e+003;1,793633e-003
3,993373e+003;1,773704e-003
3,993855e+003;1,755439e-003
3,994338e+003;1,742132e-003
3,994820e+003;1,736643e-003
3,995302e+003;1,739038e-003
3,995784e+003;1,747322e-003
3,996266e+003;1,758067e-003
3,996748e+003;1,767715e-003
3,997230e+003;1,774036e-003
3,997712e+003;1,776864e-003
3,998195e+003;1,777530e-003
3,998677e+003;1,778362e-003
3,999159e+003;1,780923e-003
3,999641e+003;1,785415e-003
4,000123e+003;1,790106e-003
