3,996748e+002;0,000000e+000
4,001569e+002;7,573089e-004
4,006390e+002;2,044536e-003
4,011211e+002;2,381100e-003
4,016032e+002;2,029023e-003
4,020854e+002;1,269662e-003
4,025675e+002;3,410832e-004
4,030496e+002;-6,024558e-004
4,035317e+002;-1,463084e-003
4,040138e+002;-2,183469e-003
4,044959e+002;-2,714817e-003
4,049781e+002;-3,003956e-003
4,054602e+002;-3,016822e-003
4,059423e+002;-2,768354e-003
4,064244e+002;-2,341884e-003
4,069065e+002;-1,861715e-003
4,073886e+002;-1,447729e-003
4,078708e+002;-1,159137e-003
4,083529e+002;-9,565196e-004
4,088350e+002;-7,067700e-004
4,093171e+002;-2,309822e-004
4,097992e+002;5,963249e-004
4,102813e+002;1,789008e-003
4,107635e+002;3,205592e-003
4,112456e+002;4,591214e-003
4,117277e+002;5,631803e-003
4,122098e+002;6,074267e-003
4,126919e+002;5,795470e-003
4,131740e+002;4,852551e-003
4,136562e+002;3,454507e-003
4,141383e+002;1,894756e-003
4,146204e+002;4,436594e-004
4,151025e+002;-7,426936e-004
4,155846e+002;-1,608327e-003
4,160667e+002;-2,177304e-003
4,165489e+002;-2,499384e-003
4,170310e+002;-2,613388e-003
4,175131e+002;-2,528637e-003
4,179952e+002;-2,233643e-003
4,184773e+002;-1,752002e-003
4,189594e+002;-1,180550e-003
4,194416e+002;-6,581064e-004
4,199237e+002;-2,812832e-004
4,204058e+002;-4,886996e-005
4,208879e+002;1,061744e-004
4,213700e+002;2,638271e-004
4,218521e+002;4,748383e-004
4,223343e+002;7,512016e-004
4,228164e+002;1,064542e-003
4,232985e+002;1,363782e-003
4,237806e+002;1,598342e-003
4,242627e+002;1,752511e-003
4,247448e+002;1,854490e-003
4,252270e+002;1,965645e-003
4,257091e+002;2,142787e-003
4,261912e+002;2,412285e-003
4,266733e+002;2,759536e-003
4,271554e+002;3,143376e-003
4,276375e+002;3,514662e-003
4,281197e+002;3,842940e-003
4,286018e+002;4,128781e-003
4,290839e+002;4,398945e-003
4,295660e+002;4,686090e-003
4,300481e+002;5,007445e-003
4,305302e+002;5,347085e-003
4,310124e+002;5,659396e-003
4,314945e+002;5,879763e-003
4,319766e+002;5,946536e-003
4,324587e+002;5,819078e-003
4,329408e+002;5,479606e-003
4,334229e+002;4,925098e-003
4,339051e+002;4,159356e-003
4,343872e+002;3,198114e-003
4,348693e+002;2,083388e-003
4,353514e+002;8,954422e-004
4,358335e+002;-2,352542e-004
4,363156e+002;-1,164689e-003
4,367978e+002;-1,785364e-003
4,372799e+002;-2,057085e-003
4,377620e+002;-2,021039e-003
4,382441e+002;-1,769063e-003
4,387262e+002;-1,409287e-003
4,392083e+002;-1,021249e-003
4,396905e+002;-6,491075e-004
4,401726e+002;-3,005211e-004
4,406547e+002;3,495782e-005
4,411368e+002;3,589568e-004
4,416189e+002;6,440398e-004
4,421010e+002;8,375742e-004
4,425832e+002;8,797377e-004
4,430653e+002;7,465216e-004
4,435474e+002;4,704599e-004
4,440295e+002;1,413728e-004
4,445116e+002;-1,371864e-004
4,449937e+002;-2,875083e-004
4,454759e+002;-2,887996e-004
4,459580e+002;-1,837888e-004
4,464401e+002;-6,099548e-005
4,469222e+002;-1,673237e-005
4,474043e+002;-1,088648e-004
4,478864e+002;-3,354520e-004
4,483686e+002;-6,339876e-004
4,488507e+002;-9,185637e-004
4,493328e+002;-1,105666e-003
4,498149e+002;-1,144564e-003
4,502970e+002;-1,019629e-003
4,507791e+002;-7,385259e-004
4,512613e+002;-3,193610e-004
4,517434e+002;2,159219e-004
4,522255e+002;8,412260e-004
4,527076e+002;1,520463e-003
4,531897e+002;2,198532e-003
4,536718e+002;2,803855e-003
4,541540e+002;3,267782e-003
4,546361e+002;3,534371e-003
4,551182e+002;3,583946e-003
4,556003e+002;3,446425e-003
4,560824e+002;3,214471e-003
4,565645e+002;3,033387e-003
4,570467e+002;3,068757e-003
4,575288e+002;3,446625e-003
4,580109e+002;4,168790e-003
4,584930e+002;5,093093e-003
4,589751e+002;5,979087e-003
4,594572e+002;6,603801e-003
4,599394e+002;6,809199e-003
4,604215e+002;6,539046e-003
4,609036e+002;5,839730e-003
4,613857e+002;4,855969e-003
4,618678e+002;3,810415e-003
4,623499e+002;2,949579e-003
4,628321e+002;2,495922e-003
4,633142e+002;2,551179e-003
4,637963e+002;3,072461e-003
4,642784e+002;3,884627e-003
4,647606e+002;4,754556e-003
4,652427e+002;5,438705e-003
4,657248e+002;5,740337e-003
4,662069e+002;5,563903e-003
4,666890e+002;4,921747e-003
4,671711e+002;3,932839e-003
4,676533e+002;2,767006e-003
4,681354e+002;1,604760e-003
4,686175e+002;5,771143e-004
4,690996e+002;-2,515470e-004
4,695817e+002;-8,626819e-004
4,700638e+002;-1,267183e-003
4,705460e+002;-1,487091e-003
4,710281e+002;-1,552038e-003
4,715102e+002;-1,500398e-003
4,719923e+002;-1,385210e-003
4,724744e+002;-1,263483e-003
4,729565e+002;-1,170967e-003
4,734387e+002;-1,104179e-003
4,739208e+002;-1,017612e-003
4,744029e+002;-8,491568e-004
4,748850e+002;-5,474930e-004
4,753671e+002;-1,030678e-004
4,758492e+002;4,429960e-004
4,763314e+002;1,003330e-003
4,768135e+002;1,476308e-003
4,772956e+002;1,778594e-003
4,777777e+002;1,878516e-003
4,782598e+002;1,810202e-003
4,787419e+002;1,657342e-003
4,792241e+002;1,517769e-003
4,797062e+002;1,460749e-003
4,801883e+002;1,518534e-003
4,806704e+002;1,683286e-003
4,811525e+002;1,928102e-003
4,816346e+002;2,222310e-003
4,821168e+002;2,541647e-003
4,825989e+002;2,864187e-003
4,830810e+002;3,150018e-003
4,835631e+002;3,336893e-003
4,840452e+002;3,345675e-003
4,845273e+002;3,108735e-003
4,850095e+002;2,616276e-003
4,854916e+002;1,940417e-003
4,859737e+002;1,230119e-003
4,864558e+002;6,516056e-004
4,869379e+002;3,449298e-004
4,874200e+002;3,643622e-004
4,879022e+002;6,663394e-004
4,883843e+002;1,122041e-003
4,888664e+002;1,570241e-003
4,893485e+002;1,871528e-003
4,898306e+002;1,952398e-003
4,903127e+002;1,833194e-003
4,907949e+002;1,610813e-003
4,912770e+002;1,420923e-003
4,917591e+002;1,374186e-003
4,922412e+002;1,529473e-003
4,927233e+002;1,873624e-003
4,932054e+002;2,342188e-003
4,936876e+002;2,848244e-003
4,941697e+002;3,320432e-003
4,946518e+002;3,717635e-003
4,951339e+002;4,023191e-003
4,956160e+002;4,234063e-003
4,960981e+002;4,353861e-003
4,965803e+002;4,389707e-003
4,970624e+002;4,358279e-003
4,975445e+002;4,292419e-003
4,980266e+002;4,238948e-003
4,985087e+002;4,242996e-003
4,989908e+002;4,337864e-003
4,994730e+002;4,529603e-003
4,999551e+002;4,794120e-003
5,004372e+002;5,077269e-003
5,009193e+002;5,311999e-003
5,014014e+002;5,437430e-003
5,018835e+002;5,411159e-003
5,023657e+002;5,222116e-003
5,028478e+002;4,882541e-003
5,033299e+002;4,415614e-003
5,038120e+002;3,845514e-003
5,042941e+002;3,197847e-003
5,047762e+002;2,509453e-003
5,052584e+002;1,833993e-003
5,057405e+002;1,253479e-003
5,062226e+002;8,654282e-004
5,067047e+002;7,561139e-004
5,071868e+002;9,787551e-004
5,076689e+002;1,522690e-003
5,081511e+002;2,310908e-003
5,086332e+002;3,212301e-003
5,091153e+002;4,084562e-003
5,095974e+002;4,797772e-003
5,100795e+002;5,251259e-003
5,105616e+002;5,392875e-003
5,110438e+002;5,214068e-003
5,115259e+002;4,755226e-003
5,120080e+002;4,092857e-003
5,124901e+002;3,335491e-003
5,129722e+002;2,597242e-003
5,134543e+002;1,972103e-003
5,139365e+002;1,530105e-003
5,144186e+002;1,300136e-003
5,149007e+002;1,273284e-003
5,153828e+002;1,404568e-003
5,158649e+002;1,628040e-003
5,163470e+002;1,869697e-003
5,168292e+002;2,067674e-003
5,173113e+002;2,191206e-003
5,177934e+002;2,242560e-003
5,182755e+002;2,249754e-003
5,187576e+002;2,246956e-003
5,192397e+002;2,260079e-003
5,197219e+002;2,294120e-003
5,202040e+002;2,335359e-003
5,206861e+002;2,358612e-003
5,211682e+002;2,341955e-003
5,216503e+002;2,275467e-003
5,221324e+002;2,166430e-003
5,226146e+002;2,036114e-003
5,230967e+002;1,915389e-003
5,235788e+002;1,836355e-003
5,240609e+002;1,823045e-003
5,245430e+002;1,886935e-003
5,250251e+002;2,024762e-003
5,255073e+002;2,219713e-003
5,259894e+002;2,445604e-003
5,264715e+002;2,675681e-003
5,269536e+002;2,888969e-003
5,274357e+002;3,072728e-003
5,279178e+002;3,223150e-003
5,284000e+002;3,341801e-003
5,288821e+002;3,432698e-003
5,293642e+002;3,501435e-003
5,298463e+002;3,555383e-003
5,303284e+002;3,604827e-003
5,308105e+002;3,661260e-003
5,312927e+002;3,736316e-003
5,317748e+002;3,837057e-003
5,322569e+002;3,962330e-003
5,327390e+002;4,100048e-003
5,332211e+002;4,230315e-003
5,337032e+002;4,329263e-003
5,341854e+002;4,373808e-003
5,346675e+002;4,349042e-003
5,351496e+002;4,252934e-003
5,356317e+002;4,096770e-003
5,361138e+002;3,901678e-003
5,365959e+002;3,696213e-003
5,370781e+002;3,511422e-003
5,375602e+002;3,374692e-003
5,380423e+002;3,309214e-003
5,385244e+002;3,328178e-003
5,390065e+002;3,430027e-003
5,394886e+002;3,595973e-003
5,399708e+002;3,790561e-003
5,404529e+002;3,968047e-003
5,409350e+002;4,078341e-003
5,414171e+002;4,084361e-003
5,418992e+002;3,970221e-003
5,423813e+002;3,749651e-003
5,428635e+002;3,461688e-003
5,433456e+002;3,164370e-003
5,438277e+002;2,917822e-003
5,443098e+002;2,765906e-003
5,447919e+002;2,730160e-003
5,452740e+002;2,801453e-003
5,457562e+002;2,944475e-003
5,462383e+002;3,102761e-003
5,467204e+002;3,217441e-003
5,472025e+002;3,241242e-003
5,476846e+002;3,147882e-003
5,481667e+002;2,941340e-003
5,486489e+002;2,655078e-003
5,491310e+002;2,351049e-003
5,496131e+002;2,102532e-003
5,500952e+002;1,986282e-003
5,505773e+002;2,059018e-003
5,510594e+002;2,338857e-003
5,515416e+002;2,800687e-003
5,520237e+002;3,378465e-003
5,525058e+002;3,983831e-003
5,529879e+002;4,516412e-003
5,534700e+002;4,894939e-003
5,539521e+002;5,070095e-003
5,544343e+002;5,035233e-003
5,549164e+002;4,825412e-003
5,553985e+002;4,505263e-003
5,558806e+002;4,152699e-003
5,563627e+002;3,834282e-003
5,568448e+002;3,600250e-003
5,573270e+002;3,474446e-003
5,578091e+002;3,456411e-003
5,582912e+002;3,525819e-003
5,587733e+002;3,651337e-003
5,592554e+002;3,800555e-003
5,597375e+002;3,944641e-003
5,602197e+002;4,066233e-003
5,607018e+002;4,159590e-003
5,611839e+002;4,228442e-003
5,616660e+002;4,280673e-003
5,621481e+002;4,322905e-003
5,626302e+002;4,354999e-003
5,631124e+002;4,369859e-003
5,635945e+002;4,357141e-003
5,640766e+002;4,311895e-003
5,645587e+002;4,240822e-003
5,650408e+002;4,168455e-003
5,655229e+002;4,130621e-003
5,660051e+002;4,163069e-003
5,664872e+002;4,288102e-003
5,669693e+002;4,499706e-003
5,674514e+002;4,760017e-003
5,679335e+002;5,004562e-003
5,684156e+002;5,166049e-003
5,688978e+002;5,190762e-003
5,693799e+002;5,061245e-003
5,698620e+002;4,800586e-003
5,703441e+002;4,467031e-003
5,708262e+002;4,132059e-003
5,713083e+002;3,856044e-003
5,717905e+002;3,676063e-003
5,722726e+002;3,594136e-003
5,727547e+002;3,582276e-003
5,732368e+002;3,592298e-003
5,737189e+002;3,576296e-003
5,742010e+002;3,498729e-003
5,746832e+002;3,349581e-003
5,751653e+002;3,147382e-003
5,756474e+002;2,938404e-003
5,761295e+002;2,782879e-003
5,766116e+002;2,733061e-003
5,770938e+002;2,820429e-003
5,775759e+002;3,041929e-003
5,780580e+002;3,361936e-003
5,785401e+002;3,719606e-003
5,790222e+002;4,047370e-003
5,795043e+002;4,286061e-003
5,799865e+002;4,396033e-003
5,804686e+002;4,370830e-003
5,809507e+002;4,236371e-003
5,814328e+002;4,042353e-003
5,819149e+002;3,840165e-003
5,823970e+002;3,669815e-003
5,828792e+002;3,546630e-003
5,833613e+002;3,461855e-003
5,838434e+002;3,389084e-003
5,843255e+002;3,296694e-003
5,848076e+002;3,161533e-003
5,852897e+002;2,974967e-003
5,857719e+002;2,747633e-003
5,862540e+002;2,505953e-003
5,867361e+002;2,286658e-003
5,872182e+002;2,123775e-003
5,877003e+002;2,043604e-003
5,881824e+002;2,055456e-003
5,886646e+002;2,147349e-003
5,891467e+002;2,285892e-003
5,896288e+002;2,422880e-003
5,901109e+002;2,510786e-003
5,905930e+002;2,512652e-003
5,910751e+002;2,420481e-003
5,915573e+002;2,259179e-003
5,920394e+002;2,085352e-003
5,925215e+002;1,964248e-003
5,930036e+002;1,948404e-003
5,934857e+002;2,059451e-003
5,939678e+002;2,280230e-003
5,944500e+002;2,563144e-003
5,949321e+002;2,845776e-003
5,954142e+002;3,075831e-003
5,958963e+002;3,220546e-003
5,963784e+002;3,277263e-003
5,968605e+002;3,267148e-003
5,973427e+002;3,224351e-003
5,978248e+002;3,178221e-003
5,983069e+002;3,144211e-003
5,987890e+002;3,122518e-003
5,992711e+002;3,103362e-003
5,997532e+002;3,077967e-003
6,002354e+002;3,045333e-003
6,007175e+002;3,014936e-003
6,011996e+002;3,002424e-003
6,016817e+002;3,020575e-003
6,021638e+002;3,071894e-003
6,026459e+002;3,144845e-003
6,031281e+002;3,217108e-003
6,036102e+002;3,264043e-003
6,040923e+002;3,264911e-003
6,045744e+002;3,213669e-003
6,050565e+002;3,119948e-003
6,055386e+002;3,009698e-003
6,060208e+002;2,915687e-003
6,065029e+002;2,870691e-003
6,069850e+002;2,898842e-003
6,074671e+002;3,006862e-003
6,079492e+002;3,181659e-003
6,084313e+002;3,391522e-003
6,089135e+002;3,596942e-003
6,093956e+002;3,756569e-003
6,098777e+002;3,842940e-003
6,103598e+002;3,849124e-003
6,108419e+002;3,790561e-003
6,113240e+002;3,698486e-003
6,118062e+002;3,608870e-003
6,122883e+002;3,549236e-003
6,127704e+002;3,527356e-003
6,132525e+002;3,529226e-003
6,137346e+002;3,524049e-003
6,142167e+002;3,478789e-003
6,146989e+002;3,367178e-003
6,151810e+002;3,182260e-003
6,156631e+002;2,937970e-003
6,161452e+002;2,667447e-003
6,166273e+002;2,411952e-003
6,171094e+002;2,209388e-003
6,175916e+002;2,088482e-003
6,180737e+002;2,061049e-003
6,185558e+002;2,122510e-003
6,190379e+002;2,253684e-003
6,195200e+002;2,426679e-003
6,200021e+002;2,608442e-003
6,204843e+002;2,766839e-003
6,209664e+002;2,880063e-003
6,214485e+002;2,938037e-003
6,219306e+002;2,946277e-003
6,224127e+002;2,921792e-003
6,228948e+002;2,886934e-003
6,233770e+002;2,857883e-003
6,238591e+002;2,838038e-003
6,243412e+002;2,815960e-003
6,248233e+002;2,772875e-003
6,253054e+002;2,694251e-003
6,257875e+002;2,581476e-003
6,262697e+002;2,456734e-003
6,267518e+002;2,359878e-003
6,272339e+002;2,333194e-003
6,277160e+002;2,402256e-003
6,281981e+002;2,566277e-003
6,286802e+002;2,795051e-003
6,291624e+002;3,040695e-003
6,296445e+002;3,249087e-003
6,301266e+002;3,382539e-003
6,306087e+002;3,427589e-003
6,310908e+002;3,395963e-003
6,315729e+002;3,314022e-003
6,320551e+002;3,209196e-003
6,325372e+002;3,100492e-003
6,330193e+002;2,992182e-003
6,335014e+002;2,880397e-003
6,339835e+002;2,760837e-003
6,344656e+002;2,637110e-003
6,349478e+002;2,522250e-003
6,354299e+002;2,434542e-003
6,359120e+002;2,388629e-003
6,363941e+002;2,389929e-003
6,368762e+002;2,431210e-003
6,373583e+002;2,496656e-003
6,378405e+002;2,567577e-003
6,383226e+002;2,630610e-003
6,388047e+002;2,680349e-003
6,392868e+002;2,717824e-003
6,397689e+002;2,747132e-003
6,402510e+002;2,771208e-003
6,407332e+002;2,789648e-003
6,412153e+002;2,798652e-003
6,416974e+002;2,794784e-003
6,421795e+002;2,775643e-003
6,426616e+002;2,742264e-003
6,431437e+002;2,697252e-003
6,436259e+002;2,643544e-003
6,441080e+002;2,584842e-003
6,445901e+002;2,526382e-003
6,450722e+002;2,476428e-003
6,455543e+002;2,447437e-003
6,460364e+002;2,453202e-003
6,465186e+002;2,503521e-003
6,470007e+002;2,599509e-003
6,474828e+002;2,729994e-003
6,479649e+002;2,873659e-003
6,484470e+002;3,003526e-003
6,489291e+002;3,098256e-003
6,494113e+002;3,149484e-003
6,498934e+002;3,164403e-003
6,503755e+002;3,161066e-003
6,508576e+002;3,158863e-003
6,513397e+002;3,170678e-003
6,518218e+002;3,196112e-003
6,523040e+002;3,223250e-003
6,527861e+002;3,234466e-003
6,532682e+002;3,217041e-003
6,537503e+002;3,167207e-003
6,542324e+002;3,093418e-003
6,547145e+002;3,009564e-003
6,551967e+002;2,930465e-003
6,556788e+002;2,863053e-003
6,561609e+002;2,803821e-003
6,566431e+002;2,739997e-003
6,571251e+002;2,656579e-003
6,576073e+002;2,541980e-003
6,580894e+002;2,394926e-003
6,585715e+002;2,226373e-003
6,590536e+002;2,059950e-003
6,595358e+002;1,927570e-003
6,600178e+002;1,859049e-003
6,605000e+002;1,878416e-003
6,609821e+002;1,993239e-003
6,614642e+002;2,192071e-003
6,619463e+002;2,442073e-003
6,624285e+002;2,695518e-003
6,629105e+002;2,901477e-003
6,633927e+002;3,015103e-003
6,638748e+002;3,014870e-003
6,643569e+002;2,904879e-003
6,648390e+002;2,712589e-003
6,653212e+002;2,476827e-003
6,658032e+002;2,247422e-003
6,662854e+002;2,079559e-003
6,667675e+002;2,029057e-003
6,672496e+002;2,145385e-003
6,677317e+002;2,436941e-003
6,682139e+002;2,842641e-003
6,686959e+002;3,242845e-003
6,691781e+002;3,541085e-003
6,696602e+002;3,706272e-003
6,701423e+002;3,754831e-003
6,706244e+002;3,713791e-003
6,711066e+002;3,601252e-003
6,715886e+002;3,426052e-003
6,720708e+002;3,194242e-003
6,725529e+002;2,918656e-003
6,730350e+002;2,624143e-003
6,735171e+002;2,343321e-003
6,739993e+002;2,116683e-003
6,744813e+002;1,979725e-003
6,749635e+002;1,956093e-003
6,754456e+002;2,054524e-003
6,759277e+002;2,264542e-003
6,764098e+002;2,556878e-003
6,768920e+002;2,885066e-003
6,773740e+002;3,197781e-003
6,778562e+002;3,446158e-003
6,783383e+002;3,596007e-003
6,788204e+002;3,637604e-003
6,793025e+002;3,586352e-003
6,797847e+002;3,481694e-003
6,802667e+002;3,371486e-003
6,807489e+002;3,303037e-003
6,812310e+002;3,303438e-003
6,817131e+002;3,373890e-003
6,821952e+002;3,490512e-003
6,826774e+002;3,617557e-003
6,831594e+002;3,720542e-003
6,836416e+002;3,778127e-003
6,841237e+002;3,790159e-003
6,846058e+002;3,773982e-003
6,850879e+002;3,754196e-003
6,855701e+002;3,749517e-003
6,860521e+002;3,765125e-003
6,865343e+002;3,790795e-003
6,870164e+002;3,808710e-003
6,874985e+002;3,800087e-003
6,879806e+002;3,757338e-003
6,884628e+002;3,686924e-003
6,889448e+002;3,609705e-003
6,894270e+002;3,550105e-003
6,899091e+002;3,531197e-003
6,903912e+002;3,566908e-003
6,908733e+002;3,660325e-003
6,913555e+002;3,804599e-003
6,918375e+002;3,986104e-003
6,923197e+002;4,188929e-003
6,928018e+002;4,397238e-003
6,932839e+002;4,598580e-003
6,937660e+002;4,784874e-003
6,942482e+002;4,953685e-003
6,947302e+002;5,107944e-003
6,952124e+002;5,254780e-003
6,956945e+002;5,403309e-003
6,961766e+002;5,560178e-003
6,966587e+002;5,727915e-003
6,971409e+002;5,903777e-003
6,976229e+002;6,082533e-003
6,981051e+002;6,259682e-003
6,985872e+002;6,436332e-003
6,990693e+002;6,618772e-003
6,995514e+002;6,817714e-003
7,000336e+002;7,040084e-003
7,005156e+002;7,284806e-003
7,009978e+002;7,537521e-003
7,014799e+002;7,774225e-003
7,019620e+002;7,967049e-003
7,024441e+002;8,092810e-003
7,029263e+002;8,143011e-003
7,034083e+002;8,126096e-003
7,038905e+002;8,067055e-003
7,043726e+002;7,996275e-003
7,048547e+002;7,945282e-003
7,053368e+002;7,938466e-003
7,058190e+002;7,991584e-003
7,063010e+002;8,115327e-003
7,067832e+002;8,317726e-003
7,072653e+002;8,605379e-003
7,077474e+002;8,980926e-003
7,082295e+002;9,441446e-003
7,087117e+002;9,974120e-003
7,091937e+002;1,055599e-002
7,096759e+002;1,116058e-002
7,101580e+002;1,176236e-002
7,106401e+002;1,234493e-002
7,111222e+002;1,290651e-002
7,116044e+002;1,345924e-002
7,120864e+002;1,402408e-002
7,125686e+002;1,462199e-002
7,130507e+002;1,527125e-002
7,135328e+002;1,598287e-002
7,140149e+002;1,676343e-002
7,144971e+002;1,761851e-002
7,149791e+002;1,855431e-002
7,154613e+002;1,957646e-002
7,159434e+002;2,068490e-002
7,164255e+002;2,186872e-002
7,169076e+002;2,310180e-002
7,173898e+002;2,434322e-002
7,178718e+002;2,554820e-002
7,183540e+002;2,667261e-002
7,188361e+002;2,768497e-002
7,193182e+002;2,857080e-002
7,198003e+002;2,932782e-002
7,202825e+002;2,995771e-002
7,207645e+002;3,045695e-002
7,212467e+002;3,081301e-002
7,217288e+002;3,100776e-002
7,222109e+002;3,102442e-002
7,226930e+002;3,085577e-002
7,231752e+002;3,050732e-002
7,236572e+002;2,999676e-002
7,241394e+002;2,935023e-002
7,246215e+002;2,859585e-002
7,251036e+002;2,776557e-002
7,255857e+002;2,689210e-002
7,260679e+002;2,600810e-002
7,265499e+002;2,514785e-002
7,270321e+002;2,434052e-002
7,275142e+002;2,360802e-002
7,279963e+002;2,296340e-002
7,284784e+002;2,241070e-002
7,289606e+002;2,194738e-002
7,294426e+002;2,156710e-002
7,299248e+002;2,126152e-002
7,304069e+002;2,102058e-002
7,308890e+002;2,083109e-002
7,313711e+002;2,067733e-002
7,318533e+002;2,054005e-002
7,323353e+002;2,040060e-002
7,328175e+002;2,024505e-002
7,332996e+002;2,006634e-002
7,337817e+002;1,986793e-002
7,342638e+002;1,965883e-002
7,347460e+002;1,945222e-002
7,352280e+002;1,925766e-002
7,357102e+002;1,907928e-002
7,361923e+002;1,891583e-002
7,366744e+002;1,876281e-002
7,371565e+002;1,861473e-002
7,376387e+002;1,846652e-002
7,381207e+002;1,831297e-002
7,386029e+002;1,814659e-002
7,390850e+002;1,795642e-002
7,395671e+002;1,773104e-002
7,400492e+002;1,746191e-002
7,405314e+002;1,714879e-002
7,410134e+002;1,680431e-002
7,414956e+002;1,645154e-002
7,419777e+002;1,611607e-002
7,424598e+002;1,581982e-002
7,429419e+002;1,557203e-002
7,434241e+002;1,536818e-002
7,439061e+002;1,519339e-002
7,443883e+002;1,503080e-002
7,448704e+002;1,486972e-002
7,453525e+002;1,471007e-002
7,458346e+002;1,456172e-002
7,463168e+002;1,443828e-002
7,467988e+002;1,435135e-002
7,472810e+002;1,430351e-002
7,477631e+002;1,428793e-002
7,482452e+002;1,428858e-002
7,487273e+002;1,428704e-002
7,492095e+002;1,426451e-002
7,496915e+002;1,420607e-002
7,501737e+002;1,410152e-002
7,506558e+002;1,394616e-002
7,511379e+002;1,373992e-002
7,516200e+002;1,348894e-002
7,521022e+002;1,320699e-002
7,525842e+002;1,291337e-002
7,530664e+002;1,262923e-002
7,535485e+002;1,237418e-002
7,540306e+002;1,215854e-002
7,545127e+002;1,198319e-002
7,549949e+002;1,183985e-002
7,554769e+002;1,171708e-002
7,559591e+002;1,160538e-002
7,564412e+002;1,150166e-002
7,569233e+002;1,140950e-002
7,574054e+002;1,133756e-002
7,578876e+002;1,129359e-002
7,583696e+002;1,128094e-002
7,588518e+002;1,129723e-002
7,593339e+002;1,133580e-002
7,598160e+002;1,138664e-002
7,602981e+002;1,143968e-002
7,607803e+002;1,148632e-002
7,612623e+002;1,151816e-002
7,617445e+002;1,152711e-002
7,622266e+002;1,150694e-002
7,627087e+002;1,145495e-002
7,631908e+002;1,137590e-002
7,636730e+002;1,128230e-002
7,641550e+002;1,119389e-002
7,646372e+002;1,113110e-002
7,651193e+002;1,110690e-002
7,656014e+002;1,112158e-002
7,660835e+002;1,116075e-002
7,665657e+002;1,120049e-002
7,670477e+002;1,121446e-002
7,675299e+002;1,118611e-002
7,680120e+002;1,111353e-002
7,684941e+002;1,101176e-002
7,689762e+002;1,090524e-002
7,694584e+002;1,082173e-002
7,699404e+002;1,078103e-002
7,704226e+002;1,078973e-002
7,709047e+002;1,084109e-002
7,713868e+002;1,091754e-002
7,718689e+002;1,099732e-002
7,723511e+002;1,105890e-002
7,728331e+002;1,108752e-002
7,733153e+002;1,107722e-002
7,737974e+002;1,103114e-002
7,742795e+002;1,095970e-002
7,747616e+002;1,087697e-002
7,752438e+002;1,079550e-002
7,757258e+002;1,071902e-002
7,762080e+002;1,063959e-002
7,766901e+002;1,053698e-002
7,771722e+002;1,038625e-002
7,776543e+002;1,016579e-002
7,781365e+002;9,871235e-003
7,786185e+002;9,522181e-003
7,791007e+002;9,164405e-003
7,795828e+002;8,855043e-003
7,800649e+002;8,648135e-003
7,805470e+002;8,576551e-003
7,810292e+002;8,638434e-003
7,815112e+002;8,798472e-003
7,819934e+002;8,997332e-003
7,824755e+002;9,174422e-003
7,829576e+002;9,277854e-003
7,834397e+002;9,281239e-003
7,839219e+002;9,184676e-003
7,844039e+002;9,007751e-003
7,848861e+002;8,777034e-003
7,853682e+002;8,517853e-003
7,858503e+002;8,249743e-003
7,863324e+002;7,986218e-003
7,868146e+002;7,738403e-003
7,872966e+002;7,518271e-003
7,877788e+002;7,336025e-003
7,882609e+002;7,199231e-003
7,887430e+002;7,107474e-003
7,892251e+002;7,053050e-003
7,897073e+002;7,021866e-003
7,901893e+002;6,999373e-003
7,906715e+002;6,975365e-003
7,911536e+002;6,946577e-003
7,916357e+002;6,915469e-003
7,921178e+002;6,887056e-003
7,926000e+002;6,865074e-003
7,930820e+002;6,849354e-003
7,935642e+002;6,837472e-003
7,940463e+002;6,826095e-003
7,945284e+002;6,813810e-003
7,950105e+002;6,801862e-003
7,954927e+002;6,791529e-003
7,959747e+002;6,783721e-003
7,964569e+002;6,777158e-003
7,969390e+002;6,771201e-003
7,974211e+002;6,769182e-003
7,979032e+002;6,781197e-003
7,983854e+002;6,822292e-003
7,988674e+002;6,908231e-003
7,993496e+002;7,046820e-003
7,998317e+002;7,232717e-003
8,003138e+002;7,445053e-003
8,007959e+002;7,653412e-003
8,012781e+002;7,830292e-003
8,017601e+002;7,959355e-003
8,022423e+002;8,042684e-003
8,027244e+002;8,097908e-003
8,032065e+002;8,149999e-003
8,036886e+002;8,218001e-003
8,041708e+002;8,306039e-003
8,046528e+002;8,403522e-003
8,051350e+002;8,491769e-003
8,056171e+002;8,555667e-003
8,060992e+002;8,592604e-003
8,065813e+002;8,615281e-003
8,070635e+002;8,647324e-003
8,075455e+002;8,713037e-003
8,080277e+002;8,826063e-003
8,085098e+002;8,986440e-003
8,089919e+002;9,181563e-003
8,094740e+002;9,394244e-003
8,099562e+002;9,608351e-003
8,104382e+002;9,815175e-003
8,109204e+002;1,001199e-002
8,114025e+002;1,019689e-002
8,118846e+002;1,036555e-002
8,123668e+002;1,050759e-002
8,128489e+002;1,060974e-002
8,133310e+002;1,066247e-002
8,138131e+002;1,066291e-002
8,142952e+002;1,061823e-002
8,147773e+002;1,054116e-002
8,152595e+002;1,044571e-002
8,157416e+002;1,034074e-002
8,162237e+002;1,022807e-002
8,167058e+002;1,010562e-002
8,171879e+002;9,971036e-003
8,176700e+002;9,826562e-003
8,181522e+002;9,678613e-003
8,186343e+002;9,535017e-003
8,191164e+002;9,399898e-003
8,195985e+002;9,271592e-003
8,200806e+002;9,141868e-003
8,205627e+002;9,001222e-003
8,210449e+002;8,843443e-003
8,215270e+002;8,669768e-003
8,220091e+002;8,489200e-003
8,224912e+002;8,313436e-003
8,229733e+002;8,152227e-003
8,234554e+002;8,010113e-003
8,239376e+002;7,885388e-003
8,244197e+002;7,774630e-003
8,249018e+002;7,675501e-003
8,253839e+002;7,589444e-003
8,258660e+002;7,520900e-003
8,263481e+002;7,473401e-003
8,268303e+002;7,445120e-003
8,273124e+002;7,428571e-003
8,277945e+002;7,411246e-003
8,282766e+002;7,382464e-003
8,287587e+002;7,336160e-003
8,292408e+002;7,274900e-003
8,297230e+002;7,206271e-003
8,302051e+002;7,138260e-003
8,306872e+002;7,073761e-003
8,311693e+002;7,007521e-003
8,316514e+002;6,929407e-003
8,321335e+002;6,830370e-003
8,326157e+002;6,708911e-003
8,330978e+002;6,576048e-003
8,335799e+002;6,451397e-003
8,340620e+002;6,359934e-003
8,345441e+002;6,322177e-003
8,350262e+002;6,347460e-003
8,355084e+002;6,432733e-003
8,359905e+002;6,564341e-003
8,364726e+002;6,723212e-003
8,369547e+002;6,887965e-003
8,374368e+002;7,040825e-003
8,379189e+002;7,167464e-003
8,384011e+002;7,257615e-003
8,388832e+002;7,306607e-003
8,393653e+002;7,316783e-003
8,398474e+002;7,300340e-003
8,403295e+002;7,276686e-003
8,408116e+002;7,271160e-003
8,412938e+002;7,305259e-003
8,417759e+002;7,387452e-003
8,422580e+002;7,509101e-003
8,427401e+002;7,644880e-003
8,432222e+002;7,761845e-003
8,437043e+002;7,828572e-003
8,441865e+002;7,829078e-003
8,446686e+002;7,766838e-003
8,451507e+002;7,663259e-003
8,456328e+002;7,545579e-003
8,461149e+002;7,439525e-003
8,465970e+002;7,358805e-003
8,470792e+002;7,304248e-003
8,475613e+002;7,269206e-003
8,480434e+002;7,246632e-003
8,485255e+002;7,235783e-003
8,490076e+002;7,242993e-003
8,494897e+002;7,278236e-003
8,499719e+002;7,348695e-003
8,504540e+002;7,453884e-003
8,509361e+002;7,584150e-003
8,514182e+002;7,723731e-003
8,519003e+002;7,856237e-003
8,523824e+002;7,970930e-003
8,528646e+002;8,063544e-003
8,533467e+002;8,134536e-003
8,538288e+002;8,184573e-003
8,543109e+002;8,210808e-003
8,547930e+002;8,206959e-003
8,552751e+002;8,164585e-003
8,557573e+002;8,079207e-003
8,562394e+002;7,952807e-003
8,567215e+002;7,795275e-003
8,572036e+002;7,622320e-003
8,576857e+002;7,450109e-003
8,581678e+002;7,293364e-003
8,586500e+002;7,162984e-003
8,591321e+002;7,066184e-003
8,596142e+002;7,007925e-003
8,600963e+002;6,991392e-003
8,605784e+002;7,016344e-003
8,610605e+002;7,077937e-003
8,615427e+002;7,165982e-003
8,620248e+002;7,266443e-003
8,625069e+002;7,363827e-003
8,629890e+002;7,448323e-003
8,634711e+002;7,517596e-003
8,639532e+002;7,579193e-003
8,644354e+002;7,645318e-003
8,649175e+002;7,728284e-003
8,653996e+002;7,833463e-003
8,658817e+002;7,956419e-003
8,663638e+002;8,083662e-003
8,668459e+002;8,198821e-003
8,673281e+002;8,288309e-003
8,678102e+002;8,345861e-003
8,682923e+002;8,373728e-003
8,687744e+002;8,379504e-003
8,692565e+002;8,371195e-003
8,697386e+002;8,352380e-003
8,702208e+002;8,322116e-003
8,707029e+002;8,276084e-003
8,711850e+002;8,211315e-003
8,716671e+002;8,130587e-003
8,721492e+002;8,043764e-003
8,726313e+002;7,966341e-003
8,731135e+002;7,917275e-003
8,735956e+002;7,912989e-003
8,740777e+002;7,962628e-003
8,745598e+002;8,066515e-003
8,750419e+002;8,214151e-003
8,755240e+002;8,386158e-003
8,760062e+002;8,556343e-003
8,764883e+002;8,697858e-003
8,769704e+002;8,786265e-003
8,774525e+002;8,804050e-003
8,779346e+002;8,744138e-003
8,784167e+002;8,611260e-003
8,788989e+002;8,420480e-003
8,793810e+002;8,192777e-003
8,798631e+002;7,952302e-003
8,803452e+002;7,721302e-003
8,808273e+002;7,516989e-003
8,813094e+002;7,353649e-003
8,817916e+002;7,240231e-003
8,822737e+002;7,182050e-003
8,827558e+002;7,179557e-003
8,832379e+002;7,227529e-003
8,837200e+002;7,315975e-003
8,842021e+002;7,430930e-003
8,846843e+002;7,559604e-003
8,851664e+002;7,692297e-003
8,856485e+002;7,826007e-003
8,861306e+002;7,963911e-003
8,866127e+002;8,112458e-003
8,870948e+002;8,275172e-003
8,875770e+002;8,449873e-003
8,880591e+002;8,626165e-003
8,885412e+002;8,788801e-003
8,890233e+002;8,923087e-003
8,895054e+002;9,019389e-003
8,899875e+002;9,078154e-003
8,904697e+002;9,107253e-003
8,909518e+002;9,118723e-003
8,914339e+002;9,121532e-003
8,919160e+002;9,119162e-003
8,923981e+002;9,109350e-003
8,928802e+002;9,088710e-003
8,933624e+002;9,056501e-003
8,938445e+002;9,017562e-003
8,943266e+002;8,981332e-003
8,948087e+002;8,956639e-003
8,952908e+002;8,946221e-003
8,957729e+002;8,944226e-003
8,962551e+002;8,937225e-003
8,967372e+002;8,911858e-003
8,972193e+002;8,860758e-003
8,977014e+002;8,787618e-003
8,981835e+002;8,704991e-003
8,986656e+002;8,629883e-003
8,991478e+002;8,573408e-003
8,996299e+002;8,535357e-003
9,001120e+002;8,503290e-003
9,005941e+002;8,458286e-003
9,010762e+002;8,383929e-003
9,015583e+002;8,272875e-003
9,020405e+002;8,131092e-003
9,025226e+002;7,974102e-003
9,030047e+002;7,820947e-003
9,034868e+002;7,685315e-003
9,039689e+002;7,573091e-003
9,044510e+002;7,482098e-003
9,049332e+002;7,406831e-003
9,054153e+002;7,342731e-003
9,058974e+002;7,288782e-003
9,063795e+002;7,247305e-003
9,068616e+002;7,219915e-003
9,073438e+002;7,204621e-003
9,078259e+002;7,195963e-003
9,083080e+002;7,187035e-003
9,087901e+002;7,175010e-003
9,092722e+002;7,164971e-003
9,097543e+002;7,169553e-003
9,102365e+002;7,203475e-003
9,107186e+002;7,278741e-003
9,112007e+002;7,397360e-003
9,116829e+002;7,549692e-003
9,121649e+002;7,716142e-003
9,126471e+002;7,875266e-003
9,131292e+002;8,011800e-003
9,136113e+002;8,120560e-003
9,140934e+002;8,207499e-003
9,145756e+002;8,284898e-003
9,150576e+002;8,365384e-003
9,155398e+002;8,455245e-003
9,160219e+002;8,552828e-003
9,165040e+002;8,649216e-003
9,169861e+002;8,733658e-003
9,174683e+002;8,795631e-003
9,179503e+002;8,828836e-003
9,184325e+002;8,831203e-003
9,189146e+002;8,803611e-003
9,193967e+002;8,748635e-003
9,198788e+002;8,670849e-003
9,203610e+002;8,576957e-003
9,208430e+002;8,475989e-003
9,213252e+002;8,378896e-003
9,218073e+002;8,296516e-003
9,222894e+002;8,235965e-003
9,227715e+002;8,200273e-003
9,232537e+002;8,186260e-003
9,237357e+002;8,187611e-003
9,242179e+002;8,196120e-003
9,247000e+002;8,204021e-003
9,251821e+002;8,206014e-003
9,256642e+002;8,198382e-003
9,261464e+002;8,179305e-003
9,266284e+002;8,147939e-003
9,271106e+002;8,105976e-003
9,275927e+002;8,059088e-003
9,280748e+002;8,017505e-003
9,285569e+002;7,996275e-003
9,290391e+002;8,009370e-003
9,295211e+002;8,067763e-003
9,300033e+002;8,172722e-003
9,304854e+002;8,315767e-003
9,309675e+002;8,478455e-003
9,314496e+002;8,639009e-003
9,319318e+002;8,779503e-003
9,324138e+002;8,889841e-003
9,328960e+002;8,971692e-003
9,333781e+002;9,035390e-003
9,338602e+002;9,095883e-003
9,343423e+002;9,165420e-003
9,348245e+002;9,250166e-003
9,353065e+002;9,347725e-003
9,357887e+002;9,450419e-003
9,362708e+002;9,547515e-003
9,367529e+002;9,630539e-003
9,372350e+002;9,696266e-003
9,377172e+002;9,746347e-003
9,381992e+002;9,786774e-003
9,386814e+002;9,823037e-003
9,391635e+002;9,858049e-003
9,396456e+002;9,888860e-003
9,401277e+002;9,906488e-003
9,406099e+002;9,896725e-003
9,410919e+002;9,846492e-003
9,415741e+002;9,747600e-003
9,420562e+002;9,602897e-003
9,425383e+002;9,427596e-003
9,430204e+002;9,249455e-003
9,435026e+002;9,100586e-003
9,439846e+002;9,006702e-003
9,444668e+002;8,980250e-003
9,449489e+002;9,013570e-003
9,454310e+002;9,082214e-003
9,459131e+002;9,150666e-003
9,463953e+002;9,188568e-003
9,468773e+002;9,179972e-003
9,473595e+002;9,129212e-003
9,478416e+002;9,059208e-003
9,483237e+002;9,002339e-003
9,488058e+002;8,987658e-003
9,492880e+002;9,027846e-003
9,497700e+002;9,115914e-003
9,502522e+002;9,227997e-003
9,507343e+002;9,333540e-003
9,512164e+002;9,404672e-003
9,516985e+002;9,428645e-003
9,521807e+002;9,410632e-003
9,526627e+002;9,371695e-003
9,531449e+002;9,339397e-003
9,536270e+002;9,339735e-003
9,541091e+002;9,388759e-003
9,545912e+002;9,488076e-003
9,550734e+002;9,624171e-003
9,555554e+002;9,772846e-003
9,560376e+002;9,907166e-003
9,565197e+002;1,000179e-002
9,570018e+002;1,004088e-002
9,574839e+002;1,002186e-002
9,579661e+002;9,956219e-003
9,584481e+002;9,866998e-003
9,589303e+002;9,782165e-003
9,594124e+002;9,729167e-003
9,598945e+002;9,724457e-003
9,603766e+002;9,770847e-003
9,608588e+002;9,856219e-003
9,613408e+002;9,959780e-003
9,618230e+002;1,005750e-002
9,623051e+002;1,013075e-002
9,627872e+002;1,017203e-002
9,632693e+002;1,018536e-002
9,637515e+002;1,018251e-002
9,642335e+002;1,017657e-002
9,647157e+002;1,017688e-002
9,651978e+002;1,018427e-002
9,656799e+002;1,019174e-002
9,661620e+002;1,018617e-002
9,666442e+002;1,015487e-002
9,671262e+002;1,008863e-002
9,676084e+002;9,985309e-003
9,680905e+002;9,851169e-003
9,685726e+002;9,699858e-003
9,690547e+002;9,550462e-003
9,695369e+002;9,421941e-003
9,700189e+002;9,330831e-003
9,705011e+002;9,285572e-003
9,709832e+002;9,283676e-003
9,714653e+002;9,312212e-003
9,719474e+002;9,352228e-003
9,724296e+002;9,384188e-003
9,729116e+002;9,393838e-003
9,733938e+002;9,377891e-003
9,738759e+002;9,343561e-003
9,743580e+002;9,304934e-003
9,748401e+002;9,275247e-003
9,753223e+002;9,261674e-003
9,758043e+002;9,261979e-003
9,762865e+002;9,265939e-003
9,767686e+002;9,261132e-003
9,772507e+002;9,239200e-003
9,777328e+002;9,199804e-003
9,782150e+002;9,150395e-003
9,786970e+002;9,100586e-003
9,791792e+002;9,056771e-003
9,796613e+002;9,017528e-003
9,801434e+002;8,974466e-003
9,806255e+002;8,916830e-003
9,811077e+002;8,837932e-003
9,815897e+002;8,740691e-003
9,820719e+002;8,637150e-003
9,825540e+002;8,543872e-003
9,830361e+002;8,473151e-003
9,835182e+002;8,427406e-003
9,840004e+002;8,396833e-003
9,844824e+002;8,364405e-003
9,849646e+002;8,312896e-003
9,854467e+002;8,234715e-003
9,859288e+002;8,136089e-003
9,864109e+002;8,035089e-003
9,868931e+002;7,952909e-003
9,873751e+002;7,906781e-003
9,878573e+002;7,901550e-003
9,883394e+002;7,929388e-003
9,888215e+002;7,972753e-003
9,893036e+002;8,013049e-003
9,897858e+002;8,038228e-003
9,902678e+002;8,046092e-003
9,907500e+002;8,043798e-003
9,912321e+002;8,042819e-003
9,917142e+002;8,053654e-003
9,921963e+002;8,080827e-003
9,926785e+002;8,122721e-003
9,931605e+002;8,172519e-003
9,936427e+002;8,223200e-003
9,941248e+002;8,268890e-003
9,946069e+002;8,307593e-003
9,950890e+002;8,340525e-003
9,955712e+002;8,370688e-003
9,960532e+002;8,401664e-003
9,965354e+002;8,436257e-003
9,970175e+002;8,476732e-003
9,974996e+002;8,523834e-003
9,979817e+002;8,576551e-003
9,984639e+002;8,630998e-003
9,989459e+002;8,680618e-003
9,994281e+002;8,716282e-003
9,999102e+002;8,728554e-003
1,000392e+003;8,710805e-003
1,000874e+003;8,660810e-003
1,001357e+003;8,582702e-003
1,001839e+003;8,485213e-003
1,002321e+003;8,380822e-003
1,002803e+003;8,282737e-003
1,003285e+003;8,202468e-003
1,003767e+003;8,150168e-003
1,004249e+003;8,132443e-003
1,004731e+003;8,152869e-003
1,005214e+003;8,210436e-003
1,005696e+003;8,299623e-003
1,006178e+003;8,409501e-003
1,006660e+003;8,525017e-003
1,007142e+003;8,630862e-003
1,007624e+003;8,713408e-003
1,008106e+003;8,764965e-003
1,008588e+003;8,785116e-003
1,009070e+003;8,779740e-003
1,009552e+003;8,757662e-003
1,010035e+003;8,726457e-003
1,010517e+003;8,691131e-003
1,010999e+003;8,652495e-003
1,011481e+003;8,609976e-003
1,011963e+003;8,564149e-003
1,012445e+003;8,518563e-003
1,012927e+003;8,480416e-003
1,013409e+003;8,458488e-003
1,013892e+003;8,459029e-003
1,014374e+003;8,484470e-003
1,014856e+003;8,532180e-003
1,015338e+003;8,595037e-003
1,015820e+003;8,663582e-003
1,016302e+003;8,728249e-003
1,016784e+003;8,780788e-003
1,017266e+003;8,814161e-003
1,017749e+003;8,823324e-003
1,018231e+003;8,805877e-003
1,018713e+003;8,763004e-003
1,019195e+003;8,701036e-003
1,019677e+003;8,631978e-003
1,020159e+003;8,570975e-003
1,020641e+003;8,530998e-003
1,021123e+003;8,519915e-003
1,021605e+003;8,536438e-003
1,022088e+003;8,571820e-003
1,022570e+003;8,613829e-003
1,023052e+003;8,653678e-003
1,023534e+003;8,690962e-003
1,024016e+003;8,735078e-003
1,024498e+003;8,800399e-003
1,024980e+003;8,899277e-003
1,025462e+003;9,033529e-003
1,025944e+003;9,190633e-003
1,026427e+003;9,344103e-003
1,026909e+003;9,462169e-003
1,027391e+003;9,520047e-003
1,027873e+003;9,508057e-003
1,028355e+003;9,437246e-003
1,028837e+003;9,334454e-003
1,029319e+003;9,236627e-003
1,029801e+003;9,174693e-003
1,030284e+003;9,166435e-003
1,030766e+003;9,210769e-003
1,031248e+003;9,290108e-003
1,031730e+003;9,376842e-003
1,032212e+003;9,441818e-003
1,032694e+003;9,465454e-003
1,033176e+003;9,440464e-003
1,033658e+003;9,372677e-003
1,034141e+003;9,277515e-003
1,034623e+003;9,174422e-003
1,035105e+003;9,079812e-003
1,035587e+003;9,002947e-003
1,036069e+003;8,944598e-003
1,036551e+003;8,899176e-003
1,037033e+003;8,858120e-003
1,037515e+003;8,815953e-003
1,037997e+003;8,773789e-003
1,038479e+003;8,741129e-003
1,038962e+003;8,732880e-003
1,039444e+003;8,763342e-003
1,039926e+003;8,841415e-003
1,040408e+003;8,963574e-003
1,040890e+003;9,113647e-003
1,041372e+003;9,263773e-003
1,041854e+003;9,383037e-003
1,042336e+003;9,444900e-003
1,042819e+003;9,433555e-003
1,043301e+003;9,349892e-003
1,043783e+003;9,209686e-003
1,044265e+003;9,039450e-003
1,044747e+003;8,867758e-003
1,045229e+003;8,721421e-003
1,045711e+003;8,619472e-003
1,046193e+003;8,570908e-003
1,046676e+003;8,576112e-003
1,047158e+003;8,628024e-003
1,047640e+003;8,716146e-003
1,048122e+003;8,827618e-003
1,048604e+003;8,950281e-003
1,049086e+003;9,072910e-003
1,049568e+003;9,185049e-003
1,050050e+003;9,278091e-003
1,050532e+003;9,345626e-003
1,051015e+003;9,384256e-003
1,051497e+003;9,394007e-003
1,051979e+003;9,380024e-003
1,052461e+003;9,352126e-003
1,052943e+003;9,321657e-003
1,053425e+003;9,301651e-003
1,053907e+003;9,301414e-003
1,054389e+003;9,324603e-003
1,054871e+003;9,366515e-003
1,055354e+003;9,417302e-003
1,055836e+003;9,465150e-003
1,056318e+003;9,500979e-003
1,056800e+003;9,523163e-003
1,057282e+003;9,537659e-003
1,057764e+003;9,555475e-003
1,058246e+003;9,585215e-003
1,058728e+003;9,627761e-003
1,059211e+003;9,672312e-003
1,059693e+003;9,699281e-003
1,060175e+003;9,685356e-003
1,060657e+003;9,613839e-003
1,061139e+003;9,482861e-003
1,061621e+003;9,307642e-003
1,062103e+003;9,116117e-003
1,062585e+003;8,940539e-003
1,063068e+003;8,808345e-003
1,063550e+003;8,731900e-003
1,064032e+003;8,708777e-003
1,064514e+003;8,724362e-003
1,064996e+003;8,759454e-003
1,065478e+003;8,795225e-003
1,065960e+003;8,818996e-003
1,066442e+003;8,823730e-003
1,066924e+003;8,806992e-003
1,067406e+003;8,768312e-003
1,067889e+003;8,709487e-003
1,068371e+003;8,635020e-003
1,068853e+003;8,554112e-003
1,069335e+003;8,479976e-003
1,069817e+003;8,428183e-003
1,070299e+003;8,410582e-003
1,070781e+003;8,431156e-003
1,071263e+003;8,483963e-003
1,071746e+003;8,556275e-003
1,072228e+003;8,630592e-003
1,072710e+003;8,691706e-003
1,073192e+003;8,731765e-003
1,073674e+003;8,748669e-003
1,074156e+003;8,743800e-003
1,074638e+003;8,718040e-003
1,075120e+003;8,668348e-003
1,075603e+003;8,588887e-003
1,076085e+003;8,474671e-003
1,076567e+003;8,327352e-003
1,077049e+003;8,157630e-003
1,077531e+003;7,986421e-003
1,078013e+003;7,840211e-003
1,078495e+003;7,741910e-003
1,078977e+003;7,707676e-003
1,079459e+003;7,741674e-003
1,079942e+003;7,835757e-003
1,080424e+003;7,971267e-003
1,080906e+003;8,123429e-003
1,081388e+003;8,264939e-003
1,081870e+003;8,367749e-003
1,082352e+003;8,409434e-003
1,082834e+003;8,375045e-003
1,083316e+003;8,262744e-003
1,083798e+003;8,085620e-003
1,084281e+003;7,874253e-003
1,084763e+003;7,670308e-003
1,085245e+003;7,514427e-003
1,085727e+003;7,438615e-003
1,086209e+003;7,453581e-003
1,086691e+003;7,546759e-003
1,087173e+003;7,684438e-003
1,087655e+003;7,825231e-003
1,088138e+003;7,931312e-003
1,088620e+003;7,977511e-003
1,089102e+003;7,959153e-003
1,089584e+003;7,888863e-003
1,090066e+003;7,789338e-003
1,090548e+003;7,683629e-003
1,091030e+003;7,590523e-003
1,091512e+003;7,520361e-003
1,091995e+003;7,475896e-003
1,092477e+003;7,454424e-003
1,092959e+003;7,451087e-003
1,093441e+003;7,460356e-003
1,093923e+003;7,476469e-003
1,094405e+003;7,494437e-003
1,094887e+003;7,511562e-003
1,095369e+003;7,527744e-003
1,095851e+003;7,546691e-003
1,096333e+003;7,575282e-003
1,096816e+003;7,620533e-003
1,097298e+003;7,685788e-003
1,097780e+003;7,767850e-003
1,098262e+003;7,855832e-003
1,098744e+003;7,934687e-003
1,099226e+003;7,987365e-003
1,099708e+003;8,002215e-003
1,100190e+003;7,976093e-003
1,100673e+003;7,914608e-003
1,101155e+003;7,830697e-003
1,101637e+003;7,740460e-003
1,102119e+003;7,660022e-003
1,102601e+003;7,600639e-003
1,103083e+003;7,569416e-003
1,103565e+003;7,567056e-003
1,104047e+003;7,588365e-003
1,104530e+003;7,622657e-003
1,105012e+003;7,654794e-003
1,105494e+003;7,670105e-003
1,105976e+003;7,657425e-003
1,106458e+003;7,614126e-003
1,106940e+003;7,548681e-003
1,107422e+003;7,480447e-003
1,107904e+003;7,431874e-003
1,108386e+003;7,422267e-003
1,108869e+003;7,458536e-003
1,109351e+003;7,532093e-003
1,109833e+003;7,618948e-003
1,110315e+003;7,687373e-003
1,110797e+003;7,710070e-003
1,111279e+003;7,669768e-003
1,111761e+003;7,566752e-003
1,112243e+003;7,417347e-003
1,112725e+003;7,249462e-003
1,113208e+003;7,092823e-003
1,113690e+003;6,974422e-003
1,114172e+003;6,914325e-003
1,114654e+003;6,923953e-003
1,115136e+003;7,006713e-003
1,115618e+003;7,158032e-003
1,116100e+003;7,366118e-003
1,116582e+003;7,609810e-003
1,117065e+003;7,860555e-003
1,117547e+003;8,086869e-003
1,118029e+003;8,256868e-003
1,118511e+003;8,348496e-003
1,118993e+003;8,354980e-003
1,119475e+003;8,287499e-003
1,119957e+003;8,172552e-003
1,120439e+003;8,045249e-003
1,120922e+003;7,941503e-003
1,121404e+003;7,886029e-003
1,121886e+003;7,890247e-003
1,122368e+003;7,948522e-003
1,122850e+003;8,042751e-003
1,123332e+003;8,146252e-003
1,123814e+003;8,231440e-003
1,124296e+003;8,277299e-003
1,124778e+003;8,271558e-003
1,125260e+003;8,213780e-003
1,125743e+003;8,114685e-003
1,126225e+003;7,994014e-003
1,126707e+003;7,873883e-003
1,127189e+003;7,775338e-003
1,127671e+003;7,713308e-003
1,128153e+003;7,693882e-003
1,128635e+003;7,715838e-003
1,129117e+003;7,772707e-003
1,129600e+003;7,857451e-003
1,130082e+003;7,964890e-003
1,130564e+003;8,092472e-003
1,131046e+003;8,238565e-003
1,131528e+003;8,399569e-003
1,132010e+003;8,567899e-003
1,132492e+003;8,730683e-003
1,132974e+003;8,871241e-003
1,133457e+003;8,974634e-003
1,133939e+003;9,030586e-003
1,134421e+003;9,037217e-003
1,134903e+003;9,001019e-003
1,135385e+003;8,935195e-003
1,135867e+003;8,855448e-003
1,136349e+003;8,775649e-003
1,136831e+003;8,706680e-003
1,137313e+003;8,655267e-003
1,137796e+003;8,624036e-003
1,138278e+003;8,613659e-003
1,138760e+003;8,623393e-003
1,139242e+003;8,651481e-003
1,139724e+003;8,696539e-003
1,140206e+003;8,757256e-003
1,140688e+003;8,832690e-003
1,141170e+003;8,922613e-003
1,141652e+003;9,025275e-003
1,142135e+003;9,136589e-003
1,142617e+003;9,248812e-003
1,143099e+003;9,351584e-003
1,143581e+003;9,433555e-003
1,144063e+003;9,487670e-003
1,144545e+003;9,515441e-003
1,145027e+003;9,529835e-003
1,145509e+003;9,552528e-003
1,145992e+003;9,607707e-003
1,146474e+003;9,714291e-003
1,146956e+003;9,876454e-003
1,147438e+003;1,008063e-002
1,147920e+003;1,029711e-002
1,148402e+003;1,049187e-002
1,148884e+003;1,063337e-002
1,149366e+003;1,070519e-002
1,149849e+003;1,070883e-002
1,150331e+003;1,066244e-002
1,150813e+003;1,059124e-002
1,151295e+003;1,051794e-002
1,151777e+003;1,045755e-002
1,152259e+003;1,041333e-002
1,152741e+003;1,038156e-002
1,153223e+003;1,035608e-002
1,153705e+003;1,033419e-002
1,154188e+003;1,031733e-002
1,154670e+003;1,031081e-002
1,155152e+003;1,031889e-002
1,155634e+003;1,034200e-002
1,156116e+003;1,037620e-002
1,156598e+003;1,041448e-002
1,157080e+003;1,045026e-002
1,157562e+003;1,048070e-002
1,158044e+003;1,050748e-002
1,158527e+003;1,053539e-002
1,159009e+003;1,056869e-002
1,159491e+003;1,060780e-002
1,159973e+003;1,064763e-002
1,160455e+003;1,067935e-002
1,160937e+003;1,069232e-002
1,161419e+003;1,067853e-002
1,161901e+003;1,063639e-002
1,162384e+003;1,057086e-002
1,162866e+003;1,049363e-002
1,163348e+003;1,041937e-002
1,163830e+003;1,036460e-002
1,164312e+003;1,034207e-002
1,164794e+003;1,035927e-002
1,165276e+003;1,041520e-002
1,165758e+003;1,050100e-002
1,166240e+003;1,060047e-002
1,166723e+003;1,069321e-002
1,167205e+003;1,076042e-002
1,167687e+003;1,078807e-002
1,168169e+003;1,077020e-002
1,168651e+003;1,070988e-002
1,169133e+003;1,061616e-002
1,169615e+003;1,049978e-002
1,170097e+003;1,036887e-002
1,170579e+003;1,022634e-002
1,171062e+003;1,007082e-002
1,171544e+003;9,900081e-003
1,172026e+003;9,715308e-003
1,172508e+003;9,523570e-003
1,172990e+003;9,338246e-003
1,173472e+003;9,176013e-003
1,173954e+003;9,050411e-003
1,174436e+003;8,968478e-003
1,174919e+003;8,928160e-003
1,175401e+003;8,919637e-003
1,175883e+003;8,928262e-003
1,176365e+003;8,940100e-003
1,176847e+003;8,945918e-003
1,177329e+003;8,942264e-003
1,177811e+003;8,931170e-003
1,178293e+003;8,917168e-003
1,178776e+003;8,905534e-003
1,179258e+003;8,898837e-003
1,179740e+003;8,897620e-003
1,180222e+003;8,900697e-003
1,180704e+003;8,906007e-003
1,181186e+003;8,912095e-003
1,181668e+003;8,919299e-003
1,182150e+003;8,928228e-003
1,182632e+003;8,940438e-003
1,183115e+003;8,956504e-003
1,183597e+003;8,975345e-003
1,184079e+003;8,993409e-003
1,184561e+003;9,005113e-003
1,185043e+003;9,003083e-003
1,185525e+003;8,980114e-003
1,186007e+003;8,931205e-003
1,186489e+003;8,855584e-003
1,186971e+003;8,758203e-003
1,187454e+003;8,648168e-003
1,187936e+003;8,538804e-003
1,188418e+003;8,442980e-003
1,188900e+003;8,370114e-003
1,189382e+003;8,325325e-003
1,189864e+003;8,307897e-003
1,190346e+003;8,312997e-003
1,190828e+003;8,332890e-003
1,191311e+003;8,359035e-003
1,191793e+003;8,383119e-003
1,192275e+003;8,398083e-003
1,192757e+003;8,399131e-003
1,193239e+003;8,383862e-003
1,193721e+003;8,354137e-003
1,194203e+003;8,314551e-003
1,194685e+003;8,274327e-003
1,195167e+003;8,242854e-003
1,195650e+003;8,228029e-003
1,196132e+003;8,233162e-003
1,196614e+003;8,255382e-003
1,197096e+003;8,287364e-003
1,197578e+003;8,319719e-003
1,198060e+003;8,345759e-003
1,198542e+003;8,364676e-003
1,199024e+003;8,381599e-003
1,199506e+003;8,405211e-003
1,199989e+003;8,443318e-003
1,200471e+003;8,498255e-003
1,200953e+003;8,564183e-003
1,201435e+003;8,628463e-003
1,201917e+003;8,675412e-003
1,202399e+003;8,691976e-003
1,202881e+003;8,671458e-003
1,203363e+003;8,616364e-003
1,203846e+003;8,536134e-003
1,204328e+003;8,445751e-003
1,204810e+003;8,358865e-003
1,205292e+003;8,287499e-003
1,205774e+003;8,239882e-003
1,206256e+003;8,219689e-003
1,206738e+003;8,227894e-003
1,207220e+003;8,261798e-003
1,207703e+003;8,316374e-003
1,208185e+003;8,383085e-003
1,208667e+003;8,451866e-003
1,209149e+003;8,512110e-003
1,209631e+003;8,555633e-003
1,210113e+003;8,578748e-003
1,210595e+003;8,582567e-003
1,211077e+003;8,572564e-003
1,211559e+003;8,555565e-003
1,212042e+003;8,537317e-003
1,212524e+003;8,520320e-003
1,213006e+003;8,504608e-003
1,213488e+003;8,488795e-003
1,213970e+003;8,472475e-003
1,214452e+003;8,456731e-003
1,214934e+003;8,444062e-003
1,215416e+003;8,435615e-003
1,215898e+003;8,430311e-003
1,216381e+003;8,422812e-003
1,216863e+003;8,405820e-003
1,217345e+003;8,372917e-003
1,217827e+003;8,322319e-003
1,218309e+003;8,258894e-003
1,218791e+003;8,194263e-003
1,219273e+003;8,143416e-003
1,219755e+003;8,119210e-003
1,220238e+003;8,129202e-003
1,220720e+003;8,172789e-003
1,221202e+003;8,241536e-003
1,221684e+003;8,321474e-003
1,222166e+003;8,397982e-003
1,222648e+003;8,459129e-003
1,223130e+003;8,497343e-003
1,223612e+003;8,510149e-003
1,224094e+003;8,499641e-003
1,224577e+003;8,470719e-003
1,225059e+003;8,429467e-003
1,225541e+003;8,382342e-003
1,226023e+003;8,335930e-003
1,226505e+003;8,294759e-003
1,226987e+003;8,263149e-003
1,227469e+003;8,243158e-003
1,227951e+003;8,235627e-003
1,228434e+003;8,240321e-003
1,228916e+003;8,256057e-003
1,229398e+003;8,281352e-003
1,229880e+003;8,314011e-003
1,230362e+003;8,351197e-003
1,230844e+003;8,389301e-003
1,231326e+003;8,424028e-003
1,231808e+003;8,451393e-003
1,232291e+003;8,468826e-003
1,232773e+003;8,475618e-003
1,233255e+003;8,472780e-003
1,233737e+003;8,463116e-003
1,234219e+003;8,449028e-003
1,234701e+003;8,432508e-003
1,235183e+003;8,413825e-003
1,235665e+003;8,392746e-003
1,236147e+003;8,369674e-003
1,236630e+003;8,347043e-003
1,237112e+003;8,329007e-003
1,237594e+003;8,321104e-003
1,238076e+003;8,327994e-003
1,238558e+003;8,352414e-003
1,239040e+003;8,393422e-003
1,239522e+003;8,447777e-003
1,240004e+003;8,510892e-003
1,240486e+003;8,578579e-003
1,240969e+003;8,647324e-003
1,241451e+003;8,715267e-003
1,241933e+003;8,780247e-003
1,242415e+003;8,839386e-003
1,242897e+003;8,888286e-003
1,243379e+003;8,922174e-003
1,243861e+003;8,937225e-003
1,244343e+003;8,932591e-003
1,244826e+003;8,910675e-003
1,245308e+003;8,876551e-003
1,245790e+003;8,836478e-003
1,246272e+003;8,795631e-003
1,246754e+003;8,757324e-003
1,247236e+003;8,723584e-003
1,247718e+003;8,695998e-003
1,248200e+003;8,677204e-003
1,248682e+003;8,671322e-003
1,249165e+003;8,682815e-003
1,249647e+003;8,714929e-003
1,250129e+003;8,767061e-003
1,250611e+003;8,835294e-003
1,251093e+003;8,912027e-003
1,251575e+003;8,988808e-003
1,252057e+003;9,058530e-003
1,252539e+003;9,117741e-003
1,253021e+003;9,165826e-003
1,253504e+003;9,205456e-003
1,253986e+003;9,239436e-003
1,254468e+003;9,270170e-003
1,254950e+003;9,298231e-003
1,255432e+003;9,323418e-003
1,255914e+003;9,344983e-003
1,256396e+003;9,362182e-003
1,256878e+003;9,374708e-003
1,257361e+003;9,382022e-003
1,257843e+003;9,383748e-003
1,258325e+003;9,380260e-003
1,258807e+003;9,373591e-003
1,259289e+003;9,368445e-003
1,259771e+003;9,372236e-003
1,260253e+003;9,392009e-003
1,260735e+003;9,431964e-003
1,261218e+003;9,491260e-003
1,261700e+003;9,562045e-003
1,262182e+003;9,632742e-003
1,262664e+003;9,693014e-003
1,263146e+003;9,736554e-003
1,263628e+003;9,764612e-003
1,264110e+003;9,784233e-003
1,264592e+003;9,805211e-003
1,265074e+003;9,834358e-003
1,265557e+003;9,871912e-003
1,266039e+003;9,912217e-003
1,266521e+003;9,946659e-003
1,267003e+003;9,968391e-003
1,267485e+003;9,976799e-003
1,267967e+003;9,977579e-003
1,268449e+003;9,981308e-003
1,268931e+003;9,998024e-003
1,269413e+003;1,003230e-002
1,269896e+003;1,008063e-002
1,270378e+003;1,013319e-002
1,270860e+003;1,017810e-002
1,271342e+003;1,020659e-002
1,271824e+003;1,021691e-002
1,272306e+003;1,021460e-002
1,272788e+003;1,021036e-002
1,273270e+003;1,021423e-002
1,273753e+003;1,023176e-002
1,274235e+003;1,026243e-002
1,274717e+003;1,030050e-002
1,275199e+003;1,033820e-002
1,275681e+003;1,036796e-002
1,276163e+003;1,038679e-002
1,276645e+003;1,039507e-002
1,277127e+003;1,039690e-002
1,277609e+003;1,039738e-002
1,278092e+003;1,040254e-002
1,278574e+003;1,041720e-002
1,279056e+003;1,044510e-002
1,279538e+003;1,048875e-002
1,280020e+003;1,054785e-002
1,280502e+003;1,061877e-002
1,280984e+003;1,069477e-002
1,281466e+003;1,076690e-002
1,281948e+003;1,082665e-002
1,282431e+003;1,086830e-002
1,282913e+003;1,089124e-002
1,283395e+003;1,090000e-002
1,283877e+003;1,090323e-002
1,284359e+003;1,090873e-002
1,284841e+003;1,092154e-002
1,285323e+003;1,094200e-002
1,285805e+003;1,096555e-002
1,286288e+003;1,098556e-002
1,286770e+003;1,099719e-002
1,287252e+003;1,099950e-002
1,287734e+003;1,099627e-002
1,288216e+003;1,099515e-002
1,288698e+003;1,100487e-002
1,289180e+003;1,103267e-002
1,289662e+003;1,108232e-002
1,290145e+003;1,115405e-002
1,290627e+003;1,124537e-002
1,291109e+003;1,135226e-002
1,291591e+003;1,146944e-002
1,292073e+003;1,159136e-002
1,292555e+003;1,171181e-002
1,293037e+003;1,182442e-002
1,293519e+003;1,192365e-002
1,294001e+003;1,200601e-002
1,294484e+003;1,207104e-002
1,294966e+003;1,212157e-002
1,295448e+003;1,216334e-002
1,295930e+003;1,220345e-002
1,296412e+003;1,224830e-002
1,296894e+003;1,230235e-002
1,297376e+003;1,236675e-002
1,297858e+003;1,244008e-002
1,298340e+003;1,251797e-002
1,298823e+003;1,259450e-002
1,299305e+003;1,266313e-002
1,299787e+003;1,271741e-002
1,300269e+003;1,275276e-002
1,300751e+003;1,276750e-002
1,301233e+003;1,276457e-002
1,301715e+003;1,275068e-002
1,302197e+003;1,273557e-002
1,302680e+003;1,272953e-002
1,303162e+003;1,273969e-002
1,303644e+003;1,276761e-002
1,304126e+003;1,280910e-002
1,304608e+003;1,285596e-002
1,305090e+003;1,289780e-002
1,305572e+003;1,292613e-002
1,306054e+003;1,293655e-002
1,306536e+003;1,292917e-002
1,307019e+003;1,290715e-002
1,307501e+003;1,287500e-002
1,307983e+003;1,283671e-002
1,308465e+003;1,279504e-002
1,308947e+003;1,275249e-002
1,309429e+003;1,271131e-002
1,309911e+003;1,267426e-002
1,310393e+003;1,264396e-002
1,310875e+003;1,262169e-002
1,311358e+003;1,260535e-002
1,311840e+003;1,258911e-002
1,312322e+003;1,256479e-002
1,312804e+003;1,252360e-002
1,313286e+003;1,245952e-002
1,313768e+003;1,237132e-002
1,314250e+003;1,226312e-002
1,314732e+003;1,214255e-002
1,315215e+003;1,201817e-002
1,315697e+003;1,189821e-002
1,316179e+003;1,178922e-002
1,316661e+003;1,169523e-002
1,317143e+003;1,161889e-002
1,317625e+003;1,156049e-002
1,318107e+003;1,151752e-002
1,318589e+003;1,148492e-002
1,319072e+003;1,145468e-002
1,319554e+003;1,141848e-002
1,320036e+003;1,136974e-002
1,320518e+003;1,130634e-002
1,321000e+003;1,123123e-002
1,321482e+003;1,115225e-002
1,321964e+003;1,107841e-002
1,322446e+003;1,101836e-002
1,322928e+003;1,097703e-002
1,323411e+003;1,095484e-002
1,323893e+003;1,094893e-002
1,324375e+003;1,095586e-002
1,324857e+003;1,097330e-002
1,325339e+003;1,100177e-002
1,325821e+003;1,104449e-002
1,326303e+003;1,110469e-002
1,326785e+003;1,118335e-002
1,327267e+003;1,127791e-002
1,327750e+003;1,138137e-002
1,328232e+003;1,148434e-002
1,328714e+003;1,157945e-002
1,329196e+003;1,166269e-002
1,329678e+003;1,173601e-002
1,330160e+003;1,180655e-002
1,330642e+003;1,188449e-002
1,331124e+003;1,198009e-002
1,331607e+003;1,210017e-002
1,332089e+003;1,224765e-002
1,332571e+003;1,242024e-002
1,333053e+003;1,261241e-002
1,333535e+003;1,281562e-002
1,334017e+003;1,302135e-002
1,334499e+003;1,322123e-002
1,334981e+003;1,340897e-002
1,335464e+003;1,358120e-002
1,335946e+003;1,373835e-002
1,336428e+003;1,388492e-002
1,336910e+003;1,402791e-002
1,337392e+003;1,417471e-002
1,337874e+003;1,432913e-002
1,338356e+003;1,448867e-002
1,338838e+003;1,464290e-002
1,339320e+003;1,477691e-002
1,339802e+003;1,487692e-002
1,340285e+003;1,493590e-002
1,340767e+003;1,495792e-002
1,341249e+003;1,495514e-002
1,341731e+003;1,494359e-002
1,342213e+003;1,493652e-002
1,342695e+003;1,494410e-002
1,343177e+003;1,497154e-002
1,343659e+003;1,502017e-002
1,344142e+003;1,508895e-002
1,344624e+003;1,517537e-002
1,345106e+003;1,527650e-002
1,345588e+003;1,538864e-002
1,346070e+003;1,550792e-002
1,346552e+003;1,562973e-002
1,347034e+003;1,574952e-002
1,347516e+003;1,586415e-002
1,347999e+003;1,597256e-002
1,348481e+003;1,607615e-002
1,348963e+003;1,617797e-002
1,349445e+003;1,628057e-002
1,349927e+003;1,638423e-002
1,350409e+003;1,648554e-002
1,350891e+003;1,657782e-002
1,351373e+003;1,665366e-002
1,351855e+003;1,670740e-002
1,352338e+003;1,673698e-002
1,352820e+003;1,674466e-002
1,353302e+003;1,673743e-002
1,353784e+003;1,672376e-002
1,354266e+003;1,671216e-002
1,354748e+003;1,671126e-002
1,355230e+003;1,672862e-002
1,355712e+003;1,677135e-002
1,356194e+003;1,684829e-002
1,356677e+003;1,696811e-002
1,357159e+003;1,713869e-002
1,357641e+003;1,736593e-002
1,358123e+003;1,765239e-002
1,358605e+003;1,799841e-002
1,359087e+003;1,840460e-002
1,359569e+003;1,887738e-002
1,360051e+003;1,943195e-002
1,360534e+003;2,009507e-002
1,361016e+003;2,089850e-002
1,361498e+003;2,186824e-002
1,361980e+003;2,300459e-002
1,362462e+003;2,426704e-002
1,362944e+003;2,557477e-002
1,363426e+003;2,683158e-002
1,363908e+003;2,795811e-002
1,364391e+003;2,890859e-002
1,364873e+003;2,967351e-002
1,365355e+003;3,026340e-002
1,365837e+003;3,069802e-002
1,366319e+003;3,100132e-002
1,366801e+003;3,120599e-002
1,367283e+003;3,136085e-002
1,367765e+003;3,152831e-002
1,368247e+003;3,178591e-002
1,368729e+003;3,220614e-002
1,369212e+003;3,283894e-002
1,369694e+003;3,370881e-002
1,370176e+003;3,481731e-002
1,370658e+003;3,615920e-002
1,371140e+003;3,773844e-002
1,371622e+003;3,957947e-002
1,372104e+003;4,172121e-002
1,372586e+003;4,419380e-002
1,373069e+003;4,698393e-002
1,373551e+003;4,998931e-002
1,374033e+003;5,300750e-002
1,374515e+003;5,578949e-002
1,374997e+003;5,810716e-002
1,375479e+003;5,982922e-002
1,375961e+003;6,092284e-002
1,376443e+003;6,140346e-002
1,376926e+003;6,128864e-002
1,377408e+003;6,057536e-002
1,377890e+003;5,925416e-002
1,378372e+003;5,734376e-002
1,378854e+003;5,492384e-002
1,379336e+003;5,214080e-002
1,379818e+003;4,916352e-002
1,380300e+003;4,615768e-002
1,380782e+003;4,324471e-002
1,381265e+003;4,049138e-002
1,381747e+003;3,793340e-002
1,382229e+003;3,558474e-002
1,382711e+003;3,344788e-002
1,383193e+003;3,151481e-002
1,383675e+003;2,976037e-002
1,384157e+003;2,814053e-002
1,384639e+003;2,659475e-002
1,385121e+003;2,506134e-002
1,385604e+003;2,349031e-002
1,386086e+003;2,186479e-002
1,386568e+003;2,021315e-002
1,387050e+003;1,860304e-002
1,387532e+003;1,711281e-002
1,388014e+003;1,579711e-002
1,388496e+003;1,466990e-002
1,388978e+003;1,371287e-002
1,389461e+003;1,289507e-002
1,389943e+003;1,218811e-002
1,390425e+003;1,157220e-002
1,390907e+003;1,103399e-002
1,391389e+003;1,056299e-002
1,391871e+003;1,014808e-002
1,392353e+003;9,779421e-003
1,392835e+003;9,450317e-003
1,393318e+003;9,161495e-003
1,393800e+003;8,919333e-003
1,394282e+003;8,730176e-003
1,394764e+003;8,593246e-003
1,395246e+003;8,493830e-003
1,395728e+003;8,409772e-003
1,396210e+003;8,321812e-003
1,396692e+003;8,220296e-003
1,397174e+003;8,108001e-003
1,397656e+003;7,995904e-003
1,398139e+003;7,897096e-003
1,398621e+003;7,818181e-003
1,399103e+003;7,757460e-003
1,399585e+003;7,707237e-003
1,400067e+003;7,661506e-003
1,400549e+003;7,620061e-003
1,401031e+003;7,590084e-003
1,401513e+003;7,580239e-003
1,401996e+003;7,595783e-003
1,402478e+003;7,634156e-003
1,402960e+003;7,683899e-003
1,403442e+003;7,727575e-003
1,403924e+003;7,750849e-003
1,404406e+003;7,748724e-003
1,404888e+003;7,731353e-003
1,405370e+003;7,717457e-003
1,405853e+003;7,725417e-003
1,406335e+003;7,762992e-003
1,406817e+003;7,825096e-003
1,407299e+003;7,899459e-003
1,407781e+003;7,973967e-003
1,408263e+003;8,042717e-003
1,408745e+003;8,105942e-003
1,409227e+003;8,167657e-003
1,409709e+003;8,230528e-003
1,410192e+003;8,291416e-003
1,410674e+003;8,342753e-003
1,411156e+003;8,377781e-003
1,411638e+003;8,395820e-003
1,412120e+003;8,407373e-003
1,412602e+003;8,430650e-003
1,413084e+003;8,484841e-003
1,413566e+003;8,580741e-003
1,414048e+003;8,716991e-003
1,414531e+003;8,881048e-003
1,415013e+003;9,055316e-003
1,415495e+003;9,224105e-003
1,415977e+003;9,381513e-003
1,416459e+003;9,531055e-003
1,416941e+003;9,682510e-003
1,417423e+003;9,842492e-003
1,417905e+003;1,000769e-002
1,418388e+003;1,016161e-002
1,418870e+003;1,028625e-002
1,419352e+003;1,037749e-002
1,419834e+003;1,045219e-002
1,420316e+003;1,053596e-002
1,420798e+003;1,065008e-002
1,421280e+003;1,080138e-002
1,421762e+003;1,098577e-002
1,422245e+003;1,119352e-002
1,422727e+003;1,141753e-002
1,423209e+003;1,165847e-002
1,423691e+003;1,192580e-002
1,424173e+003;1,223177e-002
1,424655e+003;1,258335e-002
1,425137e+003;1,297553e-002
1,425619e+003;1,339465e-002
1,426101e+003;1,382776e-002
1,426584e+003;1,427211e-002
1,427066e+003;1,474089e-002
1,427548e+003;1,526120e-002
1,428030e+003;1,586653e-002
1,428512e+003;1,658346e-002
1,428994e+003;1,741818e-002
1,429476e+003;1,835165e-002
1,429958e+003;1,934717e-002
1,430441e+003;2,036876e-002
1,430923e+003;2,139557e-002
1,431405e+003;2,242563e-002
1,431887e+003;2,346677e-002
1,432369e+003;2,452745e-002
1,432851e+003;2,560999e-002
1,433333e+003;2,671461e-002
1,433815e+003;2,785003e-002
1,434297e+003;2,903933e-002
1,434780e+003;3,032753e-002
1,435262e+003;3,177279e-002
1,435744e+003;3,341518e-002
1,436226e+003;3,522572e-002
1,436708e+003;3,709017e-002
1,437190e+003;3,885783e-002
1,437672e+003;4,042617e-002
1,438154e+003;4,178516e-002
1,438636e+003;4,299380e-002
1,439119e+003;4,413174e-002
1,439601e+003;4,527518e-002
1,440083e+003;4,647787e-002
1,440565e+003;4,776793e-002
1,441047e+003;4,914741e-002
1,441529e+003;5,060184e-002
1,442011e+003;5,210733e-002
1,442493e+003;5,363994e-002
1,442976e+003;5,518295e-002
1,443458e+003;5,672437e-002
1,443940e+003;5,825434e-002
1,444422e+003;5,976705e-002
1,444904e+003;6,125998e-002
1,445386e+003;6,274133e-002
1,445868e+003;6,423202e-002
1,446350e+003;6,576315e-002
1,446833e+003;6,736270e-002
1,447315e+003;6,903992e-002
1,447797e+003;7,077759e-002
1,448279e+003;7,253550e-002
1,448761e+003;7,427772e-002
1,449243e+003;7,599755e-002
1,449725e+003;7,772073e-002
1,450207e+003;7,949601e-002
1,450689e+003;8,137009e-002
1,451172e+003;8,336415e-002
1,451654e+003;8,545640e-002
1,452136e+003;8,758512e-002
1,452618e+003;8,967552e-002
1,453100e+003;9,165822e-002
1,453582e+003;9,350241e-002
1,454064e+003;9,521661e-002
1,454546e+003;9,682913e-002
1,455028e+003;9,836521e-002
1,455511e+003;9,981575e-002
1,455993e+003;1,011138e-001
1,456475e+003;1,021393e-001
1,456957e+003;1,028014e-001
1,457439e+003;1,031277e-001
1,457921e+003;1,032412e-001
1,458403e+003;1,032682e-001
1,458885e+003;1,032571e-001
1,459368e+003;1,031987e-001
1,459850e+003;1,030682e-001
1,460332e+003;1,028540e-001
1,460814e+003;1,025624e-001
1,461296e+003;1,022064e-001
1,461778e+003;1,017900e-001
1,462260e+003;1,012942e-001
1,462742e+003;1,006685e-001
1,463224e+003;9,983681e-002
1,463707e+003;9,871580e-002
1,464189e+003;9,725151e-002
1,464671e+003;9,545167e-002
1,465153e+003;9,336879e-002
1,465635e+003;9,105626e-002
1,466117e+003;8,852881e-002
1,466599e+003;8,575235e-002
1,467081e+003;8,269103e-002
1,467563e+003;7,934047e-002
1,468046e+003;7,575030e-002
1,468528e+003;7,199555e-002
1,469010e+003;6,816384e-002
1,469492e+003;6,431436e-002
1,469974e+003;6,043033e-002
1,470456e+003;5,644004e-002
1,470938e+003;5,224116e-002
1,471420e+003;4,778967e-002
1,471903e+003;4,320584e-002
1,472385e+003;3,881504e-002
1,472867e+003;3,500586e-002
1,473349e+003;3,198756e-002
1,473831e+003;2,970626e-002
1,474313e+003;2,793783e-002
1,474795e+003;2,643222e-002
1,475277e+003;2,502533e-002
1,475760e+003;2,364710e-002
1,476242e+003;2,230995e-002
1,476724e+003;2,106375e-002
1,477206e+003;1,995701e-002
1,477688e+003;1,900492e-002
1,478170e+003;1,818975e-002
1,478652e+003;1,747706e-002
1,479134e+003;1,683279e-002
1,479616e+003;1,623251e-002
1,480099e+003;1,566339e-002
1,480581e+003;1,511934e-002
1,481063e+003;1,459622e-002
1,481545e+003;1,408883e-002
1,482027e+003;1,359464e-002
1,482509e+003;1,311542e-002
1,482991e+003;1,266027e-002
1,483473e+003;1,224152e-002
1,483955e+003;1,187196e-002
1,484438e+003;1,155801e-002
1,484920e+003;1,129720e-002
1,485402e+003;1,107869e-002
1,485884e+003;1,088916e-002
1,486366e+003;1,071878e-002
1,486848e+003;1,056564e-002
1,487330e+003;1,043553e-002
1,487812e+003;1,033396e-002
1,488295e+003;1,025327e-002
1,488777e+003;1,016898e-002
1,489259e+003;1,004149e-002
1,489741e+003;9,839781e-003
1,490223e+003;9,564959e-003
1,490705e+003;9,251893e-003
1,491187e+003;8,949638e-003
1,491669e+003;8,693903e-003
1,492151e+003;8,498898e-003
1,492634e+003;8,358021e-003
1,493116e+003;8,253660e-003
1,493598e+003;8,165665e-003
1,494080e+003;8,076776e-003
1,494562e+003;7,975486e-003
1,495044e+003;7,856776e-003
1,495526e+003;7,721976e-003
1,496008e+003;7,576665e-003
1,496490e+003;7,428099e-003
1,496973e+003;7,283560e-003
1,497455e+003;7,150588e-003
1,497937e+003;7,037053e-003
1,498419e+003;6,949978e-003
1,498901e+003;6,891331e-003
1,499383e+003;6,855245e-003
1,499865e+003;6,828485e-003
1,500347e+003;6,793212e-003
1,500830e+003;6,736538e-003
1,501312e+003;6,653661e-003
1,501794e+003;6,551559e-003
1,502276e+003;6,444436e-003
1,502758e+003;6,351024e-003
1,503240e+003;6,288894e-003
1,503722e+003;6,269128e-003
1,504204e+003;6,296862e-003
1,504687e+003;6,368945e-003
1,505169e+003;6,473257e-003
1,505651e+003;6,581598e-003
1,506133e+003;6,650801e-003
1,506615e+003;6,632229e-003
1,507097e+003;6,508068e-003
1,507579e+003;6,308090e-003
1,508061e+003;6,078501e-003
1,508543e+003;5,849872e-003
1,509026e+003;5,635059e-003
1,509508e+003;5,441993e-003
1,509990e+003;5,279196e-003
1,510472e+003;5,154246e-003
1,510954e+003;5,072610e-003
1,511436e+003;5,031948e-003
1,511918e+003;5,021925e-003
1,512400e+003;5,026350e-003
1,512882e+003;5,030205e-003
1,513365e+003;5,022663e-003
1,513847e+003;4,998965e-003
1,514329e+003;4,957472e-003
1,514811e+003;4,897553e-003
1,515293e+003;4,817404e-003
1,515775e+003;4,714862e-003
1,516257e+003;4,592620e-003
1,516739e+003;4,462110e-003
1,517222e+003;4,341144e-003
1,517704e+003;4,247279e-003
1,518186e+003;4,189331e-003
1,518668e+003;4,166247e-003
1,519150e+003;4,168556e-003
1,519632e+003;4,182071e-003
1,520114e+003;4,188929e-003
1,520596e+003;4,171399e-003
1,521078e+003;4,121757e-003
1,521561e+003;4,047504e-003
1,522043e+003;3,968917e-003
1,522525e+003;3,903283e-003
1,523007e+003;3,856546e-003
1,523489e+003;3,825457e-003
1,523971e+003;3,803630e-003
1,524453e+003;3,785179e-003
1,524935e+003;3,765760e-003
1,525417e+003;3,740828e-003
1,525900e+003;3,704468e-003
1,526382e+003;3,650033e-003
1,526864e+003;3,573122e-003
1,527346e+003;3,475616e-003
1,527828e+003;3,366711e-003
1,528310e+003;3,262507e-003
1,528792e+003;3,180958e-003
1,529274e+003;3,134933e-003
1,529757e+003;3,131295e-003
1,530239e+003;3,166639e-003
1,530721e+003;3,230326e-003
1,531203e+003;3,304406e-003
1,531685e+003;3,368982e-003
1,532167e+003;3,404045e-003
1,532649e+003;3,394961e-003
1,533131e+003;3,341067e-003
1,533614e+003;3,259436e-003
1,534096e+003;3,177487e-003
1,534578e+003;3,116010e-003
1,535060e+003;3,084040e-003
1,535542e+003;3,081538e-003
1,536024e+003;3,106566e-003
1,536506e+003;3,158095e-003
1,536988e+003;3,236702e-003
1,537470e+003;3,341434e-003
1,537953e+003;3,462890e-003
1,538435e+003;3,577966e-003
1,538917e+003;3,647160e-003
1,539399e+003;3,626243e-003
1,539881e+003;3,499264e-003
1,540363e+003;3,303338e-003
1,540845e+003;3,104697e-003
1,541327e+003;2,947144e-003
1,541809e+003;2,837071e-003
1,542292e+003;2,755902e-003
1,542774e+003;2,682516e-003
1,543256e+003;2,604176e-003
1,543738e+003;2,521250e-003
1,544220e+003;2,443905e-003
1,544702e+003;2,384798e-003
1,545184e+003;2,350050e-003
1,545666e+003;2,335225e-003
1,546149e+003;2,328996e-003
1,546631e+003;2,320235e-003
1,547113e+003;2,301714e-003
1,547595e+003;2,272702e-003
1,548077e+003;2,238596e-003
1,548559e+003;2,209122e-003
1,549041e+003;2,195168e-003
1,549523e+003;2,202362e-003
1,550005e+003;2,229237e-003
1,550488e+003;2,267573e-003
1,550970e+003;2,308643e-003
1,551452e+003;2,347751e-003
1,551934e+003;2,385831e-003
1,552416e+003;2,427512e-003
1,552898e+003;2,478027e-003
1,553380e+003;2,540380e-003
1,553862e+003;2,614709e-003
1,554344e+003;2,700486e-003
1,554827e+003;2,798952e-003
1,555309e+003;2,916955e-003
1,555791e+003;3,067489e-003
1,556273e+003;3,267214e-003
1,556755e+003;3,530696e-003
1,557237e+003;3,859521e-003
1,557719e+003;4,213152e-003
1,558201e+003;4,465156e-003
1,558684e+003;4,439916e-003
1,559166e+003;4,088241e-003
1,559648e+003;3,585650e-003
1,560130e+003;3,128759e-003
1,560612e+003;2,792783e-003
1,561094e+003;2,566210e-003
1,561576e+003;2,415783e-003
1,562058e+003;2,314439e-003
1,562541e+003;2,244791e-003
1,563023e+003;2,197899e-003
1,563505e+003;2,169194e-003
1,563987e+003;2,155507e-003
1,564469e+003;2,152810e-003
1,564951e+003;2,154875e-003
1,565433e+003;2,155807e-003
1,565915e+003;2,153143e-003
1,566397e+003;2,149081e-003
1,566880e+003;2,149314e-003
1,567362e+003;2,161735e-003
1,567844e+003;2,191772e-003
1,568326e+003;2,239229e-003
1,568808e+003;2,294286e-003
1,569290e+003;2,339623e-003
1,569772e+003;2,359278e-003
1,570254e+003;2,349917e-003
1,570736e+003;2,321368e-003
1,571219e+003;2,288957e-003
1,571701e+003;2,265608e-003
1,572183e+003;2,257148e-003
1,572665e+003;2,264009e-003
1,573147e+003;2,282928e-003
1,573629e+003;2,309009e-003
1,574111e+003;2,335292e-003
1,574593e+003;2,354314e-003
1,575076e+003;2,357346e-003
1,575558e+003;2,334693e-003
1,576040e+003;2,280097e-003
1,576522e+003;2,196600e-003
1,577004e+003;2,096106e-003
1,577486e+003;1,994038e-003
1,577968e+003;1,903641e-003
1,578450e+003;1,833360e-003
1,578932e+003;1,787211e-003
1,579415e+003;1,765619e-003
1,579897e+003;1,765952e-003
1,580379e+003;1,781822e-003
1,580861e+003;1,804512e-003
1,581343e+003;1,825208e-003
1,581825e+003;1,837886e-003
1,582307e+003;1,840647e-003
1,582789e+003;1,835490e-003
1,583271e+003;1,826173e-003
1,583754e+003;1,816125e-003
1,584236e+003;1,806775e-003
1,584718e+003;1,797758e-003
1,585200e+003;1,788309e-003
1,585682e+003;1,778827e-003
1,586164e+003;1,770710e-003
1,586646e+003;1,766750e-003
1,587128e+003;1,769013e-003
1,587611e+003;1,777563e-003
1,588093e+003;1,790006e-003
1,588575e+003;1,801817e-003
1,589057e+003;1,807939e-003
1,589539e+003;1,804779e-003
1,590021e+003;1,791404e-003
1,590503e+003;1,770344e-003
1,590985e+003;1,745193e-003
1,591468e+003;1,720975e-003
1,591950e+003;1,701747e-003
1,592432e+003;1,690039e-003
1,592914e+003;1,686712e-003
1,593396e+003;1,690371e-003
1,593878e+003;1,698421e-003
1,594360e+003;1,706504e-003
1,594842e+003;1,710030e-003
1,595324e+003;1,705074e-003
1,595807e+003;1,690072e-003
1,596289e+003;1,665924e-003
1,596771e+003;1,636189e-003
1,597253e+003;1,606489e-003
1,597735e+003;1,582445e-003
1,598217e+003;1,569110e-003
1,598699e+003;1,570574e-003
1,599181e+003;1,589429e-003
1,599663e+003;1,627142e-003
1,600146e+003;1,683519e-003
1,600628e+003;1,756237e-003
1,601110e+003;1,839549e-003
1,601592e+003;1,924508e-003
1,602074e+003;2,000262e-003
1,602556e+003;2,055423e-003
1,603038e+003;2,083255e-003
1,603520e+003;2,083987e-003
1,604003e+003;2,066742e-003
1,604485e+003;2,044936e-003
1,604967e+003;2,033318e-003
1,605449e+003;2,040808e-003
1,605931e+003;2,067374e-003
1,606413e+003;2,103098e-003
1,606895e+003;2,130967e-003
1,607377e+003;2,134863e-003
1,607859e+003;2,104097e-003
1,608342e+003;2,039843e-003
1,608824e+003;1,953929e-003
1,609306e+003;1,863408e-003
1,609788e+003;1,782986e-003
1,610270e+003;1,720309e-003
1,610752e+003;1,674738e-003
1,611234e+003;1,640313e-003
1,611716e+003;1,609981e-003
1,612198e+003;1,579020e-003
1,612681e+003;1,546631e-003
1,613163e+003;1,514478e-003
1,613645e+003;1,483689e-003
1,614127e+003;1,453302e-003
1,614609e+003;1,418263e-003
1,615091e+003;1,370895e-003
1,615573e+003;1,304556e-003
1,616055e+003;1,219253e-003
1,616538e+003;1,126061e-003
1,617020e+003;1,043384e-003
1,617502e+003;9,854964e-004
1,617984e+003;9,556423e-004
1,618466e+003;9,482704e-004
1,618948e+003;9,546461e-004
1,619430e+003;9,688257e-004
1,619912e+003;9,882861e-004
1,620395e+003;1,013327e-003
1,620877e+003;1,046207e-003
1,621359e+003;1,087992e-003
1,621841e+003;1,136060e-003
1,622323e+003;1,183037e-003
1,622805e+003;1,218190e-003
1,623287e+003;1,233442e-003
1,623769e+003;1,228158e-003
1,624251e+003;1,209186e-003
1,624734e+003;1,185928e-003
1,625216e+003;1,165196e-003
1,625698e+003;1,150279e-003
1,626180e+003;1,140811e-003
1,626662e+003;1,135230e-003
1,627144e+003;1,132771e-003
1,627626e+003;1,134034e-003
1,628108e+003;1,141010e-003
1,628590e+003;1,153967e-003
1,629073e+003;1,169714e-003
1,629555e+003;1,182805e-003
1,630037e+003;1,186958e-003
1,630519e+003;1,177921e-003
1,631001e+003;1,156292e-003
1,631483e+003;1,127323e-003
1,631965e+003;1,100449e-003
1,632447e+003;1,086930e-003
1,632930e+003;1,096862e-003
1,633412e+003;1,137456e-003
1,633894e+003;1,210016e-003
1,634376e+003;1,307580e-003
1,634858e+003;1,412546e-003
1,635340e+003;1,502408e-003
1,635822e+003;1,560398e-003
1,636304e+003;1,586536e-003
1,636786e+003;1,592788e-003
1,637269e+003;1,591092e-003
1,637751e+003;1,585704e-003
1,638233e+003;1,574930e-003
1,638715e+003;1,554545e-003
1,639197e+003;1,521959e-003
1,639679e+003;1,477439e-003
1,640161e+003;1,424712e-003
1,640643e+003;1,369366e-003
1,641125e+003;1,317185e-003
1,641608e+003;1,272819e-003
1,642090e+003;1,238891e-003
1,642572e+003;1,217326e-003
1,643054e+003;1,210348e-003
1,643536e+003;1,221878e-003
1,644018e+003;1,256901e-003
1,644500e+003;1,320442e-003
1,644982e+003;1,413909e-003
1,645465e+003;1,529906e-003
1,645947e+003;1,648927e-003
1,646429e+003;1,742598e-003
1,646911e+003;1,787877e-003
1,647393e+003;1,784550e-003
1,647875e+003;1,753876e-003
1,648357e+003;1,723070e-003
1,648839e+003;1,709698e-003
1,649322e+003;1,721108e-003
1,649804e+003;1,757834e-003
1,650286e+003;1,817489e-003
1,650768e+003;1,895355e-003
1,651250e+003;1,983220e-003
1,651732e+003;2,065377e-003
1,652214e+003;2,110356e-003
1,652696e+003;2,079726e-003
1,653178e+003;1,965379e-003
1,653661e+003;1,816091e-003
1,654143e+003;1,690105e-003
1,654625e+003;1,608019e-003
1,655107e+003;1,560797e-003
1,655589e+003;1,532599e-003
1,656071e+003;1,511252e-003
1,656553e+003;1,490405e-003
1,657035e+003;1,468562e-003
1,657517e+003;1,449246e-003
1,658000e+003;1,438342e-003
1,658482e+003;1,442830e-003
1,658964e+003;1,467864e-003
1,659446e+003;1,514212e-003
1,659928e+003;1,578521e-003
1,660410e+003;1,651921e-003
1,660892e+003;1,723569e-003
1,661374e+003;1,780923e-003
1,661857e+003;1,814527e-003
1,662339e+003;1,820616e-003
1,662821e+003;1,803481e-003
1,663303e+003;1,773537e-003
1,663785e+003;1,741433e-003
1,664267e+003;1,715286e-003
1,664749e+003;1,698987e-003
1,665231e+003;1,694396e-003
1,665714e+003;1,702945e-003
1,666196e+003;1,726896e-003
1,666678e+003;1,767815e-003
1,667160e+003;1,825907e-003
1,667642e+003;1,897917e-003
1,668124e+003;1,975298e-003
1,668606e+003;2,045236e-003
1,669088e+003;2,096473e-003
1,669570e+003;2,124641e-003
1,670052e+003;2,136095e-003
1,670535e+003;2,141023e-003
1,671017e+003;2,148315e-003
1,671499e+003;2,160336e-003
1,671981e+003;2,174089e-003
1,672463e+003;2,184112e-003
1,672945e+003;2,185644e-003
1,673427e+003;2,176287e-003
1,673909e+003;2,157272e-003
1,674392e+003;2,133631e-003
1,674874e+003;2,112421e-003
1,675356e+003;2,099935e-003
1,675838e+003;2,097072e-003
1,676320e+003;2,100301e-003
1,676802e+003;2,104996e-003
1,677284e+003;2,108259e-003
1,677766e+003;2,109324e-003
1,678249e+003;2,108592e-003
1,678731e+003;2,106694e-003
1,679213e+003;2,102532e-003
1,679695e+003;2,093742e-003
1,680177e+003;2,077196e-003
1,680659e+003;2,050562e-003
1,681141e+003;2,012878e-003
1,681623e+003;1,965546e-003
1,682105e+003;1,911728e-003
1,682588e+003;1,856287e-003
1,683070e+003;1,807474e-003
1,683552e+003;1,775900e-003
1,684034e+003;1,768580e-003
1,684516e+003;1,782687e-003
1,684998e+003;1,807141e-003
1,685480e+003;1,834126e-003
1,685962e+003;1,860846e-003
1,686444e+003;1,888799e-003
1,686927e+003;1,918717e-003
1,687409e+003;1,949869e-003
1,687891e+003;1,978693e-003
1,688373e+003;1,999564e-003
1,688855e+003;2,006088e-003
1,689337e+003;1,994104e-003
1,689819e+003;1,962983e-003
1,690301e+003;1,916720e-003
1,690784e+003;1,862177e-003
1,691266e+003;1,807973e-003
1,691748e+003;1,762026e-003
1,692230e+003;1,730988e-003
1,692712e+003;1,720509e-003
1,693194e+003;1,735479e-003
1,693676e+003;1,779759e-003
1,694158e+003;1,855189e-003
1,694641e+003;1,957824e-003
1,695123e+003;2,073134e-003
1,695605e+003;2,177219e-003
1,696087e+003;2,249654e-003
1,696569e+003;2,286425e-003
1,697051e+003;2,300082e-003
1,697533e+003;2,306844e-003
1,698015e+003;2,318936e-003
1,698497e+003;2,337724e-003
1,698979e+003;2,353315e-003
1,699462e+003;2,344886e-003
1,699944e+003;2,293853e-003
1,700426e+003;2,203128e-003
1,700908e+003;2,101334e-003
1,701390e+003;2,020035e-003
1,701872e+003;1,976929e-003
1,702354e+003;1,974366e-003
1,702836e+003;2,006820e-003
1,703319e+003;2,064844e-003
1,703801e+003;2,135362e-003
1,704283e+003;2,202162e-003
1,704765e+003;2,245257e-003
1,705247e+003;2,249521e-003
1,705729e+003;2,211786e-003
1,706211e+003;2,143687e-003
1,706693e+003;2,064844e-003
1,707176e+003;1,994804e-003
1,707658e+003;1,946374e-003
1,708140e+003;1,923476e-003
1,708622e+003;1,923975e-003
1,709104e+003;1,940317e-003
1,709586e+003;1,963715e-003
1,710068e+003;1,985250e-003
1,710550e+003;1,999097e-003
1,711032e+003;2,003625e-003
1,711515e+003;2,001627e-003
1,711997e+003;1,997999e-003
1,712479e+003;1,998964e-003
1,712961e+003;2,009350e-003
1,713443e+003;2,032319e-003
1,713925e+003;2,067674e-003
1,714407e+003;2,113353e-003
1,714889e+003;2,166030e-003
1,715371e+003;2,220945e-003
1,715854e+003;2,272003e-003
1,716336e+003;2,310375e-003
1,716818e+003;2,323400e-003
1,717300e+003;2,298883e-003
1,717782e+003;2,233367e-003
1,718264e+003;2,136061e-003
1,718746e+003;2,025728e-003
1,719229e+003;1,919849e-003
1,719711e+003;1,829101e-003
1,720193e+003;1,755905e-003
1,720675e+003;1,698987e-003
1,721157e+003;1,654648e-003
1,721639e+003;1,619526e-003
1,722121e+003;1,591391e-003
1,722603e+003;1,570274e-003
1,723085e+003;1,557339e-003
1,723568e+003;1,555044e-003
1,724050e+003;1,563923e-003
1,724532e+003;1,582711e-003
1,725014e+003;1,606622e-003
1,725496e+003;1,630036e-003
1,725978e+003;1,646666e-003
1,726460e+003;1,652087e-003
1,726942e+003;1,645335e-003
1,727424e+003;1,628706e-003
1,727907e+003;1,608319e-003
1,728389e+003;1,592123e-003
1,728871e+003;1,589496e-003
1,729353e+003;1,607354e-003
1,729835e+003;1,648661e-003
1,730317e+003;1,710463e-003
1,730799e+003;1,785914e-003
1,731281e+003;1,865471e-003
1,731764e+003;1,937388e-003
1,732246e+003;1,988978e-003
1,732728e+003;2,005122e-003
1,733210e+003;1,973767e-003
1,733692e+003;1,896020e-003
1,734174e+003;1,795529e-003
1,734656e+003;1,707469e-003
1,735138e+003;1,654083e-003
1,735620e+003;1,637353e-003
1,736103e+003;1,647131e-003
1,736585e+003;1,671046e-003
1,737067e+003;1,697257e-003
1,737549e+003;1,716916e-003
1,738031e+003;1,721939e-003
1,738513e+003;1,706271e-003
1,738995e+003;1,668352e-003
1,739477e+003;1,611777e-003
1,739959e+003;1,545068e-003
1,740442e+003;1,477705e-003
1,740924e+003;1,418230e-003
1,741406e+003;1,373588e-003
1,741888e+003;1,348692e-003
1,742370e+003;1,347862e-003
1,742852e+003;1,372159e-003
1,743334e+003;1,419427e-003
1,743816e+003;1,482127e-003
1,744299e+003;1,550023e-003
1,744781e+003;1,612243e-003
1,745263e+003;1,659803e-003
1,745745e+003;1,688741e-003
1,746227e+003;1,698687e-003
1,746709e+003;1,693498e-003
1,747191e+003;1,679062e-003
1,747673e+003;1,662697e-003
1,748156e+003;1,651156e-003
1,748638e+003;1,648561e-003
1,749120e+003;1,656876e-003
1,749602e+003;1,674272e-003
1,750084e+003;1,696159e-003
1,750566e+003;1,716118e-003
1,751048e+003;1,728160e-003
1,751530e+003;1,728626e-003
1,752012e+003;1,718147e-003
1,752495e+003;1,700217e-003
1,752977e+003;1,680326e-003
1,753459e+003;1,663495e-003
1,753941e+003;1,652553e-003
1,754423e+003;1,648628e-003
1,754905e+003;1,650191e-003
1,755387e+003;1,653617e-003
1,755869e+003;1,654981e-003
1,756351e+003;1,652020e-003
1,756834e+003;1,645901e-003
1,757316e+003;1,641477e-003
1,757798e+003;1,643805e-003
1,758280e+003;1,655579e-003
1,758762e+003;1,675137e-003
1,759244e+003;1,697090e-003
1,759726e+003;1,713390e-003
1,760208e+003;1,716351e-003
1,760691e+003;1,702446e-003
1,761173e+003;1,675270e-003
1,761655e+003;1,645635e-003
1,762137e+003;1,626610e-003
1,762619e+003;1,626777e-003
1,763101e+003;1,645568e-003
1,763583e+003;1,674538e-003
1,764065e+003;1,701581e-003
1,764547e+003;1,717315e-003
1,765030e+003;1,715752e-003
1,765512e+003;1,696458e-003
1,765994e+003;1,663961e-003
1,766476e+003;1,627675e-003
1,766958e+003;1,599040e-003
1,767440e+003;1,587700e-003
1,767922e+003;1,599339e-003
1,768404e+003;1,634193e-003
1,768886e+003;1,688342e-003
1,769369e+003;1,756637e-003
1,769851e+003;1,835057e-003
1,770333e+003;1,919250e-003
1,770815e+003;2,002293e-003
1,771297e+003;2,072568e-003
1,771779e+003;2,114985e-003
1,772261e+003;2,118947e-003
1,772743e+003;2,084920e-003
1,773226e+003;2,026693e-003
1,773708e+003;1,962117e-003
1,774190e+003;1,905238e-003
1,774672e+003;1,864340e-003
1,775154e+003;1,841346e-003
1,775636e+003;1,833993e-003
1,776118e+003;1,837220e-003
1,776600e+003;1,845739e-003
1,777083e+003;1,855122e-003
1,777565e+003;1,862609e-003
1,778047e+003;1,867368e-003
1,778529e+003;1,868832e-003
1,779011e+003;1,866037e-003
1,779493e+003;1,856919e-003
1,779975e+003;1,838817e-003
1,780457e+003;1,810435e-003
1,780939e+003;1,772439e-003
1,781422e+003;1,729191e-003
1,781904e+003;1,685914e-003
1,782386e+003;1,648062e-003
1,782868e+003;1,619792e-003
1,783350e+003;1,601767e-003
1,783832e+003;1,592156e-003
1,784314e+003;1,585305e-003
1,784796e+003;1,574298e-003
1,785278e+003;1,552850e-003
1,785761e+003;1,518035e-003
1,786243e+003;1,471255e-003
1,786725e+003;1,417266e-003
1,787207e+003;1,361821e-003
1,787689e+003;1,309707e-003
1,788171e+003;1,263348e-003
1,788653e+003;1,223174e-003
1,789135e+003;1,187988e-003
1,789618e+003;1,157754e-003
1,790100e+003;1,135562e-003
1,790582e+003;1,129151e-003
1,791064e+003;1,150512e-003
1,791546e+003;1,208421e-003
1,792028e+003;1,302130e-003
1,792510e+003;1,416369e-003
1,792992e+003;1,527578e-003
1,793474e+003;1,612775e-003
1,793957e+003;1,658739e-003
1,794439e+003;1,662597e-003
1,794921e+003;1,630235e-003
1,795403e+003;1,572203e-003
1,795885e+003;1,501411e-003
1,796367e+003;1,430131e-003
1,796849e+003;1,366608e-003
1,797331e+003;1,315091e-003
1,797813e+003;1,276308e-003
1,798296e+003;1,249292e-003
1,798778e+003;1,233774e-003
1,799260e+003;1,230218e-003
1,799742e+003;1,239356e-003
1,800224e+003;1,259726e-003
1,800706e+003;1,286244e-003
1,801188e+003;1,311037e-003
1,801670e+003;1,325793e-003
1,802153e+003;1,326391e-003
1,802635e+003;1,314161e-003
1,803117e+003;1,295550e-003
1,803599e+003;1,279066e-003
1,804081e+003;1,272187e-003
1,804563e+003;1,278202e-003
1,805045e+003;1,294785e-003
1,805527e+003;1,315058e-003
1,806010e+003;1,329149e-003
1,806492e+003;1,328651e-003
1,806974e+003;1,307979e-003
1,807456e+003;1,267170e-003
1,807938e+003;1,211246e-003
1,808420e+003;1,148817e-003
1,808902e+003;1,089354e-003
1,809384e+003;1,040893e-003
1,809866e+003;1,008412e-003
1,810349e+003;9,925369e-004
1,810831e+003;9,891163e-004
1,811313e+003;9,901125e-004
1,811795e+003;9,863931e-004
1,812277e+003;9,699548e-004
1,812759e+003;9,372793e-004
1,813241e+003;8,903954e-004
1,813723e+003;8,370430e-004
1,814205e+003;7,881784e-004
1,814688e+003;7,555165e-004
1,815170e+003;7,478161e-004
1,815652e+003;7,667354e-004
1,816134e+003;8,049750e-004
1,816616e+003;8,473345e-004
1,817098e+003;8,772476e-004
1,817580e+003;8,819622e-004
1,818062e+003;8,594854e-004
1,818545e+003;8,192493e-004
1,819027e+003;7,798135e-004
1,819509e+003;7,614247e-004
1,819991e+003;7,781538e-004
1,820473e+003;8,338892e-004
1,820955e+003;9,212080e-004
1,821437e+003;1,024652e-003
1,821919e+003;1,124865e-003
1,822401e+003;1,205697e-003
1,822884e+003;1,255938e-003
1,823366e+003;1,271224e-003
1,823848e+003;1,253445e-003
1,824330e+003;1,210681e-003
1,824812e+003;1,153767e-003
1,825294e+003;1,093606e-003
1,825776e+003;1,039199e-003
1,826258e+003;9,954594e-004
1,826740e+003;9,640106e-004
1,827223e+003;9,442192e-004
1,827705e+003;9,341247e-004
1,828187e+003;9,311363e-004
1,828669e+003;9,320328e-004
1,829151e+003;9,348220e-004
1,829633e+003;9,388731e-004
1,830115e+003;9,461452e-004
1,830597e+003;9,597600e-004
1,831080e+003;9,821756e-004
1,831562e+003;1,013460e-003
1,832044e+003;1,050127e-003
1,832526e+003;1,086099e-003
1,833008e+003;1,113438e-003
1,833490e+003;1,124035e-003
1,833972e+003;1,111345e-003
1,834454e+003;1,072580e-003
1,834937e+003;1,010006e-003
1,835419e+003;9,312358e-004
1,835901e+003;8,459734e-004
1,836383e+003;7,662376e-004
1,836865e+003;7,031431e-004
1,837347e+003;6,646138e-004
1,837829e+003;6,552226e-004
1,838311e+003;6,751004e-004
1,838793e+003;7,199364e-004
1,839276e+003;7,831993e-004
1,839758e+003;8,575266e-004
1,840240e+003;9,360506e-004
1,840722e+003;1,012762e-003
1,841204e+003;1,083076e-003
1,841686e+003;1,142671e-003
1,842168e+003;1,187655e-003
1,842650e+003;1,214934e-003
1,843132e+003;1,222875e-003
1,843615e+003;1,214003e-003
1,844097e+003;1,194466e-003
1,844579e+003;1,174166e-003
1,845061e+003;1,162538e-003
1,845543e+003;1,164864e-003
1,846025e+003;1,181542e-003
1,846507e+003;1,208887e-003
1,846989e+003;1,240519e-003
1,847472e+003;1,267967e-003
1,847954e+003;1,283819e-003
1,848436e+003;1,281160e-003
1,848918e+003;1,255738e-003
1,849400e+003;1,207192e-003
1,849882e+003;1,138054e-003
1,850364e+003;1,053382e-003
1,850846e+003;9,598596e-004
1,851328e+003;8,655942e-004
1,851811e+003;7,797803e-004
1,852293e+003;7,122366e-004
1,852775e+003;6,717486e-004
1,853257e+003;6,627555e-004
1,853739e+003;6,834632e-004
1,854221e+003;7,255122e-004
1,854703e+003;7,760958e-004
1,855185e+003;8,214734e-004
1,855667e+003;8,497580e-004
1,856150e+003;8,551695e-004
1,856632e+003;8,380390e-004
1,857114e+003;8,055061e-004
1,857596e+003;7,679968e-004
1,858078e+003;7,372282e-004
1,858560e+003;7,220605e-004
1,859042e+003;7,267070e-004
1,859524e+003;7,514007e-004
1,860007e+003;7,919957e-004
1,860489e+003;8,422220e-004
1,860971e+003;8,933504e-004
1,861453e+003;9,371796e-004
1,861935e+003;9,656046e-004
1,862417e+003;9,721133e-004
1,862899e+003;9,529858e-004
1,863381e+003;9,068971e-004
1,863864e+003;8,363127e-004
1,864346e+003;7,462229e-004
1,864828e+003;6,447698e-004
1,865310e+003;5,409849e-004
1,865792e+003;4,441237e-004
1,866274e+003;3,637321e-004
1,866756e+003;3,102454e-004
1,867238e+003;2,951921e-004
1,867720e+003;3,296099e-004
1,868203e+003;4,193480e-004
1,868685e+003;5,591986e-004
1,869167e+003;7,313868e-004
1,869649e+003;9,111472e-004
1,870131e+003;1,072680e-003
1,870613e+003;1,196626e-003
1,871095e+003;1,272320e-003
1,871577e+003;1,294885e-003
1,872059e+003;1,266073e-003
1,872542e+003;1,192839e-003
1,873024e+003;1,086365e-003
1,873506e+003;9,604574e-004
1,873988e+003;8,301379e-004
1,874470e+003;7,107763e-004
1,874952e+003;6,138441e-004
1,875434e+003;5,485821e-004
1,875916e+003;5,190898e-004
1,876399e+003;5,241322e-004
1,876881e+003;5,568762e-004
1,877363e+003;6,066439e-004
1,877845e+003;6,616604e-004
1,878327e+003;7,103449e-004
1,878809e+003;7,459905e-004
1,879291e+003;7,667354e-004
1,879773e+003;7,767929e-004
1,880255e+003;7,838299e-004
1,880738e+003;7,957135e-004
1,881220e+003;8,175562e-004
1,881702e+003;8,483637e-004
1,882184e+003;8,809330e-004
1,882666e+003;9,037760e-004
1,883148e+003;9,047390e-004
1,883630e+003;8,746579e-004
1,884112e+003;8,119461e-004
1,884594e+003;7,236204e-004
1,885077e+003;6,239644e-004
1,885559e+003;5,298050e-004
1,886041e+003;4,570594e-004
1,886523e+003;4,172917e-004
1,887005e+003;4,168605e-004
1,887487e+003;4,561307e-004
1,887969e+003;5,307338e-004
1,888451e+003;6,324258e-004
1,888934e+003;7,493760e-004
1,889416e+003;8,677190e-004
1,889898e+003;9,743383e-004
1,890380e+003;1,057234e-003
1,890862e+003;1,108754e-003
1,891344e+003;1,126626e-003
1,891826e+003;1,114002e-003
1,892308e+003;1,079655e-003
1,892791e+003;1,036609e-003
1,893273e+003;1,001138e-003
1,893755e+003;9,870905e-004
1,894237e+003;1,002234e-003
1,894719e+003;1,042952e-003
1,895201e+003;1,094138e-003
1,895683e+003;1,132938e-003
1,896165e+003;1,139150e-003
1,896647e+003;1,103405e-003
1,897130e+003;1,031926e-003
1,897612e+003;9,437544e-004
1,898094e+003;8,652622e-004
1,898576e+003;8,217390e-004
1,899058e+003;8,265858e-004
1,899540e+003;8,773472e-004
1,900022e+003;9,550114e-004
1,900504e+003;1,034151e-003
1,900986e+003;1,089753e-003
1,901469e+003;1,108222e-003
1,901951e+003;1,091480e-003
1,902433e+003;1,054777e-003
1,902915e+003;1,019903e-003
1,903397e+003;1,003828e-003
1,903879e+003;1,013260e-003
1,904361e+003;1,040893e-003
1,904843e+003;1,069358e-003
1,905326e+003;1,077562e-003
1,905808e+003;1,049662e-003
1,906290e+003;9,791204e-004
1,906772e+003;8,710722e-004
1,907254e+003;7,385890e-004
1,907736e+003;5,990457e-004
1,908218e+003;4,681712e-004
1,908700e+003;3,563702e-004
1,909182e+003;2,678719e-004
1,909665e+003;2,025956e-004
1,910147e+003;1,574152e-004
1,910629e+003;1,279825e-004
1,911111e+003;1,108144e-004
1,911593e+003;1,031917e-004
1,912075e+003;1,044179e-004
1,912557e+003;1,154875e-004
1,913039e+003;1,386550e-004
1,913521e+003;1,774359e-004
1,914004e+003;2,341883e-004
1,914486e+003;3,102786e-004
1,914968e+003;4,041582e-004
1,915450e+003;5,116921e-004
1,915932e+003;6,259221e-004
1,916414e+003;7,384231e-004
1,916896e+003;8,392009e-004
1,917378e+003;9,187509e-004
1,917861e+003;9,707518e-004
1,918343e+003;9,934668e-004
1,918825e+003;9,898802e-004
1,919307e+003;9,656046e-004
1,919789e+003;9,263879e-004
1,920271e+003;8,770484e-004
1,920753e+003;8,219050e-004
1,921235e+003;7,665695e-004
1,921718e+003;7,195381e-004
1,922200e+003;6,904987e-004
1,922682e+003;6,891049e-004
1,923164e+003;7,203678e-004
1,923646e+003;7,824026e-004
1,924128e+003;8,652622e-004
1,924610e+003;9,547125e-004
1,925092e+003;1,033088e-003
1,925574e+003;1,083475e-003
1,926057e+003;1,093208e-003
1,926539e+003;1,056902e-003
1,927021e+003;9,786222e-004
1,927503e+003;8,710722e-004
1,927985e+003;7,537905e-004
1,928467e+003;6,466612e-004
1,928949e+003;5,648386e-004
1,929431e+003;5,142132e-004
1,929913e+003;4,895330e-004
1,930396e+003;4,769944e-004
1,930878e+003;4,593481e-004
1,931360e+003;4,252184e-004
1,931842e+003;3,712930e-004
1,932324e+003;3,074602e-004
1,932806e+003;2,492063e-004
1,933288e+003;2,154247e-004
1,933770e+003;2,184414e-004
1,934253e+003;2,585888e-004
1,934735e+003;3,243045e-004
1,935217e+003;3,971605e-004
1,935699e+003;4,585520e-004
1,936181e+003;4,960015e-004
1,936663e+003;5,077445e-004
1,937145e+003;5,024701e-004
1,937627e+003;4,963001e-004
1,938109e+003;5,039628e-004
1,938592e+003;5,356105e-004
1,939074e+003;5,912153e-004
1,939556e+003;6,615277e-004
1,940038e+003;7,313868e-004
1,940520e+003;7,840291e-004
1,941002e+003;8,080953e-004
1,941484e+003;8,026513e-004
1,941966e+003;7,799463e-004
1,942448e+003;7,604621e-004
1,942931e+003;7,661048e-004
1,943413e+003;8,076638e-004
1,943895e+003;8,788413e-004
1,944377e+003;9,564725e-004
1,944859e+003;1,010105e-003
1,945341e+003;1,008511e-003
1,945823e+003;9,323648e-004
1,946305e+003;7,820707e-004
1,946788e+003;5,787401e-004
1,947270e+003;3,598853e-004
1,947752e+003;1,662653e-004
1,948234e+003;3,363235e-005
1,948716e+003;-1,997937e-005
1,949198e+003;5,003269e-006
1,949680e+003;9,212240e-005
1,950162e+003;2,203973e-004
1,950645e+003;3,701655e-004
1,951127e+003;5,273169e-004
1,951609e+003;6,832309e-004
1,952091e+003;8,285112e-004
1,952573e+003;9,489678e-004
1,953055e+003;1,027243e-003
1,953537e+003;1,046041e-003
1,954019e+003;9,968542e-004
1,954501e+003;8,845519e-004
1,954984e+003;7,319510e-004
1,955466e+003;5,703793e-004
1,955948e+003;4,329463e-004
1,956430e+003;3,420448e-004
1,956912e+003;3,008287e-004
1,957394e+003;2,957889e-004
1,957876e+003;3,029508e-004
1,958358e+003;3,020887e-004
1,958840e+003;2,841511e-004
1,959323e+003;2,547429e-004
1,959805e+003;2,308399e-004
1,960287e+003;2,322323e-004
1,960769e+003;2,732098e-004
1,961251e+003;3,562708e-004
1,961733e+003;4,745730e-004
1,962215e+003;6,146736e-004
1,962697e+003;7,613914e-004
1,963180e+003;8,984304e-004
1,963662e+003;1,009939e-003
1,964144e+003;1,079456e-003
1,964626e+003;1,095101e-003
1,965108e+003;1,054411e-003
1,965590e+003;9,714160e-004
1,966072e+003;8,780444e-004
1,966554e+003;8,174566e-004
1,967036e+003;8,325945e-004
1,967519e+003;9,451158e-004
1,968001e+003;1,142970e-003
1,968483e+003;1,380867e-003
1,968965e+003;1,602798e-003
1,969447e+003;1,760928e-003
1,969929e+003;1,830665e-003
1,970411e+003;1,817655e-003
1,970893e+003;1,749251e-003
1,971375e+003;1,656843e-003
1,971858e+003;1,556374e-003
1,972340e+003;1,437245e-003
1,972822e+003;1,266970e-003
1,973304e+003;1,009109e-003
1,973786e+003;6,477231e-004
1,974268e+003;2,048829e-004
1,974750e+003;-2,564480e-004
1,975232e+003;-6,451705e-004
1,975715e+003;-8,789182e-004
1,976197e+003;-9,166791e-004
1,976679e+003;-7,720654e-004
1,977161e+003;-5,057285e-004
1,977643e+003;-2,002160e-004
1,978125e+003;6,988531e-005
1,978607e+003;2,636281e-004
1,979089e+003;3,760685e-004
1,979572e+003;4,283029e-004
1,980054e+003;4,509232e-004
1,980536e+003;4,706921e-004
1,981018e+003;5,018730e-004
1,981500e+003;5,485490e-004
1,981982e+003;6,101610e-004
1,982464e+003;6,854876e-004
1,982946e+003;7,718471e-004
1,983428e+003;8,638678e-004
1,983911e+003;9,515246e-004
1,984393e+003;1,019504e-003
1,984875e+003;1,052153e-003
1,985357e+003;1,040993e-003
1,985839e+003;9,868249e-004
1,986321e+003;9,014186e-004
1,986803e+003;8,020538e-004
1,987285e+003;7,060968e-004
1,987767e+003;6,215421e-004
1,988250e+003;5,476864e-004
1,988732e+003;4,790178e-004
1,989214e+003;4,156334e-004
1,989696e+003;3,685074e-004
1,990178e+003;3,613776e-004
1,990660e+003;4,195138e-004
1,991142e+003;5,574070e-004
1,991624e+003;7,651422e-004
1,992107e+003;1,008146e-003
1,992589e+003;1,235003e-003
1,993071e+003;1,399980e-003
1,993553e+003;1,480830e-003
1,994035e+003;1,486249e-003
1,994517e+003;1,450709e-003
1,994999e+003;1,419261e-003
1,995481e+003;1,430430e-003
1,995964e+003;1,497786e-003
1,996446e+003;1,606955e-003
1,996928e+003;1,717282e-003
1,997410e+003;1,782587e-003
1,997892e+003;1,761161e-003
1,998374e+003;1,637819e-003
1,998856e+003;1,426607e-003
1,999338e+003;1,169017e-003
1,999820e+003;9,165926e-004
2,000302e+003;7,159869e-004
2,000785e+003;5,975526e-004
2,001267e+003;5,656017e-004
2,001749e+003;5,981830e-004
2,002231e+003;6,502119e-004
2,002713e+003;6,699566e-004
2,003195e+003;6,076393e-004
2,003677e+003;4,301934e-004
2,004159e+003;1,318272e-004
2,004642e+003;-2,628722e-004
2,005124e+003;-6,988638e-004
2,005606e+003;-1,106096e-003
2,006088e+003;-1,405456e-003
2,006570e+003;-1,537610e-003
2,007052e+003;-1,476095e-003
2,007534e+003;-1,230444e-003
2,008016e+003;-8,400627e-004
2,008499e+003;-3,644871e-004
2,008981e+003;1,278831e-004
2,009463e+003;5,760195e-004
2,009945e+003;9,308042e-004
2,010427e+003;1,161409e-003
2,010909e+003;1,260490e-003
2,011391e+003;1,238991e-003
2,011873e+003;1,128420e-003
2,012355e+003;9,696891e-004
2,012838e+003;8,155312e-004
2,013320e+003;7,153895e-004
2,013802e+003;7,054330e-004
2,014284e+003;8,045102e-004
2,014766e+003;1,008644e-003
2,015248e+003;1,296680e-003
2,015730e+003;1,636455e-003
2,016212e+003;1,997566e-003
2,016694e+003;2,353615e-003
2,017177e+003;2,685883e-003
2,017659e+003;2,983041e-003
2,018141e+003;3,233998e-003
2,018623e+003;3,423748e-003
2,019105e+003;3,533569e-003
2,019587e+003;3,542889e-003
2,020069e+003;3,438142e-003
2,020551e+003;3,220980e-003
2,021034e+003;2,915720e-003
2,021516e+003;2,562477e-003
2,021998e+003;2,212286e-003
2,022480e+003;1,910197e-003
2,022962e+003;1,683253e-003
2,023444e+003;1,539881e-003
2,023926e+003;1,470125e-003
2,024408e+003;1,455596e-003
2,024891e+003;1,474613e-003
2,025373e+003;1,509590e-003
2,025855e+003;1,550821e-003
2,026337e+003;1,592256e-003
2,026819e+003;1,631400e-003
2,027301e+003;1,665192e-003
2,027783e+003;1,689540e-003
2,028265e+003;1,701215e-003
2,028747e+003;1,699851e-003
2,029229e+003;1,688675e-003
2,029712e+003;1,672809e-003
2,030194e+003;1,656178e-003
2,030676e+003;1,638983e-003
2,031158e+003;1,614704e-003
2,031640e+003;1,571604e-003
2,032122e+003;1,496889e-003
2,032604e+003;1,383526e-003
2,033086e+003;1,233707e-003
2,033569e+003;1,061353e-003
2,034051e+003;8,865108e-004
2,034533e+003;7,313868e-004
2,035015e+003;6,102274e-004
2,035497e+003;5,262553e-004
2,035979e+003;4,694316e-004
2,036461e+003;4,195801e-004
2,036943e+003;3,566024e-004
2,037426e+003;2,680708e-004
2,037908e+003;1,574815e-004
2,038390e+003;4,592621e-005
2,038872e+003;-3,551824e-005
2,039354e+003;-5,450207e-005
2,039836e+003;9,608978e-006
2,040318e+003;1,579124e-004
2,040800e+003;3,682753e-004
2,041282e+003;6,031931e-004
2,041765e+003;8,257559e-004
2,042247e+003;1,008179e-003
2,042729e+003;1,139681e-003
2,043211e+003;1,225002e-003
2,043693e+003;1,274680e-003
2,044175e+003;1,297544e-003
2,044657e+003;1,292658e-003
2,045139e+003;1,248760e-003
2,045622e+003;1,151741e-003
2,046104e+003;9,949944e-004
2,046586e+003;7,867842e-004
2,047068e+003;5,538239e-004
2,047550e+003;3,359102e-004
2,048032e+003;1,749498e-004
2,048514e+003;9,686160e-005
2,048996e+003;1,052796e-004
2,049479e+003;1,798225e-004
2,049960e+003;2,868035e-004
2,050443e+003;3,887368e-004
2,050925e+003;4,578886e-004
2,051407e+003;4,836617e-004
2,051889e+003;4,710238e-004
2,052371e+003;4,382530e-004
2,052853e+003;4,104264e-004
2,053335e+003;4,141410e-004
2,053817e+003;4,693985e-004
2,054300e+003;5,867030e-004
2,054782e+003;7,641132e-004
2,055264e+003;9,867584e-004
2,055746e+003;1,225932e-003
2,056228e+003;1,444725e-003
2,056710e+003;1,605093e-003
2,057192e+003;1,673474e-003
2,057674e+003;1,630335e-003
2,058156e+003;1,477173e-003
2,058639e+003;1,239190e-003
2,059121e+003;9,605902e-004
2,059603e+003;6,964392e-004
2,060085e+003;5,012427e-004
2,060567e+003;4,099289e-004
2,061049e+003;4,355333e-004
2,061531e+003;5,648055e-004
2,062013e+003;7,665695e-004
2,062496e+003;9,987804e-004
2,062978e+003;1,219785e-003
2,063460e+003;1,399149e-003
2,063942e+003;1,519266e-003
2,064424e+003;1,577823e-003
2,064906e+003;1,582811e-003
2,065388e+003;1,547795e-003
2,065870e+003;1,485053e-003
2,066353e+003;1,404667e-003
2,066835e+003;1,312366e-003
2,067317e+003;1,210548e-003
2,067799e+003;1,101047e-003
2,068281e+003;9,855629e-004
2,068763e+003;8,679846e-004
2,069245e+003;7,542884e-004
2,069727e+003;6,529330e-004
2,070209e+003;5,718723e-004
2,070692e+003;5,172984e-004
2,071174e+003;4,913575e-004
2,071656e+003;4,891018e-004
2,072138e+003;4,996173e-004
2,072620e+003;5,087065e-004
2,073102e+003;5,017403e-004
2,073584e+003;4,708247e-004
2,074066e+003;4,194143e-004
2,074549e+003;3,643953e-004
2,075031e+003;3,341196e-004
2,075513e+003;3,579288e-004
2,075995e+003;4,590827e-004
2,076477e+003;6,429779e-004
2,076959e+003;8,914579e-004
2,077441e+003;1,163302e-003
2,077923e+003;1,405831e-003
2,078406e+003;1,568844e-003
2,078887e+003;1,618196e-003
2,079370e+003;1,548493e-003
2,079852e+003;1,383526e-003
2,080334e+003;1,169980e-003
2,080816e+003;9,586974e-004
2,081298e+003;7,958795e-004
2,081780e+003;7,072584e-004
2,082262e+003;6,953108e-004
2,082744e+003;7,419081e-004
2,083227e+003;8,178218e-004
2,083709e+003;8,945457e-004
2,084191e+003;9,485029e-004
2,084673e+003;9,675970e-004
2,085155e+003;9,483368e-004
2,085637e+003;8,947117e-004
2,086119e+003;8,142034e-004
2,086601e+003;7,183101e-004
2,087083e+003;6,226039e-004
2,087566e+003;5,452314e-004
2,088048e+003;5,052897e-004
2,088530e+003;5,176633e-004
2,089012e+003;5,864043e-004
2,089494e+003;7,014173e-004
2,089976e+003;8,393337e-004
2,090458e+003;9,711503e-004
2,090940e+003;1,069690e-003
2,091423e+003;1,122540e-003
2,091905e+003;1,134366e-003
2,092387e+003;1,126327e-003
2,092869e+003;1,125928e-003
2,093351e+003;1,156924e-003
2,093833e+003;1,230185e-003
2,094315e+003;1,339320e-003
2,094797e+003;1,463808e-003
2,095280e+003;1,578787e-003
2,095762e+003;1,666422e-003
2,096244e+003;1,719744e-003
2,096726e+003;1,745692e-003
2,097208e+003;1,758500e-003
2,097690e+003;1,774036e-003
2,098172e+003;1,801352e-003
2,098654e+003;1,841479e-003
2,099136e+003;1,888732e-003
2,099619e+003;1,935258e-003
2,100101e+003;1,974066e-003
2,100583e+003;2,001960e-003
2,101065e+003;2,018571e-003
2,101547e+003;2,023697e-003
2,102029e+003;2,015308e-003
2,102511e+003;1,989112e-003
2,102993e+003;1,939185e-003
2,103476e+003;1,861378e-003
2,103958e+003;1,754374e-003
2,104440e+003;1,621322e-003
2,104922e+003;1,468728e-003
2,105404e+003;1,306218e-003
2,105886e+003;1,144100e-003
2,106368e+003;9,926365e-004
2,106850e+003;8,614442e-004
2,107333e+003;7,595659e-004
2,107814e+003;6,928882e-004
2,108297e+003;6,639169e-004
2,108779e+003;6,688947e-004
2,109261e+003;7,004549e-004
2,109743e+003;7,483471e-004
2,110225e+003;8,040455e-004
2,110707e+003;8,649634e-004
2,111189e+003;9,351873e-004
2,111671e+003;1,021895e-003
2,112154e+003;1,132240e-003
2,112636e+003;1,265940e-003
2,113118e+003;1,413177e-003
2,113600e+003;1,553481e-003
2,114082e+003;1,661733e-003
2,114564e+003;1,715652e-003
2,115046e+003;1,701548e-003
2,115528e+003;1,618994e-003
2,116010e+003;1,479500e-003
2,116493e+003;1,304921e-003
2,116975e+003;1,119085e-003
2,117457e+003;9,435219e-004
2,117939e+003;7,949832e-004
2,118421e+003;6,818703e-004
2,118903e+003;6,063121e-004
2,119385e+003;5,628148e-004
2,119867e+003;5,415157e-004
2,120350e+003;5,291415e-004
2,120832e+003;5,119243e-004
2,121314e+003;4,818042e-004
2,121796e+003;4,402431e-004
2,122278e+003;3,999794e-004
2,122760e+003;3,820046e-004
2,123242e+003;4,109902e-004
2,123724e+003;5,024701e-004
2,124207e+003;6,558863e-004
2,124689e+003;8,485297e-004
2,125171e+003;1,042919e-003
2,125653e+003;1,193337e-003
2,126135e+003;1,261221e-003
2,126617e+003;1,228125e-003
2,127099e+003;1,099021e-003
2,127581e+003;9,016510e-004
2,128063e+003;6,760627e-004
2,128546e+003;4,659156e-004
2,129028e+003;3,050397e-004
2,129510e+003;2,120765e-004
2,129992e+003;1,919216e-004
2,130474e+003;2,381665e-004
2,130956e+003;3,364076e-004
2,131438e+003;4,668112e-004
2,131920e+003;6,092651e-004
2,132403e+003;7,413770e-004
2,132885e+003;8,446122e-004
2,133367e+003;9,095866e-004
2,133849e+003;9,384746e-004
2,134331e+003;9,453151e-004
2,134813e+003;9,508937e-004
2,135295e+003;9,750689e-004
2,135777e+003;1,025084e-003
2,136260e+003;1,091746e-003
2,136741e+003;1,152106e-003
2,137224e+003;1,180346e-003
2,137706e+003;1,159050e-003
2,138188e+003;1,087992e-003
2,138670e+003;9,827734e-004
2,139152e+003;8,688478e-004
2,139634e+003;7,665695e-004
2,140116e+003;6,809079e-004
2,140598e+003;6,011360e-004
2,141081e+003;5,087065e-004
2,141563e+003;3,931144e-004
2,142045e+003;2,642249e-004
2,142527e+003;1,548961e-004
2,143009e+003;1,118418e-004
2,143491e+003;1,768392e-004
2,143973e+003;3,642295e-004
2,144455e+003;6,509419e-004
2,144938e+003;9,783233e-004
2,145420e+003;1,276208e-003
2,145902e+003;1,478802e-003
2,146384e+003;1,550788e-003
2,146866e+003;1,495326e-003
2,147348e+003;1,349656e-003
2,147830e+003;1,167223e-003
2,148312e+003;9,977841e-004
2,148794e+003;8,772144e-004
2,149277e+003;8,203448e-004
2,149759e+003;8,257559e-004
2,150241e+003;8,830247e-004
2,150723e+003;9,782569e-004
2,151205e+003;1,093606e-003
2,151687e+003;1,206328e-003
2,152169e+003;1,291695e-003
2,152651e+003;1,325095e-003
2,153134e+003;1,290698e-003
2,153616e+003;1,191576e-003
2,154098e+003;1,051555e-003
2,154580e+003;9,107155e-004
2,155062e+003;8,117801e-004
2,155544e+003;7,851909e-004
2,156026e+003;8,356155e-004
2,156508e+003;9,421605e-004
2,156990e+003;1,063080e-003
2,157473e+003;1,159249e-003
2,157955e+003;1,201211e-003
2,158437e+003;1,182539e-003
2,158919e+003;1,110647e-003
2,159401e+003;9,983154e-004
2,159883e+003;8,498244e-004
2,160365e+003;6,638838e-004
2,160847e+003;4,394139e-004
2,161330e+003;1,857560e-004
2,161812e+003;-6,964217e-005
2,162294e+003;-2,846937e-004
2,162776e+003;-4,190097e-004
2,163258e+003;-4,440672e-004
2,163740e+003;-3,546544e-004
2,164222e+003;-1,688845e-004
2,164704e+003;7,899873e-005
2,165187e+003;3,513961e-004
2,165668e+003;6,188212e-004
2,166151e+003;8,624070e-004
2,166633e+003;1,074540e-003
2,167115e+003;1,254343e-003
2,167597e+003;1,401809e-003
2,168079e+003;1,515442e-003
2,168561e+003;1,590194e-003
2,169043e+003;1,622752e-003
2,169525e+003;1,610248e-003
2,170008e+003;1,551586e-003
2,170490e+003;1,447119e-003
2,170972e+003;1,301565e-003
2,171454e+003;1,126526e-003
2,171936e+003;9,483368e-004
2,172418e+003;8,059708e-004
2,172900e+003;7,529607e-004
2,173382e+003;8,394333e-004
2,173865e+003;1,092743e-003
2,174347e+003;1,499582e-003
2,174829e+003;2,000496e-003
2,175311e+003;2,498922e-003
2,175793e+003;2,883899e-003
2,176275e+003;3,072161e-003
2,176757e+003;3,028383e-003
2,177239e+003;2,779978e-003
2,177721e+003;2,403789e-003
2,178204e+003;2,005755e-003
2,178686e+003;1,681424e-003
2,179168e+003;1,486349e-003
2,179650e+003;1,429333e-003
2,180132e+003;1,479035e-003
2,180614e+003;1,583310e-003
2,181096e+003;1,690804e-003
2,181578e+003;1,769645e-003
2,182061e+003;1,811400e-003
2,182543e+003;1,822247e-003
2,183025e+003;1,811433e-003
2,183507e+003;1,780158e-003
2,183989e+003;1,718247e-003
2,184471e+003;1,610613e-003
2,184953e+003;1,444758e-003
2,185435e+003;1,219154e-003
2,185917e+003;9,484033e-004
2,186400e+003;6,598021e-004
2,186882e+003;3,893006e-004
2,187364e+003;1,734913e-004
2,187846e+003;4,930625e-005
2,188328e+003;4,261246e-005
2,188810e+003;1,674254e-004
2,189292e+003;4,173912e-004
2,189774e+003;7,645779e-004
2,190257e+003;1,157322e-003
2,190739e+003;1,528808e-003
2,191221e+003;1,814062e-003
2,191703e+003;1,959122e-003
2,192185e+003;1,939185e-003
2,192667e+003;1,764122e-003
2,193149e+003;1,475411e-003
2,193631e+003;1,130978e-003
2,194114e+003;7,858548e-004
2,194595e+003;4,823017e-004
2,195078e+003;2,372051e-004
2,195560e+003;4,940566e-005
2,196042e+003;-9,100967e-005
2,196524e+003;-1,919362e-004
2,197006e+003;-2,533352e-004
2,197488e+003;-2,659186e-004
2,197970e+003;-2,186959e-004
2,198452e+003;-1,073079e-004
2,198935e+003;6,073894e-005
2,199417e+003;2,655179e-004
2,199899e+003;4,789183e-004
2,200381e+003;6,758636e-004
2,200863e+003;8,425207e-004
2,201345e+003;9,808803e-004
2,201827e+003;1,107425e-003
2,202309e+003;1,246069e-003
2,202792e+003;1,419227e-003
2,203274e+003;1,636754e-003
2,203756e+003;1,890696e-003
2,204238e+003;2,154276e-003
2,204720e+003;2,389162e-003
2,205202e+003;2,549712e-003
2,205684e+003;2,600009e-003
2,206166e+003;2,521783e-003
2,206648e+003;2,321301e-003
2,207131e+003;2,030721e-003
2,207613e+003;1,703943e-003
2,208095e+003;1,406363e-003
2,208577e+003;1,194865e-003
2,209059e+003;1,107923e-003
2,209541e+003;1,154532e-003
2,210023e+003;1,313762e-003
2,210505e+003;1,542076e-003
2,210988e+003;1,785182e-003
2,211470e+003;1,995935e-003
2,211952e+003;2,138226e-003
2,212434e+003;2,197733e-003
2,212916e+003;2,177685e-003
2,213398e+003;2,093609e-003
2,213880e+003;1,965812e-003
2,214362e+003;1,816158e-003
2,214844e+003;1,664926e-003
2,215327e+003;1,529872e-003
2,215809e+003;1,425411e-003
2,216291e+003;1,361090e-003
2,216773e+003;1,337990e-003
2,217255e+003;1,346200e-003
2,217737e+003;1,367306e-003
2,218219e+003;1,378474e-003
2,218701e+003;1,359362e-003
2,219184e+003;1,301565e-003
2,219666e+003;1,211146e-003
2,220148e+003;1,111312e-003
2,220630e+003;1,031162e-003
2,221112e+003;1,000574e-003
2,221594e+003;1,039664e-003
2,222076e+003;1,152405e-003
2,222558e+003;1,328352e-003
2,223041e+003;1,544969e-003
2,223522e+003;1,777164e-003
2,224005e+003;1,998864e-003
2,224487e+003;2,190273e-003
2,224969e+003;2,336825e-003
2,225451e+003;2,427378e-003
2,225933e+003;2,455168e-003
2,226415e+003;2,417216e-003
2,226897e+003;2,317937e-003
2,227379e+003;2,169760e-003
2,227862e+003;1,994903e-003
2,228344e+003;1,821981e-003
2,228826e+003;1,677864e-003
2,229308e+003;1,583443e-003
2,229790e+003;1,547529e-003
2,230272e+003;1,565220e-003
2,230754e+003;1,619726e-003
2,231236e+003;1,689074e-003
2,231719e+003;1,752179e-003
2,232201e+003;1,793100e-003
2,232683e+003;1,803914e-003
2,233165e+003;1,784383e-003
2,233647e+003;1,736976e-003
2,234129e+003;1,665624e-003
2,234611e+003;1,573400e-003
2,235093e+003;1,462777e-003
2,235575e+003;1,338622e-003
2,236058e+003;1,210249e-003
2,236540e+003;1,092145e-003
2,237022e+003;1,002965e-003
2,237504e+003;9,629147e-004
2,237986e+003;9,882196e-004
2,238468e+003;1,085136e-003
2,238950e+003;1,247398e-003
2,239432e+003;1,456394e-003
2,239915e+003;1,684051e-003
2,240397e+003;1,898117e-003
2,240879e+003;2,070537e-003
2,241361e+003;2,182314e-003
2,241843e+003;2,226840e-003
2,242325e+003;2,209755e-003
2,242807e+003;2,147782e-003
2,243289e+003;2,062680e-003
2,243771e+003;1,975564e-003
2,244254e+003;1,904606e-003
2,244736e+003;1,861378e-003
2,245218e+003;1,851096e-003
2,245700e+003;1,874223e-003
2,246182e+003;1,927037e-003
2,246664e+003;2,003225e-003
2,247146e+003;2,094208e-003
2,247628e+003;2,189640e-003
2,248111e+003;2,278231e-003
2,248593e+003;2,349317e-003
2,249075e+003;2,394560e-003
2,249557e+003;2,410885e-003
2,250039e+003;2,401290e-003
2,250521e+003;2,374536e-003
2,251003e+003;2,343521e-003
2,251485e+003;2,321135e-003
2,251968e+003;2,315405e-003
2,252449e+003;2,327097e-003
2,252932e+003;2,349584e-003
2,253414e+003;2,369073e-003
2,253896e+003;2,370705e-003
2,254378e+003;2,343387e-003
2,254860e+003;2,284127e-003
2,255342e+003;2,199364e-003
2,255824e+003;2,103265e-003
2,256306e+003;2,014776e-003
2,256789e+003;1,951333e-003
2,257271e+003;1,922644e-003
2,257753e+003;1,930199e-003
2,258235e+003;1,965745e-003
2,258717e+003;2,015142e-003
2,259199e+003;2,061914e-003
2,259681e+003;2,094308e-003
2,260163e+003;2,106594e-003
2,260646e+003;2,101966e-003
2,261128e+003;2,088482e-003
2,261610e+003;2,078228e-003
2,262092e+003;2,081923e-003
2,262574e+003;2,106095e-003
2,263056e+003;2,151811e-003
2,263538e+003;2,214451e-003
2,264020e+003;2,286159e-003
2,264502e+003;2,355680e-003
2,264985e+003;2,412385e-003
2,265467e+003;2,446804e-003
2,265949e+003;2,450969e-003
2,266431e+003;2,421048e-003
2,266913e+003;2,357246e-003
2,267395e+003;2,264708e-003
2,267877e+003;2,153110e-003
2,268359e+003;2,035815e-003
2,268842e+003;1,927770e-003
2,269324e+003;1,841745e-003
2,269806e+003;1,787511e-003
2,270288e+003;1,768913e-003
2,270770e+003;1,784583e-003
2,271252e+003;1,829933e-003
2,271734e+003;1,898915e-003
2,272216e+003;1,985650e-003
2,272698e+003;2,083987e-003
2,273181e+003;2,188075e-003
2,273663e+003;2,289956e-003
2,274145e+003;2,378901e-003
2,274627e+003;2,443705e-003
2,275109e+003;2,472829e-003
2,275591e+003;2,459800e-003
2,276073e+003;2,405621e-003
2,276555e+003;2,320302e-003
2,277038e+003;2,221844e-003
2,277520e+003;2,131566e-003
2,278002e+003;2,070537e-003
2,278484e+003;2,052626e-003
2,278966e+003;2,081557e-003
2,279448e+003;2,150646e-003
2,279930e+003;2,245590e-003
2,280412e+003;2,347318e-003
2,280895e+003;2,437541e-003
2,281376e+003;2,504354e-003
2,281859e+003;2,542380e-003
2,282341e+003;2,554245e-003
2,282823e+003;2,547413e-003
2,283305e+003;2,531915e-003
2,283787e+003;2,515885e-003
2,284269e+003;2,503687e-003
2,284751e+003;2,495756e-003
2,285233e+003;2,489291e-003
2,285716e+003;2,480526e-003
2,286198e+003;2,467297e-003
2,286680e+003;2,450636e-003
2,287162e+003;2,434942e-003
2,287644e+003;2,425912e-003
2,288126e+003;2,428678e-003
2,288608e+003;2,445005e-003
2,289090e+003;2,472729e-003
2,289573e+003;2,506287e-003
2,290055e+003;2,539614e-003
2,290537e+003;2,568677e-003
2,291019e+003;2,594242e-003
2,291501e+003;2,621576e-003
2,291983e+003;2,657946e-003
2,292465e+003;2,709922e-003
2,292947e+003;2,778911e-003
2,293429e+003;2,859984e-003
2,293912e+003;2,941640e-003
2,294394e+003;3,009198e-003
2,294876e+003;3,050171e-003
2,295358e+003;3,057011e-003
2,295840e+003;3,030885e-003
2,296322e+003;2,979371e-003
2,296804e+003;2,916321e-003
2,297286e+003;2,855682e-003
2,297769e+003;2,808257e-003
2,298251e+003;2,780811e-003
2,298733e+003;2,774175e-003
2,299215e+003;2,785413e-003
2,299697e+003;2,809524e-003
2,300179e+003;2,840673e-003
2,300661e+003;2,873159e-003
2,301143e+003;2,902444e-003
2,301625e+003;2,924994e-003
2,302108e+003;2,938904e-003
2,302590e+003;2,943908e-003
2,303072e+003;2,941106e-003
2,303554e+003;2,933567e-003
2,304036e+003;2,924527e-003
2,304518e+003;2,915487e-003
2,305000e+003;2,906247e-003
2,305482e+003;2,894939e-003
2,305965e+003;2,878996e-003
2,306447e+003;2,857616e-003
2,306929e+003;2,833402e-003
2,307411e+003;2,812625e-003
2,307893e+003;2,804021e-003
2,308375e+003;2,814560e-003
2,308857e+003;2,847077e-003
2,309339e+003;2,897408e-003
2,309822e+003;2,955451e-003
2,310303e+003;3,007029e-003
2,310786e+003;3,040061e-003
2,311268e+003;3,048369e-003
2,311750e+003;3,034121e-003
2,312232e+003;3,007096e-003
2,312714e+003;2,981806e-003
2,313196e+003;2,971064e-003
2,313678e+003;2,982140e-003
2,314160e+003;3,014602e-003
2,314643e+003;3,060682e-003
2,315125e+003;3,110003e-003
2,315607e+003;3,152187e-003
2,316089e+003;3,181793e-003
2,316571e+003;3,199416e-003
2,317053e+003;3,211099e-003
2,317535e+003;3,225553e-003
2,318017e+003;3,251023e-003
2,318500e+003;3,292854e-003
2,318982e+003;3,351751e-003
2,319464e+003;3,424249e-003
2,319946e+003;3,504073e-003
2,320428e+003;3,584715e-003
2,320910e+003;3,661294e-003
2,321392e+003;3,730702e-003
2,321874e+003;3,792198e-003
2,322356e+003;3,845948e-003
2,322839e+003;3,891548e-003
2,323321e+003;3,927355e-003
2,323803e+003;3,950426e-003
2,324285e+003;3,957849e-003
2,324767e+003;3,948420e-003
2,325249e+003;3,923510e-003
2,325731e+003;3,888405e-003
2,326213e+003;3,851698e-003
2,326696e+003;3,823519e-003
2,327178e+003;3,812120e-003
2,327660e+003;3,821713e-003
2,328142e+003;3,850227e-003
2,328624e+003;3,890378e-003
2,329106e+003;3,931200e-003
2,329588e+003;3,963634e-003
2,330070e+003;3,983597e-003
2,330552e+003;3,993561e-003
2,331035e+003;4,000918e-003
2,331517e+003;4,013392e-003
2,331999e+003;4,033525e-003
2,332481e+003;4,056668e-003
2,332963e+003;4,069511e-003
2,333445e+003;4,056099e-003
2,333927e+003;4,004029e-003
2,334409e+003;3,909535e-003
2,334892e+003;3,780868e-003
2,335374e+003;3,637503e-003
2,335856e+003;3,505343e-003
2,336338e+003;3,408453e-003
2,336820e+003;3,362470e-003
2,337302e+003;3,371586e-003
2,337784e+003;3,428323e-003
2,338266e+003;3,517635e-003
2,338749e+003;3,622167e-003
2,339230e+003;3,728329e-003
2,339713e+003;3,826828e-003
2,340195e+003;3,913614e-003
2,340677e+003;3,987041e-003
2,341159e+003;4,046434e-003
2,341641e+003;4,089713e-003
2,342123e+003;4,114632e-003
2,342605e+003;4,119582e-003
2,343087e+003;4,103661e-003
2,343570e+003;4,068407e-003
2,344052e+003;4,016870e-003
2,344534e+003;3,953001e-003
2,345016e+003;3,881552e-003
2,345498e+003;3,808744e-003
2,345980e+003;3,740627e-003
2,346462e+003;3,684551e-003
2,346944e+003;3,647093e-003
2,347427e+003;3,632792e-003
2,347909e+003;3,644019e-003
2,348391e+003;3,680073e-003
2,348873e+003;3,737152e-003
2,349355e+003;3,807674e-003
2,349837e+003;3,882789e-003
2,350319e+003;3,951864e-003
2,350801e+003;4,005701e-003
2,351283e+003;4,038909e-003
2,351766e+003;4,052253e-003
2,352248e+003;4,053256e-003
2,352730e+003;4,053925e-003
2,353212e+003;4,068139e-003
2,353694e+003;4,107675e-003
2,354176e+003;4,177087e-003
2,354658e+003;4,273546e-003
2,355140e+003;4,387029e-003
2,355623e+003;4,501781e-003
2,356105e+003;4,599987e-003
2,356587e+003;4,667535e-003
2,357069e+003;4,697378e-003
2,357551e+003;4,692588e-003
2,358033e+003;4,665593e-003
2,358515e+003;4,637594e-003
2,358997e+003;4,631231e-003
2,359479e+003;4,662846e-003
2,359962e+003;4,738511e-003
2,360444e+003;4,850608e-003
2,360926e+003;4,980531e-003
2,361408e+003;5,103184e-003
2,361890e+003;5,197066e-003
2,362372e+003;5,248173e-003
2,362854e+003;5,254244e-003
2,363336e+003;5,222854e-003
2,363819e+003;5,167524e-003
2,364301e+003;5,101977e-003
2,364783e+003;5,035065e-003
2,365265e+003;4,969605e-003
2,365747e+003;4,903685e-003
2,366229e+003;4,833520e-003
2,366711e+003;4,755695e-003
2,367193e+003;4,668908e-003
2,367676e+003;4,574303e-003
2,368157e+003;4,473057e-003
2,368640e+003;4,367951e-003
2,369122e+003;4,261466e-003
2,369604e+003;4,158620e-003
2,370086e+003;4,065999e-003
2,370568e+003;3,992023e-003
2,371050e+003;3,943839e-003
2,371532e+003;3,923777e-003
2,372014e+003;3,926987e-003
2,372497e+003;3,940194e-003
2,372979e+003;3,945277e-003
2,373461e+003;3,923343e-003
2,373943e+003;3,861761e-003
2,374425e+003;3,758441e-003
2,374907e+003;3,622902e-003
2,375389e+003;3,472977e-003
2,375872e+003;3,330015e-003
2,376354e+003;3,211834e-003
2,376836e+003;3,126589e-003
2,377318e+003;3,072127e-003
2,377800e+003;3,038225e-003
2,378282e+003;3,011166e-003
2,378764e+003;2,978804e-003
2,379246e+003;2,935135e-003
2,379729e+003;2,881898e-003
2,380210e+003;2,826299e-003
2,380693e+003;2,777210e-003
2,381175e+003;2,741297e-003
2,381657e+003;2,720558e-003
2,382139e+003;2,711789e-003
2,382621e+003;2,707988e-003
2,383103e+003;2,701786e-003
2,383585e+003;2,688884e-003
2,384067e+003;2,668980e-003
2,384550e+003;2,647044e-003
2,385032e+003;2,629643e-003
2,385514e+003;2,623809e-003
2,385996e+003;2,632910e-003
2,386478e+003;2,655478e-003
2,386960e+003;2,685016e-003
2,387442e+003;2,712622e-003
2,387924e+003;2,729160e-003
2,388406e+003;2,728260e-003
2,388889e+003;2,708455e-003
2,389371e+003;2,673181e-003
2,389853e+003;2,630410e-003
2,390335e+003;2,588909e-003
2,390817e+003;2,557778e-003
2,391299e+003;2,542913e-003
2,391781e+003;2,546413e-003
2,392263e+003;2,566544e-003
2,392746e+003;2,598442e-003
2,393228e+003;2,635743e-003
2,393710e+003;2,671714e-003
2,394192e+003;2,701120e-003
2,394674e+003;2,720424e-003
2,395156e+003;2,728260e-003
2,395638e+003;2,725192e-003
2,396120e+003;2,713556e-003
2,396603e+003;2,696585e-003
2,397085e+003;2,678182e-003
2,397567e+003;2,662613e-003
2,398049e+003;2,654278e-003
2,398531e+003;2,656712e-003
2,399013e+003;2,672714e-003
2,399495e+003;2,702953e-003
2,399977e+003;2,745332e-003
2,400459e+003;2,794284e-003
2,400942e+003;2,841907e-003
2,401424e+003;2,878529e-003
2,401906e+003;2,895139e-003
2,402388e+003;2,885733e-003
2,402870e+003;2,849478e-003
2,403352e+003;2,790515e-003
2,403834e+003;2,716790e-003
2,404316e+003;2,639044e-003
2,404799e+003;2,566810e-003
2,405281e+003;2,506986e-003
2,405763e+003;2,462798e-003
2,406245e+003;2,434742e-003
2,406727e+003;2,421847e-003
2,407209e+003;2,423946e-003
2,407691e+003;2,441739e-003
2,408173e+003;2,476461e-003
2,408656e+003;2,528049e-003
2,409137e+003;2,593442e-003
2,409620e+003;2,665346e-003
2,410102e+003;2,733328e-003
2,410584e+003;2,787481e-003
2,411066e+003;2,820129e-003
2,411548e+003;2,829867e-003
2,412030e+003;2,821897e-003
2,412512e+003;2,806656e-003
2,412994e+003;2,795818e-003
2,413477e+003;2,798619e-003
2,413959e+003;2,818662e-003
2,414441e+003;2,852847e-003
2,414923e+003;2,892671e-003
2,415405e+003;2,926895e-003
2,415887e+003;2,946077e-003
2,416369e+003;2,943675e-003
2,416851e+003;2,917955e-003
2,417333e+003;2,871424e-003
2,417816e+003;2,809357e-003
2,418298e+003;2,739130e-003
2,418780e+003;2,668280e-003
2,419262e+003;2,605042e-003
2,419744e+003;2,556311e-003
2,420226e+003;2,527482e-003
2,420708e+003;2,521017e-003
2,421190e+003;2,534448e-003
2,421673e+003;2,561578e-003
2,422155e+003;2,592009e-003
2,422637e+003;2,615442e-003
2,423119e+003;2,623209e-003
2,423601e+003;2,611876e-003
2,424083e+003;2,583176e-003
2,424565e+003;2,544546e-003
2,425047e+003;2,505353e-003
2,425530e+003;2,474395e-003
2,426012e+003;2,458700e-003
2,426494e+003;2,461266e-003
2,426976e+003;2,482692e-003
2,427458e+003;2,522017e-003
2,427940e+003;2,577376e-003
2,428422e+003;2,646178e-003
2,428904e+003;2,723559e-003
2,429386e+003;2,802754e-003
2,429869e+003;2,874059e-003
2,430351e+003;2,927329e-003
2,430833e+003;2,954917e-003
2,431315e+003;2,954050e-003
2,431797e+003;2,928596e-003
2,432279e+003;2,888468e-003
2,432761e+003;2,846543e-003
2,433243e+003;2,813826e-003
2,433726e+003;2,796385e-003
2,434208e+003;2,793217e-003
2,434690e+003;2,798019e-003
2,435172e+003;2,801187e-003
2,435654e+003;2,795251e-003
2,436136e+003;2,777610e-003
2,436618e+003;2,751367e-003
2,437100e+003;2,723392e-003
2,437583e+003;2,701653e-003
2,438064e+003;2,692018e-003
2,438547e+003;2,696852e-003
2,439029e+003;2,714389e-003
2,439511e+003;2,741264e-003
2,439993e+003;2,774209e-003
2,440475e+003;2,811258e-003
2,440957e+003;2,852013e-003
2,441439e+003;2,895873e-003
2,441921e+003;2,940839e-003
2,442404e+003;2,982173e-003
2,442886e+003;3,013535e-003
2,443368e+003;3,027815e-003
2,443850e+003;3,020108e-003
2,444332e+003;2,990147e-003
2,444814e+003;2,942007e-003
2,445296e+003;2,883398e-003
2,445778e+003;2,823964e-003
2,446260e+003;2,772441e-003
2,446743e+003;2,734728e-003
2,447225e+003;2,713523e-003
2,447707e+003;2,708655e-003
2,448189e+003;2,718090e-003
2,448671e+003;2,739130e-003
2,449153e+003;2,769040e-003
2,449635e+003;2,805055e-003
2,450117e+003;2,844108e-003
2,450600e+003;2,882698e-003
2,451082e+003;2,916921e-003
2,451564e+003;2,943108e-003
2,452046e+003;2,958420e-003
2,452528e+003;2,961422e-003
2,453010e+003;2,952482e-003
2,453492e+003;2,932833e-003
2,453974e+003;2,904980e-003
2,454457e+003;2,872392e-003
2,454939e+003;2,838639e-003
2,455421e+003;2,809024e-003
2,455903e+003;2,789315e-003
2,456385e+003;2,785913e-003
2,456867e+003;2,804288e-003
2,457349e+003;2,847310e-003
2,457831e+003;2,913652e-003
2,458313e+003;2,996219e-003
2,458796e+003;3,083907e-003
2,459278e+003;3,162668e-003
2,459760e+003;3,218276e-003
2,460242e+003;3,241643e-003
2,460724e+003;3,228758e-003
2,461206e+003;3,183461e-003
2,461688e+003;3,114175e-003
2,462170e+003;3,033087e-003
2,462653e+003;2,951781e-003
2,463135e+003;2,878162e-003
2,463617e+003;2,815727e-003
2,464099e+003;2,764405e-003
2,464581e+003;2,721525e-003
2,465063e+003;2,684383e-003
2,465545e+003;2,651511e-003
2,466027e+003;2,623709e-003
2,466510e+003;2,602875e-003
2,466992e+003;2,590809e-003
2,467474e+003;2,588776e-003
2,467956e+003;2,595909e-003
2,468438e+003;2,610742e-003
2,468920e+003;2,631043e-003
2,469402e+003;2,654979e-003
2,469884e+003;2,681416e-003
2,470366e+003;2,709055e-003
2,470849e+003;2,736529e-003
2,471331e+003;2,760770e-003
2,471813e+003;2,778210e-003
2,472295e+003;2,785613e-003
2,472777e+003;2,781345e-003
2,473259e+003;2,767740e-003
2,473741e+003;2,749633e-003
2,474223e+003;2,734995e-003
2,474706e+003;2,731194e-003
2,475188e+003;2,742364e-003
2,475670e+003;2,768040e-003
2,476152e+003;2,802087e-003
2,476634e+003;2,835604e-003
2,477116e+003;2,858250e-003
2,477598e+003;2,863219e-003
2,478080e+003;2,848811e-003
2,478563e+003;2,819462e-003
2,479044e+003;2,784213e-003
2,479527e+003;2,754468e-003
2,480009e+003;2,740430e-003
2,480491e+003;2,747799e-003
2,480973e+003;2,777277e-003
2,481455e+003;2,824098e-003
2,481937e+003;2,879229e-003
2,482419e+003;2,931899e-003
2,482901e+003;2,971931e-003
2,483384e+003;2,991581e-003
2,483866e+003;2,987511e-003
2,484348e+003;2,960355e-003
2,484830e+003;2,915320e-003
2,485312e+003;2,860051e-003
2,485794e+003;2,802687e-003
2,486276e+003;2,750467e-003
2,486758e+003;2,708555e-003
2,487240e+003;2,678748e-003
2,487723e+003;2,661413e-003
2,488205e+003;2,655879e-003
2,488687e+003;2,662213e-003
2,489169e+003;2,682216e-003
2,489651e+003;2,717857e-003
2,490133e+003;2,771641e-003
2,490615e+003;2,842908e-003
2,491097e+003;2,926895e-003
2,491580e+003;3,015003e-003
2,492062e+003;3,094886e-003
2,492544e+003;3,154624e-003
2,493026e+003;3,184463e-003
2,493508e+003;3,180124e-003
2,493990e+003;3,143844e-003
2,494472e+003;3,084140e-003
2,494954e+003;3,012934e-003
2,495437e+003;2,942540e-003
2,495919e+003;2,883298e-003
2,496401e+003;2,840973e-003
2,496883e+003;2,816727e-003
2,497365e+003;2,807790e-003
2,497847e+003;2,809391e-003
2,498329e+003;2,816928e-003
2,498811e+003;2,826966e-003
2,499293e+003;2,839072e-003
2,499776e+003;2,853847e-003
2,500258e+003;2,873159e-003
2,500740e+003;2,897641e-003
2,501222e+003;2,925694e-003
2,501704e+003;2,952982e-003
2,502186e+003;2,973332e-003
2,502668e+003;2,980105e-003
2,503150e+003;2,969195e-003
2,503633e+003;2,940439e-003
2,504115e+003;2,899376e-003
2,504597e+003;2,855115e-003
2,505079e+003;2,819129e-003
2,505561e+003;2,800620e-003
2,506043e+003;2,804088e-003
2,506525e+003;2,827199e-003
2,507007e+003;2,861685e-003
2,507490e+003;2,896674e-003
2,507971e+003;2,921792e-003
2,508454e+003;2,931632e-003
2,508936e+003;2,927362e-003
2,509418e+003;2,916855e-003
2,509900e+003;2,910984e-003
2,510382e+003;2,919957e-003
2,510864e+003;2,949880e-003
2,511346e+003;2,999622e-003
2,511828e+003;3,062117e-003
2,512311e+003;3,125221e-003
2,512793e+003;3,177053e-003
2,513275e+003;3,207661e-003
2,513757e+003;3,212201e-003
2,514239e+003;3,192273e-003
2,514721e+003;3,154357e-003
2,515203e+003;3,108768e-003
2,515685e+003;3,066655e-003
2,516167e+003;3,039760e-003
2,516650e+003;3,035890e-003
2,517132e+003;3,059747e-003
2,517614e+003;3,110737e-003
2,518096e+003;3,183562e-003
2,518578e+003;3,268149e-003
2,519060e+003;3,351451e-003
2,519542e+003;3,420742e-003
2,520024e+003;3,464961e-003
2,520507e+003;3,478221e-003
2,520989e+003;3,460753e-003
2,521471e+003;3,418672e-003
2,521953e+003;3,362504e-003
2,522435e+003;3,303538e-003
2,522917e+003;3,252960e-003
2,523399e+003;3,217575e-003
2,523881e+003;3,200017e-003
2,524364e+003;3,198682e-003
2,524846e+003;3,208863e-003
2,525328e+003;3,224351e-003
2,525810e+003;3,239206e-003
2,526292e+003;3,249154e-003
2,526774e+003;3,252325e-003
2,527256e+003;3,249054e-003
2,527738e+003;3,242144e-003
2,528220e+003;3,236168e-003
2,528703e+003;3,235968e-003
2,529185e+003;3,246483e-003
2,529667e+003;3,271087e-003
2,530149e+003;3,310683e-003
2,530631e+003;3,363505e-003
2,531113e+003;3,424449e-003
2,531595e+003;3,486504e-003
2,532077e+003;3,541185e-003
2,532560e+003;3,580071e-003
2,533042e+003;3,597043e-003
2,533524e+003;3,588924e-003
2,534006e+003;3,556318e-003
2,534488e+003;3,504107e-003
2,534970e+003;3,441114e-003
2,535452e+003;3,377697e-003
2,535934e+003;3,324539e-003
2,536417e+003;3,290050e-003
2,536898e+003;3,278098e-003
2,537381e+003;3,287012e-003
2,537863e+003;3,309915e-003
2,538345e+003;3,337594e-003
2,538827e+003;3,359198e-003
2,539309e+003;3,367078e-003
2,539791e+003;3,358530e-003
2,540273e+003;3,336459e-003
2,540755e+003;3,308112e-003
2,541238e+003;3,282839e-003
2,541720e+003;3,269384e-003
2,542202e+003;3,272923e-003
2,542684e+003;3,294457e-003
2,543166e+003;3,330515e-003
2,543648e+003;3,375794e-003
2,544130e+003;3,424082e-003
2,544612e+003;3,470873e-003
2,545094e+003;3,512959e-003
2,545577e+003;3,549169e-003
2,546059e+003;3,579068e-003
2,546541e+003;3,601887e-003
2,547023e+003;3,616387e-003
2,547505e+003;3,621399e-003
2,547987e+003;3,615986e-003
2,548469e+003;3,600718e-003
2,548951e+003;3,577431e-003
2,549434e+003;3,549336e-003
2,549916e+003;3,520374e-003
2,550398e+003;3,494687e-003
2,550880e+003;3,476250e-003
2,551362e+003;3,468969e-003
2,551844e+003;3,476083e-003
2,552326e+003;3,500533e-003
2,552808e+003;3,543557e-003
2,553291e+003;3,604226e-003
2,553773e+003;3,677634e-003
2,554255e+003;3,755968e-003
2,554737e+003;3,828833e-003
2,555219e+003;3,885329e-003
2,555701e+003;3,917158e-003
2,556183e+003;3,920668e-003
2,556665e+003;3,897934e-003
2,557147e+003;3,855944e-003
2,557630e+003;3,805468e-003
2,558112e+003;3,758307e-003
2,558594e+003;3,724118e-003
2,559076e+003;3,710182e-003
2,559558e+003;3,720609e-003
2,560040e+003;3,755433e-003
2,560522e+003;3,811786e-003
2,561004e+003;3,884260e-003
2,561487e+003;3,964470e-003
2,561969e+003;4,041718e-003
2,562451e+003;4,104363e-003
2,562933e+003;4,141994e-003
2,563415e+003;4,147748e-003
2,563897e+003;4,120485e-003
2,564379e+003;4,066099e-003
2,564861e+003;3,996371e-003
2,565344e+003;3,925182e-003
2,565825e+003;3,866441e-003
2,566308e+003;3,829569e-003
2,566790e+003;3,816933e-003
2,567272e+003;3,825591e-003
2,567754e+003;3,848055e-003
2,568236e+003;3,876002e-003
2,568718e+003;3,902246e-003
2,569200e+003;3,923276e-003
2,569682e+003;3,938690e-003
2,570165e+003;3,950159e-003
2,570647e+003;3,960557e-003
2,571129e+003;3,972428e-003
2,571611e+003;3,987609e-003
2,572093e+003;4,007473e-003
2,572575e+003;4,032889e-003
2,573057e+003;4,063624e-003
2,573539e+003;4,098309e-003
2,574021e+003;4,133732e-003
2,574504e+003;4,165277e-003
2,574986e+003;4,187725e-003
2,575468e+003;4,197394e-003
2,575950e+003;4,193479e-003
2,576432e+003;4,178726e-003
2,576914e+003;4,159322e-003
2,577396e+003;4,142296e-003
2,577878e+003;4,134468e-003
2,578361e+003;4,139653e-003
2,578843e+003;4,157985e-003
2,579325e+003;4,186956e-003
2,579807e+003;4,222754e-003
2,580289e+003;4,262169e-003
2,580771e+003;4,303763e-003
2,581253e+003;4,347402e-003
2,581735e+003;4,393321e-003
2,582218e+003;4,441054e-003
2,582700e+003;4,488088e-003
2,583182e+003;4,530641e-003
2,583664e+003;4,564157e-003
2,584146e+003;4,585554e-003
2,584628e+003;4,593089e-003
2,585110e+003;4,588400e-003
2,585592e+003;4,574002e-003
2,586074e+003;4,554581e-003
2,586557e+003;4,534592e-003
2,587039e+003;4,518487e-003
2,587521e+003;4,510854e-003
2,588003e+003;4,515374e-003
2,588485e+003;4,534625e-003
2,588967e+003;4,568979e-003
2,589449e+003;4,615324e-003
2,589931e+003;4,667100e-003
2,590414e+003;4,714427e-003
2,590896e+003;4,748058e-003
2,591378e+003;4,760653e-003
2,591860e+003;4,750570e-003
2,592342e+003;4,722499e-003
2,592824e+003;4,686894e-003
2,593306e+003;4,656115e-003
2,593788e+003;4,641479e-003
2,594271e+003;4,649885e-003
2,594752e+003;4,681669e-003
2,595235e+003;4,731610e-003
2,595717e+003;4,790535e-003
2,596199e+003;4,849066e-003
2,596681e+003;4,898859e-003
2,597163e+003;4,934918e-003
2,597645e+003;4,954992e-003
2,598127e+003;4,959919e-003
2,598609e+003;4,952445e-003
2,599092e+003;4,936459e-003
2,599574e+003;4,918463e-003
2,600056e+003;4,905059e-003
2,600538e+003;4,904523e-003
2,601020e+003;4,923088e-003
2,601502e+003;4,964912e-003
2,601984e+003;5,028495e-003
2,602466e+003;5,108112e-003
2,602948e+003;5,194383e-003
2,603431e+003;5,275305e-003
2,603913e+003;5,339873e-003
2,604395e+003;5,380731e-003
2,604877e+003;5,394888e-003
2,605359e+003;5,383717e-003
2,605841e+003;5,352217e-003
2,606323e+003;5,307705e-003
2,606805e+003;5,257698e-003
2,607288e+003;5,210043e-003
2,607770e+003;5,171481e-003
2,608252e+003;5,147339e-003
2,608734e+003;5,141472e-003
2,609216e+003;5,154850e-003
2,609698e+003;5,186134e-003
2,610180e+003;5,230164e-003
2,610662e+003;5,279799e-003
2,611145e+003;5,326455e-003
2,611627e+003;5,362045e-003
2,612109e+003;5,380731e-003
2,612591e+003;5,379959e-003
2,613073e+003;5,360771e-003
2,613555e+003;5,327160e-003
2,614037e+003;5,285501e-003
2,614519e+003;5,243176e-003
2,615001e+003;5,206590e-003
2,615484e+003;5,181440e-003
2,615966e+003;5,171347e-003
2,616448e+003;5,177416e-003
2,616930e+003;5,197938e-003
2,617412e+003;5,228890e-003
2,617894e+003;5,264909e-003
2,618376e+003;5,299253e-003
2,618858e+003;5,325952e-003
2,619341e+003;5,341046e-003
2,619823e+003;5,343227e-003
2,620305e+003;5,333868e-003
2,620787e+003;5,316962e-003
2,621269e+003;5,298280e-003
2,621751e+003;5,283087e-003
2,622233e+003;5,275641e-003
2,622715e+003;5,277888e-003
2,623198e+003;5,288822e-003
2,623679e+003;5,305022e-003
2,624162e+003;5,321692e-003
2,624644e+003;5,334137e-003
2,625126e+003;5,338699e-003
2,625608e+003;5,334908e-003
2,626090e+003;5,324510e-003
2,626572e+003;5,311931e-003
2,627054e+003;5,302506e-003
2,627536e+003;5,301064e-003
2,628019e+003;5,309852e-003
2,628501e+003;5,328870e-003
2,628983e+003;5,354632e-003
2,629465e+003;5,382408e-003
2,629947e+003;5,407704e-003
2,630429e+003;5,426727e-003
2,630911e+003;5,437899e-003
2,631393e+003;5,442060e-003
2,631875e+003;5,441220e-003
2,632358e+003;5,437932e-003
2,632840e+003;5,434141e-003
2,633322e+003;5,430820e-003
2,633804e+003;5,428203e-003
2,634286e+003;5,426056e-003
2,634768e+003;5,423841e-003
2,635250e+003;5,421828e-003
2,635732e+003;5,420285e-003
2,636215e+003;5,420084e-003
2,636697e+003;5,422197e-003
2,637179e+003;5,428102e-003
2,637661e+003;5,439342e-003
2,638143e+003;5,457628e-003
2,638625e+003;5,484169e-003
2,639107e+003;5,519068e-003
2,639589e+003;5,560178e-003
2,640072e+003;5,603977e-003
2,640554e+003;5,645129e-003
2,641036e+003;5,678128e-003
2,641518e+003;5,698337e-003
2,642000e+003;5,703910e-003
2,642482e+003;5,695953e-003
2,642964e+003;5,678564e-003
2,643446e+003;5,656844e-003
2,643928e+003;5,636267e-003
2,644411e+003;5,620626e-003
2,644893e+003;5,611294e-003
2,645375e+003;5,607770e-003
2,645857e+003;5,608576e-003
2,646339e+003;5,612066e-003
2,646821e+003;5,617437e-003
2,647303e+003;5,625224e-003
2,647785e+003;5,637073e-003
2,648268e+003;5,654830e-003
2,648750e+003;5,680209e-003
2,649232e+003;5,713780e-003
2,649714e+003;5,754607e-003
2,650196e+003;5,800407e-003
2,650678e+003;5,847253e-003
2,651160e+003;5,890611e-003
2,651642e+003;5,925979e-003
2,652125e+003;5,949425e-003
2,652606e+003;5,959704e-003
2,653089e+003;5,957923e-003
2,653571e+003;5,948048e-003
2,654053e+003;5,935754e-003
2,654535e+003;5,927255e-003
2,655017e+003;5,927087e-003
2,655499e+003;5,937299e-003
2,655981e+003;5,956681e-003
2,656463e+003;5,981673e-003
2,656946e+003;6,008247e-003
2,657428e+003;6,033108e-003
2,657910e+003;6,055317e-003
2,658392e+003;6,075981e-003
2,658874e+003;6,097654e-003
2,659356e+003;6,122151e-003
2,659838e+003;6,149842e-003
2,660320e+003;6,179282e-003
2,660802e+003;6,207313e-003
2,661285e+003;6,231144e-003
2,661767e+003;6,248791e-003
2,662249e+003;6,260926e-003
2,662731e+003;6,269733e-003
2,663213e+003;6,277868e-003
2,663695e+003;6,287079e-003
2,664177e+003;6,297097e-003
2,664659e+003;6,305334e-003
2,665142e+003;6,308695e-003
2,665624e+003;6,304157e-003
2,666106e+003;6,291517e-003
2,666588e+003;6,273061e-003
2,667070e+003;6,253598e-003
2,667552e+003;6,238270e-003
2,668034e+003;6,231144e-003
2,668516e+003;6,233665e-003
2,668999e+003;6,243984e-003
2,669481e+003;6,257901e-003
2,669963e+003;6,270775e-003
2,670445e+003;6,279112e-003
2,670927e+003;6,281364e-003
2,671409e+003;6,278675e-003
2,671891e+003;6,273902e-003
2,672373e+003;6,270036e-003
2,672855e+003;6,269094e-003
2,673338e+003;6,271515e-003
2,673820e+003;6,275784e-003
2,674302e+003;6,279683e-003
2,674784e+003;6,280860e-003
2,675266e+003;6,278003e-003
2,675748e+003;6,271380e-003
2,676230e+003;6,262371e-003
2,676712e+003;6,252992e-003
2,677195e+003;6,245262e-003
2,677677e+003;6,240219e-003
2,678159e+003;6,237967e-003
2,678641e+003;6,237631e-003
2,679123e+003;6,238303e-003
2,679605e+003;6,239312e-003
2,680087e+003;6,240623e-003
2,680569e+003;6,243278e-003
2,681052e+003;6,248320e-003
2,681533e+003;6,256757e-003
2,682016e+003;6,268355e-003
2,682498e+003;6,281936e-003
2,682980e+003;6,294744e-003
2,683462e+003;6,303686e-003
2,683944e+003;6,305804e-003
2,684426e+003;6,298946e-003
2,684908e+003;6,282709e-003
2,685390e+003;6,258371e-003
2,685873e+003;6,228825e-003
2,686355e+003;6,197599e-003
2,686837e+003;6,168696e-003
2,687319e+003;6,145742e-003
2,687801e+003;6,131023e-003
2,688283e+003;6,125914e-003
2,688765e+003;6,129947e-003
2,689247e+003;6,141171e-003
2,689729e+003;6,156530e-003
2,690212e+003;6,172090e-003
2,690694e+003;6,184290e-003
2,691176e+003;6,190306e-003
2,691658e+003;6,189096e-003
2,692140e+003;6,181399e-003
2,692622e+003;6,170006e-003
2,693104e+003;6,158176e-003
2,693586e+003;6,149405e-003
2,694069e+003;6,146280e-003
2,694551e+003;6,149539e-003
2,695033e+003;6,158176e-003
2,695515e+003;6,169737e-003
2,695997e+003;6,181500e-003
2,696479e+003;6,190340e-003
2,696961e+003;6,194171e-003
2,697443e+003;6,191987e-003
2,697926e+003;6,184223e-003
2,698408e+003;6,171922e-003
2,698890e+003;6,157202e-003
2,699372e+003;6,142549e-003
2,699854e+003;6,130283e-003
2,700336e+003;6,121949e-003
2,700818e+003;6,117950e-003
2,701300e+003;6,117110e-003
2,701782e+003;6,117043e-003
2,702265e+003;6,114489e-003
2,702747e+003;6,106827e-003
2,703229e+003;6,092882e-003
2,703711e+003;6,073898e-003
2,704193e+003;6,053402e-003
2,704675e+003;6,037174e-003
2,705157e+003;6,030723e-003
2,705639e+003;6,038652e-003
2,706122e+003;6,062474e-003
2,706604e+003;6,100812e-003
2,707086e+003;6,149001e-003
2,707568e+003;6,201364e-003
2,708050e+003;6,252388e-003
2,708532e+003;6,297837e-003
2,709014e+003;6,336432e-003
2,709496e+003;6,368743e-003
2,709979e+003;6,397055e-003
2,710461e+003;6,423755e-003
2,710943e+003;6,450523e-003
2,711425e+003;6,477865e-003
2,711907e+003;6,505209e-003
2,712389e+003;6,531747e-003
2,712871e+003;6,557008e-003
2,713353e+003;6,581195e-003
2,713835e+003;6,605416e-003
2,714318e+003;6,631220e-003
2,714800e+003;6,660155e-003
2,715282e+003;6,692961e-003
2,715764e+003;6,729707e-003
2,716246e+003;6,769990e-003
2,716728e+003;6,813271e-003
2,717210e+003;6,859419e-003
2,717692e+003;6,908298e-003
2,718175e+003;6,959911e-003
2,718656e+003;7,013279e-003
2,719139e+003;7,066655e-003
2,719621e+003;7,116871e-003
2,720103e+003;7,160525e-003
2,720585e+003;7,194851e-003
2,721067e+003;7,219073e-003
2,721549e+003;7,234840e-003
2,722031e+003;7,246497e-003
2,722513e+003;7,259300e-003
2,722996e+003;7,278101e-003
2,723478e+003;7,304922e-003
2,723960e+003;7,338855e-003
2,724442e+003;7,375252e-003
2,724924e+003;7,407505e-003
2,725406e+003;7,429885e-003
2,725888e+003;7,438278e-003
2,726370e+003;7,432548e-003
2,726853e+003;7,415291e-003
2,727335e+003;7,391631e-003
2,727817e+003;7,366186e-003
2,728299e+003;7,342158e-003
2,728781e+003;7,320355e-003
2,729263e+003;7,299463e-003
2,729745e+003;7,276820e-003
2,730227e+003;7,249866e-003
2,730709e+003;7,216917e-003
2,731192e+003;7,177772e-003
2,731674e+003;7,133140e-003
2,732156e+003;7,084168e-003
2,732638e+003;7,032339e-003
2,733120e+003;6,979439e-003
2,733602e+003;6,926983e-003
2,734084e+003;6,877260e-003
2,734566e+003;6,832120e-003
2,735049e+003;6,792841e-003
2,735531e+003;6,759388e-003
2,736013e+003;6,729673e-003
2,736495e+003;6,700296e-003
2,736977e+003;6,666817e-003
2,737459e+003;6,626106e-003
2,737941e+003;6,576519e-003
2,738423e+003;6,518999e-003
2,738906e+003;6,456543e-003
2,739388e+003;6,393356e-003
2,739870e+003;6,333541e-003
2,740352e+003;6,280120e-003
2,740834e+003;6,235009e-003
2,741316e+003;6,199347e-003
2,741798e+003;6,173837e-003
2,742280e+003;6,159487e-003
2,742762e+003;6,156530e-003
2,743245e+003;6,164561e-003
2,743727e+003;6,181399e-003
2,744209e+003;6,203179e-003
2,744691e+003;6,224724e-003
2,745173e+003;6,241329e-003
2,745655e+003;6,250203e-003
2,746137e+003;6,251211e-003
2,746619e+003;6,246976e-003
2,747102e+003;6,241765e-003
2,747583e+003;6,239682e-003
2,748066e+003;6,243278e-003
2,748548e+003;6,252757e-003
2,749030e+003;6,266338e-003
2,749512e+003;6,281532e-003
2,749994e+003;6,296458e-003
2,750476e+003;6,310376e-003
2,750958e+003;6,324295e-003
2,751440e+003;6,339323e-003
2,751923e+003;6,356303e-003
2,752405e+003;6,374493e-003
2,752887e+003;6,391372e-003
2,753369e+003;6,404385e-003
2,753851e+003;6,410808e-003
2,754333e+003;6,409799e-003
2,754815e+003;6,402435e-003
2,755297e+003;6,391641e-003
2,755780e+003;6,381083e-003
2,756262e+003;6,374022e-003
2,756744e+003;6,372711e-003
2,757226e+003;6,377922e-003
2,757708e+003;6,388783e-003
2,758190e+003;6,403881e-003
2,758672e+003;6,421132e-003
2,759154e+003;6,439324e-003
2,759636e+003;6,457619e-003
2,760119e+003;6,476116e-003
2,760601e+003;6,495589e-003
2,761083e+003;6,517149e-003
2,761565e+003;6,541636e-003
2,762047e+003;6,569353e-003
2,762529e+003;6,599764e-003
2,763011e+003;6,631187e-003
2,763493e+003;6,661366e-003
2,763976e+003;6,688183e-003
2,764458e+003;6,710391e-003
2,764940e+003;6,727957e-003
2,765422e+003;6,742495e-003
2,765904e+003;6,755990e-003
2,766386e+003;6,770360e-003
2,766868e+003;6,786346e-003
2,767350e+003;6,803410e-003
2,767833e+003;6,820340e-003
2,768315e+003;6,836025e-003
2,768797e+003;6,850802e-003
2,769279e+003;6,866858e-003
2,769761e+003;6,887494e-003
2,770243e+003;6,916143e-003
2,770725e+003;6,954456e-003
2,771207e+003;7,001561e-003
2,771689e+003;7,053892e-003
2,772172e+003;7,106632e-003
2,772654e+003;7,156078e-003
2,773136e+003;7,200780e-003
2,773618e+003;7,242825e-003
2,774100e+003;7,287165e-003
2,774582e+003;7,339664e-003
2,775064e+003;7,404202e-003
2,775546e+003;7,481391e-003
2,776029e+003;7,567696e-003
2,776510e+003;7,656986e-003
2,776993e+003;7,741775e-003
2,777475e+003;7,816460e-003
2,777957e+003;7,878235e-003
2,778439e+003;7,928072e-003
2,778921e+003;7,969446e-003
2,779403e+003;8,007008e-003
2,779885e+003;8,045452e-003
2,780367e+003;8,088084e-003
2,780850e+003;8,136697e-003
2,781332e+003;8,191696e-003
2,781814e+003;8,252647e-003
2,782296e+003;8,318536e-003
2,782778e+003;8,388118e-003
2,783260e+003;8,459873e-003
2,783742e+003;8,532383e-003
2,784224e+003;8,605177e-003
2,784707e+003;8,678691e-003
2,785189e+003;8,754653e-003
2,785671e+003;8,835261e-003
2,786153e+003;8,922884e-003
2,786635e+003;9,018542e-003
2,787117e+003;9,121735e-003
2,787599e+003;9,229790e-003
2,788081e+003;9,339024e-003
2,788563e+003;9,445983e-003
2,789046e+003;9,548836e-003
2,789528e+003;9,647614e-003
2,790010e+003;9,744043e-003
2,790492e+003;9,840662e-003
2,790974e+003;9,939133e-003
2,791456e+003;1,003942e-002
2,791938e+003;1,013937e-002
2,792420e+003;1,023604e-002
2,792903e+003;1,032676e-002
2,793385e+003;1,041065e-002
2,793867e+003;1,048922e-002
2,794349e+003;1,056638e-002
2,794831e+003;1,064709e-002
2,795313e+003;1,073559e-002
2,795795e+003;1,083474e-002
2,796277e+003;1,094475e-002
2,796760e+003;1,106373e-002
2,797242e+003;1,118852e-002
2,797724e+003;1,131566e-002
2,798206e+003;1,144253e-002
2,798688e+003;1,156743e-002
2,799170e+003;1,168975e-002
2,799652e+003;1,180965e-002
2,800134e+003;1,192784e-002
2,800616e+003;1,204552e-002
2,801099e+003;1,216429e-002
2,801581e+003;1,228616e-002
2,802063e+003;1,241339e-002
2,802545e+003;1,254795e-002
2,803027e+003;1,269121e-002
2,803509e+003;1,284353e-002
2,803991e+003;1,300370e-002
2,804473e+003;1,316982e-002
2,804956e+003;1,333947e-002
2,805438e+003;1,351102e-002
2,805920e+003;1,368453e-002
2,806402e+003;1,386118e-002
2,806884e+003;1,404409e-002
2,807366e+003;1,423644e-002
2,807848e+003;1,444085e-002
2,808330e+003;1,465805e-002
2,808813e+003;1,488622e-002
2,809294e+003;1,512116e-002
2,809777e+003;1,535723e-002
2,810259e+003;1,558879e-002
2,810741e+003;1,581161e-002
2,811223e+003;1,602443e-002
2,811705e+003;1,622911e-002
2,812187e+003;1,643068e-002
2,812669e+003;1,663568e-002
2,813151e+003;1,685098e-002
2,813634e+003;1,708269e-002
2,814116e+003;1,733424e-002
2,814598e+003;1,760709e-002
2,815080e+003;1,790027e-002
2,815562e+003;1,821179e-002
2,816044e+003;1,853875e-002
2,816526e+003;1,887835e-002
2,817008e+003;1,922874e-002
2,817490e+003;1,958835e-002
2,817973e+003;1,995645e-002
2,818455e+003;2,033303e-002
2,818937e+003;2,071868e-002
2,819419e+003;2,111425e-002
2,819901e+003;2,152132e-002
2,820383e+003;2,194117e-002
2,820865e+003;2,237521e-002
2,821347e+003;2,282415e-002
2,821830e+003;2,328875e-002
2,822312e+003;2,377003e-002
2,822794e+003;2,426967e-002
2,823276e+003;2,479069e-002
2,823758e+003;2,533730e-002
2,824240e+003;2,591492e-002
2,824722e+003;2,652843e-002
2,825204e+003;2,718238e-002
2,825687e+003;2,788017e-002
2,826169e+003;2,862388e-002
2,826651e+003;2,941521e-002
2,827133e+003;3,025665e-002
2,827615e+003;3,115205e-002
2,828097e+003;3,210756e-002
2,828579e+003;3,313086e-002
2,829061e+003;3,423010e-002
2,829543e+003;3,541333e-002
2,830026e+003;3,668697e-002
2,830508e+003;3,805570e-002
2,830990e+003;3,952326e-002
2,831472e+003;4,109335e-002
2,831954e+003;4,277158e-002
2,832436e+003;4,456582e-002
2,832918e+003;4,648698e-002
2,833400e+003;4,854852e-002
2,833883e+003;5,076538e-002
2,834365e+003;5,315094e-002
2,834847e+003;5,571689e-002
2,835329e+003;5,847089e-002
2,835811e+003;6,141556e-002
2,836293e+003;6,454864e-002
2,836775e+003;6,786352e-002
2,837257e+003;7,135054e-002
2,837740e+003;7,499742e-002
2,838221e+003;7,879235e-002
2,838704e+003;8,272326e-002
2,839186e+003;8,677852e-002
2,839668e+003;9,094822e-002
2,840150e+003;9,522193e-002
2,840632e+003;9,958961e-002
2,841114e+003;1,040423e-001
2,841596e+003;1,085722e-001
2,842078e+003;1,131738e-001
2,842561e+003;1,178445e-001
2,843043e+003;1,225823e-001
2,843525e+003;1,273852e-001
2,844007e+003;1,322467e-001
2,844489e+003;1,371534e-001
2,844971e+003;1,420852e-001
2,845453e+003;1,470144e-001
2,845935e+003;1,519063e-001
2,846417e+003;1,567251e-001
2,846900e+003;1,614312e-001
2,847382e+003;1,659828e-001
2,847864e+003;1,703365e-001
2,848346e+003;1,744392e-001
2,848828e+003;1,782320e-001
2,849310e+003;1,816508e-001
2,849792e+003;1,846237e-001
2,850274e+003;1,870832e-001
2,850757e+003;1,889687e-001
2,851239e+003;1,902318e-001
2,851721e+003;1,908432e-001
2,852203e+003;1,907945e-001
2,852685e+003;1,901002e-001
2,853167e+003;1,887954e-001
2,853649e+003;1,869356e-001
2,854131e+003;1,845911e-001
2,854614e+003;1,818362e-001
2,855096e+003;1,787520e-001
2,855578e+003;1,754139e-001
2,856060e+003;1,718888e-001
2,856542e+003;1,682403e-001
2,857024e+003;1,645220e-001
2,857506e+003;1,607832e-001
2,857988e+003;1,570714e-001
2,858470e+003;1,534276e-001
2,858953e+003;1,498918e-001
2,859435e+003;1,464994e-001
2,859917e+003;1,432796e-001
2,860399e+003;1,402573e-001
2,860881e+003;1,374511e-001
2,861363e+003;1,348733e-001
2,861845e+003;1,325313e-001
2,862327e+003;1,304274e-001
2,862810e+003;1,285589e-001
2,863292e+003;1,269197e-001
2,863774e+003;1,255006e-001
2,864256e+003;1,242900e-001
2,864738e+003;1,232734e-001
2,865220e+003;1,224350e-001
2,865702e+003;1,217552e-001
2,866184e+003;1,212106e-001
2,866667e+003;1,207741e-001
2,867148e+003;1,204131e-001
2,867631e+003;1,200909e-001
2,868113e+003;1,197700e-001
2,868595e+003;1,194089e-001
2,869077e+003;1,189699e-001
2,869559e+003;1,184186e-001
2,870041e+003;1,177250e-001
2,870523e+003;1,168688e-001
2,871005e+003;1,158379e-001
2,871488e+003;1,146308e-001
2,871970e+003;1,132565e-001
2,872452e+003;1,117342e-001
2,872934e+003;1,100917e-001
2,873416e+003;1,083613e-001
2,873898e+003;1,065803e-001
2,874380e+003;1,047869e-001
2,874862e+003;1,030183e-001
2,875344e+003;1,013134e-001
2,875827e+003;9,970794e-002
2,876309e+003;9,823537e-002
2,876791e+003;9,692588e-002
2,877273e+003;9,580189e-002
2,877755e+003;9,487840e-002
2,878237e+003;9,416205e-002
2,878719e+003;9,365153e-002
2,879201e+003;9,334069e-002
2,879684e+003;9,322084e-002
2,880166e+003;9,328356e-002
2,880648e+003;9,352119e-002
2,881130e+003;9,392732e-002
2,881612e+003;9,449539e-002
2,882094e+003;9,521702e-002
2,882576e+003;9,608311e-002
2,883058e+003;9,708350e-002
2,883541e+003;9,820882e-002
2,884023e+003;9,945278e-002
2,884505e+003;1,008121e-001
2,884987e+003;1,022853e-001
2,885469e+003;1,038719e-001
2,885951e+003;1,055675e-001
2,886433e+003;1,073637e-001
2,886915e+003;1,092471e-001
2,887397e+003;1,112001e-001
2,887880e+003;1,132048e-001
2,888362e+003;1,152467e-001
2,888844e+003;1,173142e-001
2,889326e+003;1,194016e-001
2,889808e+003;1,215065e-001
2,890290e+003;1,236272e-001
2,890772e+003;1,257625e-001
2,891254e+003;1,279083e-001
2,891737e+003;1,300591e-001
2,892219e+003;1,322080e-001
2,892701e+003;1,343484e-001
2,893183e+003;1,364734e-001
2,893665e+003;1,385771e-001
2,894147e+003;1,406545e-001
2,894629e+003;1,427018e-001
2,895111e+003;1,447178e-001
2,895594e+003;1,467046e-001
2,896075e+003;1,486682e-001
2,896558e+003;1,506180e-001
2,897040e+003;1,525653e-001
2,897522e+003;1,545199e-001
2,898004e+003;1,564894e-001
2,898486e+003;1,584770e-001
2,898968e+003;1,604820e-001
2,899450e+003;1,625013e-001
2,899932e+003;1,645309e-001
2,900415e+003;1,665687e-001
2,900897e+003;1,686145e-001
2,901379e+003;1,706707e-001
2,901861e+003;1,727425e-001
2,902343e+003;1,748371e-001
2,902825e+003;1,769631e-001
2,903307e+003;1,791307e-001
2,903789e+003;1,813503e-001
2,904271e+003;1,836304e-001
2,904754e+003;1,859773e-001
2,905236e+003;1,883927e-001
2,905718e+003;1,908749e-001
2,906200e+003;1,934198e-001
2,906682e+003;1,960239e-001
2,907164e+003;1,986868e-001
2,907646e+003;2,014133e-001
2,908128e+003;2,042124e-001
2,908611e+003;2,070950e-001
2,909093e+003;2,100724e-001
2,909575e+003;2,131522e-001
2,910057e+003;2,163378e-001
2,910539e+003;2,196289e-001
2,911021e+003;2,230229e-001
2,911503e+003;2,265148e-001
2,911985e+003;2,300981e-001
2,912468e+003;2,337641e-001
2,912950e+003;2,374984e-001
2,913432e+003;2,412819e-001
2,913914e+003;2,450911e-001
2,914396e+003;2,488967e-001
2,914878e+003;2,526691e-001
2,915360e+003;2,563770e-001
2,915842e+003;2,599848e-001
2,916324e+003;2,634552e-001
2,916807e+003;2,667423e-001
2,917289e+003;2,697933e-001
2,917771e+003;2,725533e-001
2,918253e+003;2,749646e-001
2,918735e+003;2,769746e-001
2,919217e+003;2,785408e-001
2,919699e+003;2,796276e-001
2,920181e+003;2,802087e-001
2,920664e+003;2,802651e-001
2,921146e+003;2,797826e-001
2,921628e+003;2,787558e-001
2,922110e+003;2,771884e-001
2,922592e+003;2,750969e-001
2,923074e+003;2,725078e-001
2,923556e+003;2,694582e-001
2,924038e+003;2,659907e-001
2,924521e+003;2,621480e-001
2,925002e+003;2,579755e-001
2,925485e+003;2,535196e-001
2,925967e+003;2,488270e-001
2,926449e+003;2,439501e-001
2,926931e+003;2,389406e-001
2,927413e+003;2,338468e-001
2,927895e+003;2,287125e-001
2,928377e+003;2,235702e-001
2,928859e+003;2,184431e-001
2,929342e+003;2,133477e-001
2,929824e+003;2,082949e-001
2,930306e+003;2,032942e-001
2,930788e+003;1,983550e-001
2,931270e+003;1,934847e-001
2,931752e+003;1,886908e-001
2,932234e+003;1,839794e-001
2,932716e+003;1,793560e-001
2,933198e+003;1,748288e-001
2,933681e+003;1,704088e-001
2,934163e+003;1,661095e-001
2,934645e+003;1,619470e-001
2,935127e+003;1,579348e-001
2,935609e+003;1,540830e-001
2,936091e+003;1,503966e-001
2,936573e+003;1,468764e-001
2,937055e+003;1,435218e-001
2,937538e+003;1,403339e-001
2,938020e+003;1,373172e-001
2,938502e+003;1,344809e-001
2,938984e+003;1,318365e-001
2,939466e+003;1,293952e-001
2,939948e+003;1,271669e-001
2,940430e+003;1,251575e-001
2,940912e+003;1,233691e-001
2,941395e+003;1,218018e-001
2,941877e+003;1,204532e-001
2,942359e+003;1,193211e-001
2,942841e+003;1,184018e-001
2,943323e+003;1,176911e-001
2,943805e+003;1,171832e-001
2,944287e+003;1,168701e-001
2,944769e+003;1,167433e-001
2,945251e+003;1,167923e-001
2,945734e+003;1,170065e-001
2,946216e+003;1,173744e-001
2,946698e+003;1,178823e-001
2,947180e+003;1,185147e-001
2,947662e+003;1,192513e-001
2,948144e+003;1,200669e-001
2,948626e+003;1,209334e-001
2,949108e+003;1,218185e-001
2,949591e+003;1,226867e-001
2,950073e+003;1,235042e-001
2,950555e+003;1,242357e-001
2,951037e+003;1,248481e-001
2,951519e+003;1,253129e-001
2,952001e+003;1,256046e-001
2,952483e+003;1,257054e-001
2,952965e+003;1,256048e-001
2,953448e+003;1,252992e-001
2,953929e+003;1,247910e-001
2,954412e+003;1,240865e-001
2,954894e+003;1,231940e-001
2,955376e+003;1,221213e-001
2,955858e+003;1,208776e-001
2,956340e+003;1,194732e-001
2,956822e+003;1,179200e-001
2,957304e+003;1,162332e-001
2,957786e+003;1,144288e-001
2,958269e+003;1,125211e-001
2,958751e+003;1,105230e-001
2,959233e+003;1,084423e-001
2,959715e+003;1,062836e-001
2,960197e+003;1,040492e-001
2,960679e+003;1,017404e-001
2,961161e+003;9,935971e-002
2,961643e+003;9,691068e-002
2,962125e+003;9,439774e-002
2,962608e+003;9,182619e-002
2,963090e+003;8,920169e-002
2,963572e+003;8,653100e-002
2,964054e+003;8,382278e-002
2,964536e+003;8,108865e-002
2,965018e+003;7,834261e-002
2,965500e+003;7,560106e-002
2,965982e+003;7,288085e-002
2,966465e+003;7,019798e-002
2,966947e+003;6,756712e-002
2,967429e+003;6,499978e-002
2,967911e+003;6,250522e-002
2,968393e+003;6,009021e-002
2,968875e+003;5,775806e-002
2,969357e+003;5,551036e-002
2,969839e+003;5,334601e-002
2,970322e+003;5,126289e-002
2,970804e+003;4,925855e-002
2,971286e+003;4,733100e-002
2,971768e+003;4,547907e-002
2,972250e+003;4,370267e-002
2,972732e+003;4,200154e-002
2,973214e+003;4,037435e-002
2,973696e+003;3,881837e-002
2,974178e+003;3,733066e-002
2,974661e+003;3,590780e-002
2,975143e+003;3,454822e-002
2,975625e+003;3,325271e-002
2,976107e+003;3,202394e-002
2,976589e+003;3,086597e-002
2,977071e+003;2,978092e-002
2,977553e+003;2,876855e-002
2,978035e+003;2,782396e-002
2,978518e+003;2,693905e-002
2,979000e+003;2,610310e-002
2,979482e+003;2,530558e-002
2,979964e+003;2,453818e-002
2,980446e+003;2,379586e-002
2,980928e+003;2,307800e-002
2,981410e+003;2,238662e-002
2,981892e+003;2,172588e-002
2,982375e+003;2,109943e-002
2,982856e+003;2,050976e-002
2,983339e+003;1,995683e-002
2,983821e+003;1,943777e-002
2,984303e+003;1,894770e-002
2,984785e+003;1,848097e-002
2,985267e+003;1,803184e-002
2,985749e+003;1,759653e-002
2,986231e+003;1,717423e-002
2,986713e+003;1,676687e-002
2,987196e+003;1,637862e-002
2,987678e+003;1,601443e-002
2,988160e+003;1,567799e-002
2,988642e+003;1,537034e-002
2,989124e+003;1,508902e-002
2,989606e+003;1,482861e-002
2,990088e+003;1,458235e-002
2,990570e+003;1,434362e-002
2,991052e+003;1,410752e-002
2,991535e+003;1,387233e-002
2,992017e+003;1,363871e-002
2,992499e+003;1,340952e-002
2,992981e+003;1,318755e-002
2,993463e+003;1,297512e-002
2,993945e+003;1,277310e-002
2,994427e+003;1,258072e-002
2,994909e+003;1,239648e-002
2,995392e+003;1,221872e-002
2,995874e+003;1,204641e-002
2,996356e+003;1,187938e-002
2,996838e+003;1,171831e-002
2,997320e+003;1,156471e-002
2,997802e+003;1,142015e-002
2,998284e+003;1,128567e-002
2,998766e+003;1,116177e-002
2,999249e+003;1,104738e-002
2,999731e+003;1,094078e-002
3,000213e+003;1,083854e-002
3,000695e+003;1,073719e-002
3,001177e+003;1,063381e-002
3,001659e+003;1,052673e-002
3,002141e+003;1,041649e-002
3,002623e+003;1,030576e-002
3,003105e+003;1,019866e-002
3,003588e+003;1,009928e-002
3,004070e+003;1,001091e-002
3,004552e+003;9,933472e-003
3,005034e+003;9,864490e-003
3,005516e+003;9,799382e-003
3,005998e+003;9,732657e-003
3,006480e+003;9,659437e-003
3,006962e+003;9,577559e-003
3,007445e+003;9,487568e-003
3,007927e+003;9,392009e-003
3,008409e+003;9,295185e-003
3,008891e+003;9,200820e-003
3,009373e+003;9,111211e-003
3,009855e+003;9,026865e-003
3,010337e+003;8,946762e-003
3,010819e+003;8,869347e-003
3,011302e+003;8,793230e-003
3,011783e+003;8,718343e-003
3,012266e+003;8,645633e-003
3,012748e+003;8,576788e-003
3,013230e+003;8,513562e-003
3,013712e+003;8,457035e-003
3,014194e+003;8,407136e-003
3,014676e+003;8,362986e-003
3,015158e+003;8,322657e-003
3,015640e+003;8,283986e-003
3,016123e+003;8,244576e-003
3,016605e+003;8,201758e-003
3,017087e+003;8,152632e-003
3,017569e+003;8,094296e-003
3,018051e+003;8,024626e-003
3,018533e+003;7,943021e-003
3,019015e+003;7,850973e-003
3,019497e+003;7,752771e-003
3,019979e+003;7,654761e-003
3,020462e+003;7,563853e-003
3,020944e+003;7,486076e-003
3,021426e+003;7,424088e-003
3,021908e+003;7,376869e-003
3,022390e+003;7,339698e-003
3,022872e+003;7,306405e-003
3,023354e+003;7,270385e-003
3,023836e+003;7,228203e-003
3,024319e+003;7,179759e-003
3,024801e+003;7,128289e-003
3,025283e+003;7,078611e-003
3,025765e+003;7,035201e-003
3,026247e+003;7,000450e-003
3,026729e+003;6,973984e-003
3,027211e+003;6,952873e-003
3,027693e+003;6,933683e-003
3,028176e+003;6,913247e-003
3,028658e+003;6,889917e-003
3,029140e+003;6,864199e-003
3,029622e+003;6,836833e-003
3,030104e+003;6,808963e-003
3,030586e+003;6,780894e-003
3,031068e+003;6,751514e-003
3,031550e+003;6,719544e-003
3,032032e+003;6,683607e-003
3,032515e+003;6,643433e-003
3,032997e+003;6,599495e-003
3,033479e+003;6,552400e-003
3,033961e+003;6,502619e-003
3,034443e+003;6,449817e-003
3,034925e+003;6,393423e-003
3,035407e+003;6,333608e-003
3,035889e+003;6,271716e-003
3,036372e+003;6,210607e-003
3,036854e+003;6,155051e-003
3,037336e+003;6,109449e-003
3,037818e+003;6,076720e-003
3,038300e+003;6,057064e-003
3,038782e+003;6,048026e-003
3,039264e+003;6,044834e-003
3,039746e+003;6,042348e-003
3,040229e+003;6,036838e-003
3,040711e+003;6,026758e-003
3,041193e+003;6,012547e-003
3,041675e+003;5,996052e-003
3,042157e+003;5,978818e-003
3,042639e+003;5,961249e-003
3,043121e+003;5,941934e-003
3,043603e+003;5,918858e-003
3,044085e+003;5,889771e-003
3,044568e+003;5,854070e-003
3,045050e+003;5,812731e-003
3,045532e+003;5,767769e-003
3,046014e+003;5,722039e-003
3,046496e+003;5,677792e-003
3,046978e+003;5,636133e-003
3,047460e+003;5,597332e-003
3,047942e+003;5,560983e-003
3,048425e+003;5,527290e-003
3,048906e+003;5,496820e-003
3,049389e+003;5,470714e-003
3,049871e+003;5,450112e-003
3,050353e+003;5,435517e-003
3,050835e+003;5,426089e-003
3,051317e+003;5,420151e-003
3,051799e+003;5,415152e-003
3,052281e+003;5,408979e-003
3,052763e+003;5,400189e-003
3,053246e+003;5,388279e-003
3,053728e+003;5,373888e-003
3,054210e+003;5,357920e-003
3,054692e+003;5,341147e-003
3,055174e+003;5,324678e-003
3,055656e+003;5,308846e-003
3,056138e+003;5,294054e-003
3,056620e+003;5,280739e-003
3,057103e+003;5,269201e-003
3,057585e+003;5,259643e-003
3,058067e+003;5,251829e-003
3,058549e+003;5,245356e-003
3,059031e+003;5,239387e-003
3,059513e+003;5,233618e-003
3,059995e+003;5,228051e-003
3,060477e+003;5,223122e-003
3,060959e+003;5,219332e-003
3,061442e+003;5,217052e-003
3,061924e+003;5,215476e-003
3,062406e+003;5,212793e-003
3,062888e+003;5,206220e-003
3,063370e+003;5,193377e-003
3,063852e+003;5,172554e-003
3,064334e+003;5,144691e-003
3,064816e+003;5,112471e-003
3,065299e+003;5,080890e-003
3,065781e+003;5,054474e-003
3,066263e+003;5,037546e-003
3,066745e+003;5,031646e-003
3,067227e+003;5,035467e-003
3,067709e+003;5,044786e-003
3,068191e+003;5,054004e-003
3,068673e+003;5,057591e-003
3,069156e+003;5,050552e-003
3,069638e+003;5,030238e-003
3,070120e+003;4,996585e-003
3,070602e+003;4,951708e-003
3,071084e+003;4,899194e-003
3,071566e+003;4,844041e-003
3,072048e+003;4,791507e-003
3,072530e+003;4,745847e-003
3,073012e+003;4,710206e-003
3,073495e+003;4,685956e-003
3,073977e+003;4,672023e-003
3,074459e+003;4,665961e-003
3,074941e+003;4,664052e-003
3,075423e+003;4,662478e-003
3,075905e+003;4,658157e-003
3,076387e+003;4,649383e-003
3,076869e+003;4,636522e-003
3,077352e+003;4,620783e-003
3,077833e+003;4,604106e-003
3,078316e+003;4,587597e-003
3,078798e+003;4,571457e-003
3,079280e+003;4,555083e-003
3,079762e+003;4,537371e-003
3,080244e+003;4,517784e-003
3,080726e+003;4,496826e-003
3,081208e+003;4,476471e-003
3,081690e+003;4,458695e-003
3,082173e+003;4,445339e-003
3,082655e+003;4,436200e-003
3,083137e+003;4,430074e-003
3,083619e+003;4,423815e-003
3,084101e+003;4,414175e-003
3,084583e+003;4,399145e-003
3,085065e+003;4,378494e-003
3,085547e+003;4,354363e-003
3,086030e+003;4,329430e-003
3,086512e+003;4,306708e-003
3,086994e+003;4,287634e-003
3,087476e+003;4,271939e-003
3,087958e+003;4,257116e-003
3,088440e+003;4,240721e-003
3,088922e+003;4,220947e-003
3,089404e+003;4,197528e-003
3,089886e+003;4,172470e-003
3,090369e+003;4,148551e-003
3,090851e+003;4,128982e-003
3,091333e+003;4,115602e-003
3,091815e+003;4,108845e-003
3,092297e+003;4,107540e-003
3,092779e+003;4,109882e-003
3,093261e+003;4,114030e-003
3,093743e+003;4,118478e-003
3,094226e+003;4,122860e-003
3,094708e+003;4,126573e-003
3,095190e+003;4,128882e-003
3,095672e+003;4,128179e-003
3,096154e+003;4,122860e-003
3,096636e+003;4,111354e-003
3,097118e+003;4,093057e-003
3,097600e+003;4,069477e-003
3,098083e+003;4,043123e-003
3,098565e+003;4,018241e-003
3,099047e+003;3,999113e-003
3,099529e+003;3,988479e-003
3,100011e+003;3,987877e-003
3,100493e+003;3,996237e-003
3,100975e+003;4,011185e-003
3,101457e+003;4,029144e-003
3,101939e+003;4,046801e-003
3,102422e+003;4,061785e-003
3,102904e+003;4,072755e-003
3,103386e+003;4,079612e-003
3,103868e+003;4,082622e-003
3,104350e+003;4,082187e-003
3,104832e+003;4,078207e-003
3,105314e+003;4,070213e-003
3,105796e+003;4,057604e-003
3,106279e+003;4,040079e-003
3,106760e+003;4,018575e-003
3,107243e+003;3,995100e-003
3,107725e+003;3,972495e-003
3,108207e+003;3,954438e-003
3,108689e+003;3,943103e-003
3,109171e+003;3,940094e-003
3,109653e+003;3,944408e-003
3,110135e+003;3,953937e-003
3,110617e+003;3,964971e-003
3,111100e+003;3,974535e-003
3,111582e+003;3,980520e-003
3,112064e+003;3,982828e-003
3,112546e+003;3,982627e-003
3,113028e+003;3,981690e-003
3,113510e+003;3,981590e-003
3,113992e+003;3,982527e-003
3,114474e+003;3,983496e-003
3,114957e+003;3,982292e-003
3,115439e+003;3,976641e-003
3,115921e+003;3,964971e-003
3,116403e+003;3,947183e-003
3,116885e+003;3,924580e-003
3,117367e+003;3,900073e-003
3,117849e+003;3,877172e-003
3,118331e+003;3,859487e-003
3,118813e+003;3,849960e-003
3,119296e+003;3,850060e-003
3,119778e+003;3,860223e-003
3,120260e+003;3,878142e-003
3,120742e+003;3,900474e-003
3,121224e+003;3,922340e-003
3,121706e+003;3,938656e-003
3,122188e+003;3,946079e-003
3,122670e+003;3,943237e-003
3,123153e+003;3,932237e-003
3,123635e+003;3,916890e-003
3,124117e+003;3,902280e-003
3,124599e+003;3,891648e-003
3,125081e+003;3,886031e-003
3,125563e+003;3,882521e-003
3,126045e+003;3,876370e-003
3,126527e+003;3,863332e-003
3,127010e+003;3,841235e-003
3,127492e+003;3,811719e-003
3,127974e+003;3,780066e-003
3,128456e+003;3,753361e-003
3,128938e+003;3,737085e-003
3,129420e+003;3,733709e-003
3,129902e+003;3,740260e-003
3,130384e+003;3,750887e-003
3,130866e+003;3,758274e-003
3,131349e+003;3,757338e-003
3,131831e+003;3,747311e-003
3,132313e+003;3,732239e-003
3,132795e+003;3,719506e-003
3,133277e+003;3,716331e-003
3,133759e+003;3,727359e-003
3,134241e+003;3,752325e-003
3,134723e+003;3,786115e-003
3,135206e+003;3,820811e-003
3,135688e+003;3,848656e-003
3,136170e+003;3,863566e-003
3,136652e+003;3,863365e-003
3,137134e+003;3,849626e-003
3,137616e+003;3,825624e-003
3,138098e+003;3,796176e-003
3,138580e+003;3,765092e-003
3,139063e+003;3,735748e-003
3,139544e+003;3,710583e-003
3,140027e+003;3,691635e-003
3,140509e+003;3,681009e-003
3,140991e+003;3,680307e-003
3,141473e+003;3,690499e-003
3,141955e+003;3,710917e-003
3,142437e+003;3,739591e-003
3,142919e+003;3,772378e-003
3,143401e+003;3,805100e-003
3,143884e+003;3,833848e-003
3,144366e+003;3,856713e-003
3,144848e+003;3,873662e-003
3,145330e+003;3,886500e-003
3,145812e+003;3,897766e-003
3,146294e+003;3,909769e-003
3,146776e+003;3,922975e-003
3,147258e+003;3,935747e-003
3,147740e+003;3,944909e-003
3,148223e+003;3,946146e-003
3,148705e+003;3,935647e-003
3,149187e+003;3,911775e-003
3,149669e+003;3,875501e-003
3,150151e+003;3,830906e-003
3,150633e+003;3,784177e-003
3,151115e+003;3,742365e-003
3,151597e+003;3,711753e-003
3,152080e+003;3,696581e-003
3,152562e+003;3,698720e-003
3,153044e+003;3,717401e-003
3,153526e+003;3,750186e-003
3,154008e+003;3,793235e-003
3,154490e+003;3,842673e-003
3,154972e+003;3,894022e-003
3,155454e+003;3,942870e-003
3,155937e+003;3,984767e-003
3,156419e+003;4,015064e-003
3,156901e+003;4,030582e-003
3,157383e+003;4,029846e-003
3,157865e+003;4,014429e-003
3,158347e+003;3,988880e-003
3,158829e+003;3,959488e-003
3,159311e+003;3,933741e-003
3,159793e+003;3,916455e-003
3,160276e+003;3,909668e-003
3,160758e+003;3,910638e-003
3,161240e+003;3,913547e-003
3,161722e+003;3,910604e-003
3,162204e+003;3,895092e-003
3,162686e+003;3,864101e-003
3,163168e+003;3,818939e-003
3,163650e+003;3,766028e-003
3,164133e+003;3,714259e-003
3,164615e+003;3,673925e-003
3,165097e+003;3,652773e-003
3,165579e+003;3,654611e-003
3,166061e+003;3,678135e-003
3,166543e+003;3,717568e-003
3,167025e+003;3,764089e-003
3,167507e+003;3,807674e-003
3,167990e+003;3,840901e-003
3,168471e+003;3,859287e-003
3,168954e+003;3,862931e-003
3,169436e+003;3,856178e-003
3,169918e+003;3,845882e-003
3,170400e+003;3,838828e-003
3,170882e+003;3,839597e-003
3,171364e+003;3,849258e-003
3,171846e+003;3,864636e-003
3,172328e+003;3,879813e-003
3,172811e+003;3,887569e-003
3,173293e+003;3,882555e-003
3,173775e+003;3,862730e-003
3,174257e+003;3,830739e-003
3,174739e+003;3,792533e-003
3,175221e+003;3,756636e-003
3,175703e+003;3,731537e-003
3,176185e+003;3,722848e-003
3,176667e+003;3,732640e-003
3,177150e+003;3,758040e-003
3,177632e+003;3,792332e-003
3,178114e+003;3,826259e-003
3,178596e+003;3,850695e-003
3,179078e+003;3,858953e-003
3,179560e+003;3,848556e-003
3,180042e+003;3,821546e-003
3,180524e+003;3,784678e-003
3,181007e+003;3,747011e-003
3,181489e+003;3,717233e-003
3,181971e+003;3,702229e-003
3,182453e+003;3,704000e-003
3,182935e+003;3,720107e-003
3,183417e+003;3,743735e-003
3,183899e+003;3,766730e-003
3,184381e+003;3,781837e-003
3,184864e+003;3,785079e-003
3,185346e+003;3,776589e-003
3,185828e+003;3,760546e-003
3,186310e+003;3,742632e-003
3,186792e+003;3,728028e-003
3,187274e+003;3,720375e-003
3,187756e+003;3,720007e-003
3,188238e+003;3,725054e-003
3,188720e+003;3,732640e-003
3,189203e+003;3,739758e-003
3,189685e+003;3,744203e-003
3,190167e+003;3,745173e-003
3,190649e+003;3,742165e-003
3,191131e+003;3,735614e-003
3,191613e+003;3,725555e-003
3,192095e+003;3,712956e-003
3,192577e+003;3,699020e-003
3,193060e+003;3,686389e-003
3,193542e+003;3,677835e-003
3,194024e+003;3,676231e-003
3,194506e+003;3,682646e-003
3,194988e+003;3,696213e-003
3,195470e+003;3,713424e-003
3,195952e+003;3,729866e-003
3,196434e+003;3,740961e-003
3,196917e+003;3,743802e-003
3,197398e+003;3,738121e-003
3,197881e+003;3,726257e-003
3,198363e+003;3,712054e-003
3,198845e+003;3,699188e-003
3,199327e+003;3,690232e-003
3,199809e+003;3,685587e-003
3,200291e+003;3,684050e-003
3,200773e+003;3,683448e-003
3,201255e+003;3,681443e-003
3,201738e+003;3,676297e-003
3,202220e+003;3,667342e-003
3,202702e+003;3,654076e-003
3,203184e+003;3,636802e-003
3,203666e+003;3,615552e-003
3,204148e+003;3,590628e-003
3,204630e+003;3,563334e-003
3,205112e+003;3,535072e-003
3,205594e+003;3,508082e-003
3,206077e+003;3,484500e-003
3,206559e+003;3,465629e-003
3,207041e+003;3,451334e-003
3,207523e+003;3,439545e-003
3,208005e+003;3,426787e-003
3,208487e+003;3,409889e-003
3,208969e+003;3,385912e-003
3,209451e+003;3,354323e-003
3,209934e+003;3,316860e-003
3,210416e+003;3,277764e-003
3,210898e+003;3,242244e-003
3,211380e+003;3,215272e-003
3,211862e+003;3,200818e-003
3,212344e+003;3,200985e-003
3,212826e+003;3,215105e-003
3,213308e+003;3,240641e-003
3,213791e+003;3,273324e-003
3,214273e+003;3,308012e-003
3,214755e+003;3,339631e-003
3,215237e+003;3,363906e-003
3,215719e+003;3,378098e-003
3,216201e+003;3,380869e-003
3,216683e+003;3,372922e-003
3,217165e+003;3,356460e-003
3,217647e+003;3,334856e-003
3,218130e+003;3,312219e-003
3,218612e+003;3,292320e-003
3,219094e+003;3,277631e-003
3,219576e+003;3,268717e-003
3,220058e+003;3,264477e-003
3,220540e+003;3,262173e-003
3,221022e+003;3,258401e-003
3,221504e+003;3,250456e-003
3,221987e+003;3,237136e-003
3,222469e+003;3,219478e-003
3,222951e+003;3,200651e-003
3,223433e+003;3,184563e-003
3,223915e+003;3,175451e-003
3,224397e+003;3,175651e-003
3,224879e+003;3,185130e-003
3,225361e+003;3,201519e-003
3,225844e+003;3,220345e-003
3,226325e+003;3,236502e-003
3,226808e+003;3,245215e-003
3,227290e+003;3,243913e-003
3,227772e+003;3,231862e-003
3,228254e+003;3,210431e-003
3,228736e+003;3,182460e-003
3,229218e+003;3,151854e-003
3,229700e+003;3,121984e-003
3,230182e+003;3,095854e-003
3,230665e+003;3,075498e-003
3,231147e+003;3,062117e-003
3,231629e+003;3,056110e-003
3,232111e+003;3,057345e-003
3,232593e+003;3,064886e-003
3,233075e+003;3,077733e-003
3,233557e+003;3,093951e-003
3,234039e+003;3,112272e-003
3,234521e+003;3,130527e-003
3,235004e+003;3,146747e-003
3,235486e+003;3,159263e-003
3,235968e+003;3,166439e-003
3,236450e+003;3,167574e-003
3,236932e+003;3,162834e-003
3,237414e+003;3,153589e-003
3,237896e+003;3,142642e-003
3,238378e+003;3,133264e-003
3,238861e+003;3,128725e-003
3,239343e+003;3,131462e-003
3,239825e+003;3,141240e-003
3,240307e+003;3,156193e-003
3,240789e+003;3,172013e-003
3,241271e+003;3,183228e-003
3,241753e+003;3,185297e-003
3,242235e+003;3,175217e-003
3,242718e+003;3,153022e-003
3,243200e+003;3,121917e-003
3,243682e+003;3,086844e-003
3,244164e+003;3,054709e-003
3,244646e+003;3,030551e-003
3,245128e+003;3,018406e-003
3,245610e+003;3,019340e-003
3,246092e+003;3,031852e-003
3,246574e+003;3,052607e-003
3,247057e+003;3,077967e-003
3,247539e+003;3,104463e-003
3,248021e+003;3,129459e-003
3,248503e+003;3,151053e-003
3,248985e+003;3,167874e-003
3,249467e+003;3,178989e-003
3,249949e+003;3,183128e-003
3,250431e+003;3,178922e-003
3,250914e+003;3,165471e-003
3,251396e+003;3,142843e-003
3,251878e+003;3,112005e-003
3,252360e+003;3,076065e-003
3,252842e+003;3,038592e-003
3,253324e+003;3,004059e-003
3,253806e+003;2,976335e-003
3,254288e+003;2,957619e-003
3,254771e+003;2,948078e-003
3,255252e+003;2,946710e-003
3,255735e+003;2,950814e-003
3,256217e+003;2,957853e-003
3,256699e+003;2,966026e-003
3,257181e+003;2,974200e-003
3,257663e+003;2,982507e-003
3,258145e+003;2,991248e-003
3,258627e+003;3,001224e-003
3,259109e+003;3,012868e-003
3,259592e+003;3,026847e-003
3,260074e+003;3,043764e-003
3,260556e+003;3,063885e-003
3,261038e+003;3,087144e-003
3,261520e+003;3,112005e-003
3,262002e+003;3,135534e-003
3,262484e+003;3,153189e-003
3,262966e+003;3,159730e-003
3,263448e+003;3,151153e-003
3,263931e+003;3,125989e-003
3,264413e+003;3,086677e-003
3,264895e+003;3,039060e-003
3,265377e+003;2,992048e-003
3,265859e+003;2,954517e-003
3,266341e+003;2,932466e-003
3,266823e+003;2,928196e-003
3,267305e+003;2,939605e-003
3,267788e+003;2,961289e-003
3,268270e+003;2,986343e-003
3,268752e+003;3,009131e-003
3,269234e+003;3,026581e-003
3,269716e+003;3,038059e-003
3,270198e+003;3,045066e-003
3,270680e+003;3,049804e-003
3,271162e+003;3,054242e-003
3,271645e+003;3,059380e-003
3,272127e+003;3,065587e-003
3,272609e+003;3,072728e-003
3,273091e+003;3,080837e-003
3,273573e+003;3,089780e-003
3,274055e+003;3,099324e-003
3,274537e+003;3,108702e-003
3,275019e+003;3,115977e-003
3,275501e+003;3,119948e-003
3,275984e+003;3,119548e-003
3,276466e+003;3,115977e-003
3,276948e+003;3,111572e-003
3,277430e+003;3,110871e-003
3,277912e+003;3,118113e-003
3,278394e+003;3,136134e-003
3,278876e+003;3,164470e-003
3,279358e+003;3,200050e-003
3,279841e+003;3,237337e-003
3,280323e+003;3,269518e-003
3,280805e+003;3,290951e-003
3,281287e+003;3,298396e-003
3,281769e+003;3,291385e-003
3,282251e+003;3,271988e-003
3,282733e+003;3,244247e-003
3,283215e+003;3,212768e-003
3,283698e+003;3,182160e-003
3,284179e+003;3,156026e-003
3,284662e+003;3,137536e-003
3,285144e+003;3,128492e-003
3,285626e+003;3,129927e-003
3,286108e+003;3,141508e-003
3,286590e+003;3,161800e-003
3,287072e+003;3,187600e-003
3,287554e+003;3,214971e-003
3,288036e+003;3,238905e-003
3,288519e+003;3,255330e-003
3,289001e+003;3,260471e-003
3,289483e+003;3,252960e-003
3,289965e+003;3,233197e-003
3,290447e+003;3,203722e-003
3,290929e+003;3,168809e-003
3,291411e+003;3,133398e-003
3,291893e+003;3,102761e-003
3,292375e+003;3,081070e-003
3,292858e+003;3,070893e-003
3,293340e+003;3,072595e-003
3,293822e+003;3,084641e-003
3,294304e+003;3,103863e-003
3,294786e+003;3,126556e-003
3,295268e+003;3,148450e-003
3,295750e+003;3,166673e-003
3,296232e+003;3,179022e-003
3,296715e+003;3,184162e-003
3,297197e+003;3,181859e-003
3,297679e+003;3,172113e-003
3,298161e+003;3,155692e-003
3,298643e+003;3,133598e-003
3,299125e+003;3,107867e-003
3,299607e+003;3,081337e-003
3,300089e+003;3,057445e-003
3,300572e+003;3,039961e-003
3,301054e+003;3,032119e-003
3,301536e+003;3,035189e-003
3,302018e+003;3,048736e-003
3,302500e+003;3,070159e-003
3,302982e+003;3,095787e-003
3,303464e+003;3,120983e-003
3,303946e+003;3,142909e-003
3,304428e+003;3,160064e-003
3,304911e+003;3,173248e-003
3,305393e+003;3,184963e-003
3,305875e+003;3,198114e-003
3,306357e+003;3,214804e-003
3,306839e+003;3,234699e-003
3,307321e+003;3,255296e-003
3,307803e+003;3,271888e-003
3,308285e+003;3,279367e-003
3,308768e+003;3,273791e-003
3,309250e+003;3,254328e-003
3,309732e+003;3,223750e-003
3,310214e+003;3,188335e-003
3,310696e+003;3,154958e-003
3,311178e+003;3,130928e-003
3,311660e+003;3,120415e-003
3,312142e+003;3,123519e-003
3,312625e+003;3,137102e-003
3,313106e+003;3,155725e-003
3,313589e+003;3,173448e-003
3,314071e+003;3,185364e-003
3,314553e+003;3,189570e-003
3,315035e+003;3,185865e-003
3,315517e+003;3,175818e-003
3,315999e+003;3,161433e-003
3,316481e+003;3,144344e-003
3,316963e+003;3,125855e-003
3,317446e+003;3,106699e-003
3,317928e+003;3,088679e-003
3,318410e+003;3,073529e-003
3,318892e+003;3,063919e-003
3,319374e+003;3,061249e-003
3,319856e+003;3,065821e-003
3,320338e+003;3,075598e-003
3,320820e+003;3,086910e-003
3,321302e+003;3,095653e-003
3,321785e+003;3,098557e-003
3,322267e+003;3,094118e-003
3,322749e+003;3,083573e-003
3,323231e+003;3,070125e-003
3,323713e+003;3,057178e-003
3,324195e+003;3,047668e-003
3,324677e+003;3,043064e-003
3,325159e+003;3,042797e-003
3,325642e+003;3,045800e-003
3,326124e+003;3,050605e-003
3,326606e+003;3,056144e-003
3,327088e+003;3,062784e-003
3,327570e+003;3,071160e-003
3,328052e+003;3,081771e-003
3,328534e+003;3,094886e-003
3,329016e+003;3,109536e-003
3,329499e+003;3,124754e-003
3,329981e+003;3,139038e-003
3,330463e+003;3,151887e-003
3,330945e+003;3,163469e-003
3,331427e+003;3,174983e-003
3,331909e+003;3,188068e-003
3,332391e+003;3,204356e-003
3,332873e+003;3,225152e-003
3,333355e+003;3,250723e-003
3,333838e+003;3,280134e-003
3,334320e+003;3,310883e-003
3,334802e+003;3,339531e-003
3,335284e+003;3,361936e-003
3,335766e+003;3,374591e-003
3,336248e+003;3,375159e-003
3,336730e+003;3,363873e-003
3,337212e+003;3,343070e-003
3,337695e+003;3,316893e-003
3,338177e+003;3,290317e-003
3,338659e+003;3,267381e-003
3,339141e+003;3,250689e-003
3,339623e+003;3,241042e-003
3,340105e+003;3,237470e-003
3,340587e+003;3,238638e-003
3,341069e+003;3,243379e-003
3,341552e+003;3,251457e-003
3,342033e+003;3,262541e-003
3,342516e+003;3,276562e-003
3,342998e+003;3,292120e-003
3,343480e+003;3,306843e-003
3,343962e+003;3,317527e-003
3,344444e+003;3,321500e-003
3,344926e+003;3,317728e-003
3,345408e+003;3,306843e-003
3,345890e+003;3,291318e-003
3,346373e+003;3,274526e-003
3,346855e+003;3,259369e-003
3,347337e+003;3,247351e-003
3,347819e+003;3,238471e-003
3,348301e+003;3,231528e-003
3,348783e+003;3,225419e-003
3,349265e+003;3,219110e-003
3,349747e+003;3,212801e-003
3,350229e+003;3,207060e-003
3,350712e+003;3,202521e-003
3,351194e+003;3,200251e-003
3,351676e+003;3,200852e-003
3,352158e+003;3,205858e-003
3,352640e+003;3,217141e-003
3,353122e+003;3,237003e-003
3,353604e+003;3,266613e-003
3,354086e+003;3,304707e-003
3,354569e+003;3,346476e-003
3,355051e+003;3,384142e-003
3,355533e+003;3,407852e-003
3,356015e+003;3,409288e-003
3,356497e+003;3,384943e-003
3,356979e+003;3,337394e-003
3,357461e+003;3,275894e-003
3,357943e+003;3,213035e-003
3,358426e+003;3,162601e-003
3,358908e+003;3,134299e-003
3,359390e+003;3,132029e-003
3,359872e+003;3,153055e-003
3,360354e+003;3,189870e-003
3,360836e+003;3,232763e-003
3,361318e+003;3,272623e-003
3,361800e+003;3,304039e-003
3,362282e+003;3,325340e-003
3,362765e+003;3,338462e-003
3,363247e+003;3,347478e-003
3,363729e+003;3,356760e-003
3,364211e+003;3,370284e-003
3,364693e+003;3,390353e-003
3,365175e+003;3,417035e-003
3,365657e+003;3,449097e-003
3,366139e+003;3,482630e-003
3,366622e+003;3,513126e-003
3,367104e+003;3,535707e-003
3,367586e+003;3,546530e-003
3,368068e+003;3,543490e-003
3,368550e+003;3,527623e-003
3,369032e+003;3,502403e-003
3,369514e+003;3,472476e-003
3,369996e+003;3,442884e-003
3,370479e+003;3,417169e-003
3,370961e+003;3,396264e-003
3,371443e+003;3,379266e-003
3,371925e+003;3,363605e-003
3,372407e+003;3,346676e-003
3,372889e+003;3,327611e-003
3,373371e+003;3,306543e-003
3,373853e+003;3,284908e-003
3,374335e+003;3,264877e-003
3,374818e+003;3,248386e-003
3,375300e+003;3,236035e-003
3,375782e+003;3,228123e-003
3,376264e+003;3,223884e-003
3,376746e+003;3,222849e-003
3,377228e+003;3,224752e-003
3,377710e+003;3,229859e-003
3,378192e+003;3,238171e-003
3,378675e+003;3,249788e-003
3,379156e+003;3,263809e-003
3,379639e+003;3,279033e-003
3,380121e+003;3,293489e-003
3,380603e+003;3,305174e-003
3,381085e+003;3,312452e-003
3,381567e+003;3,314489e-003
3,382049e+003;3,311852e-003
3,382531e+003;3,306610e-003
3,383013e+003;3,302236e-003
3,383496e+003;3,302970e-003
3,383978e+003;3,312786e-003
3,384460e+003;3,334255e-003
3,384942e+003;3,366577e-003
3,385424e+003;3,405547e-003
3,385906e+003;3,444788e-003
3,386388e+003;3,476016e-003
3,386870e+003;3,492316e-003
3,387353e+003;3,490078e-003
3,387835e+003;3,469670e-003
3,388317e+003;3,435236e-003
3,388799e+003;3,393425e-003
3,389281e+003;3,351351e-003
3,389763e+003;3,314022e-003
3,390245e+003;3,283840e-003
3,390727e+003;3,260604e-003
3,391209e+003;3,242744e-003
3,391692e+003;3,228991e-003
3,392174e+003;3,219244e-003
3,392656e+003;3,215238e-003
3,393138e+003;3,218777e-003
3,393620e+003;3,230660e-003
3,394102e+003;3,249688e-003
3,394584e+003;3,271521e-003
3,395066e+003;3,290450e-003
3,395549e+003;3,300500e-003
3,396031e+003;3,297395e-003
3,396513e+003;3,280401e-003
3,396995e+003;3,252158e-003
3,397477e+003;3,218376e-003
3,397959e+003;3,185431e-003
3,398441e+003;3,158896e-003
3,398923e+003;3,142108e-003
3,399406e+003;3,134933e-003
3,399888e+003;3,135200e-003
3,400370e+003;3,140172e-003
3,400852e+003;3,147115e-003
3,401334e+003;3,155658e-003
3,401816e+003;3,167440e-003
3,402298e+003;3,185264e-003
3,402780e+003;3,212935e-003
3,403262e+003;3,252325e-003
3,403745e+003;3,302203e-003
3,404227e+003;3,357962e-003
3,404709e+003;3,412661e-003
3,405191e+003;3,457980e-003
3,405673e+003;3,486705e-003
3,406155e+003;3,495322e-003
3,406637e+003;3,484333e-003
3,407119e+003;3,458916e-003
3,407602e+003;3,426654e-003
3,408083e+003;3,395596e-003
3,408566e+003;3,372120e-003
3,409048e+003;3,357996e-003
3,409530e+003;3,351551e-003
3,410012e+003;3,348012e-003
3,410494e+003;3,341668e-003
3,410976e+003;3,328078e-003
3,411458e+003;3,305909e-003
3,411940e+003;3,276796e-003
3,412423e+003;3,245816e-003
3,412905e+003;3,218376e-003
3,413387e+003;3,199817e-003
3,413869e+003;3,193475e-003
3,414351e+003;3,200217e-003
3,414833e+003;3,218509e-003
3,415315e+003;3,245682e-003
3,415797e+003;3,278499e-003
3,416280e+003;3,314055e-003
3,416762e+003;3,350082e-003
3,417244e+003;3,384843e-003
3,417726e+003;3,416668e-003
3,418208e+003;3,444387e-003
3,418690e+003;3,466397e-003
3,419172e+003;3,481694e-003
3,419654e+003;3,489944e-003
3,420136e+003;3,491548e-003
3,420619e+003;3,488241e-003
3,421101e+003;3,482296e-003
3,421583e+003;3,475816e-003
3,422065e+003;3,470472e-003
3,422547e+003;3,466764e-003
3,423029e+003;3,464293e-003
3,423511e+003;3,462656e-003
3,423993e+003;3,461053e-003
3,424476e+003;3,459183e-003
3,424958e+003;3,457947e-003
3,425440e+003;3,458148e-003
3,425922e+003;3,460419e-003
3,426404e+003;3,464527e-003
3,426886e+003;3,469203e-003
3,427368e+003;3,472476e-003
3,427850e+003;3,472075e-003
3,428333e+003;3,466631e-003
3,428815e+003;3,456010e-003
3,429297e+003;3,441782e-003
3,429779e+003;3,426620e-003
3,430261e+003;3,413028e-003
3,430743e+003;3,402375e-003
3,431225e+003;3,394961e-003
3,431707e+003;3,389084e-003
3,432189e+003;3,382906e-003
3,432672e+003;3,375059e-003
3,433154e+003;3,366110e-003
3,433636e+003;3,357895e-003
3,434118e+003;3,353588e-003
3,434600e+003;3,356092e-003
3,435082e+003;3,366511e-003
3,435564e+003;3,383641e-003
3,436046e+003;3,403577e-003
3,436529e+003;3,421444e-003
3,437010e+003;3,432298e-003
3,437493e+003;3,433834e-003
3,437975e+003;3,426319e-003
3,438457e+003;3,413095e-003
3,438939e+003;3,399169e-003
3,439421e+003;3,390052e-003
3,439903e+003;3,388850e-003
3,440385e+003;3,396364e-003
3,440867e+003;3,410690e-003
3,441350e+003;3,427722e-003
3,441832e+003;3,442651e-003
3,442314e+003;3,451768e-003
3,442796e+003;3,453238e-003
3,443278e+003;3,447794e-003
3,443760e+003;3,437574e-003
3,444242e+003;3,425518e-003
3,444724e+003;3,414063e-003
3,445207e+003;3,404646e-003
3,445689e+003;3,396998e-003
3,446171e+003;3,389952e-003
3,446653e+003;3,382673e-003
3,447135e+003;3,374425e-003
3,447617e+003;3,366110e-003
3,448099e+003;3,359565e-003
3,448581e+003;3,357027e-003
3,449063e+003;3,360266e-003
3,449546e+003;3,370384e-003
3,450028e+003;3,387114e-003
3,450510e+003;3,409688e-003
3,450992e+003;3,436806e-003
3,451474e+003;3,467499e-003
3,451956e+003;3,500433e-003
3,452438e+003;3,535105e-003
3,452920e+003;3,569982e-003
3,453403e+003;3,603390e-003
3,453885e+003;3,632157e-003
3,454367e+003;3,652807e-003
3,454849e+003;3,662430e-003
3,455331e+003;3,658921e-003
3,455813e+003;3,642148e-003
3,456295e+003;3,614082e-003
3,456777e+003;3,577933e-003
3,457260e+003;3,537444e-003
3,457742e+003;3,496057e-003
3,458224e+003;3,456578e-003
3,458706e+003;3,420275e-003
3,459188e+003;3,387715e-003
3,459670e+003;3,358964e-003
3,460152e+003;3,333854e-003
3,460634e+003;3,312886e-003
3,461116e+003;3,296393e-003
3,461599e+003;3,285175e-003
3,462081e+003;3,280468e-003
3,462563e+003;3,283306e-003
3,463045e+003;3,294524e-003
3,463527e+003;3,314255e-003
3,464009e+003;3,341534e-003
3,464491e+003;3,374224e-003
3,464973e+003;3,408686e-003
3,465456e+003;3,441348e-003
3,465938e+003;3,468568e-003
3,466420e+003;3,488508e-003
3,466902e+003;3,501735e-003
3,467384e+003;3,510854e-003
3,467866e+003;3,518938e-003
3,468348e+003;3,529226e-003
3,468830e+003;3,542555e-003
3,469313e+003;3,557888e-003
3,469794e+003;3,572020e-003
3,470277e+003;3,581207e-003
3,470759e+003;3,583111e-003
3,471241e+003;3,577365e-003
3,471723e+003;3,566106e-003
3,472205e+003;3,552844e-003
3,472687e+003;3,541586e-003
3,473169e+003;3,535005e-003
3,473651e+003;3,534103e-003
3,474134e+003;3,538279e-003
3,474616e+003;3,545895e-003
3,475098e+003;3,555082e-003
3,475580e+003;3,564002e-003
3,476062e+003;3,571184e-003
3,476544e+003;3,574491e-003
3,477026e+003;3,571552e-003
3,477508e+003;3,559492e-003
3,477990e+003;3,535740e-003
3,478473e+003;3,499163e-003
3,478955e+003;3,451134e-003
3,479437e+003;3,395462e-003
3,479919e+003;3,338796e-003
3,480401e+003;3,288013e-003
3,480883e+003;3,250356e-003
3,481365e+003;3,230226e-003
3,481847e+003;3,228858e-003
3,482330e+003;3,244313e-003
3,482812e+003;3,271654e-003
3,483294e+003;3,304940e-003
3,483776e+003;3,337561e-003
3,484258e+003;3,364574e-003
3,484740e+003;3,382105e-003
3,485222e+003;3,389318e-003
3,485704e+003;3,387815e-003
3,486187e+003;3,381971e-003
3,486669e+003;3,377897e-003
3,487151e+003;3,380469e-003
3,487633e+003;3,393292e-003
3,488115e+003;3,415933e-003
3,488597e+003;3,444588e-003
3,489079e+003;3,473979e-003
3,489561e+003;3,498996e-003
3,490043e+003;3,516867e-003
3,490526e+003;3,527957e-003
3,491008e+003;3,534404e-003
3,491490e+003;3,539782e-003
3,491972e+003;3,545862e-003
3,492454e+003;3,552577e-003
3,492936e+003;3,557922e-003
3,493418e+003;3,559124e-003
3,493900e+003;3,555182e-003
3,494383e+003;3,546964e-003
3,494865e+003;3,537845e-003
3,495347e+003;3,531798e-003
3,495829e+003;3,530696e-003
3,496311e+003;3,533302e-003
3,496793e+003;3,534938e-003
3,497275e+003;3,529393e-003
3,497757e+003;3,512224e-003
3,498240e+003;3,482463e-003
3,498721e+003;3,443820e-003
3,499204e+003;3,403143e-003
3,499686e+003;3,369349e-003
3,500168e+003;3,349014e-003
3,500650e+003;3,345775e-003
3,501132e+003;3,358830e-003
3,501614e+003;3,384008e-003
3,502096e+003;3,415867e-003
3,502578e+003;3,449197e-003
3,503061e+003;3,480692e-003
3,503543e+003;3,508048e-003
3,504025e+003;3,529226e-003
3,504507e+003;3,542288e-003
3,504989e+003;3,544292e-003
3,505471e+003;3,533502e-003
3,505953e+003;3,509718e-003
3,506435e+003;3,475716e-003
3,506917e+003;3,436238e-003
3,507400e+003;3,398100e-003
3,507882e+003;3,367679e-003
3,508364e+003;3,348312e-003
3,508846e+003;3,340933e-003
3,509328e+003;3,343204e-003
3,509810e+003;3,351551e-003
3,510292e+003;3,363472e-003
3,510774e+003;3,377229e-003
3,511257e+003;3,393893e-003
3,511739e+003;3,414063e-003
3,512221e+003;3,437608e-003
3,512703e+003;3,463324e-003
3,513185e+003;3,488375e-003
3,513667e+003;3,510487e-003
3,514149e+003;3,528558e-003
3,514631e+003;3,543357e-003
3,515114e+003;3,557153e-003
3,515596e+003;3,572253e-003
3,516078e+003;3,589592e-003
3,516560e+003;3,607600e-003
3,517042e+003;3,622301e-003
3,517524e+003;3,628883e-003
3,518006e+003;3,623571e-003
3,518488e+003;3,605662e-003
3,518970e+003;3,577599e-003
3,519453e+003;3,544860e-003
3,519935e+003;3,514295e-003
3,520417e+003;3,491715e-003
3,520899e+003;3,480125e-003
3,521381e+003;3,479189e-003
3,521863e+003;3,485135e-003
3,522345e+003;3,491514e-003
3,522827e+003;3,491047e-003
3,523310e+003;3,478855e-003
3,523792e+003;3,453305e-003
3,524274e+003;3,416802e-003
3,524756e+003;3,375059e-003
3,525238e+003;3,335724e-003
3,525720e+003;3,306142e-003
3,526202e+003;3,291819e-003
3,526684e+003;3,294958e-003
3,527167e+003;3,314556e-003
3,527648e+003;3,346042e-003
3,528131e+003;3,383374e-003
3,528613e+003;3,421343e-003
3,529095e+003;3,456210e-003
3,529577e+003;3,486471e-003
3,530059e+003;3,512224e-003
3,530541e+003;3,533502e-003
3,531023e+003;3,549704e-003
3,531505e+003;3,559325e-003
3,531988e+003;3,560360e-003
3,532470e+003;3,551340e-003
3,532952e+003;3,532567e-003
3,533434e+003;3,506612e-003
3,533916e+003;3,477152e-003
3,534398e+003;3,449397e-003
3,534880e+003;3,428524e-003
3,535362e+003;3,417637e-003
3,535844e+003;3,418538e-003
3,536327e+003;3,430895e-003
3,536809e+003;3,452904e-003
3,537291e+003;3,482162e-003
3,537773e+003;3,516165e-003
3,538255e+003;3,552042e-003
3,538737e+003;3,586318e-003
3,539219e+003;3,615318e-003
3,539701e+003;3,635866e-003
3,540184e+003;3,646124e-003
3,540666e+003;3,646057e-003
3,541148e+003;3,638673e-003
3,541630e+003;3,628549e-003
3,542112e+003;3,620931e-003
3,542594e+003;3,618759e-003
3,543076e+003;3,622836e-003
3,543558e+003;3,630453e-003
3,544041e+003;3,636000e-003
3,544523e+003;3,634329e-003
3,545005e+003;3,622602e-003
3,545487e+003;3,602154e-003
3,545969e+003;3,578801e-003
3,546451e+003;3,560193e-003
3,546933e+003;3,553378e-003
3,547415e+003;3,561797e-003
3,547897e+003;3,584648e-003
3,548380e+003;3,617690e-003
3,548862e+003;3,655179e-003
3,549344e+003;3,690900e-003
3,549826e+003;3,719606e-003
3,550308e+003;3,737753e-003
3,550790e+003;3,744103e-003
3,551272e+003;3,739324e-003
3,551754e+003;3,726758e-003
3,552237e+003;3,710483e-003
3,552719e+003;3,694910e-003
3,553201e+003;3,682446e-003
3,553683e+003;3,673557e-003
3,554165e+003;3,666239e-003
3,554647e+003;3,657785e-003
3,555129e+003;3,645389e-003
3,555611e+003;3,627948e-003
3,556094e+003;3,605896e-003
3,556575e+003;3,582276e-003
3,557058e+003;3,561029e-003
3,557540e+003;3,546530e-003
3,558022e+003;3,541586e-003
3,558504e+003;3,547165e-003
3,558986e+003;3,561396e-003
3,559468e+003;3,581908e-003
3,559950e+003;3,605228e-003
3,560432e+003;3,629451e-003
3,560915e+003;3,654243e-003
3,561397e+003;3,680274e-003
3,561879e+003;3,708344e-003
3,562361e+003;3,738655e-003
3,562843e+003;3,769470e-003
3,563325e+003;3,797680e-003
3,563807e+003;3,818939e-003
3,564289e+003;3,829067e-003
3,564771e+003;3,824889e-003
3,565254e+003;3,806036e-003
3,565736e+003;3,775687e-003
3,566218e+003;3,740059e-003
3,566700e+003;3,707676e-003
3,567182e+003;3,684585e-003
3,567664e+003;3,672922e-003
3,568146e+003;3,670884e-003
3,568628e+003;3,674627e-003
3,569111e+003;3,681176e-003
3,569593e+003;3,688828e-003
3,570075e+003;3,697651e-003
3,570557e+003;3,708712e-003
3,571039e+003;3,722948e-003
3,571521e+003;3,741363e-003
3,572003e+003;3,763655e-003
3,572485e+003;3,788254e-003
3,572968e+003;3,812488e-003
3,573450e+003;3,833881e-003
3,573932e+003;3,850027e-003
3,574414e+003;3,860290e-003
3,574896e+003;3,865639e-003
3,575378e+003;3,868046e-003
3,575860e+003;3,870085e-003
3,576342e+003;3,873160e-003
3,576824e+003;3,877239e-003
3,577307e+003;3,881017e-003
3,577789e+003;3,881719e-003
3,578271e+003;3,877406e-003
3,578753e+003;3,867243e-003
3,579235e+003;3,852166e-003
3,579717e+003;3,835419e-003
3,580199e+003;3,820744e-003
3,580681e+003;3,811284e-003
3,581164e+003;3,808610e-003
3,581646e+003;3,812588e-003
3,582128e+003;3,821780e-003
3,582610e+003;3,834750e-003
3,583092e+003;3,850796e-003
3,583574e+003;3,870185e-003
3,584056e+003;3,894724e-003
3,584538e+003;3,925851e-003
3,585021e+003;3,963868e-003
3,585502e+003;4,006503e-003
3,585985e+003;4,047972e-003
3,586467e+003;4,080147e-003
3,586949e+003;4,095031e-003
3,587431e+003;4,089780e-003
3,587913e+003;4,068039e-003
3,588395e+003;4,038173e-003
3,588877e+003;4,008343e-003
3,589359e+003;3,983764e-003
3,589842e+003;3,965908e-003
3,590324e+003;3,953201e-003
3,590806e+003;3,942335e-003
3,591288e+003;3,929395e-003
3,591770e+003;3,911607e-003
3,592252e+003;3,887235e-003
3,592734e+003;3,857615e-003
3,593216e+003;3,826293e-003
3,593698e+003;3,799351e-003
3,594181e+003;3,783374e-003
3,594663e+003;3,783475e-003
3,595145e+003;3,802025e-003
3,595627e+003;3,837926e-003
3,596109e+003;3,887335e-003
3,596591e+003;3,944842e-003
3,597073e+003;4,004998e-003
3,597555e+003;4,063022e-003
3,598038e+003;4,114632e-003
3,598520e+003;4,157148e-003
3,599002e+003;4,188494e-003
3,599484e+003;4,207765e-003
3,599966e+003;4,214791e-003
3,600448e+003;4,211278e-003
3,600930e+003;4,200170e-003
3,601412e+003;4,185550e-003
3,601895e+003;4,172302e-003
3,602377e+003;4,164441e-003
3,602859e+003;4,164943e-003
3,603341e+003;4,174243e-003
3,603823e+003;4,191004e-003
3,604305e+003;4,212282e-003
3,604787e+003;4,234364e-003
3,605269e+003;4,253938e-003
3,605751e+003;4,269330e-003
3,606234e+003;4,280673e-003
3,606716e+003;4,290511e-003
3,607198e+003;4,301621e-003
3,607680e+003;4,315743e-003
3,608162e+003;4,332074e-003
3,608644e+003;4,347234e-003
3,609126e+003;4,357041e-003
3,609608e+003;4,358982e-003
3,610091e+003;4,352523e-003
3,610573e+003;4,339303e-003
3,611055e+003;4,322068e-003
3,611537e+003;4,303696e-003
3,612019e+003;4,285793e-003
3,612501e+003;4,268326e-003
3,612983e+003;4,250090e-003
3,613465e+003;4,229813e-003
3,613948e+003;4,207932e-003
3,614429e+003;4,186387e-003
3,614912e+003;4,167786e-003
3,615394e+003;4,155375e-003
3,615876e+003;4,150758e-003
3,616358e+003;4,153669e-003
3,616840e+003;4,161932e-003
3,617322e+003;4,171700e-003
3,617804e+003;4,178424e-003
3,618286e+003;4,179060e-003
3,618769e+003;4,173406e-003
3,619251e+003;4,164642e-003
3,619733e+003;4,156914e-003
3,620215e+003;4,153636e-003
3,620697e+003;4,156211e-003
3,621179e+003;4,164541e-003
3,621661e+003;4,177220e-003
3,622143e+003;4,193245e-003
3,622625e+003;4,211747e-003
3,623108e+003;4,231921e-003
3,623590e+003;4,253168e-003
3,624072e+003;4,274449e-003
3,624554e+003;4,295162e-003
3,625036e+003;4,315174e-003
3,625518e+003;4,336692e-003
3,626000e+003;4,363668e-003
3,626482e+003;4,402158e-003
3,626965e+003;4,458494e-003
3,627447e+003;4,534391e-003
3,627929e+003;4,620180e-003
3,628411e+003;4,693760e-003
3,628893e+003;4,728260e-003
3,629375e+003;4,712618e-003
3,629857e+003;4,653669e-003
3,630339e+003;4,569280e-003
3,630822e+003;4,476036e-003
3,631304e+003;4,387899e-003
3,631786e+003;4,314237e-003
3,632268e+003;4,260696e-003
3,632750e+003;4,229345e-003
3,633232e+003;4,217501e-003
3,633714e+003;4,217802e-003
3,634196e+003;4,220244e-003
3,634678e+003;4,216230e-003
3,635161e+003;4,201107e-003
3,635643e+003;4,175380e-003
3,636125e+003;4,143901e-003
3,636607e+003;4,115000e-003
3,637089e+003;4,097907e-003
3,637571e+003;4,099914e-003
3,638053e+003;4,124901e-003
3,638535e+003;4,171767e-003
3,639018e+003;4,234832e-003
3,639500e+003;4,304867e-003
3,639982e+003;4,370930e-003
3,640464e+003;4,422710e-003
3,640946e+003;4,451230e-003
3,641428e+003;4,451565e-003
3,641910e+003;4,423915e-003
3,642392e+003;4,373641e-003
3,642875e+003;4,309786e-003
3,643356e+003;4,243230e-003
3,643839e+003;4,185417e-003
3,644321e+003;4,146075e-003
3,644803e+003;4,134969e-003
3,645285e+003;4,160794e-003
3,645767e+003;4,231486e-003
3,646249e+003;4,351318e-003
3,646731e+003;4,517684e-003
3,647213e+003;4,717140e-003
3,647696e+003;4,921949e-003
3,648178e+003;5,095842e-003
3,648660e+003;5,200888e-003
3,649142e+003;5,210647e-003
3,649624e+003;5,122998e-003
3,650106e+003;4,961594e-003
3,650588e+003;4,766884e-003
3,651070e+003;4,577953e-003
3,651552e+003;4,422810e-003
3,652035e+003;4,313970e-003
3,652517e+003;4,252432e-003
3,652999e+003;4,233728e-003
3,653481e+003;4,250190e-003
3,653963e+003;4,292385e-003
3,654445e+003;4,348306e-003
3,654927e+003;4,405003e-003
3,655409e+003;4,450795e-003
3,655892e+003;4,478480e-003
3,656374e+003;4,488925e-003
3,656856e+003;4,489193e-003
3,657338e+003;4,486682e-003
3,657820e+003;4,485845e-003
3,658302e+003;4,486414e-003
3,658784e+003;4,485310e-003
3,659266e+003;4,478279e-003
3,659749e+003;4,462578e-003
3,660231e+003;4,437171e-003
3,660713e+003;4,404166e-003
3,661195e+003;4,367014e-003
3,661677e+003;4,329163e-003
3,662159e+003;4,293356e-003
3,662641e+003;4,260663e-003
3,663123e+003;4,231486e-003
3,663605e+003;4,206126e-003
3,664088e+003;4,185718e-003
3,664570e+003;4,171700e-003
3,665052e+003;4,166314e-003
3,665534e+003;4,170897e-003
3,666016e+003;4,186220e-003
3,666498e+003;4,211947e-003
3,666980e+003;4,246744e-003
3,667462e+003;4,289507e-003
3,667945e+003;4,339102e-003
3,668427e+003;4,393757e-003
3,668909e+003;4,451264e-003
3,669391e+003;4,506870e-003
3,669873e+003;4,555418e-003
3,670355e+003;4,593222e-003
3,670837e+003;4,620716e-003
3,671319e+003;4,641579e-003
3,671802e+003;4,661038e-003
3,672283e+003;4,684583e-003
3,672766e+003;4,715867e-003
3,673248e+003;4,756365e-003
3,673730e+003;4,803132e-003
3,674212e+003;4,846118e-003
3,674694e+003;4,870745e-003
3,675176e+003;4,866323e-003
3,675658e+003;4,836502e-003
3,676140e+003;4,797135e-003
3,676623e+003;4,762462e-003
3,677105e+003;4,739147e-003
3,677587e+003;4,724174e-003
3,678069e+003;4,710139e-003
3,678551e+003;4,686492e-003
3,679033e+003;4,644292e-003
3,679515e+003;4,579761e-003
3,679997e+003;4,495521e-003
3,680479e+003;4,400116e-003
3,680962e+003;4,305101e-003
3,681444e+003;4,222754e-003
3,681926e+003;4,162032e-003
3,682408e+003;4,128580e-003
3,682890e+003;4,123462e-003
3,683372e+003;4,143266e-003
3,683854e+003;4,180733e-003
3,684336e+003;4,226936e-003
3,684819e+003;4,273847e-003
3,685301e+003;4,314739e-003
3,685783e+003;4,345863e-003
3,686265e+003;4,366646e-003
3,686747e+003;4,379867e-003
3,687229e+003;4,390778e-003
3,687711e+003;4,406509e-003
3,688193e+003;4,432919e-003
3,688676e+003;4,470044e-003
3,689158e+003;4,511089e-003
3,689640e+003;4,545005e-003
3,690122e+003;4,561914e-003
3,690604e+003;4,556892e-003
3,691086e+003;4,532416e-003
3,691568e+003;4,496726e-003
3,692050e+003;4,461507e-003
3,692532e+003;4,437171e-003
3,693015e+003;4,430911e-003
3,693497e+003;4,445406e-003
3,693979e+003;4,478380e-003
3,694461e+003;4,522974e-003
3,694943e+003;4,568845e-003
3,695425e+003;4,605579e-003
3,695907e+003;4,624332e-003
3,696389e+003;4,620716e-003
3,696872e+003;4,596303e-003
3,697354e+003;4,557461e-003
3,697836e+003;4,512997e-003
3,698318e+003;4,470847e-003
3,698800e+003;4,437439e-003
3,699282e+003;4,415513e-003
3,699764e+003;4,403832e-003
3,700246e+003;4,397338e-003
3,700729e+003;4,389406e-003
3,701211e+003;4,373708e-003
3,701693e+003;4,347603e-003
3,702175e+003;4,314505e-003
3,702657e+003;4,281610e-003
3,703139e+003;4,257919e-003
3,703621e+003;4,250324e-003
3,704103e+003;4,263340e-003
3,704585e+003;4,297672e-003
3,705068e+003;4,351284e-003
3,705550e+003;4,419697e-003
3,706032e+003;4,497764e-003
3,706514e+003;4,580431e-003
3,706996e+003;4,663952e-003
3,707478e+003;4,746349e-003
3,707960e+003;4,826853e-003
3,708442e+003;4,903920e-003
3,708925e+003;4,973928e-003
3,709406e+003;5,028529e-003
3,709889e+003;5,056217e-003
3,710371e+003;5,044585e-003
3,710853e+003;4,986497e-003
3,711335e+003;4,884752e-003
3,711817e+003;4,754288e-003
3,712299e+003;4,615759e-003
3,712781e+003;4,488055e-003
3,713263e+003;4,383917e-003
3,713746e+003;4,308682e-003
3,714228e+003;4,261600e-003
3,714710e+003;4,239450e-003
3,715192e+003;4,237509e-003
3,715674e+003;4,251830e-003
3,716156e+003;4,279234e-003
3,716638e+003;4,317617e-003
3,717120e+003;4,365006e-003
3,717603e+003;4,420032e-003
3,718085e+003;4,480154e-003
3,718567e+003;4,542259e-003
3,719049e+003;4,602766e-003
3,719531e+003;4,657789e-003
3,720013e+003;4,703742e-003
3,720495e+003;4,738511e-003
3,720977e+003;4,762228e-003
3,721459e+003;4,777269e-003
3,721942e+003;4,788190e-003
3,722424e+003;4,798844e-003
3,722906e+003;4,811876e-003
3,723388e+003;4,826484e-003
3,723870e+003;4,839283e-003
3,724352e+003;4,845012e-003
3,724834e+003;4,839551e-003
3,725316e+003;4,821257e-003
3,725799e+003;4,792814e-003
3,726281e+003;4,759648e-003
3,726763e+003;4,728863e-003
3,727245e+003;4,705651e-003
3,727727e+003;4,691918e-003
3,728209e+003;4,688167e-003
3,728691e+003;4,693693e-003
3,729173e+003;4,709268e-003
3,729656e+003;4,737773e-003
3,730138e+003;4,783232e-003
3,730620e+003;4,849703e-003
3,731102e+003;4,937197e-003
3,731584e+003;5,039456e-003
3,732066e+003;5,142109e-003
3,732548e+003;5,225503e-003
3,733030e+003;5,270040e-003
3,733512e+003;5,260783e-003
3,733995e+003;5,191734e-003
3,734477e+003;5,070330e-003
3,734959e+003;4,920206e-003
3,735441e+003;4,775024e-003
3,735923e+003;4,663650e-003
3,736405e+003;4,599786e-003
3,736887e+003;4,579091e-003
3,737369e+003;4,587999e-003
3,737852e+003;4,611741e-003
3,738333e+003;4,639637e-003
3,738816e+003;4,665459e-003
3,739298e+003;4,687899e-003
3,739780e+003;4,709402e-003
3,740262e+003;4,735563e-003
3,740744e+003;4,773282e-003
3,741226e+003;4,829399e-003
3,741708e+003;4,909114e-003
3,742190e+003;5,012774e-003
3,742673e+003;5,132788e-003
3,743155e+003;5,246999e-003
3,743637e+003;5,321793e-003
3,744119e+003;5,329105e-003
3,744601e+003;5,269604e-003
3,745083e+003;5,171783e-003
3,745565e+003;5,070766e-003
3,746047e+003;4,990083e-003
3,746530e+003;4,938135e-003
3,747012e+003;4,914844e-003
3,747494e+003;4,915916e-003
3,747976e+003;4,934582e-003
3,748458e+003;4,964142e-003
3,748940e+003;4,997926e-003
3,749422e+003;5,031713e-003
3,749904e+003;5,063223e-003
3,750386e+003;5,089338e-003
3,750869e+003;5,105497e-003
3,751351e+003;5,104156e-003
3,751833e+003;5,080555e-003
3,752315e+003;5,033892e-003
3,752797e+003;4,969404e-003
3,753279e+003;4,895475e-003
3,753761e+003;4,821492e-003
3,754243e+003;4,755226e-003
3,754726e+003;4,701933e-003
3,755208e+003;4,665593e-003
3,755690e+003;4,647842e-003
3,756172e+003;4,648646e-003
3,756654e+003;4,665894e-003
3,757136e+003;4,694966e-003
3,757618e+003;4,729667e-003
3,758100e+003;4,760921e-003
3,758583e+003;4,780150e-003
3,759065e+003;4,780049e-003
3,759547e+003;4,756901e-003
3,760029e+003;4,713254e-003
3,760511e+003;4,656148e-003
3,760993e+003;4,594964e-003
3,761475e+003;4,537605e-003
3,761957e+003;4,489595e-003
3,762439e+003;4,452937e-003
3,762922e+003;4,427196e-003
3,763404e+003;4,410760e-003
3,763886e+003;4,401891e-003
3,764368e+003;4,400551e-003
3,764850e+003;4,409154e-003
3,765332e+003;4,431313e-003
3,765814e+003;4,471517e-003
3,766296e+003;4,531646e-003
3,766779e+003;4,610602e-003
3,767260e+003;4,702670e-003
3,767743e+003;4,797772e-003
3,768225e+003;4,882105e-003
3,768707e+003;4,939073e-003
3,769189e+003;4,955662e-003
3,769671e+003;4,928114e-003
3,770153e+003;4,864614e-003
3,770635e+003;4,780988e-003
3,771117e+003;4,694263e-003
3,771600e+003;4,617702e-003
3,772082e+003;4,557762e-003
3,772564e+003;4,516445e-003
3,773046e+003;4,493043e-003
3,773528e+003;4,485109e-003
3,774010e+003;4,489996e-003
3,774492e+003;4,505196e-003
3,774974e+003;4,528465e-003
3,775457e+003;4,558164e-003
3,775939e+003;4,592787e-003
3,776421e+003;4,630930e-003
3,776903e+003;4,670952e-003
3,777385e+003;4,710809e-003
3,777867e+003;4,747354e-003
3,778349e+003;4,777235e-003
3,778831e+003;4,797739e-003
3,779313e+003;4,807387e-003
3,779796e+003;4,807421e-003
3,780278e+003;4,800519e-003
3,780760e+003;4,790167e-003
3,781242e+003;4,778877e-003
3,781724e+003;4,768291e-003
3,782206e+003;4,758509e-003
3,782688e+003;4,748828e-003
3,783170e+003;4,737405e-003
3,783653e+003;4,722365e-003
3,784135e+003;4,701565e-003
3,784617e+003;4,674669e-003
3,785099e+003;4,642852e-003
3,785581e+003;4,609129e-003
3,786063e+003;4,579058e-003
3,786545e+003;4,558767e-003
3,787027e+003;4,553744e-003
3,787510e+003;4,568108e-003
3,787992e+003;4,602599e-003
3,788474e+003;4,653871e-003
3,788956e+003;4,713958e-003
3,789438e+003;4,772445e-003
3,789920e+003;4,818711e-003
3,790402e+003;4,844108e-003
3,790884e+003;4,845548e-003
3,791366e+003;4,825479e-003
3,791849e+003;4,792009e-003
3,792331e+003;4,755159e-003
3,792813e+003;4,725313e-003
3,793295e+003;4,709837e-003
3,793777e+003;4,711345e-003
3,794259e+003;4,727490e-003
3,794741e+003;4,750938e-003
3,795223e+003;4,772311e-003
3,795706e+003;4,781624e-003
3,796188e+003;4,773852e-003
3,796670e+003;4,750771e-003
3,797152e+003;4,720958e-003
3,797634e+003;4,694698e-003
3,798116e+003;4,682540e-003
3,798598e+003;4,692554e-003
3,799080e+003;4,728897e-003
3,799563e+003;4,790770e-003
3,800044e+003;4,868132e-003
3,800527e+003;4,941721e-003
3,801009e+003;4,985525e-003
3,801491e+003;4,983011e-003
3,801973e+003;4,936493e-003
3,802455e+003;4,863876e-003
3,802937e+003;4,786013e-003
3,803419e+003;4,718580e-003
3,803901e+003;4,671286e-003
3,804384e+003;4,648143e-003
3,804866e+003;4,649550e-003
3,805348e+003;4,671856e-003
3,805830e+003;4,706622e-003
3,806312e+003;4,741258e-003
3,806794e+003;4,763467e-003
3,807276e+003;4,767755e-003
3,807758e+003;4,755762e-003
3,808240e+003;4,734826e-003
3,808723e+003;4,712819e-003
3,809205e+003;4,696440e-003
3,809687e+003;4,689774e-003
3,810169e+003;4,694966e-003
3,810651e+003;4,712015e-003
3,811133e+003;4,740152e-003
3,811615e+003;4,776901e-003
3,812097e+003;4,820018e-003
3,812580e+003;4,867462e-003
3,813062e+003;4,917290e-003
3,813544e+003;4,966622e-003
3,814026e+003;5,011870e-003
3,814508e+003;5,046093e-003
3,814990e+003;5,062150e-003
3,815472e+003;5,055781e-003
3,815954e+003;5,030171e-003
3,816437e+003;4,994909e-003
3,816919e+003;4,962868e-003
3,817401e+003;4,945072e-003
3,817883e+003;4,947854e-003
3,818365e+003;4,975000e-003
3,818847e+003;5,025411e-003
3,819329e+003;5,092691e-003
3,819811e+003;5,160818e-003
3,820293e+003;5,206925e-003
3,820776e+003;5,212257e-003
3,821258e+003;5,174231e-003
3,821740e+003;5,108850e-003
3,822222e+003;5,038752e-003
3,822704e+003;4,981671e-003
3,823186e+003;4,945474e-003
3,823668e+003;4,931298e-003
3,824150e+003;4,934918e-003
3,824633e+003;4,949127e-003
3,825115e+003;4,964477e-003
3,825597e+003;4,971481e-003
3,826079e+003;4,963404e-003
3,826561e+003;4,938269e-003
3,827043e+003;4,899597e-003
3,827525e+003;4,853389e-003
3,828007e+003;4,807253e-003
3,828490e+003;4,767186e-003
3,828971e+003;4,737874e-003
3,829454e+003;4,723337e-003
3,829936e+003;4,726686e-003
3,830418e+003;4,749297e-003
3,830900e+003;4,789664e-003
3,831382e+003;4,843471e-003
3,831864e+003;4,903149e-003
3,832346e+003;4,960757e-003
3,832828e+003;5,010093e-003
3,833311e+003;5,048138e-003
3,833793e+003;5,075124e-003
3,834275e+003;5,093763e-003
3,834757e+003;5,108648e-003
3,835239e+003;5,124305e-003
3,835721e+003;5,144355e-003
3,836203e+003;5,169805e-003
3,836685e+003;5,198709e-003
3,837167e+003;5,227381e-003
3,837650e+003;5,250521e-003
3,838132e+003;5,264640e-003
3,838614e+003;5,268866e-003
3,839096e+003;5,264976e-003
3,839578e+003;5,256256e-003
3,840060e+003;5,246127e-003
3,840542e+003;5,235966e-003
3,841024e+003;5,225469e-003
3,841507e+003;5,212525e-003
3,841989e+003;5,193746e-003
3,842471e+003;5,165647e-003
3,842953e+003;5,125579e-003
3,843435e+003;5,073045e-003
3,843917e+003;5,010730e-003
3,844399e+003;4,943564e-003
3,844881e+003;4,877414e-003
3,845364e+003;4,818477e-003
3,845846e+003;4,771105e-003
3,846328e+003;4,737673e-003
3,846810e+003;4,719183e-003
3,847292e+003;4,715163e-003
3,847774e+003;4,724073e-003
3,848256e+003;4,744507e-003
3,848738e+003;4,775628e-003
3,849220e+003;4,818209e-003
3,849703e+003;4,874699e-003
3,850185e+003;4,948960e-003
3,850667e+003;5,045255e-003
3,851149e+003;5,164373e-003
3,851631e+003;5,299454e-003
3,852113e+003;5,428303e-003
3,852595e+003;5,516148e-003
3,853077e+003;5,534437e-003
3,853560e+003;5,483767e-003
3,854042e+003;5,392607e-003
3,854524e+003;5,293517e-003
3,855006e+003;5,206321e-003
3,855488e+003;5,136845e-003
3,855970e+003;5,083236e-003
3,856452e+003;5,040428e-003
3,856934e+003;5,003792e-003
3,857417e+003;4,969940e-003
3,857898e+003;4,938068e-003
3,858381e+003;4,909248e-003
3,858863e+003;4,885724e-003
3,859345e+003;4,869975e-003
3,859827e+003;4,864078e-003
3,860309e+003;4,868266e-003
3,860791e+003;4,881502e-003
3,861273e+003;4,900736e-003
3,861755e+003;4,922485e-003
3,862238e+003;4,943363e-003
3,862720e+003;4,960723e-003
3,863202e+003;4,972990e-003
3,863684e+003;4,979525e-003
3,864166e+003;4,980028e-003
3,864648e+003;4,974766e-003
3,865130e+003;4,964075e-003
3,865612e+003;4,949127e-003
3,866094e+003;4,931432e-003
3,866577e+003;4,912331e-003
3,867059e+003;4,893900e-003
3,867541e+003;4,878184e-003
3,868023e+003;4,868433e-003
3,868505e+003;4,868668e-003
3,868987e+003;4,882741e-003
3,869469e+003;4,912297e-003
3,869951e+003;4,955729e-003
3,870434e+003;5,008987e-003
3,870916e+003;5,068386e-003
3,871398e+003;5,130709e-003
3,871880e+003;5,192506e-003
3,872362e+003;5,247972e-003
3,872844e+003;5,288419e-003
3,873326e+003;5,304217e-003
3,873808e+003;5,288017e-003
3,874291e+003;5,240460e-003
3,874773e+003;5,170542e-003
3,875255e+003;5,091215e-003
3,875737e+003;5,014115e-003
3,876219e+003;4,947284e-003
3,876701e+003;4,894704e-003
3,877183e+003;4,857477e-003
3,877665e+003;4,835329e-003
3,878147e+003;4,827724e-003
3,878630e+003;4,834022e-003
3,879112e+003;4,853724e-003
3,879594e+003;4,886159e-003
3,880076e+003;4,929220e-003
3,880558e+003;4,979793e-003
3,881040e+003;5,034395e-003
3,881522e+003;5,089874e-003
3,882004e+003;5,144489e-003
3,882487e+003;5,197200e-003
3,882969e+003;5,246195e-003
3,883451e+003;5,288419e-003
3,883933e+003;5,318506e-003
3,884415e+003;5,328502e-003
3,884897e+003;5,312434e-003
3,885379e+003;5,270174e-003
3,885861e+003;5,209909e-003
3,886344e+003;5,144054e-003
3,886825e+003;5,084209e-003
3,887308e+003;5,038283e-003
3,887790e+003;5,009389e-003
3,888272e+003;4,998496e-003
3,888754e+003;5,004462e-003
3,889236e+003;5,025110e-003
3,889718e+003;5,055781e-003
3,890200e+003;5,090042e-003
3,890682e+003;5,121054e-003
3,891165e+003;5,142612e-003
3,891647e+003;5,152201e-003
3,892129e+003;5,151229e-003
3,892611e+003;5,143618e-003
3,893093e+003;5,133492e-003
3,893575e+003;5,124641e-003
3,894057e+003;5,120115e-003
3,894539e+003;5,120953e-003
3,895021e+003;5,127792e-003
3,895504e+003;5,140299e-003
3,895986e+003;5,156996e-003
3,896468e+003;5,175907e-003
3,896950e+003;5,194584e-003
3,897432e+003;5,210379e-003
3,897914e+003;5,221244e-003
3,898396e+003;5,226676e-003
3,898878e+003;5,228085e-003
3,899361e+003;5,228722e-003
3,899843e+003;5,232612e-003
3,900325e+003;5,243612e-003
3,900807e+003;5,264170e-003
3,901289e+003;5,294524e-003
3,901771e+003;5,331722e-003
3,902253e+003;5,369593e-003
3,902735e+003;5,399954e-003
3,903218e+003;5,412468e-003
3,903700e+003;5,399417e-003
3,904182e+003;5,358054e-003
3,904664e+003;5,292343e-003
3,905146e+003;5,211351e-003
3,905628e+003;5,125747e-003
3,906110e+003;5,045658e-003
3,906592e+003;4,977715e-003
3,907074e+003;4,926171e-003
3,907557e+003;4,892191e-003
3,908039e+003;4,875068e-003
3,908521e+003;4,872287e-003
3,909003e+003;4,880731e-003
3,909485e+003;4,897553e-003
3,909967e+003;4,919804e-003
3,910449e+003;4,945307e-003
3,910931e+003;4,972085e-003
3,911414e+003;4,998228e-003
3,911896e+003;5,022160e-003
3,912378e+003;5,042808e-003
3,912860e+003;5,059301e-003
3,913342e+003;5,072241e-003
3,913824e+003;5,081192e-003
3,914306e+003;5,086086e-003
3,914788e+003;5,085986e-003
3,915271e+003;5,079616e-003
3,915752e+003;5,065704e-003
3,916235e+003;5,045088e-003
3,916717e+003;5,021255e-003
3,917199e+003;5,000105e-003
3,917681e+003;4,988072e-003
3,918163e+003;4,991055e-003
3,918645e+003;5,010764e-003
3,919127e+003;5,045456e-003
3,919609e+003;5,088768e-003
3,920092e+003;5,133023e-003
3,920574e+003;5,171380e-003
3,921056e+003;5,199380e-003
3,921538e+003;5,216449e-003
3,922020e+003;5,225168e-003
3,922502e+003;5,229762e-003
3,922984e+003;5,234054e-003
3,923466e+003;5,239822e-003
3,923948e+003;5,246228e-003
3,924431e+003;5,250185e-003
3,924913e+003;5,247905e-003
3,925395e+003;5,237274e-003
3,925877e+003;5,217924e-003
3,926359e+003;5,192136e-003
3,926841e+003;5,162796e-003
3,927323e+003;5,133324e-003
3,927805e+003;5,106671e-003
3,928288e+003;5,084812e-003
3,928770e+003;5,069224e-003
3,929252e+003;5,060709e-003
3,929734e+003;5,058664e-003
3,930216e+003;5,061614e-003
3,930698e+003;5,066944e-003
3,931180e+003;5,071335e-003
3,931662e+003;5,071302e-003
3,932145e+003;5,065134e-003
3,932627e+003;5,052898e-003
3,933109e+003;5,037613e-003
3,933591e+003;5,023099e-003
3,934073e+003;5,013579e-003
3,934555e+003;5,012104e-003
3,935037e+003;5,019746e-003
3,935519e+003;5,035936e-003
3,936001e+003;5,058195e-003
3,936484e+003;5,084209e-003
3,936966e+003;5,111297e-003
3,937448e+003;5,137750e-003
3,937930e+003;5,162595e-003
3,938412e+003;5,185028e-003
3,938894e+003;5,203336e-003
3,939376e+003;5,215677e-003
3,939858e+003;5,218058e-003
3,940341e+003;5,208132e-003
3,940823e+003;5,184055e-003
3,941305e+003;5,147608e-003
3,941787e+003;5,104223e-003
3,942269e+003;5,062351e-003
3,942751e+003;5,030707e-003
3,943233e+003;5,013981e-003
3,943715e+003;5,012774e-003
3,944198e+003;5,022763e-003
3,944679e+003;5,037613e-003
3,945162e+003;5,050954e-003
3,945644e+003;5,058865e-003
3,946126e+003;5,061011e-003
3,946608e+003;5,060508e-003
3,947090e+003;5,062720e-003
3,947572e+003;5,073247e-003
3,948054e+003;5,095473e-003
3,948536e+003;5,127993e-003
3,949019e+003;5,165680e-003
3,949501e+003;5,200754e-003
3,949983e+003;5,226274e-003
3,950465e+003;5,237944e-003
3,950947e+003;5,235798e-003
3,951429e+003;5,223759e-003
3,951911e+003;5,208467e-003
3,952393e+003;5,196462e-003
3,952875e+003;5,193042e-003
3,953358e+003;5,199782e-003
3,953840e+003;5,215275e-003
3,954322e+003;5,234960e-003
3,954804e+003;5,253070e-003
3,955286e+003;5,264539e-003
3,955768e+003;5,265847e-003
3,956250e+003;5,256423e-003
3,956732e+003;5,238213e-003
3,957215e+003;5,214939e-003
3,957697e+003;5,190862e-003
3,958179e+003;5,169436e-003
3,958661e+003;5,153073e-003
3,959143e+003;5,142143e-003
3,959625e+003;5,135638e-003
3,960107e+003;5,131380e-003
3,960589e+003;5,126753e-003
3,961072e+003;5,119042e-003
3,961554e+003;5,106235e-003
3,962036e+003;5,087561e-003
3,962518e+003;5,063726e-003
3,963000e+003;5,036171e-003
3,963482e+003;5,008015e-003
3,963964e+003;4,982542e-003
3,964446e+003;4,962667e-003
3,964928e+003;4,950669e-003
3,965411e+003;4,947586e-003
3,965893e+003;4,953316e-003
3,966375e+003;4,966387e-003
3,966857e+003;4,984519e-003
3,967339e+003;5,005401e-003
3,967821e+003;5,027087e-003
3,968303e+003;5,048272e-003
3,968785e+003;5,068117e-003
3,969268e+003;5,086455e-003
3,969750e+003;5,102983e-003
3,970232e+003;5,117433e-003
3,970714e+003;5,129536e-003
3,971196e+003;5,138790e-003
3,971678e+003;5,145126e-003
3,972160e+003;5,148848e-003
3,972642e+003;5,150491e-003
3,973125e+003;5,150860e-003
3,973606e+003;5,150458e-003
3,974089e+003;5,149384e-003
3,974571e+003;5,147105e-003
3,975053e+003;5,142511e-003
3,975535e+003;5,135068e-003
3,976017e+003;5,124071e-003
3,976499e+003;5,110828e-003
3,976981e+003;5,096881e-003
3,977463e+003;5,084913e-003
3,977946e+003;5,077839e-003
3,978428e+003;5,077605e-003
3,978910e+003;5,085282e-003
3,979392e+003;5,100233e-003
3,979874e+003;5,120718e-003
3,980356e+003;5,143819e-003
3,980838e+003;5,167055e-003
3,981320e+003;5,187643e-003
3,981802e+003;5,203873e-003
3,982285e+003;5,214805e-003
3,982767e+003;5,220338e-003
3,983249e+003;5,220439e-003
3,983731e+003;5,215845e-003
3,984213e+003;5,206891e-003
3,984695e+003;5,194920e-003
3,985177e+003;5,180903e-003
3,985659e+003;5,166250e-003
3,986142e+003;5,152570e-003
3,986624e+003;5,140969e-003
3,987106e+003;5,132754e-003
3,987588e+003;5,128496e-003
3,988070e+003;5,129033e-003
3,988552e+003;5,134867e-003
3,989034e+003;5,146501e-003
3,989516e+003;5,164239e-003
3,989999e+003;5,187844e-003
3,990481e+003;5,216113e-003
3,990963e+003;5,246999e-003
3,991445e+003;5,277653e-003
3,991927e+003;5,305056e-003
3,992409e+003;5,326590e-003
3,992891e+003;5,340275e-003
3,993373e+003;5,344971e-003
3,993855e+003;5,340979e-003
3,994338e+003;5,329072e-003
3,994820e+003;5,311126e-003
3,995302e+003;5,288553e-003
3,995784e+003;5,263567e-003
3,996266e+003;5,238179e-003
3,996748e+003;5,214336e-003
3,997230e+003;5,194149e-003
3,997712e+003;5,179730e-003
3,998195e+003;5,172185e-003
3,998677e+003;5,172789e-003
3,999159e+003;5,181373e-003
3,999641e+003;5,196999e-003
4,000123e+003;5,217890e-003
